"Time (s)","X (m/s^2)","Y (m/s^2)","Z (m/s^2)"
2.541554169E-2,4.299958191E0,2.659220123E0,1.010862900E1
3.542554169E-2,4.302353210E0,2.618504791E0,1.041174866E1
4.543654167E-2,3.983067169E0,2.581980743E0,1.088865692E1
5.544654166E-2,3.307971039E0,2.491269379E0,1.123518631E1
6.545629169E-2,3.076701965E0,2.420616302E0,1.103669907E1
7.546629169E-2,3.499572601E0,2.446512451E0,1.085827011E1
8.547729166E-2,3.783681793E0,2.545606384E0,1.099837875E1
9.548729169E-2,3.656446381E0,2.532433777E0,1.104583008E1
1.054972917E-1,3.260370026E0,2.405797119E0,1.075842773E1
1.155082917E-1,2.852168884E0,2.319127350E0,1.032687515E1
1.255182917E-1,2.562820587E0,2.366428986E0,9.790989532E0
1.355282917E-1,2.417472839E0,2.464475098E0,9.419462128E0
1.455392917E-1,2.413730621E0,2.551743622E0,9.079369354E0
1.555492917E-1,2.520009613E0,2.663411407E0,8.882828064E0
1.655592917E-1,2.579735413E0,2.766097870E0,8.847202148E0
1.755702917E-1,2.533780975E0,2.799628143E0,8.856931915E0
1.855802917E-1,2.414329376E0,2.756368103E0,8.975036316E0
1.955902917E-1,2.340083771E0,2.648143158E0,9.063053284E0
2.056012917E-1,2.297123108E0,2.574496307E0,9.149124298E0
2.156112917E-1,2.212698669E0,2.500999146E0,9.136101379E0
2.256212917E-1,2.024390259E0,2.439327393E0,9.037755890E0
2.356322917E-1,1.817819824E0,2.368524628E0,8.986562347E0
2.456422917E-1,1.751807098E0,2.519859924E0,8.923992462E0
2.556522917E-1,1.718127136E0,2.459535370E0,8.867709503E0
2.656632917E-1,1.908531189E0,2.712658997E0,8.919052734E0
2.756732917E-1,2.071841583E0,2.852617950E0,9.002129974E0
2.856832917E-1,2.236199799E0,2.725083160E0,9.051227875E0
2.956942917E-1,2.542612610E0,2.537373505E0,9.299262085E0
3.057042917E-1,2.271526337E0,2.548899536E0,9.158255310E0
3.157142917E-1,2.227218475E0,2.608475647E0,9.144483948E0
3.257252917E-1,2.180515594E0,2.609373779E0,9.207652588E0
3.357352917E-1,1.991907806E0,2.563119965E0,9.239236908E0
3.457452917E-1,1.750908966E0,2.492766266E0,9.082063751E0
3.557562917E-1,1.625020752E0,2.431244202E0,8.949140167E0
3.657662917E-1,1.427431641E0,2.442171478E0,8.751551056E0
3.757762917E-1,1.256187744E0,2.501747589E0,8.614585876E0
3.857872917E-1,1.369801483E0,2.392923889E0,8.569080505E0
3.957972917E-1,1.558259583E0,2.010319519E0,8.767567749E0
4.058072917E-1,1.335373077E0,1.913321228E0,9.269174652E0
4.158172917E-1,1.190025330E0,2.061962128E0,9.800569611E0
4.258282917E-1,1.275647278E0,2.108365631E0,1.003962250E1
4.358382917E-1,1.311273193E0,2.048639832E0,1.002330643E1
4.458482917E-1,1.207389221E0,1.995799713E0,9.756261749E0
4.558592917E-1,1.126856689E0,1.964814148E0,9.408385162E0
4.658692917E-1,1.184037781E0,1.915416870E0,8.998387756E0
4.758792917E-1,1.339564362E0,1.364113312E0,8.147706757E0
4.858902917E-1,1.876198425E0,1.889670410E0,8.280630341E0
4.959002917E-1,1.895358582E0,2.717598724E0,8.309370575E0
5.059102917E-1,1.551822968E0,2.690804443E0,7.786807251E0
5.159212917E-1,1.452579346E0,2.543959808E0,7.610773315E0
5.259312917E-1,1.443747711E0,2.746488647E0,7.911348267E0
5.359412917E-1,1.226848755E0,2.993624725E0,8.440198517E0
5.459522917E-1,9.571096802E-1,3.169658661E0,8.953630829E0
5.559622917E-1,7.589218140E-1,3.245700531E0,9.295370178E0
5.659722917E-1,6.719526672E-1,3.290906525E0,9.374106445E0
5.759832917E-1,6.045927429E-1,3.191662903E0,9.346863098E0
5.859932917E-1,6.358776855E-1,2.962489471E0,9.261241150E0
5.960032917E-1,7.966433716E-1,2.846031647E0,9.291777649E0
6.060142917E-1,1.085542603E0,2.773582306E0,1.017598892E1
6.160242917E-1,5.132826233E-1,2.373015289E0,9.748777313E0
6.260342917E-1,5.589376831E-1,2.173031158E0,8.759484558E0
6.360452917E-1,1.150357819E0,2.454895020E0,9.430090027E0
6.460552917E-1,8.484356689E-1,2.374512177E0,9.757608948E0
6.560652917E-1,6.927593994E-1,2.081571350E0,9.554331665E0
6.660762917E-1,9.159452820E-1,1.866917725E0,9.213789825E0
6.760862917E-1,8.909472656E-1,1.760339355E0,9.292825470E0
6.860962917E-1,4.333488464E-1,2.120041351E0,9.484726410E0
6.961072917E-1,4.924758911E-1,2.629432068E0,9.394613800E0
7.061172917E-1,6.465055847E-1,2.855312347E0,9.111253052E0
7.161272917E-1,6.765930176E-1,2.782863007E0,8.701555023E0
7.261382917E-1,6.876699829E-1,2.702629852E0,8.389004974E0
7.361482917E-1,5.920188904E-1,2.566562805E0,8.168663177E0
7.461582917E-1,4.808001709E-1,2.331551514E0,7.989186401E0
7.561692917E-1,4.182302856E-1,2.055525513E0,8.000562744E0
7.661792917E-1,5.539979553E-1,1.852996674E0,7.880063324E0
7.761892917E-1,8.424481201E-1,1.755100250E0,7.351811829E0
7.862002917E-1,1.017284546E0,1.710043945E0,7.135511627E0
7.962102917E-1,1.437909851E0,1.513802032E0,6.804699554E0
8.062202917E-1,1.987866211E0,1.219963074E0,6.276747437E0
8.162312917E-1,2.168540497E0,1.165626068E0,5.879623260E0
8.262412917E-1,2.675236816E0,1.247206421E0,5.889652405E0
8.362512917E-1,3.075654144E0,1.187031555E0,5.768404541E0
8.462622917E-1,2.882555695E0,9.270222473E-1,4.886438599E0
8.562722917E-1,2.368524628E0,4.932243347E-1,3.858077087E0
8.662822917E-1,1.986968079E0,-7.768844604E-2,2.876268768E0
8.762932917E-1,1.606010284E0,-4.769082642E-1,1.936972046E0
8.863032917E-1,7.310797119E-1,-5.688171387E-1,1.084195404E0
8.963132917E-1,5.792953491E-2,-6.839277649E-1,3.486250305E-1
9.063242917E-1,-2.200424194E-1,-9.614506531E-1,-2.748284912E-1
9.163342917E-1,-5.414241028E-1,-1.200802917E0,-8.849597168E-1
9.263442917E-1,-3.740721130E-1,-1.454076233E0,-1.577270050E0
9.363552917E-1,4.108955383E-1,-1.703757019E0,-2.450404358E0
9.463652917E-1,1.619033203E0,-1.621877289E0,-3.235072632E0
9.563752917E-1,3.512745209E0,-1.321002960E0,-3.700005798E0
9.663862917E-1,6.349346466E0,-6.821315002E-1,-3.857628021E0
9.763962917E-1,9.767638092E0,5.415737915E-1,-3.746558990E0
9.864062917E-1,1.309821213E1,2.116748199E0,-3.641926575E0
9.964172917E-1,1.617281845E1,3.796105957E0,-3.814517670E0
1.006427292E0,1.855990448E1,5.377567291E0,-4.355792084E0
1.016437292E0,1.979333954E1,6.589297485E0,-5.065915375E0
1.026448292E0,2.028386948E1,7.331603851E0,-5.525459747E0
1.036458292E0,2.030452652E1,7.723788300E0,-5.385500793E0
1.046468292E0,1.987686584E1,7.996521149E0,-4.534071350E0
1.056479292E0,1.928754135E1,8.159981232E0,-3.066074066E0
1.066489542E0,1.864298172E1,8.176896057E0,-1.296154633E0
1.076500542E0,1.799961960E1,8.050109711E0,4.876858521E-1
1.086510542E0,1.728560440E1,7.837701416E0,1.981130219E0
1.096520542E0,1.630963394E1,7.631879425E0,3.032244415E0
1.106531542E0,1.509850250E1,7.384443970E0,3.819158020E0
1.116541542E0,1.364158218E1,7.106621704E0,4.376149750E0
1.126551542E0,1.280078064E1,6.712042236E0,3.430865479E0
1.136562542E0,1.201656143E1,6.018085327E0,2.672542419E0
1.146572542E0,1.103550156E1,5.369334412E0,2.260000305E0
1.156582542E0,9.974208527E0,4.892276459E0,1.806892548E0
1.166593542E0,8.832233276E0,4.360731812E0,1.408570862E0
1.176603542E0,7.652686157E0,3.737727356E0,1.084943848E0
1.186613542E0,6.484066315E0,3.181184692E0,8.726852417E-1
1.196624542E0,5.504353638E0,2.720143433E0,6.725514221E-1
1.206634542E0,4.731810150E0,2.272873535E0,4.252656555E-1
1.216644542E0,4.130360870E0,1.751507721E0,1.065783691E-1
1.226655542E0,3.537144470E0,1.212478638E0,-1.790277100E-1
1.236665542E0,2.912044373E0,7.607180786E-1,-3.918850708E-1
1.246675542E0,2.370320892E0,3.412902832E-1,-5.216651917E-1
1.256686542E0,2.097887421E0,-3.757186890E-2,-6.393205261E-1
1.266696542E0,2.068548431E0,-4.037104797E-1,-7.987390137E-1
1.276706542E0,2.299218750E0,-7.128176880E-1,-9.927355957E-1
1.286717542E0,2.717449036E0,-9.541159058E-1,-1.206940155E0
1.296727542E0,3.007695465E0,-1.296304321E0,-1.274300079E0
1.306737542E0,3.139122162E0,-1.849703522E0,-1.140777740E0
1.316748542E0,3.194207611E0,-2.511177979E0,-8.773255920E-1
1.326758542E0,3.353326721E0,-3.268153839E0,-6.337820435E-1
1.336768542E0,3.682342529E0,-4.084256744E0,-4.402345276E-1
1.346779542E0,4.257596283E0,-4.862937469E0,-3.022215271E-1
1.356789542E0,5.153632965E0,-5.510790253E0,-3.228785706E-1
1.366799542E0,6.779701538E0,-6.108946381E0,-4.056564331E-1
1.376810542E0,9.111702118E0,-6.468498688E0,-4.543052673E-1
1.386820542E0,1.146645538E1,-6.493197327E0,-4.043092346E-1
1.396830542E0,1.368244720E1,-6.438411255E0,-4.007167053E-1
1.406841542E0,1.564666260E1,-6.688990173E0,-7.418572998E-1
1.416851542E0,1.694940353E1,-6.955286407E0,-1.475781097E0
1.426862542E0,1.749756363E1,-7.096891937E0,-2.410587158E0
1.436872542E0,1.746852402E1,-7.238347778E0,-3.348237305E0
1.446882542E0,1.714804047E1,-7.273225250E0,-4.106560364E0
1.456893542E0,1.689356964E1,-7.210805054E0,-4.539011078E0
1.466903542E0,1.675720322E1,-7.128925323E0,-4.559069366E0
1.476913542E0,1.661844177E1,-7.065157928E0,-4.301904144E0
1.486924542E0,1.640812912E1,-7.092550964E0,-3.858675842E0
1.496934542E0,1.622550888E1,-7.256160736E0,-3.241359558E0
1.506944542E0,1.605561218E1,-7.713310089E0,-2.518363037E0
1.516955542E0,1.578677124E1,-8.135581970E0,-1.814526672E0
1.526965542E0,1.537153473E1,-8.268206177E0,-1.086440735E0
1.536975542E0,1.496423172E1,-8.162825317E0,-3.758683777E-1
1.546986542E0,1.472772354E1,-7.852370911E0,2.532733154E-1
1.556996542E0,1.447624649E1,-7.417525177E0,7.728428650E-1
1.567006542E0,1.409364212E1,-6.947352905E0,1.216969299E0
1.577017542E0,1.357167755E1,-6.541097717E0,1.494791565E0
1.587027542E0,1.288595352E1,-6.177354126E0,1.805545349E0
1.597037542E0,1.201012482E1,-5.617218933E0,2.154469757E0
1.607048542E0,1.135314102E1,-4.852608948E0,2.061962128E0
1.617058542E0,1.073193283E1,-4.186494141E0,2.046244812E0
1.627068542E0,1.026415558E1,-3.660487976E0,2.227667542E0
1.637079542E0,1.005848328E1,-3.288960571E0,2.371518402E0
1.647089542E0,9.981543274E0,-3.032094727E0,2.468367004E0
1.657100542E0,1.010997620E1,-2.771636353E0,2.501747589E0
1.667110542E0,1.038794815E1,-2.587968292E0,2.418071594E0
1.677120542E0,1.070977890E1,-2.538271637E0,2.220033417E0
1.687131542E0,1.085662354E1,-2.561174011E0,1.921105042E0
1.697141542E0,1.074435699E1,-2.615660706E0,1.604363708E0
1.707151542E0,1.049362839E1,-2.722239075E0,1.349743195E0
1.717162542E0,1.012090347E1,-2.755919037E0,1.116079102E0
1.727172542E0,9.693991241E0,-2.792892151E0,8.288264465E-1
1.737182542E0,9.398356018E0,-2.956950989E0,4.969665527E-1
1.747193542E0,9.173373871E0,-3.148702240E0,2.055226135E-1
1.757203542E0,9.003177795E0,-3.337160339E0,-2.454895020E-2
1.767213542E0,9.047186279E0,-3.615281982E0,-1.869612122E-1
1.777224542E0,9.723030853E0,-4.286635895E0,-3.315605164E-1
1.787234542E0,9.740993500E0,-4.277953949E0,-4.981640625E-1
1.797244542E0,8.898395691E0,-3.465892639E0,-5.777984619E-1
1.807255542E0,8.385113068E0,-3.220852203E0,-5.025050354E-1
1.817265542E0,8.149353333E0,-3.526965637E0,-4.108955383E-1
1.827275542E0,7.828570404E0,-3.866609344E0,-4.852908325E-1
1.837286542E0,7.339836731E0,-3.941753082E0,-7.382647705E-1
1.847296542E0,6.838379517E0,-3.819607086E0,-9.925859070E-1
1.857306542E0,6.262976074E0,-3.690425720E0,-1.143172760E0
1.867317542E0,5.728587341E0,-3.541635132E0,-1.274000702E0
1.877327542E0,5.410349121E0,-3.369343414E0,-1.411414948E0
1.887338542E0,5.328619080E0,-3.258424072E0,-1.553170166E0
1.897348542E0,5.412744141E0,-3.203937378E0,-1.693877563E0
1.907358542E0,5.575605469E0,-3.182232513E0,-1.808688812E0
1.917369542E0,5.783074036E0,-3.231330414E0,-1.871408386E0
1.927379542E0,6.085445251E0,-3.381917267E0,-1.838327179E0
1.937389542E0,6.419101410E0,-3.475173340E0,-1.682201843E0
1.947400542E0,6.764732666E0,-3.432811432E0,-1.434467010E0
1.957410542E0,7.263645172E0,-3.388054504E0,-1.169667664E0
1.967420542E0,7.900271301E0,-3.463796997E0,-9.590556335E-1
1.977431542E0,8.579109650E0,-3.511547699E0,-7.614665222E-1
1.987441542E0,9.291328583E0,-3.509751434E0,-6.310876465E-1
1.997451542E0,1.003079086E1,-3.508104858E0,-5.056484985E-1
2.007462542E0,1.069600754E1,-3.567830658E0,-3.950285339E-1
2.017472542E0,1.121183487E1,-3.634591827E0,-3.264710999E-1
2.027482542E0,1.143307480E1,-3.670666809E0,-3.381468201E-1
2.037493542E0,1.138876694E1,-3.688479767E0,-3.936813354E-1
2.047503542E0,1.113758926E1,-3.655847626E0,-5.092410278E-1
2.057513542E0,1.078941330E1,-3.655099182E0,-6.574328613E-1
2.067524208E0,1.054991135E1,-3.655248871E0,-7.918533325E-1
2.077534208E0,1.054437286E1,-3.669469299E0,-8.695417786E-1
2.087545208E0,1.068987030E1,-3.662134552E0,-8.967851257E-1
2.097555208E0,1.089928482E1,-3.553759918E0,-8.574169922E-1
2.107565208E0,1.106648712E1,-3.371588745E0,-7.890092468E-1
2.117576208E0,1.107936035E1,-3.162323914E0,-6.831793213E-1
2.127586208E0,1.097832047E1,-2.946772156E0,-6.059399414E-1
2.137596208E0,1.099882782E1,-3.004252625E0,-6.189628601E-1
2.147607208E0,1.118459152E1,-3.633094940E0,-7.426057434E-1
2.157617208E0,1.123743164E1,-4.195176086E0,-8.081694031E-1
2.167627208E0,1.115480347E1,-4.276906128E0,-8.282276917E-1
2.177638208E0,1.095002930E1,-3.963308258E0,-6.831793213E-1
2.187648208E0,1.073672287E1,-3.402424622E0,-3.764671326E-1
2.197658208E0,1.070813232E1,-3.050207062E0,-5.852828979E-2
2.207669208E0,1.086859863E1,-3.102298737E0,1.972897339E-1
2.217679208E0,1.100376755E1,-3.272045746E0,3.858975220E-1
2.227689208E0,1.097338074E1,-3.319197693E0,5.092410278E-1
2.237700208E0,1.081875229E1,-3.201542358E0,6.860234070E-1
2.247710208E0,1.070483917E1,-3.012784882E0,9.624984741E-1
2.257721208E0,1.069211563E1,-2.768193512E0,1.297052765E0
2.267731208E0,1.072639435E1,-2.592458954E0,1.553170166E0
2.277741208E0,1.069840256E1,-2.562970276E0,1.644330597E0
2.287752208E0,1.054601944E1,-2.730621643E0,1.533860321E0
2.297762208E0,1.038151154E1,-3.040477295E0,1.312321014E0
2.307772208E0,1.017703674E1,-3.316353607E0,1.192869415E0
2.317783208E0,9.939780121E0,-3.494932251E0,1.177152100E0
2.327793208E0,9.725276184E0,-3.666924591E0,1.182840271E0
2.337803208E0,9.611363068E0,-3.836671600E0,1.238973541E0
2.347814208E0,9.558373260E0,-3.951183472E0,1.385219421E0
2.357824208E0,9.499994659E0,-3.970193939E0,1.557960205E0
2.367834208E0,9.358838196E0,-3.937412109E0,1.774859161E0
2.377845208E0,9.116492157E0,-3.840862885E0,1.995350647E0
2.387855208E0,8.769663391E0,-3.732188873E0,2.174078979E0
2.397865208E0,8.280630341E0,-3.657194824E0,2.240540771E0
2.407876208E0,7.750881958E0,-3.593876495E0,2.231110382E0
2.417886208E0,7.206314392E0,-3.490142212E0,2.207758942E0
2.427897208E0,6.743776245E0,-3.353925476E0,2.146386566E0
2.437907208E0,6.411018219E0,-3.231629791E0,2.068548431E0
2.447917208E0,6.216123505E0,-3.145109711E0,1.964514771E0
2.457928208E0,6.128555603E0,-3.068319397E0,1.883682861E0
2.467938208E0,6.179898834E0,-2.999612274E0,1.842069397E0
2.477948208E0,6.392756195E0,-2.955753479E0,1.816023560E0
2.487959208E0,6.648274841E0,-2.935545502E0,1.761985931E0
2.497969208E0,6.918462982E0,-2.940784607E0,1.638642426E0
2.507979208E0,7.149133301E0,-2.985541534E0,1.506916351E0
2.517990208E0,7.388036499E0,-3.123704224E0,1.330133972E0
2.528000208E0,7.613767090E0,-3.362607422E0,1.115929413E0
2.538010208E0,7.766748962E0,-3.553161163E0,9.345066833E-1
2.548021208E0,7.908204803E0,-3.611240387E0,7.887098694E-1
2.558031208E0,8.024063873E0,-3.664978638E0,6.792874146E-1
2.568042208E0,8.106542358E0,-3.761378174E0,5.804928589E-1
2.578052208E0,8.185428314E0,-3.857328644E0,5.457650757E-1
2.588062208E0,8.332422638E0,-3.902235260E0,5.716612244E-1
2.598073208E0,8.524473267E0,-3.891008606E0,6.697073364E-1
2.608083208E0,8.755293274E0,-3.852987671E0,8.187973022E-1
2.618093208E0,8.943302307E0,-3.788471832E0,9.735754395E-1
2.628104208E0,9.084907837E0,-3.767665100E0,1.126257935E0
2.638114208E0,9.248218231E0,-3.779490509E0,1.230740662E0
2.648124208E0,9.471104736E0,-3.885170746E0,1.246757355E0
2.658135208E0,9.717342682E0,-4.180057526E0,1.188528442E0
2.668145208E0,1.001207977E1,-4.594395905E0,1.080303497E0
2.678155208E0,1.020787262E1,-4.899162140E0,9.982740784E-1
2.688166208E0,1.023122406E1,-4.977000275E0,9.207353210E-1
2.698176208E0,1.014440460E1,-4.903054047E0,8.563691711E-1
2.708187208E0,9.961634674E0,-4.888534241E0,8.255332947E-1
2.718197208E0,9.883197784E0,-5.075046387E0,8.434959412E-1
2.728207208E0,1.013362701E1,-5.582940216E0,9.151968384E-1
2.738218208E0,1.061038559E1,-6.193819885E0,1.015338593E0
2.748228208E0,1.116617981E1,-6.621181183E0,1.115031281E0
2.758238208E0,1.159518768E1,-6.823859711E0,1.304836578E0
2.768249208E0,1.174772049E1,-6.758894806E0,1.567091217E0
2.778259208E0,1.157303375E1,-6.416556702E0,1.855691071E0
2.788269208E0,1.110959747E1,-5.854774933E0,2.101030884E0
2.798280208E0,1.048015640E1,-5.233117676E0,2.275567932E0
2.808290208E0,9.798473969E0,-4.665797424E0,2.357148285E0
2.818300208E0,9.148675232E0,-4.089046783E0,2.353555756E0
2.828311208E0,8.606203308E0,-3.494782562E0,2.318378906E0
2.838321208E0,8.174800415E0,-2.951562195E0,2.271226959E0
2.848332208E0,7.850125580E0,-2.476599884E0,2.232457581E0
2.858342208E0,7.655530243E0,-2.117346954E0,2.202370148E0
2.868352208E0,7.584128723E0,-1.978286133E0,2.179168396E0
2.878363208E0,7.621550903E0,-2.024090881E0,2.095342712E0
2.888373208E0,7.738906860E0,-2.237247620E0,1.892364807E0
2.898383208E0,7.876171417E0,-2.471959534E0,1.620380402E0
2.908394208E0,8.056396637E0,-2.625839539E0,1.292412415E0
2.918404208E0,8.246800690E0,-2.757266235E0,9.580078125E-1
2.928414208E0,8.447084198E0,-2.922522583E0,6.328839111E-1
2.938425208E0,8.667276306E0,-3.155887299E0,2.984793091E-1
2.948435208E0,8.893006897E0,-3.439547424E0,-1.152603149E-2
2.958445208E0,9.129066010E0,-3.698957977E0,-2.818638611E-1
2.968456208E0,9.434730377E0,-3.877835999E0,-5.246589661E-1
2.978466208E0,9.773026886E0,-3.989653473E0,-6.867718506E-1
2.988477208E0,1.007824219E1,-3.992198181E0,-7.755372620E-1
2.998487208E0,1.026220963E1,-3.895648956E0,-7.571255493E-1
3.008497208E0,1.027987289E1,-3.779939575E0,-7.083270264E-1
3.018508208E0,1.009261230E1,-3.564986572E0,-6.295907593E-1
3.028518208E0,9.719887390E0,-3.277284851E0,-5.046006775E-1
3.038528208E0,9.306746521E0,-2.979254608E0,-3.544628906E-1
3.048539208E0,8.970246277E0,-2.780168610E0,-2.565664673E-1
3.058549208E0,8.784332886E0,-2.647095337E0,-1.886077881E-1
3.068559542E0,8.600215759E0,-2.528541870E0,-1.163081360E-1
3.078570542E0,8.347690887E0,-2.442171478E0,-8.098159790E-2
3.088580542E0,8.155340881E0,-2.413580933E0,-9.056167603E-2
3.098591542E0,8.084538116E0,-2.416724396E0,-1.314266968E-1
3.108601542E0,8.160879364E0,-2.413880310E0,-1.709445190E-1
3.118611542E0,8.381370850E0,-2.404449921E0,-2.031275940E-1
3.128622542E0,8.626411285E0,-2.421364746E0,-2.505789185E-1
3.138632542E0,8.765023041E0,-2.358345795E0,-2.600093079E-1
3.148642542E0,8.776100006E0,-2.254012756E0,-2.549198914E-1
3.158653542E0,8.799451447E0,-2.141895905E0,-1.839674377E-1
3.168663542E0,8.812474365E0,-2.176024933E0,-1.621128845E-1
3.178673542E0,8.828491058E0,-2.287992096E0,-2.227368164E-1
3.188684542E0,8.804989929E0,-2.302661591E0,-3.320095825E-1
3.198694542E0,8.644972687E0,-2.249073029E0,-4.330494690E-1
3.208704542E0,8.387508087E0,-2.220332794E0,-5.418731689E-1
3.218715542E0,8.183332672E0,-2.203118591E0,-6.661148071E-1
3.228725542E0,8.046517181E0,-2.239642639E0,-7.303312683E-1
3.238736542E0,7.991132355E0,-2.283800812E0,-6.252497864E-1
3.248746542E0,8.084837494E0,-2.302960968E0,-3.219804382E-1
3.258756542E0,8.392447815E0,-2.327809296E0,1.088237000E-1
3.268767542E0,8.878487091E0,-2.374063110E0,5.682183838E-1
3.278777542E0,9.414522400E0,-2.448757782E0,1.019529877E0
3.288787542E0,1.002165985E1,-2.432292023E0,1.452729034E0
3.298798542E0,1.062745010E1,-2.420466614E0,1.735041962E0
3.308808542E0,1.113878677E1,-2.548001404E0,1.758094025E0
3.318818542E0,1.151091293E1,-2.700384521E0,1.578617249E0
3.328829542E0,1.159009827E1,-2.788102112E0,1.240919495E0
3.338839542E0,1.144504990E1,-2.754571838E0,8.229885864E-1
3.348850542E0,1.121228394E1,-2.680775299E0,4.564009094E-1
3.358860542E0,1.096020813E1,-2.572101288E0,2.137554932E-1
3.368870542E0,1.073687256E1,-2.409539337E0,9.759704590E-2
3.378881542E0,1.056922119E1,-2.313439178E0,5.598358154E-2
3.388891542E0,1.056009018E1,-2.416574707E0,3.457809448E-2
3.398901542E0,1.070453979E1,-2.803220673E0,-2.080673218E-2
3.408912542E0,1.082129700E1,-3.197500763E0,-6.197113037E-2
3.418922542E0,1.094449081E1,-3.369343414E0,-7.155120850E-2
3.428932542E0,1.099269058E1,-3.344944153E0,-6.301895142E-2
3.438943542E0,1.087787933E1,-3.212319946E0,-6.062393188E-2
3.448953542E0,1.062520477E1,-3.067421265E0,-1.601669312E-2
3.458964542E0,1.029229706E1,-2.895428925E0,5.568420410E-2
3.468974542E0,9.934241638E0,-2.580184479E0,2.718347168E-1
3.478984542E0,9.694589996E0,-2.134112091E0,7.423063660E-1
3.488995542E0,9.515262909E0,-1.704655151E0,1.430575104E0
3.499005542E0,9.329349518E0,-1.435365143E0,1.955832825E0
3.509015542E0,9.264384613E0,-1.449735260E0,2.054627380E0
3.519026542E0,9.298813019E0,-1.907333679E0,1.640887756E0
3.529036542E0,9.444310455E0,-2.590662689E0,9.639953613E-1
3.539046542E0,9.625583496E0,-3.192561035E0,3.709286499E-1
3.549057542E0,9.782606964E0,-3.558699646E0,-8.711883545E-2
3.559067542E0,9.987530823E0,-3.741918640E0,-4.135899353E-1
3.569078542E0,1.032178574E1,-3.906276855E0,-7.235952759E-1
3.579088542E0,1.070947952E1,-3.975133667E0,-1.038690033E0
3.589098542E0,1.099748062E1,-3.772604828E0,-1.346899109E0
3.599109542E0,1.120180573E1,-3.472179565E0,-1.539548492E0
3.609119542E0,1.128473328E1,-3.230282593E0,-1.540446625E0
3.619129542E0,1.110795090E1,-3.027304688E0,-1.325343933E0
3.629140542E0,1.063972458E1,-2.833607483E0,-8.839118958E-1
3.639150542E0,1.009051666E1,-2.753224640E0,-3.555107117E-1
3.649160542E0,9.502239990E0,-2.833308105E0,9.894424438E-2
3.659171542E0,8.893455963E0,-2.971620483E0,5.724096680E-1
3.669181542E0,8.388555908E0,-3.065774689E0,9.804611206E-1
3.679192542E0,7.954757996E0,-3.140319672E0,1.323397980E0
3.689202542E0,7.634124756E0,-3.188220062E0,1.561403046E0
3.699212542E0,7.476352844E0,-3.225342865E0,1.683998108E0
3.709223542E0,7.513026581E0,-3.322939911E0,1.698368225E0
3.719233542E0,7.718848572E0,-3.418740692E0,1.630259857E0
3.729243542E0,7.981402588E0,-3.483855286E0,1.528172150E0
3.739254542E0,8.144263916E0,-3.526965637E0,1.372495880E0
3.749264542E0,8.200696564E0,-3.587290192E0,1.174757080E0
3.759274542E0,8.113278351E0,-3.697311401E0,9.663903809E-1
3.769285542E0,7.954608307E0,-3.831133118E0,7.692503357E-1
3.779295542E0,7.763455811E0,-3.956721954E0,6.002517700E-1
3.789306542E0,7.576344910E0,-4.075724487E0,4.706213379E-1
3.799316542E0,7.434290314E0,-4.168830872E0,3.583547974E-1
3.809326542E0,7.366181946E0,-4.237837372E0,2.650987244E-1
3.819337542E0,7.416177979E0,-4.277355194E0,2.326162720E-1
3.829347542E0,7.570806427E0,-4.218228149E0,2.303709412E-1
3.839357542E0,7.838749237E0,-4.075425110E0,2.456391907E-1
3.849368542E0,8.206384735E0,-3.908073120E0,3.034190369E-1
3.859378542E0,8.527766418E0,-3.805686035E0,3.580554199E-1
3.869388542E0,8.755742340E0,-3.901935883E0,3.433859253E-1
3.879399542E0,8.866961060E0,-4.120182037E0,3.082090759E-1
3.889409542E0,8.887618103E0,-4.376449127E0,2.993774414E-1
3.899420542E0,8.850644989E0,-4.602928162E0,3.430865479E-1
3.909430542E0,8.847052460E0,-4.797373810E0,3.956272888E-1
3.919440542E0,8.933422852E0,-4.978347473E0,3.968247986E-1
3.929451542E0,9.069040833E0,-5.147944794E0,3.501219177E-1
3.939461542E0,9.201365662E0,-5.215304718E0,3.321592712E-1
3.949471542E0,9.275910645E0,-5.141657867E0,3.869453430E-1
3.959482542E0,9.255702667E0,-4.943769379E0,4.802014160E-1
3.969492542E0,9.344019012E0,-4.786446533E0,5.381309509E-1
3.979503542E0,9.733359375E0,-5.024152222E0,4.805007935E-1
3.989513542E0,1.017853363E1,-5.511239319E0,4.093986511E-1
3.999523542E0,1.042447220E1,-5.639522552E0,4.355941772E-1
4.009534542E0,1.037627243E1,-5.359754333E0,5.605842590E-1
4.019544542E0,1.006297394E1,-4.933590546E0,7.652087402E-1
4.029554542E0,9.624236298E0,-4.494553528E0,9.845027161E-1
4.039565542E0,9.218729553E0,-4.098327484E0,1.120420074E0
4.049575542E0,8.977581024E0,-3.867357788E0,1.139280853E0
4.059585542E0,8.880732422E0,-3.871399384E0,1.011596375E0
4.069596542E0,8.764573975E0,-3.992347870E0,7.851173401E-1
4.079606542E0,8.557853851E0,-3.992796936E0,5.438191223E-1
4.089617542E0,8.245603180E0,-4.014801178E0,2.920426941E-1
4.099627542E0,7.822433167E0,-4.053720245E0,6.212081909E-2
4.109637542E0,7.440577240E0,-3.965553589E0,-4.071533203E-2
4.119648542E0,7.192243652E0,-3.749552765E0,-3.817062378E-2
4.129658542E0,7.228019257E0,-3.426374817E0,4.191284180E-3
4.139668542E0,7.578739929E0,-3.253484344E0,4.281097412E-2
4.149679542E0,8.234975281E0,-3.328478394E0,6.975494385E-2
4.159689542E0,9.013805695E0,-3.598816223E0,1.359173584E-1
4.169700542E0,9.728719025E0,-3.990551605E0,2.519261169E-1
4.179710542E0,1.038675064E1,-4.392615509E0,3.686833191E-1
4.189720542E0,1.096679443E1,-4.697980499E0,4.531077576E-1
4.199731542E0,1.135808075E1,-4.946164398E0,4.903802490E-1
4.209741542E0,1.152273834E1,-5.113666077E0,4.911286926E-1
4.219751542E0,1.147049698E1,-5.171445923E0,4.900808716E-1
4.229762542E0,1.129042145E1,-5.126988373E0,5.140310669E-1
4.239772542E0,1.101888611E1,-5.043911133E0,5.643264771E-1
4.249783542E0,1.065499283E1,-4.905299377E0,6.065386963E-1
4.259793542E0,1.020817200E1,-4.705165558E0,6.427633667E-1
4.269803542E0,9.709558868E0,-4.431833954E0,6.652166748E-1
4.279814542E0,9.206754456E0,-4.121379547E0,6.339317322E-1
4.289824542E0,8.774603119E0,-3.827091522E0,5.307962036E-1
4.299834542E0,8.454868011E0,-3.570525055E0,3.597019958E-1
4.309845542E0,8.166417847E0,-3.328328705E0,2.037263489E-1
4.319855542E0,7.880362701E0,-3.134631500E0,3.921844482E-2
4.329865542E0,7.632478180E0,-2.994073792E0,-1.290316772E-1
4.339876542E0,7.500153351E0,-2.919678497E0,-2.868035889E-1
4.349886542E0,7.449558563E0,-2.910098419E0,-4.432283020E-1
4.359897542E0,7.469167786E0,-2.969824219E0,-5.815406799E-1
4.369907542E0,7.555987244E0,-3.061733093E0,-7.119195557E-1
4.379917542E0,7.644153900E0,-3.126548309E0,-8.077203369E-1
4.389928542E0,7.749235382E0,-3.187621307E0,-8.782237244E-1
4.399938542E0,7.906408539E0,-3.250789948E0,-8.985813904E-1
4.409948542E0,8.142018585E0,-3.329226837E0,-8.699908447E-1
4.419959542E0,8.461903381E0,-3.440295868E0,-8.180488586E-1
4.429969542E0,8.705297241E0,-3.544778595E0,-7.432044983E-1
4.439980542E0,8.834777985E0,-3.611988831E0,-6.435118103E-1
4.449990542E0,8.824150085E0,-3.598666534E0,-5.295986938E-1
4.460000542E0,8.651259613E0,-3.542084198E0,-3.929328918E-1
4.470011542E0,8.344248047E0,-3.473227386E0,-2.558180237E-1
4.480021542E0,7.978558502E0,-3.383414154E0,-1.158590698E-1
4.490031542E0,7.590715027E0,-3.321592712E0,2.185455322E-2
4.500042542E0,7.285499725E0,-3.349434814E0,9.220825195E-2
4.510052542E0,7.095694427E0,-3.554508362E0,1.113684082E-1
4.520063542E0,6.990014191E0,-3.861519928E0,1.216969299E-1
4.530073542E0,7.030879211E0,-4.125121765E0,1.619631958E-1
4.540083542E0,7.236401825E0,-4.293671265E0,2.363584900E-1
4.550094542E0,7.647447052E0,-4.260590057E0,3.107537842E-1
4.560104542E0,8.173453217E0,-4.172273712E0,3.526666260E-1
4.570114542E0,8.701854401E0,-4.055217133E0,3.309617615E-1
4.580125542E0,9.215735779E0,-3.891906738E0,2.231858826E-1
4.590135542E0,9.657317505E0,-3.640279999E0,-8.382568359E-3
4.600146542E0,9.937834167E0,-3.340453491E0,-3.234773254E-1
4.610156542E0,1.011731094E1,-3.041225739E0,-6.788383484E-1
4.620166542E0,1.032013916E1,-2.921624451E0,-1.032103729E0
4.630177542E0,1.069825287E1,-3.245550842E0,-1.375190277E0
4.640187542E0,1.121872055E1,-4.029171295E0,-1.592089233E0
4.650197542E0,1.185310135E1,-4.943020935E0,-1.556313629E0
4.660208542E0,1.249691254E1,-5.634732513E0,-1.201102295E0
4.670218542E0,1.293340485E1,-5.848488007E0,-6.727011108E-1
4.680229542E0,1.320134766E1,-5.639821930E0,-7.080276489E-2
4.690239542E0,1.338217163E1,-5.400020599E0,4.402345276E-1
4.700249542E0,1.339714050E1,-5.286406860E0,8.113128662E-1
4.710260542E0,1.331825455E1,-5.129533081E0,1.071471863E0
4.720270542E0,1.307590851E1,-4.869972839E0,1.222208405E0
4.730280542E0,1.260962814E1,-4.605921936E0,1.314865723E0
4.740291542E0,1.203602097E1,-4.357288971E0,1.420246582E0
4.750301542E0,1.139265884E1,-4.174519043E0,1.494641876E0
4.760312542E0,1.072295151E1,-4.058061218E0,1.530567169E0
4.770322542E0,1.005219635E1,-3.915856934E0,1.517095184E0
4.780332542E0,9.439520416E0,-3.736230469E0,1.533860321E0
4.790343542E0,8.936117249E0,-3.609444122E0,1.571731567E0
4.800353542E0,8.563691711E0,-3.612138519E0,1.586251373E0
4.810363542E0,8.319399719E0,-3.735631714E0,1.621128845E0
4.820374542E0,8.206235046E0,-3.890858917E0,1.678010559E0
4.830384542E0,8.191715240E0,-4.070635071E0,1.721719666E0
4.840395542E0,8.220305786E0,-4.282444611E0,1.713337097E0
4.850405542E0,8.337961121E0,-4.469854889E0,1.720073090E0
4.860415542E0,8.449329529E0,-4.649032288E0,1.746717682E0
4.870426542E0,8.503816223E0,-4.774621124E0,1.814526672E0
4.880436542E0,8.478818207E0,-4.798870697E0,1.941612396E0
4.890446542E0,8.397237854E0,-4.683909760E0,2.061513062E0
4.900457542E0,8.206384735E0,-4.491559753E0,2.156864777E0
4.910467542E0,7.967032471E0,-4.284989319E0,2.212099915E0
4.920478542E0,7.739206238E0,-4.131109314E0,2.220033417E0
4.930488542E0,7.535030823E0,-4.034111023E0,2.171983337E0
4.940498542E0,7.403903503E0,-3.990850983E0,2.060165863E0
4.950509542E0,7.365433502E0,-3.969894562E0,1.940414886E0
4.960519542E0,7.385791168E0,-3.973337402E0,1.828896790E0
4.970529542E0,7.437284088E0,-3.963308258E0,1.731000366E0
4.980540542E0,7.489824829E0,-3.940106506E0,1.652114410E0
4.990550542E0,7.523953857E0,-3.916605377E0,1.562750244E0
5.000561542E0,7.593110046E0,-3.853287048E0,1.461261292E0
5.010571542E0,7.716902618E0,-3.775448914E0,1.382525024E0
5.020581542E0,7.873477020E0,-3.764521637E0,1.323397980E0
5.030592542E0,7.986641693E0,-3.804488525E0,1.253493347E0
5.040602542E0,8.100704498E0,-3.813320160E0,1.179696808E0
5.050612542E0,8.214467926E0,-3.795656891E0,1.130149841E0
5.060623542E0,8.289761353E0,-3.827989655E0,1.106349335E0
5.070633042E0,8.341403961E0,-3.887266388E0,1.085991669E0
5.080644042E0,8.385562134E0,-3.988905029E0,1.071172485E0
5.090654042E0,8.413404236E0,-4.075724487E0,1.047371979E0
5.100664042E0,8.406069489E0,-4.124373322E0,1.040785675E0
5.110675042E0,8.402476959E0,-4.140090637E0,1.020128632E0
5.120685042E0,8.402626648E0,-4.142335968E0,9.815089417E-1
5.130696042E0,8.457861786E0,-4.173471222E0,9.448352051E-1
5.140706042E0,8.557853851E0,-4.201612701E0,9.256750488E-1
5.150716042E0,8.712033234E0,-4.234544220E0,9.198371887E-1
5.160727042E0,8.917705536E0,-4.283642120E0,9.607022095E-1
5.170737042E0,9.083710327E0,-4.293371887E0,1.088835754E0
5.180747042E0,9.245374146E0,-4.245621185E0,1.263522491E0
5.190758042E0,9.424551544E0,-4.165088654E0,1.381626892E0
5.200768042E0,9.591604156E0,-4.146078186E0,1.426084442E0
5.210779042E0,9.737850037E0,-4.228556671E0,1.392853546E0
5.220789042E0,9.950557709E0,-4.460125122E0,1.279688873E0
5.230799042E0,1.019544846E1,-4.693040771E0,1.095422058E0
5.240810042E0,1.040770706E1,-4.935835876E0,7.973918152E-1
5.250820042E0,1.069256470E1,-5.356012115E0,4.221221924E-1
5.260831042E0,1.104597977E1,-6.099066925E0,3.817062378E-2
5.270841042E0,1.135134476E1,-6.804849243E0,-2.782713318E-1
5.280851042E0,1.135059631E1,-6.991511078E0,-3.531156921E-1
5.290862042E0,1.098071548E1,-6.552923126E0,-1.678010559E-1
5.300872042E0,1.044258453E1,-5.727389832E0,1.766326904E-1
5.310882042E0,9.906249847E0,-4.830305328E0,5.987548828E-1
5.320893042E0,9.470056915E0,-4.030219116E0,9.398954773E-1
5.330903042E0,9.058562622E0,-3.353626099E0,1.062490540E0
5.340914042E0,8.722361755E0,-2.853216705E0,9.720785522E-1
5.350924042E0,8.482410736E0,-2.608176270E0,7.791297913E-1
5.360934042E0,8.280031586E0,-2.588716736E0,5.755531311E-1
5.370945042E0,8.047565002E0,-2.590213623E0,4.037104797E-1
5.380955042E0,7.687114563E0,-2.575544128E0,2.498304749E-1
5.390965042E0,7.249275055E0,-2.566113739E0,1.552272034E-1
5.400976042E0,6.837481384E0,-2.556084595E0,1.353186035E-1
5.410986042E0,6.508315887E0,-2.624192963E0,1.619631958E-1
5.420997042E0,6.256988525E0,-2.756368103E0,2.362088013E-1
5.431007042E0,6.175557861E0,-2.875220947E0,3.200344849E-1
5.441017042E0,6.287974091E0,-3.033142548E0,3.812571716E-1
5.451028042E0,6.616840210E0,-3.285368042E0,5.935157776E-1
5.461038042E0,7.042105865E0,-3.598067780E0,8.222401428E-1
5.471049042E0,7.421866150E0,-3.865411835E0,1.089584198E0
5.481059042E0,7.717501373E0,-4.107308807E0,1.391656036E0
5.491069042E0,7.981103210E0,-4.364324341E0,1.687291260E0
5.501080042E0,8.196804657E0,-4.571493530E0,1.914668427E0
5.511090042E0,8.344697113E0,-4.769831085E0,2.052531738E0
5.521100042E0,8.455466766E0,-4.949457550E0,2.081571350E0
5.531111042E0,8.554411011E0,-5.034181366E0,2.069895630E0
5.541121042E0,8.684789886E0,-5.039420471E0,2.038011932E0
5.551132042E0,8.843160553E0,-4.980742493E0,1.972897339E0
5.561142042E0,9.039701843E0,-4.930896149E0,1.879790955E0
5.571152042E0,9.286837921E0,-4.862338715E0,1.805096283E0
5.581163042E0,9.598789215E0,-4.732109528E0,1.804497528E0
5.591173042E0,9.932744751E0,-4.559368744E0,1.847009125E0
5.601184042E0,1.022329056E1,-4.355492706E0,1.905836792E0
5.611194042E0,1.039857605E1,-4.141138458E0,1.978286133E0
5.621204042E0,1.044512924E1,-4.007616119E0,1.972448273E0
5.631215042E0,1.041549088E1,-3.956721954E0,1.882036285E0
5.641225042E0,1.035801041E1,-3.944447479E0,1.759291534E0
5.651235042E0,1.025786865E1,-3.940256195E0,1.636846161E0
5.661246042E0,1.011716125E1,-3.898343353E0,1.538201294E0
5.671256042E0,9.873018951E0,-3.810775452E0,1.485211487E0
5.681267042E0,9.582024078E0,-3.808380432E0,1.327738953E0
5.691277042E0,9.392667847E0,-3.922892303E0,1.119372253E0
5.701287042E0,9.258097687E0,-4.078269196E0,8.515791321E-1
5.711298042E0,9.111552429E0,-4.197870483E0,5.737568665E-1
5.721308042E0,8.957672424E0,-4.307442627E0,3.282673645E-1
5.731319042E0,8.780440979E0,-4.389172668E0,8.322692871E-2
5.741329042E0,8.605305176E0,-4.494703217E0,-8.352630615E-2
5.751339042E0,8.423134003E0,-4.611759796E0,-1.851649475E-1
5.761350042E0,8.251441040E0,-4.741390228E0,-2.424957275E-1
5.771360042E0,8.077951813E0,-4.884642334E0,-2.625540161E-1
5.781371042E0,7.895032196E0,-4.988077240E0,-2.447410583E-1
5.791381042E0,7.681875458E0,-5.048850861E0,-1.642085266E-1
5.801391042E0,7.474855957E0,-5.085973663E0,-9.041198730E-2
5.811402042E0,7.357200623E0,-5.122198334E0,-1.422042847E-2
5.821412042E0,7.423063660E0,-5.191204834E0,9.939331055E-2
5.831422042E0,7.621101837E0,-5.276228027E0,2.038760376E-1
5.841433042E0,7.791746979E0,-5.411396942E0,3.070115662E-1
5.851443042E0,7.892487488E0,-5.610632629E0,4.089495850E-1
5.861454042E0,8.004754028E0,-5.848787384E0,5.261558533E-1
5.871464042E0,8.090226288E0,-6.076014862E0,6.384223938E-1
5.881474042E0,8.170160065E0,-6.259233856E0,7.809260559E-1
5.891485042E0,8.199648743E0,-6.366710358E0,9.613009644E-1
5.901495042E0,8.254584503E0,-6.396498413E0,1.147364044E0
5.911506042E0,8.344996490E0,-6.392007751E0,1.328038330E0
5.921516042E0,8.431067505E0,-6.362519073E0,1.477727051E0
5.931526042E0,8.518336029E0,-6.341412964E0,1.600172424E0
5.941537042E0,8.616831207E0,-6.300697632E0,1.659299469E0
5.951547042E0,8.695417786E0,-6.240373077E0,1.676813049E0
5.961558042E0,8.741222534E0,-6.182892609E0,1.652114410E0
5.971568042E0,8.717571716E0,-6.066734161E0,1.610201569E0
5.981578042E0,8.596024475E0,-5.893694000E0,1.548679504E0
5.991589042E0,8.421038361E0,-5.718408508E0,1.395098877E0
6.001599042E0,8.279283142E0,-5.610632629E0,1.155447235E0
6.011609042E0,8.161927185E0,-5.537883911E0,8.824150085E-1
6.021620042E0,8.092770996E0,-5.468727722E0,6.146218872E-1
6.031630042E0,8.098908234E0,-5.409600677E0,3.501219177E-1
6.041641042E0,8.185578003E0,-5.406307526E0,9.939331055E-2
6.051651042E0,8.323141937E0,-5.428012390E0,-9.879455566E-2
6.061661042E0,8.498726807E0,-5.446873169E0,-2.601589966E-1
6.071671917E0,8.623267822E0,-5.445975037E0,-3.876937866E-1
6.081681917E0,8.724756775E0,-5.455106049E0,-4.887336731E-1
6.091692917E0,8.829089813E0,-5.461842041E0,-5.292993164E-1
6.101702917E0,8.930279388E0,-5.472020874E0,-5.489085388E-1
6.111712917E0,9.031618652E0,-5.499713287E0,-5.999523926E-1
6.121723917E0,9.137598267E0,-5.580694885E0,-6.554869080E-1
6.131733917E0,9.219178619E0,-5.664221191E0,-6.709048462E-1
6.141744917E0,9.265731812E0,-5.701643372E0,-6.399192810E-1
6.151754917E0,9.273815002E0,-5.692212982E0,-5.554948425E-1
6.161764917E0,9.256151733E0,-5.597909088E0,-4.423301697E-1
6.171775917E0,9.247918854E0,-5.448968811E0,-3.251239014E-1
6.181785917E0,9.248816986E0,-5.277126160E0,-2.453398132E-1
6.191796917E0,9.276359711E0,-5.070555725E0,-1.727407837E-1
6.201806917E0,9.312734070E0,-4.810546417E0,-1.291813660E-1
6.211816917E0,9.350904694E0,-4.553081818E0,-6.451583862E-2
6.221827917E0,9.431586914E0,-4.380341034E0,-4.191284180E-3
6.231837917E0,9.561816101E0,-4.334236908E0,5.448669434E-2
6.241847917E0,9.649234314E0,-4.441563721E0,1.164578247E-1
6.251858917E0,9.666298828E0,-4.685706024E0,1.543290710E-1
6.261868917E0,9.601782990E0,-5.064717865E0,2.119592285E-1
6.271879917E0,9.481582947E0,-5.488037567E0,3.115022278E-1
6.281889917E0,9.347461853E0,-5.864355011E0,4.794529724E-1
6.291900917E0,9.164093170E0,-6.125112762E0,6.285429382E-1
6.301910917E0,8.981772308E0,-6.252348175E0,7.759863281E-1
6.311920917E0,8.736881561E0,-6.272256775E0,9.616003418E-1
6.321931917E0,8.468040619E0,-6.217321014E0,1.169517975E0
6.331941917E0,8.244555359E0,-6.092181244E0,1.404529266E0
6.341951917E0,8.003706207E0,-5.959257660E0,1.638492737E0
6.351962917E0,7.749085693E0,-5.825735321E0,1.869911499E0
6.361972917E0,7.498955841E0,-5.693560181E0,2.109712830E0
6.371983917E0,7.235803070E0,-5.541326752E0,2.352058868E0
6.381993917E0,6.965764618E0,-5.416636047E0,2.552791443E0
6.392003917E0,6.752458191E0,-5.390440521E0,2.702480164E0
6.402014917E0,6.561605072E0,-5.400020599E0,2.776875458E0
6.412024917E0,6.419251099E0,-5.398374023E0,2.804867249E0
6.422035917E0,6.322552185E0,-5.439688110E0,2.761756897E0
6.432045917E0,6.328988800E0,-5.540578308E0,2.649340668E0
6.442055917E0,6.434070282E0,-5.641019440E0,2.473456421E0
6.452066917E0,6.599476318E0,-5.742957458E0,2.219284973E0
6.462076917E0,6.757547607E0,-5.842650146E0,1.910626831E0
6.472087917E0,6.943311310E0,-5.958808594E0,1.537901917E0
6.482097917E0,7.233857117E0,-6.048921204E0,1.185534668E0
6.492107917E0,7.564968567E0,-6.055657196E0,9.032217407E-1
6.502118917E0,7.846832428E0,-5.999673615E0,6.637197876E-1
6.512128917E0,8.096812592E0,-5.977968750E0,3.924838257E-1
6.522139917E0,8.293353882E0,-5.942342834E0,9.430389404E-2
6.532149917E0,8.405171356E0,-5.906716919E0,-1.971400452E-1
6.542159917E0,8.513246613E0,-5.894741821E0,-4.908293152E-1
6.552170917E0,8.635093231E0,-5.917793884E0,-7.662565613E-1
6.562180917E0,8.840765533E0,-5.990243225E0,-1.055006104E0
6.572191917E0,9.047485657E0,-6.085894318E0,-1.342707825E0
6.582201917E0,9.242230682E0,-6.085295563E0,-1.669328613E0
6.592211917E0,9.381740570E0,-5.982758789E0,-2.009122009E0
6.602222917E0,9.514813843E0,-5.816304932E0,-2.329755249E0
6.612232917E0,9.545799408E0,-5.619164886E0,-2.621199188E0
6.622243917E0,9.431736603E0,-5.399272156E0,-2.874622192E0
6.632253917E0,9.206455078E0,-5.174439697E0,-3.032992859E0
6.642263917E0,8.979676666E0,-5.019212494E0,-3.120710449E0
6.652274917E0,8.838669891E0,-4.987478485E0,-3.156635742E0
6.662284917E0,8.730444946E0,-4.963528290E0,-3.148402863E0
6.672295917E0,8.626111908E0,-4.972210236E0,-3.144810333E0
6.682305917E0,8.521180115E0,-5.041965179E0,-3.071163483E0
6.692315917E0,8.436905365E0,-5.069807281E0,-2.920127563E0
6.702326917E0,8.331674194E0,-5.035977631E0,-2.721939697E0
6.712336917E0,8.205187225E0,-5.000351715E0,-2.524799652E0
6.722347917E0,8.069120178E0,-4.972509613E0,-2.345173187E0
6.732357917E0,7.950716400E0,-4.893923035E0,-2.167193298E0
6.742367917E0,7.926915894E0,-4.780309296E0,-2.040406952E0
6.752378917E0,7.962092743E0,-4.683760071E0,-1.975142670E0
6.762388917E0,8.023315430E0,-4.618645477E0,-1.957778778E0
6.772399917E0,8.116870880E0,-4.596940613E0,-1.906285858E0
6.782409917E0,8.219856720E0,-4.683610382E0,-1.825453949E0
6.792419917E0,8.296647034E0,-4.866829376E0,-1.716480560E0
6.802430917E0,8.337062988E0,-5.093458099E0,-1.554217987E0
6.812440917E0,8.361911316E0,-5.283712463E0,-1.362317047E0
6.822451917E0,8.376431122E0,-5.403164062E0,-1.177002411E0
6.832461917E0,8.399932251E0,-5.431455231E0,-1.008602600E0
6.842471917E0,8.424930267E0,-5.407055969E0,-8.722361755E-1
6.852482917E0,8.525521088E0,-5.361700287E0,-7.529342651E-1
6.862492917E0,8.646918640E0,-5.354814606E0,-6.295907593E-1
6.872503917E0,8.814719696E0,-5.347030792E0,-5.303471375E-1
6.882513917E0,9.004075928E0,-5.388644257E0,-4.200265503E-1
6.892523917E0,9.184001770E0,-5.495522003E0,-3.234773254E-1
6.902534917E0,9.394913177E0,-5.561534729E0,-1.999841309E-1
6.912544917E0,9.549391937E0,-5.551954651E0,-6.601272583E-2
6.922555917E0,9.620494080E0,-5.460494843E0,2.245330811E-2
6.932565917E0,9.545050964E0,-5.283413086E0,3.278182983E-2
6.942575917E0,9.358089752E0,-5.008883972E0,-1.152603149E-2
6.952586917E0,9.103469238E0,-4.745282135E0,-1.082249451E-1
6.962596917E0,8.759185181E0,-4.542603607E0,-2.930905151E-1
6.972607917E0,8.384664001E0,-4.392765198E0,-5.125341797E-1
6.982617917E0,8.050708466E0,-4.330345001E0,-7.029382324E-1
6.992627917E0,7.777975616E0,-4.313579865E0,-8.340655518E-1
7.002638917E0,7.535479889E0,-4.362228699E0,-9.050180054E-1
7.012648917E0,7.301217041E0,-4.466561737E0,-9.614506531E-1
7.022659917E0,7.123087463E0,-4.591102753E0,-1.008303223E0
7.032669917E0,7.047494659E0,-4.764142914E0,-1.061891785E0
7.042679917E0,7.038513336E0,-4.936135254E0,-1.143172760E0
7.052690917E0,7.004683685E0,-5.075944519E0,-1.222807159E0
7.062700917E0,6.943610687E0,-5.220244446E0,-1.306183777E0
7.072712042E0,6.879543915E0,-5.364694061E0,-1.388811951E0
7.082722042E0,6.800807648E0,-5.462141418E0,-1.449884949E0
7.092732042E0,6.764882355E0,-5.554499359E0,-1.491049347E0
7.102743042E0,6.811734924E0,-5.616919556E0,-1.465302887E0
7.112753042E0,6.927144928E0,-5.638923798E0,-1.360371094E0
7.122764042E0,7.099436646E0,-5.672753448E0,-1.182989960E0
7.132774042E0,7.275320892E0,-5.704637146E0,-9.714797974E-1
7.142784042E0,7.382048950E0,-5.639073486E0,-7.503895569E-1
7.152795042E0,7.450456696E0,-5.482798462E0,-5.328918457E-1
7.162805042E0,7.494016113E0,-5.254074097E0,-3.595523071E-1
7.172816042E0,7.539820862E0,-5.004842377E0,-2.697390747E-1
7.182826042E0,7.634424133E0,-4.749473419E0,-2.460882568E-1
7.192836042E0,7.742948456E0,-4.567152557E0,-3.218307495E-1
7.202847042E0,7.894433441E0,-4.490362244E0,-4.915777588E-1
7.212857042E0,8.080646210E0,-4.488116913E0,-6.806346130E-1
7.222868042E0,8.262368317E0,-4.537514191E0,-8.646020508E-1
7.232878042E0,8.413703613E0,-4.595743103E0,-1.034947815E0
7.242888042E0,8.513396301E0,-4.677922211E0,-1.195114746E0
7.252899042E0,8.579708405E0,-4.757706299E0,-1.329086151E0
7.262909042E0,8.678353271E0,-4.810247040E0,-1.436862030E0
7.272920042E0,8.779393158E0,-4.827311554E0,-1.515149231E0
7.282930042E0,8.973090363E0,-4.878804474E0,-1.591191101E0
7.292941042E0,9.439370728E0,-5.269342346E0,-1.708547058E0
7.302951042E0,9.936486969E0,-5.848188629E0,-1.757644958E0
7.312961042E0,1.027672943E1,-6.308032379E0,-1.764380951E0
7.322972042E0,1.057625656E1,-6.617139587E0,-1.617686005E0
7.332982042E0,1.073328003E1,-6.775210876E0,-1.387315063E0
7.342993042E0,1.095466965E1,-6.939269714E0,-1.234482880E0
7.353003042E0,1.125314896E1,-7.135212250E0,-1.159788208E0
7.363013042E0,1.143457169E1,-7.151528320E0,-1.098864899E0
7.373024042E0,1.142109970E1,-6.867419128E0,-9.610015869E-1
7.383034042E0,1.121333176E1,-6.263275452E0,-7.247927856E-1
7.393045042E0,1.087623276E1,-5.471422119E0,-4.170327759E-1
7.403055042E0,1.054182816E1,-4.654421082E0,-7.634124756E-2
7.413065042E0,1.040426422E1,-3.909120941E0,2.857557678E-1
7.423076042E0,1.035277130E1,-3.269650726E0,6.649172974E-1
7.433086042E0,1.032298325E1,-2.777025146E0,9.843530273E-1
7.443097042E0,1.025592270E1,-2.383044434E0,1.228645020E0
7.453107042E0,1.008138565E1,-2.157912598E0,1.353784790E0
7.463117042E0,9.792785797E0,-2.190844116E0,1.317260742E0
7.473128042E0,9.422006836E0,-2.520907745E0,1.082548828E0
7.483138042E0,8.969348145E0,-3.023712158E0,6.628216553E-1
7.493149042E0,8.582552490E0,-3.543880463E0,1.995350647E-1
7.503159042E0,8.342152405E0,-4.080664215E0,-1.947450256E-1
7.513169042E0,8.231382751E0,-4.683909760E0,-4.912783813E-1
7.523180042E0,8.315657501E0,-5.368136902E0,-6.857240295E-1
7.533190042E0,8.455017700E0,-6.085744629E0,-7.869136047E-1
7.543201042E0,8.545579376E0,-6.706803131E0,-7.521858215E-1
7.553211042E0,8.537945251E0,-7.082372131E0,-6.578819275E-1
7.563222042E0,8.398135986E0,-7.128925323E0,-5.150788879E-1
7.573232042E0,8.224946136E0,-6.895560608E0,-3.451821899E-1
7.583242042E0,8.134833527E0,-6.512956238E0,-2.338137817E-1
7.593253042E0,8.144862671E0,-6.109096069E0,-1.972897339E-1
7.603263042E0,8.188422089E0,-5.652096405E0,-2.318678284E-1
7.613274042E0,8.199948120E0,-5.174888763E0,-2.579136658E-1
7.623284042E0,8.184530182E0,-4.747677155E0,-2.733316040E-1
7.633294042E0,8.183332672E0,-4.410578156E0,-2.586621094E-1
7.643305042E0,8.206684113E0,-4.185146942E0,-2.484832764E-1
7.653315042E0,8.161478119E0,-4.049528961E0,-2.154020691E-1
7.663326042E0,8.035889282E0,-3.930975494E0,-1.568737793E-1
7.673336042E0,7.886799316E0,-3.796555023E0,-1.184037781E-1
7.683346042E0,7.780520325E0,-3.724554749E0,-1.249900818E-1
7.693357042E0,7.718100128E0,-3.768862610E0,-1.079255676E-1
7.703367042E0,7.643704834E0,-3.857328644E0,-4.745132446E-2
7.713378042E0,7.534282379E0,-3.983516235E0,3.353027344E-2
7.723388042E0,7.459887085E0,-4.148323517E0,1.457968140E-1
7.733398042E0,7.445217590E0,-4.369114380E0,2.896476746E-1
7.743409042E0,7.482639771E0,-4.587510223E0,4.340972900E-1
7.753419042E0,7.576943665E0,-4.801415405E0,5.629792786E-1
7.763430042E0,7.733667755E0,-5.023703156E0,6.388714600E-1
7.773440042E0,7.918832703E0,-5.215753784E0,6.249504089E-1
7.783451042E0,8.128097534E0,-5.337600403E0,5.063969421E-1
7.793461042E0,8.336763611E0,-5.374124451E0,3.074606323E-1
7.803471042E0,8.533005524E0,-5.366490326E0,8.083190918E-2
7.813482042E0,8.699609070E0,-5.306315460E0,-1.472937012E-1
7.823492042E0,8.833430786E0,-5.232369232E0,-3.707789612E-1
7.833503042E0,8.970545654E0,-5.193150787E0,-6.059399414E-1
7.843513042E0,9.122629395E0,-5.219046936E0,-7.782316589E-1
7.853523042E0,9.272467804E0,-5.331014099E0,-8.939410400E-1
7.863534042E0,9.457183685E0,-5.570815430E0,-9.113049316E-1
7.873544042E0,9.637708282E0,-5.847589874E0,-8.402027893E-1
7.883555042E0,9.789941711E0,-6.151158600E0,-6.884184265E-1
7.893565042E0,9.901759186E0,-6.465355225E0,-5.388793945E-1
7.903576042E0,9.950258331E0,-6.744824066E0,-3.682342529E-1
7.913586042E0,9.915380859E0,-6.953340454E0,-2.284249878E-1
7.923596042E0,9.797126770E0,-7.117399292E0,-3.727249146E-2
7.933607042E0,9.559121704E0,-7.241640930E0,1.800755310E-1
7.943617042E0,9.357191620E0,-7.426356812E0,3.808081055E-1
7.953628042E0,9.376651154E0,-7.873027954E0,5.580395508E-1
7.963638042E0,9.408085785E0,-8.486003265E0,6.917115784E-1
7.973648042E0,9.132059784E0,-8.777447205E0,8.605604553E-1
7.983659042E0,8.661288757E0,-8.687184906E0,1.087937622E0
7.993669042E0,7.981851654E0,-8.291856995E0,1.290466461E0
8.003680042E0,7.281458130E0,-7.783963165E0,1.387913818E0
8.013690042E0,6.719077606E0,-7.394323425E0,1.309626617E0
8.023700042E0,6.522835693E0,-7.306306458E0,1.026415558E0
8.033711042E0,6.620881805E0,-7.351662140E0,6.873706055E-1
8.043721042E0,6.687044220E0,-7.155120850E0,4.689747620E-1
8.053732042E0,6.632258148E0,-6.684649200E0,3.836521912E-1
8.063742042E0,6.615493011E0,-6.126759338E0,3.092568970E-1
8.073752667E0,6.631360016E0,-5.668711853E0,9.819580078E-2
8.083762667E0,6.615043945E0,-5.298531647E0,-1.755848694E-1
8.093772667E0,6.555318146E0,-5.027894440E0,-4.701722717E-1
8.103783667E0,6.409072266E0,-4.748724976E0,-7.229965210E-1
8.113793667E0,6.192921753E0,-4.446503448E0,-8.800199890E-1
8.123804667E0,6.013444977E0,-4.257147217E0,-1.019080811E0
8.133814667E0,5.976172485E0,-4.168830872E0,-1.122366028E0
8.143824667E0,6.077511749E0,-4.108955383E0,-1.132095795E0
8.153835667E0,6.265371094E0,-4.112847290E0,-1.098415833E0
8.163845667E0,6.537355499E0,-4.180356903E0,-1.027014313E0
8.173856667E0,6.886728973E0,-4.400998077E0,-9.014254761E-1
8.183866667E0,7.212002563E0,-4.647086334E0,-7.276368713E-1
8.193876667E0,7.544161835E0,-4.885540466E0,-5.396278381E-1
8.203887667E0,7.882308655E0,-5.176984406E0,-3.221301270E-1
8.213897667E0,8.211923218E0,-5.502257996E0,-8.861572266E-2
8.223908667E0,8.488098907E0,-5.720354462E0,1.378633118E-1
8.233918667E0,8.742569733E0,-5.819448395E0,2.921923828E-1
8.243929667E0,8.970096588E0,-5.868396606E0,3.486250305E-1
8.253939667E0,9.191336517E0,-5.838907928E0,3.291654968E-1
8.263949667E0,9.336983643E0,-5.671855316E0,2.302212524E-1
8.273960667E0,9.404343567E0,-5.414390717E0,2.829116821E-2
8.283970667E0,9.428144073E0,-5.127736816E0,-2.323168945E-1
8.293981667E0,9.436227264E0,-4.833448792E0,-4.722679138E-1
8.303991667E0,9.405840454E0,-4.519551544E0,-6.948550415E-1
8.314002667E0,9.321116638E0,-4.207600250E0,-8.828640747E-1
8.324012667E0,9.215586090E0,-3.943549347E0,-1.071322174E0
8.334022667E0,9.156608734E0,-3.759581909E0,-1.255289612E0
8.344033667E0,9.127569122E0,-3.681145020E0,-1.399589539E0
8.354043667E0,9.116342468E0,-3.644321594E0,-1.502126312E0
8.364054667E0,9.141340485E0,-3.614084473E0,-1.588496704E0
8.374064667E0,9.183852081E0,-3.626358948E0,-1.673669586E0
8.384074667E0,9.252559204E0,-3.678001556E0,-1.790277100E0
8.394085667E0,9.335935822E0,-3.788322144E0,-1.908830566E0
8.404095667E0,9.345216522E0,-3.948040009E0,-1.990410919E0
8.414106667E0,9.256451111E0,-4.146976318E0,-2.008223877E0
8.424116667E0,9.077124023E0,-4.340374146E0,-1.948198700E0
8.434127667E0,8.861272888E0,-4.516857147E0,-1.807640991E0
8.444137667E0,8.613088989E0,-4.656516724E0,-1.620081024E0
8.454147667E0,8.345894623E0,-4.721331940E0,-1.374142456E0
8.464158667E0,8.099956055E0,-4.759203186E0,-1.124461670E0
8.474168667E0,7.915240173E0,-4.804708557E0,-9.385482788E-1
8.484179667E0,7.820786591E0,-4.885839844E0,-7.637118530E-1
8.494189667E0,7.796986084E0,-4.978347473E0,-5.551954651E-1
8.504199667E0,7.849826202E0,-5.033283234E0,-3.475772095E-1
8.514210667E0,7.926915894E0,-5.056335297E0,-1.886077881E-1
8.524220667E0,7.996371460E0,-5.058430939E0,-9.355545044E-2
8.534231667E0,8.153694305E0,-5.084626465E0,7.484436035E-3
8.544241667E0,8.299491119E0,-5.067561951E0,6.511459351E-2
8.554252667E0,8.410859528E0,-4.994813232E0,6.032455444E-2
8.564262667E0,8.494685211E0,-4.851710815E0,3.906875610E-2
8.574272667E0,8.632249146E0,-4.652774506E0,1.526824951E-2
8.584283667E0,8.785979462E0,-4.475543060E0,-2.320175171E-2
8.594293667E0,8.962612152E0,-4.328848114E0,-9.894424438E-2
8.604304667E0,9.078770599E0,-4.211641846E0,-2.276765442E-1
8.614314667E0,9.151070251E0,-4.203558655E0,-3.658392334E-1
8.624325667E0,9.176667023E0,-4.258793793E0,-4.361929321E-1
8.634335667E0,9.129664764E0,-4.333937531E0,-5.057981873E-1
8.644345667E0,9.059909821E0,-4.415667572E0,-5.878276062E-1
8.654356667E0,8.998687134E0,-4.518952789E0,-6.876699829E-1
8.664366667E0,8.934021606E0,-4.655468903E0,-7.694000244E-1
8.674377667E0,8.812174988E0,-4.753065948E0,-8.390052795E-1
8.684387667E0,8.685837708E0,-4.784500580E0,-8.949888611E-1
8.694397667E0,8.541537781E0,-4.784201202E0,-9.524693298E-1
8.704408667E0,8.468339996E0,-4.772226105E0,-9.762698364E-1
8.714418667E0,8.438102875E0,-4.701273651E0,-9.175918579E-1
8.724429667E0,8.408314819E0,-4.594695282E0,-7.629634094E-1
8.734439667E0,8.466992798E0,-4.517156525E0,-5.559439087E-1
8.744450667E0,8.853788452E0,-4.856650543E0,-4.680766296E-1
8.754460667E0,9.342671814E0,-5.704637146E0,-4.432283020E-1
8.764470667E0,9.461824036E0,-6.361321564E0,-3.531156921E-1
8.774481667E0,9.376501465E0,-6.690487061E0,-1.755848694E-1
8.784491667E0,9.430539093E0,-7.068002014E0,-4.640350342E-3
8.794502667E0,9.621392212E0,-7.599247284E0,1.420545959E-1
8.804512667E0,9.716444550E0,-7.864346008E0,3.218307495E-1
8.814523667E0,9.595795441E0,-7.495213623E0,6.155200195E-1
8.824533667E0,9.393416290E0,-6.566694489E0,9.536668396E-1
8.834543667E0,9.206155701E0,-5.457351379E0,1.261426849E0
8.844554667E0,9.227261810E0,-4.472848663E0,1.453477478E0
8.854564667E0,9.487420807E0,-3.572770386E0,1.570084991E0
8.864575667E0,9.795180817E0,-2.902763672E0,1.606159973E0
8.874585667E0,1.017973114E1,-2.605481873E0,1.564546509E0
8.884596667E0,1.050051407E1,-2.686613159E0,1.548080750E0
8.894606667E0,1.070259384E1,-3.080893250E0,1.501377869E0
8.904616667E0,1.079150894E1,-3.532803497E0,1.365310822E0
8.914627667E0,1.084330124E1,-3.990401917E0,1.159039764E0
8.924637667E0,1.096814163E1,-4.603227539E0,8.812174988E-1
8.934648667E0,1.111453720E1,-5.292693787E0,6.227050781E-1
8.944658667E0,1.111154343E1,-5.855074310E0,3.852987671E-1
8.954669667E0,1.081051941E1,-6.142776031E0,1.670526123E-1
8.964679667E0,1.031100815E1,-6.231541443E0,2.993774414E-2
8.974689667E0,9.750872955E0,-6.156846771E0,-7.185058594E-3
8.984700667E0,9.239386597E0,-5.968089294E0,1.856140137E-2
8.994710667E0,8.770561523E0,-5.738317108E0,-2.589614868E-2
9.004721667E0,8.292904816E0,-5.478008423E0,-1.044827271E-1
9.014731667E0,7.816146240E0,-5.188061371E0,-1.947450256E-1
9.024742667E0,7.336543579E0,-4.887486420E0,-2.486329651E-1
9.034752667E0,6.903793488E0,-4.522545319E0,-2.148033142E-1
9.044762667E0,6.592291260E0,-4.250111847E0,-1.877096558E-1
9.054773667E0,6.454727325E0,-4.079317017E0,-1.766326904E-1
9.064783667E0,6.491101685E0,-3.965254211E0,-1.419049072E-1
9.074795042E0,6.607858887E0,-3.871998138E0,-5.718109131E-2
9.084805042E0,6.705006866E0,-3.798800354E0,2.664459229E-2
9.094816042E0,6.751410370E0,-3.775149536E0,5.194198608E-2
9.104826042E0,6.740782471E0,-3.838318176E0,4.535568237E-2
9.114836042E0,6.727759552E0,-3.973636780E0,2.365081787E-2
9.124847042E0,6.650819550E0,-4.133654022E0,1.601669312E-2
9.134857042E0,6.525679779E0,-4.279750214E0,2.784210205E-2
9.144868042E0,6.350843353E0,-4.410278778E0,4.984634399E-2
9.154878042E0,6.159092102E0,-4.521347809E0,9.370513916E-2
9.164888042E0,6.016738129E0,-4.584067383E0,1.606159973E-1
9.174899042E0,5.932164001E0,-4.610711975E0,2.104623413E-1
9.184909042E0,6.001170502E0,-4.618495789E0,2.558180237E-1
9.194920042E0,6.324797516E0,-4.705315247E0,3.135978699E-1
9.204930042E0,6.815028076E0,-4.944517822E0,3.263214111E-1
9.214941042E0,7.370672607E0,-5.346432037E0,2.475851440E-1
9.224951042E0,7.936196594E0,-5.811814270E0,1.751358032E-1
9.234961042E0,8.456065521E0,-6.152505798E0,1.901046753E-1
9.244972042E0,8.975335693E0,-6.409371643E0,1.788780212E-1
9.254982042E0,9.460027771E0,-6.563101959E0,1.484912109E-1
9.264993042E0,9.829459534E0,-6.564598846E0,8.143066406E-2
9.275003042E0,1.010713211E1,-6.459667053E0,-3.098556519E-2
9.285014042E0,1.025891647E1,-6.235133972E0,-1.414558411E-1
9.295024042E0,1.026520340E1,-5.936954041E0,-2.386038208E-1
9.305034042E0,1.030352371E1,-5.786516876E0,-3.411405945E-1
9.315045042E0,1.058748322E1,-6.127657471E0,-4.638853455E-1
9.325055042E0,1.080827408E1,-6.713539124E0,-4.974156189E-1
9.335066042E0,1.056158707E1,-6.893614655E0,-3.059637451E-1
9.345076042E0,1.006491989E1,-6.676566010E0,-2.769241333E-2
9.355087042E0,9.592053223E0,-6.454877014E0,2.460882568E-1
9.365097042E0,9.316326599E0,-6.611002350E0,4.092489624E-1
9.375107042E0,9.098080444E0,-6.857839050E0,5.143304443E-1
9.385118042E0,8.742270355E0,-6.928791504E0,5.969586182E-1
9.395128042E0,8.295299835E0,-6.834786987E0,6.218069458E-1
9.405139042E0,7.983198853E0,-6.665788422E0,5.194198608E-1
9.415149042E0,7.773035889E0,-6.437962189E0,3.439846802E-1
9.425160042E0,7.588020630E0,-6.205794983E0,1.546284485E-1
9.435170042E0,7.432793427E0,-5.919889526E0,-4.924758911E-2
9.445181042E0,7.250622253E0,-5.603597260E0,-2.676434326E-1
9.455191042E0,7.070696411E0,-5.325625305E0,-4.715194702E-1
9.465201042E0,6.925648041E0,-5.065166931E0,-6.445596313E-1
9.475212042E0,6.801855469E0,-4.832850037E0,-8.093669128E-1
9.485222042E0,6.673572235E0,-4.604125671E0,-9.333091736E-1
9.495233042E0,6.516848145E0,-4.339925079E0,-1.011147308E0
9.505243042E0,6.418203278E0,-4.154610443E0,-1.134341125E0
9.515254042E0,6.452332306E0,-4.178560638E0,-1.294058990E0
9.525264042E0,6.641239471E0,-4.348008270E0,-1.435963898E0
9.535274042E0,6.958729248E0,-4.602479095E0,-1.508712616E0
9.545285042E0,7.378606110E0,-4.909490662E0,-1.512903900E0
9.555295042E0,7.934999084E0,-5.315446472E0,-1.389410706E0
9.565306042E0,8.518934784E0,-5.745202789E0,-1.178199921E0
9.575316042E0,8.973689117E0,-6.034251709E0,-9.859996033E-1
9.585327042E0,9.381590881E0,-6.166726227E0,-8.563691711E-1
9.595337042E0,9.843230896E0,-6.259982300E0,-7.994874573E-1
9.605347042E0,1.024978546E1,-6.294560394E0,-8.006849670E-1
9.615358042E0,1.046997757E1,-6.198609924E0,-8.725355530E-1
9.625368042E0,1.044917084E1,-5.967789917E0,-9.491761780E-1
9.635379042E0,1.015443375E1,-5.623206482E0,-1.015039215E0
9.645389042E0,9.647288361E0,-5.230572968E0,-1.080303497E0
9.655400042E0,9.005572815E0,-4.853956146E0,-1.145418091E0
9.665410042E0,8.300239563E0,-4.495751038E0,-1.239272919E0
9.675420042E0,7.635771332E0,-4.231400757E0,-1.301992493E0
9.685431042E0,7.117848358E0,-4.022884369E0,-1.275796967E0
9.695441042E0,6.639443207E0,-3.783382416E0,-1.213825836E0
9.705452042E0,6.330186310E0,-3.643573151E0,-1.179247742E0
9.715462042E0,6.247408447E0,-3.608995056E0,-1.128952332E0
9.725473042E0,6.303990784E0,-3.632346497E0,-1.056203613E0
9.735483042E0,6.375392303E0,-3.666026459E0,-8.922944641E-1
9.745493042E0,6.450985107E0,-3.634891205E0,-6.502478027E-1
9.755504042E0,6.610852661E0,-3.535647583E0,-3.896397400E-1
9.765514042E0,6.824608154E0,-3.425177307E0,-1.562750244E-1
9.775525042E0,7.082222443E0,-3.319347382E0,3.876937866E-2
9.785535042E0,7.433990936E0,-3.225791931E0,1.393601990E-1
9.795546042E0,7.911947021E0,-3.188968506E0,6.002517700E-2
9.805556042E0,8.397986298E0,-3.185675354E0,-1.264869690E-1
9.815567042E0,8.764573975E0,-3.135679321E0,-4.035607910E-1
9.825577042E0,9.007668457E0,-3.085383911E0,-7.473957825E-1
9.835587042E0,9.148226166E0,-3.049608307E0,-1.088536377E0
9.845598042E0,9.166188812E0,-3.000360718E0,-1.367107086E0
9.855608042E0,9.188941498E0,-2.915038147E0,-1.535357208E0
9.865619042E0,9.289831696E0,-2.866688690E0,-1.575174408E0
9.875629042E0,9.503437500E0,-2.983595581E0,-1.514400787E0
9.885640042E0,9.824819183E0,-3.244203644E0,-1.334474945E0
9.895650042E0,1.016700760E1,-3.516936493E0,-1.090931396E0
9.905660042E0,1.050919601E1,-3.754642181E0,-8.602610779E-1
9.915671042E0,1.083072739E1,-4.021986237E0,-7.280859375E-1
9.925681042E0,1.108729385E1,-4.218078461E0,-6.652166748E-1
9.935692042E0,1.124267075E1,-4.279001770E0,-6.415658569E-1
9.945702042E0,1.127515320E1,-4.151616669E0,-5.947132874E-1
9.955713042E0,1.116812576E1,-3.791315918E0,-4.709207153E-1
9.965723042E0,1.089943451E1,-3.291954346E0,-2.826123047E-1
9.975733042E0,1.068792435E1,-2.853815460E0,-1.184037781E-1
9.985744042E0,1.081276474E1,-2.893183594E0,-2.963836670E-2
9.995754042E0,1.095422058E1,-3.269800415E0,1.390608215E-1
1.000576504E1,1.077624069E1,-3.228935394E0,3.969744873E-1
1.001577504E1,1.043045975E1,-2.875370636E0,5.297483826E-1
1.002578604E1,1.031385223E1,-2.847079468E0,4.242178345E-1
1.003579604E1,1.056473053E1,-3.484753418E0,8.607101440E-2
1.004580704E1,1.100676132E1,-4.614454193E0,-3.131488037E-1
1.005581704E1,1.136885834E1,-5.639522552E0,-4.785548401E-1
1.006582667E1,1.153905441E1,-6.143674164E0,-3.781137085E-1
1.007583767E1,1.167407364E1,-6.310876465E0,-2.046244812E-1
1.008584767E1,1.176268936E1,-6.173312531E0,-2.020797729E-2
1.009585867E1,1.185235291E1,-5.873785400E0,9.684860229E-2
1.010586867E1,1.185085602E1,-5.506748657E0,9.071136475E-2
1.011587967E1,1.174697205E1,-5.021308136E0,6.316864014E-2
1.012588967E1,1.164039368E1,-4.539759521E0,2.230361938E-2
1.013589967E1,1.156450150E1,-4.135599976E0,4.939727783E-3
1.014591067E1,1.142633881E1,-3.745062103E0,-6.436614990E-3
1.015592067E1,1.115854568E1,-3.373385010E0,-3.742218018E-2
1.016593167E1,1.087503525E1,-3.111729126E0,-9.385482788E-2
1.017594167E1,1.072145462E1,-3.084635468E0,-1.850152588E-1
1.018595267E1,1.073447754E1,-3.345243530E0,-3.242257690E-1
1.019596267E1,1.080752563E1,-3.859723663E0,-4.568499756E-1
1.020597367E1,1.082878143E1,-4.520599365E0,-5.424719238E-1
1.021598367E1,1.072549622E1,-5.303022308E0,-5.764512634E-1
1.022599367E1,1.040665924E1,-5.972879333E0,-4.998106384E-1
1.023600467E1,9.880952454E0,-6.415508881E0,-3.629951477E-1
1.024601467E1,9.277407532E0,-6.693780212E0,-2.549198914E-1
1.025602567E1,8.684789886E0,-6.731950836E0,-2.203417969E-1
1.026603567E1,8.183182983E0,-6.588249664E0,-2.341131592E-1
1.027604667E1,7.798033905E0,-6.299051056E0,-2.826123047E-1
1.028605667E1,7.579338684E0,-5.955066376E0,-3.751199341E-1
1.029606767E1,7.444618835E0,-5.596711578E0,-4.670288086E-1
1.030607767E1,7.324418793E0,-5.307812347E0,-5.495072937E-1
1.031608767E1,7.235204315E0,-5.097649384E0,-5.981561279E-1
1.032609867E1,7.161557465E0,-4.900958405E0,-5.960604858E-1
1.033610867E1,7.095844116E0,-4.695735168E0,-5.806425476E-1
1.034611967E1,7.065756683E0,-4.477189636E0,-5.658233643E-1
1.035612967E1,7.034621429E0,-4.287534027E0,-5.703140259E-1
1.036614067E1,7.042554932E0,-4.126618652E0,-6.060896301E-1
1.037615067E1,7.118896179E0,-4.020040283E0,-6.432124329E-1
1.038616067E1,7.250622253E0,-3.976331177E0,-6.655160522E-1
1.039617167E1,7.355404358E0,-3.973936157E0,-6.209088135E-1
1.040618167E1,7.394772491E0,-3.986809387E0,-5.438191223E-1
1.041619267E1,7.385791168E0,-4.051624603E0,-4.192781067E-1
1.042620267E1,7.354206848E0,-4.161645813E0,-2.871029663E-1
1.043621367E1,7.322772217E0,-4.322710876E0,-1.206491089E-1
1.044622367E1,7.253316650E0,-4.442162476E0,7.140151978E-2
1.045623467E1,7.173532562E0,-4.476291504E0,2.423460388E-1
1.046624467E1,7.139403534E0,-4.450994110E0,4.050576782E-1
1.047625467E1,7.144492950E0,-4.447551270E0,4.999603271E-1
1.048626567E1,7.223977661E0,-4.515360260E0,5.224136353E-1
1.049627567E1,7.381300507E0,-4.625082092E0,4.941224670E-1
1.050628667E1,7.543563080E0,-4.824467468E0,4.272116089E-1
1.051629667E1,7.703430634E0,-5.044210510E0,3.417393494E-1
1.052630767E1,7.891888733E0,-5.209317169E0,2.514770508E-1
1.053631767E1,8.111631775E0,-5.315446472E0,1.878593445E-1
1.054632767E1,8.324938202E0,-5.420677643E0,1.191522217E-1
1.055633867E1,8.453221436E0,-5.492228851E0,2.200424194E-2
1.056634867E1,8.513396301E0,-5.494174805E0,-3.442840576E-2
1.057635967E1,8.494385834E0,-5.443729706E0,-8.382568359E-3
1.058636967E1,8.443042603E0,-5.259762268E0,6.601272583E-2
1.059638067E1,8.386310577E0,-5.074747009E0,1.465452576E-1
1.060639067E1,8.395291901E0,-5.062622223E0,1.663041687E-1
1.061640167E1,8.608298950E0,-5.343587952E0,9.190887451E-2
1.062641167E1,8.954079895E0,-6.021677856E0,-7.753875732E-2
1.063642167E1,9.015003204E0,-6.549480286E0,-1.618135071E-1
1.064643267E1,8.789871368E0,-6.530769196E0,-7.738906860E-2
1.065644267E1,8.554860077E0,-6.304888916E0,6.227050781E-2
1.066645367E1,8.490942993E0,-6.222709808E0,1.432521057E-1
1.067646367E1,8.584348755E0,-6.318660278E0,9.819580078E-2
1.068647467E1,8.692124634E0,-6.462660828E0,-2.409988403E-2
1.069648467E1,8.768765259E0,-6.639443207E0,-1.064286804E-1
1.070649567E1,8.812923431E0,-6.776707764E0,-9.400451660E-2
1.071650567E1,8.808582458E0,-6.762038269E0,-2.080673218E-2
1.072651567E1,8.759185181E0,-6.554420013E0,9.385482788E-2
1.073652667E1,8.649463348E0,-6.168821869E0,1.923500061E-1
1.074653667E1,8.527616730E0,-5.707181854E0,2.384541321E-1
1.075654767E1,8.479716339E0,-5.274132385E0,2.492317200E-1
1.076655767E1,8.401578827E0,-4.880900116E0,1.691482544E-1
1.077656867E1,8.321195984E0,-4.571044464E0,2.948867798E-2
1.078657867E1,8.246201935E0,-4.332740021E0,-1.327738953E-1
1.079658967E1,8.069718933E0,-4.083059235E0,-3.025209045E-1
1.080659967E1,7.831564178E0,-3.800297241E0,-5.102888489E-1
1.081660967E1,7.668253784E0,-3.504362640E0,-7.512876892E-1
1.082662067E1,7.615114288E0,-3.324736176E0,-1.046773224E0
1.083663067E1,7.711813202E0,-3.313659210E0,-1.409468994E0
1.084664167E1,7.935597839E0,-3.450774078E0,-1.752256165E0
1.085665167E1,8.203241272E0,-3.609593811E0,-2.052531738E0
1.086666267E1,8.483009491E0,-3.837869110E0,-2.287543030E0
1.087667267E1,8.797655182E0,-4.179458771E0,-2.461930389E0
1.088668367E1,9.130562897E0,-4.643643494E0,-2.541265411E0
1.089669367E1,9.429042206E0,-5.106930084E0,-2.526296539E0
1.090670367E1,9.693542175E0,-5.437742157E0,-2.405048676E0
1.091671467E1,9.962981873E0,-5.612728271E0,-2.169887695E0
1.092672467E1,1.017389328E1,-5.623954926E0,-1.910327454E0
1.093673567E1,1.022613464E1,-5.434449005E0,-1.718426514E0
1.094674567E1,1.015608032E1,-5.037773895E0,-1.582060089E0
1.095675667E1,9.995464325E0,-4.584516449E0,-1.454974365E0
1.096676667E1,9.773775330E0,-4.137845306E0,-1.285826111E0
1.097677767E1,9.503736877E0,-3.720213776E0,-1.087787933E0
1.098678767E1,9.157057800E0,-3.429667969E0,-8.590635681E-1
1.099679767E1,8.764424286E0,-3.221900024E0,-6.107299805E-1
1.100680867E1,8.336314545E0,-3.145259399E0,-4.180805969E-1
1.101681867E1,7.979007568E0,-3.177292786E0,-3.324586487E-1
1.102682967E1,7.700586548E0,-3.239563293E0,-2.670446777E-1
1.103683967E1,7.457791443E0,-3.281925201E0,-2.444416809E-1
1.104685067E1,7.297774200E0,-3.318000183E0,-2.435435486E-1
1.105686067E1,7.206164703E0,-3.375480652E0,-2.130070496E-1
1.106687179E1,7.171885986E0,-3.462749176E0,-2.227368164E-1
1.107688179E1,7.169341278E0,-3.559897156E0,-2.456391907E-1
1.108689179E1,7.245383148E0,-3.634442139E0,-2.848576355E-1
1.109690279E1,7.382947083E0,-3.725602570E0,-3.582051086E-1
1.110691279E1,7.540419617E0,-3.791615295E0,-4.662803650E-1
1.111692379E1,7.756420441E0,-3.856729889E0,-5.851332092E-1
1.112693379E1,8.007298737E0,-3.957171021E0,-7.259902954E-1
1.113694479E1,8.285719757E0,-4.100423126E0,-8.408015442E-1
1.114695479E1,8.593180389E0,-4.248315582E0,-9.321116638E-1
1.115696579E1,8.919501801E0,-4.367767181E0,-9.985734558E-1
1.116697579E1,9.294322357E0,-4.473597107E0,-1.049916687E0
1.117698579E1,9.638905792E0,-4.548142090E0,-1.085093536E0
1.118699679E1,9.960137787E0,-4.556524658E0,-1.154698792E0
1.119700679E1,1.029094986E1,-4.536915436E0,-1.253343658E0
1.120701779E1,1.060589493E1,-4.488865356E0,-1.379980316E0
1.121702779E1,1.089614136E1,-4.437671814E0,-1.524579620E0
1.122703879E1,1.110825027E1,-4.370760956E0,-1.640738068E0
1.123704879E1,1.121153549E1,-4.266427917E0,-1.761985931E0
1.124705979E1,1.119252502E1,-4.122726746E0,-1.833088074E0
1.125706979E1,1.104448288E1,-3.945345612E0,-1.865720215E0
1.126708079E1,1.073417816E1,-3.730991364E0,-1.861828308E0
1.127709079E1,1.032582733E1,-3.567082214E0,-1.759141846E0
1.128710079E1,9.875863037E0,-3.445085907E0,-1.597927094E0
1.129711179E1,9.433682556E0,-3.376079407E0,-1.417103119E0
1.130712179E1,9.026229858E0,-3.340752869E0,-1.209185486E0
1.131713279E1,8.641978912E0,-3.264261932E0,-1.014739838E0
1.132714279E1,8.281378784E0,-3.154540100E0,-8.255332947E-1
1.133715379E1,7.957751770E0,-3.063679047E0,-7.021897888E-1
1.134716379E1,7.753875732E0,-2.969524841E0,-6.533912659E-1
1.135717479E1,7.730973358E0,-2.847079468E0,-6.509962463E-1
1.136718479E1,7.822882233E0,-2.765948181E0,-6.809339905E-1
1.137719479E1,8.039032745E0,-2.850971375E0,-7.857160950E-1
1.138720579E1,8.491392059E0,-3.443289642E0,-9.903405762E-1
1.139721579E1,8.978628845E0,-4.491709442E0,-1.124012604E0
1.140722679E1,9.438472595E0,-5.538782043E0,-1.093476105E0
1.141723679E1,9.969119110E0,-6.455775146E0,-9.792636108E-1
1.142724779E1,1.064017365E1,-7.450606384E0,-8.702902222E-1
1.143725779E1,1.130030090E1,-8.446934509E0,-7.430548096E-1
1.144726879E1,1.173948761E1,-8.919202423E0,-5.396278381E-1
1.145727879E1,1.194575867E1,-8.602012024E0,-2.609074402E-1
1.146728979E1,1.195683563E1,-7.631130981E0,-8.577163696E-2
1.147729979E1,1.177616135E1,-6.256838837E0,-5.688171387E-2
1.148730979E1,1.159204422E1,-4.883594513E0,-7.679031372E-2
1.149732079E1,1.154369476E1,-3.686084747E0,-9.595046997E-2
1.150733079E1,1.159698395E1,-2.705473938E0,6.361770630E-2
1.151734179E1,1.168320465E1,-2.151625671E0,2.953358459E-1
1.152735179E1,1.172586594E1,-2.205663300E0,5.758525085E-1
1.153736279E1,1.156405243E1,-2.752326508E0,7.586224365E-1
1.154737279E1,1.108220444E1,-3.555107117E0,6.601272583E-1
1.155738379E1,1.044078827E1,-4.374652863E0,3.516188049E-1
1.156739379E1,9.940528564E0,-5.182971954E0,-5.807922363E-2
1.157740379E1,9.453441467E0,-5.943989410E0,-5.297483826E-1
1.158741479E1,9.087003479E0,-6.606212311E0,-1.034349060E0
1.159742479E1,8.804391174E0,-7.055278473E0,-1.489103394E0
1.160743579E1,8.612340546E0,-7.278314667E0,-1.843566284E0
1.161744579E1,8.517138519E0,-7.254813538E0,-2.058519287E0
1.162745679E1,8.533454590E0,-7.017407227E0,-2.094444580E0
1.163746679E1,8.658594360E0,-6.651567993E0,-2.050136719E0
1.164747779E1,8.801247711E0,-6.291267242E0,-1.947749634E0
1.165748779E1,8.857231293E0,-5.954766998E0,-1.793121185E0
1.166749879E1,8.683592377E0,-5.669160919E0,-1.570084991E0
1.167750879E1,8.363557892E0,-5.449717255E0,-1.343306580E0
1.168751879E1,7.962691498E0,-5.249882812E0,-1.120120697E0
1.169752979E1,7.585625610E0,-5.101840668E0,-9.267228699E-1
1.170753979E1,7.301815796E0,-5.008883972E0,-7.520361328E-1
1.171755079E1,7.089257813E0,-4.925357666E0,-6.218069458E-1
1.172756079E1,6.896758118E0,-4.802014160E0,-5.291496277E-1
1.173757179E1,6.692133636E0,-4.686604156E0,-5.029541016E-1
1.174758179E1,6.514004059E0,-4.625381470E0,-4.625381470E-1
1.175759279E1,6.339317322E0,-4.579277344E0,-3.784130859E-1
1.176760279E1,6.169720001E0,-4.546944580E0,-2.555186462E-1
1.177761379E1,6.067482605E0,-4.544699249E0,-1.365161133E-1
1.178762379E1,6.021228790E0,-4.598587189E0,3.353027344E-2
1.179763379E1,5.958209839E0,-4.679868164E0,1.913021851E-1
1.180764479E1,5.927523651E0,-4.777315521E0,3.526666260E-1
1.181765479E1,5.923931122E0,-4.941524048E0,4.881349182E-1
1.182766579E1,5.907315674E0,-5.145998840E0,5.572911072E-1
1.183767579E1,5.879473572E0,-5.329217834E0,5.872288513E-1
1.184768679E1,5.851032715E0,-5.453160095E0,5.751040649E-1
1.185769679E1,5.901777191E0,-5.507796478E0,5.266049194E-1
1.186770779E1,6.126310272E0,-5.579197998E0,4.775070190E-1
1.187771779E1,6.535409546E0,-5.732628937E0,3.564088440E-1
1.188772779E1,7.011719055E0,-5.909411316E0,1.956431580E-1
1.189773879E1,7.491471405E0,-6.115682373E0,5.852828979E-2
1.190774879E1,7.943231964E0,-6.305487671E0,-6.331832886E-2
1.191775979E1,8.319998474E0,-6.456224213E0,-9.789642334E-2
1.192776979E1,8.644373932E0,-6.558311920E0,-9.924362183E-2
1.193778079E1,8.870553589E0,-6.599176941E0,-7.200027466E-2
1.194779079E1,8.966653748E0,-6.442003784E0,2.859054565E-2
1.195780179E1,8.995693359E0,-6.110742645E0,1.419049072E-1
1.196781179E1,9.264534302E0,-6.099366302E0,1.595681763E-1
1.197782279E1,9.500743103E0,-6.452182617E0,1.757345581E-1
1.198783279E1,9.227261810E0,-6.246510315E0,3.947291565E-1
1.199784279E1,8.645870819E0,-5.565726013E0,6.759942627E-1
1.200785379E1,8.255931702E0,-5.276976471E0,8.717871094E-1
1.201786379E1,8.156538391E0,-5.619015198E0,9.991722107E-1
1.202787479E1,8.013585663E0,-6.011199646E0,1.076561279E0
1.203788479E1,7.827522583E0,-6.251300354E0,9.892927551E-1
1.204789579E1,7.862250366E0,-6.626270599E0,8.238867188E-1
1.205790579E1,8.175698547E0,-7.224726105E0,6.340814209E-1
1.206791704E1,8.501570892E0,-7.687713318E0,4.745132446E-1
1.207792704E1,8.677904205E0,-7.816894684E0,3.673361206E-1
1.208793804E1,8.738977203E0,-7.646698608E0,3.576063538E-1
1.209794804E1,8.679550781E0,-7.293882294E0,4.327500916E-1
1.210795804E1,8.589587860E0,-6.839726715E0,5.032534790E-1
1.211796904E1,8.545729065E0,-6.328988800E0,5.358856201E-1
1.212797904E1,8.469836884E0,-5.774242401E0,5.414241028E-1
1.213799004E1,8.393944702E0,-5.281317444E0,4.599934387E-1
1.214800004E1,8.297994232E0,-4.889731750E0,3.484753418E-1
1.215801104E1,8.130941620E0,-4.580923920E0,2.101629639E-1
1.216802104E1,7.937992859E0,-4.318369904E0,-1.496887207E-3
1.217803204E1,7.829618225E0,-4.147126007E0,-2.820135498E-1
1.218804204E1,7.789651337E0,-4.029620361E0,-5.905220032E-1
1.219805304E1,7.786657562E0,-3.887266388E0,-9.241781616E-1
1.220806304E1,7.785909119E0,-3.720064087E0,-1.246158600E0
1.221807404E1,7.818990326E0,-3.573369141E0,-1.546284485E0
1.222808404E1,7.934550018E0,-3.461701355E0,-1.830393677E0
1.223809404E1,8.188721466E0,-3.481310577E0,-2.063009949E0
1.224810504E1,8.526269531E0,-3.636986847E0,-2.215842133E0
1.225811504E1,8.923094330E0,-3.845353546E0,-2.261646881E0
1.226812604E1,9.341174927E0,-4.096381531E0,-2.203567657E0
1.227813604E1,9.785750427E0,-4.485123138E0,-2.081421661E0
1.228814704E1,1.030202682E1,-5.056634674E0,-1.950444031E0
1.229815704E1,1.080123871E1,-5.660478973E0,-1.819765778E0
1.230816804E1,1.116438354E1,-6.223458252E0,-1.775906982E0
1.231817804E1,1.135029694E1,-6.565646667E0,-1.740879822E0
1.232818904E1,1.128024261E1,-6.514004059E0,-1.641636200E0
1.233819904E1,1.106199646E1,-6.259533234E0,-1.484013977E0
1.234821004E1,1.076935501E1,-5.930068359E0,-1.292262726E0
1.235822004E1,1.039498352E1,-5.556595001E0,-1.067130890E0
1.236823004E1,9.933942261E0,-5.135670319E0,-8.292755127E-1
1.237824104E1,9.442963257E0,-4.822072449E0,-6.227050781E-1
1.238825104E1,8.931626587E0,-4.666845245E0,-5.340893555E-1
1.239826204E1,8.448132019E0,-4.563859406E0,-5.402265930E-1
1.240827204E1,7.948620758E0,-4.515809326E0,-5.960604858E-1
1.241828304E1,7.588619385E0,-4.558620300E0,-6.795867920E-1
1.242829304E1,7.261549530E0,-4.579127655E0,-7.458988953E-1
1.243830404E1,6.935826874E0,-4.578379211E0,-8.171507263E-1
1.244831404E1,6.677314453E0,-4.592449951E0,-8.786727905E-1
1.245832504E1,6.500083008E0,-4.612208862E0,-9.270222473E-1
1.246833504E1,6.399192810E0,-4.619543610E0,-9.443861389E-1
1.247834504E1,6.374194794E0,-4.625381470E0,-9.633966064E-1
1.248835604E1,6.413113861E0,-4.639601898E0,-9.678872681E-1
1.249836604E1,6.550677795E0,-4.660408630E0,-9.360035706E-1
1.250837704E1,6.772965546E0,-4.725373535E0,-9.116043091E-1
1.251838704E1,7.119794312E0,-4.835095367E0,-9.081614685E-1
1.252839804E1,7.444618835E0,-4.918471985E0,-8.551716614E-1
1.253840804E1,7.641758881E0,-4.929249573E0,-7.967930603E-1
1.254841904E1,7.768844604E0,-4.932692413E0,-7.773335266E-1
1.255842904E1,7.958350525E0,-4.953948212E0,-7.894583130E-1
1.256844004E1,8.145012360E0,-4.961282959E0,-7.502398682E-1
1.257845004E1,8.280480652E0,-4.958738251E0,-6.676116943E-1
1.258846004E1,8.406368866E0,-4.949307861E0,-5.448669434E-1
1.259847104E1,8.528065796E0,-4.997507629E0,-4.161346436E-1
1.260848104E1,8.598269806E0,-5.066065063E0,-2.677931213E-1
1.261849204E1,8.624914398E0,-5.132526855E0,-1.122665405E-1
1.262850204E1,8.686735840E0,-5.159620514E0,6.182144165E-2
1.263851304E1,8.828491058E0,-5.228477325E0,2.122586060E-1
1.264852304E1,9.205856323E0,-5.584736481E0,2.127076721E-1
1.265853404E1,9.762698364E0,-6.324498138E0,7.334747314E-2
1.266854404E1,1.005893234E1,-6.876550140E0,2.125579834E-2
1.267855504E1,1.002495300E1,-6.803052979E0,1.166075134E-1
1.268856504E1,9.934690704E0,-6.330785065E0,1.619631958E-1
1.269857604E1,9.885293427E0,-5.776936798E0,1.130149841E-1
1.270858604E1,9.823022919E0,-5.296585693E0,-4.460723877E-2
1.271859604E1,9.677974548E0,-4.900958405E0,-1.959425354E-1
1.272860704E1,9.460027771E0,-4.558620300E0,-2.043251038E-1
1.273861704E1,9.201365662E0,-4.361629944E0,-9.415420532E-2
1.274862804E1,8.973090363E0,-4.371060333E0,4.101470947E-2
1.275863804E1,8.734935608E0,-4.509971466E0,1.311273193E-1
1.276864904E1,8.454119568E0,-4.651127930E0,1.374142456E-1
1.277865904E1,8.162226562E0,-4.738546143E0,4.984634399E-2
1.278867004E1,7.971523132E0,-4.819976807E0,-1.176553345E-1
1.279868004E1,7.976911926E0,-4.954546967E0,-3.098556519E-1
1.280869104E1,8.133486328E0,-5.186714172E0,-5.017565918E-1
1.281870104E1,8.393795013E0,-5.503156128E0,-6.551875305E-1
1.282871204E1,8.778944092E0,-5.862558746E0,-7.291337585E-1
1.283872204E1,9.193132782E0,-6.243815918E0,-7.469467163E-1
1.284873204E1,9.490564270E0,-6.563251648E0,-7.758366394E-1
1.285874304E1,9.578132172E0,-6.767726440E0,-8.735833740E-1
1.286875304E1,9.539512482E0,-6.835535431E0,-9.252259827E-1
1.287876404E1,9.377998352E0,-6.778354340E0,-8.690927124E-1
1.288877404E1,9.108408966E0,-6.572083282E0,-6.926097107E-1
1.289878504E1,8.802894287E0,-6.256838837E0,-4.233197021E-1
1.290879504E1,8.494236145E0,-5.865103455E0,-1.434017944E-1
1.291880604E1,8.186476135E0,-5.463189240E0,1.437011719E-1
1.292881604E1,7.889643402E0,-5.112468567E0,4.098477173E-1
1.293882704E1,7.610923004E0,-4.862189026E0,5.701643372E-1
1.294883704E1,7.297025757E0,-4.732259216E0,5.831872559E-1
1.295884804E1,6.950795746E0,-4.647086334E0,4.846920776E-1
1.296885804E1,6.618935852E0,-4.578229523E0,3.215313721E-1
1.297886804E1,6.356681213E0,-4.487518158E0,1.981878662E-1
1.298887904E1,6.201753387E0,-4.447700958E0,1.010398865E-1
1.299888904E1,6.206842804E0,-4.464915161E0,2.350112915E-2
1.300890004E1,6.395899658E0,-4.603826294E0,-4.206253052E-2
1.301891004E1,6.672225037E0,-4.798122253E0,-1.199006653E-1
1.302892104E1,6.917265472E0,-4.902904358E0,-2.850073242E-1
1.303893104E1,7.119345245E0,-5.013674011E0,-5.200186157E-1
1.304894204E1,7.343429260E0,-5.220244446E0,-7.333250427E-1
1.305895204E1,7.533234558E0,-5.459297333E0,-8.310717773E-1
1.306896317E1,7.672744446E0,-5.673202515E0,-8.360115051E-1
1.307897317E1,7.837851105E0,-5.874683533E0,-8.223898315E-1
1.308898417E1,8.016280060E0,-6.084098053E0,-7.949967957E-1
1.309899417E1,8.182584229E0,-6.274202728E0,-7.849676514E-1
1.310900517E1,8.315657501E0,-6.409970398E0,-8.077203369E-1
1.311901517E1,8.445287933E0,-6.484515381E0,-8.075706482E-1
1.312902517E1,8.559500427E0,-6.528673553E0,-7.662565613E-1
1.313903617E1,8.596473541E0,-6.544091492E0,-7.048841858E-1
1.314904617E1,8.587941284E0,-6.525081024E0,-6.469546509E-1
1.315905717E1,8.537795563E0,-6.538852386E0,-5.607339478E-1
1.316906717E1,8.468489685E0,-6.554420013E0,-3.770658875E-1
1.317907817E1,8.459358673E0,-6.604865112E0,-1.742376709E-1
1.318908817E1,8.458610229E0,-6.611301727E0,1.604663086E-1
1.319909917E1,8.461005249E0,-6.633755035E0,4.978646851E-1
1.320910917E1,8.405620422E0,-6.693630524E0,7.927514648E-1
1.321912017E1,8.322543182E0,-6.746620331E0,1.063987427E0
1.322913017E1,8.202492828E0,-6.718179474E0,1.358874207E0
1.323914117E1,8.134683838E0,-6.759194183E0,1.659898224E0
1.324915117E1,8.074958038E0,-6.774312744E0,1.943408661E0
1.325916117E1,8.085286560E0,-6.733747101E0,2.220781860E0
1.326917217E1,8.256680145E0,-6.705755310E0,2.396666107E0
1.327918217E1,8.612639923E0,-6.547085266E0,2.567910004E0
1.328919317E1,8.805588684E0,-6.255341949E0,2.746189270E0
1.329920317E1,8.712781677E0,-5.988147583E0,2.856360168E0
1.330921417E1,8.462053070E0,-5.816005554E0,2.817141724E0
1.331922417E1,8.212971039E0,-5.791157227E0,2.656825104E0
1.332923517E1,8.012837219E0,-5.791456604E0,2.443219299E0
1.333924517E1,7.904163208E0,-5.749394073E0,2.194885712E0
1.334925617E1,7.832312622E0,-5.635780334E0,1.969304810E0
1.335926617E1,7.825576630E0,-5.408253479E0,1.713337097E0
1.336927717E1,7.975714417E0,-5.057233429E0,1.459315338E0
1.337928717E1,8.167465668E0,-4.697531433E0,1.258133698E0
1.338929717E1,8.527167664E0,-4.356690216E0,1.075064392E0
1.339930817E1,8.913663940E0,-4.020339661E0,9.235794067E-1
1.340931817E1,9.102271729E0,-3.701053619E0,6.951544189E-1
1.341932917E1,9.147627411E0,-3.484603729E0,5.468128967E-1
1.342933917E1,9.184450836E0,-3.523223419E0,6.506968689E-1
1.343935017E1,9.116342468E0,-3.234773254E0,7.361691284E-1
1.344936017E1,8.719517670E0,-2.572550354E0,5.896238708E-1
1.345937117E1,8.628057861E0,-2.266137543E0,4.784051514E-1
1.346938117E1,8.929530945E0,-2.159409485E0,4.655319214E-1
1.347939217E1,9.265881500E0,-1.852996674E0,3.993695068E-1
1.348940217E1,9.568701782E0,-1.650168457E0,2.655477905E-1
1.349941317E1,1.009395950E1,-1.800156555E0,-7.484436035E-3
1.350942317E1,1.086605392E1,-2.314487000E0,-3.598516846E-1
1.351943417E1,1.168275558E1,-3.119962006E0,-6.979985046E-1
1.352944417E1,1.246517853E1,-3.961511993E0,-9.750723267E-1
1.353945517E1,1.294343399E1,-4.552183685E0,-1.118623810E0
1.354946517E1,1.300660263E1,-4.606820068E0,-9.506730652E-1
1.355947517E1,1.300420761E1,-4.233346710E0,-5.620811462E-1
1.356948617E1,1.316242859E1,-3.744313660E0,-8.202941895E-2
1.357949617E1,1.338202194E1,-3.341950378E0,3.061134338E-1
1.358950717E1,1.368708755E1,-3.094514923E0,5.161267090E-1
1.359951717E1,1.392673920E1,-2.927162933E0,6.753955078E-1
1.360952817E1,1.382614838E1,-2.944377136E0,7.722441101E-1
1.361953817E1,1.320987991E1,-3.086880798E0,7.809260559E-1
1.362954917E1,1.221100708E1,-3.239413605E0,7.334747314E-1
1.363955917E1,1.102966370E1,-3.306474152E0,7.550299072E-1
1.364957017E1,9.901759186E0,-3.045267334E0,8.178991699E-1
1.365958017E1,8.972042542E0,-2.667003937E0,8.759783936E-1
1.366959117E1,8.354726257E0,-2.232607269E0,8.689430237E-1
1.367960117E1,8.133785706E0,-1.644480286E0,8.879534912E-1
1.368961217E1,8.095016327E0,-8.834628296E-1,9.386979675E-1
1.369962217E1,8.257877655E0,1.526824951E-2,9.583071899E-1
1.370963217E1,8.582402802E0,6.864724731E-1,7.421566772E-1
1.371964317E1,8.862021332E0,1.237776031E0,3.948788452E-1
1.372965317E1,9.011859741E0,1.889520721E0,-1.276844788E-1
1.373966417E1,8.972192230E0,2.559677124E0,-7.988887024E-1
1.374967417E1,8.786727905E0,2.951562195E0,-1.563648376E0
1.375968517E1,8.638835449E0,3.172353058E0,-2.272424469E0
1.376969517E1,8.594527588E0,3.462749176E0,-2.997666321E0
1.377970617E1,9.125922546E0,3.766168213E0,-3.833528137E0
1.378971617E1,1.013213013E1,3.863316193E0,-4.668192444E0
1.379972717E1,1.090153015E1,3.902085571E0,-5.694608002E0
1.380973717E1,1.127380600E1,4.008364563E0,-6.623725891E0
1.381974817E1,1.121961868E1,4.084556122E0,-7.113507385E0
1.382975817E1,1.048374893E1,3.913761292E0,-6.993906097E0
1.383976917E1,9.292376404E0,3.539539490E0,-6.084696808E0
1.384977917E1,8.578959961E0,3.291505280E0,-4.894222412E0
1.385978917E1,8.403674469E0,3.474873962E0,-3.529061279E0
1.386980017E1,8.565188599E0,4.273612976E0,-2.001338196E0
1.387981017E1,9.113947449E0,5.426814880E0,-4.466711426E-1
1.388982117E1,9.930948486E0,6.478527832E0,9.427395630E-1
1.389983117E1,1.073732162E1,7.207511902E0,2.268083496E0
1.390984217E1,1.122934845E1,7.518864441E0,3.364253998E0
1.391985217E1,1.140598114E1,7.355254669E0,3.910767517E0
1.392986317E1,1.137664215E1,6.932982788E0,3.836521912E0
1.393987317E1,1.109193420E1,6.531068573E0,3.657344513E0
1.394988417E1,1.074271042E1,6.010900269E0,3.465293884E0
1.395989417E1,1.018706589E1,5.468428345E0,3.329526215E0
1.396990517E1,9.463470612E0,5.123695221E0,3.184328156E0
1.397991517E1,8.861871643E0,4.988077240E0,2.987936554E0
1.398992617E1,8.569828949E0,4.962330780E0,2.699336700E0
1.399993617E1,8.497080231E0,4.932243347E0,2.223925323E0
1.400994717E1,8.703800354E0,5.028493195E0,1.688788147E0
1.401995717E1,8.906628571E0,5.267396393E0,1.180145874E0
1.402996817E1,9.105415192E0,5.321883087E0,6.384223938E-1
1.403997817E1,9.064999237E0,5.075944519E0,1.847158813E-1
1.404998817E1,8.916058960E0,4.600533142E0,1.529818726E-1
1.405999917E1,9.385782166E0,4.380790100E0,8.075706482E-1
1.407000917E1,1.071157516E1,4.463418274E0,1.900148621E0
1.408002017E1,1.252460495E1,5.137167206E0,2.892884216E0
1.409003017E1,1.471889191E1,5.580395508E0,3.492986298E0
1.410004117E1,1.739742188E1,5.420677643E0,3.570674744E0
1.411005117E1,1.972178833E1,5.364394684E0,3.179089050E0
1.412006217E1,2.125549896E1,5.247936859E0,2.741099854E0
1.413007217E1,2.159768738E1,4.342320099E0,2.331102448E0
1.414008317E1,2.062201630E1,2.481090546E0,1.988764343E0
1.415009317E1,1.873234589E1,2.345622253E-1,1.858984222E0
1.416010417E1,1.639106461E1,-1.874402161E0,2.054926758E0
1.417011417E1,1.403212006E1,-3.577560425E0,2.295476532E0
1.418012517E1,1.212448700E1,-4.727768555E0,2.311044159E0
1.419013517E1,1.070439011E1,-5.320835266E0,1.732646942E0
1.420014617E1,9.398505707E0,-5.467230835E0,4.956193542E-1
1.421015617E1,8.403973846E0,-5.259313202E0,-1.140927429E0
1.422016617E1,7.859705658E0,-4.873565369E0,-2.860850830E0
1.423017717E1,7.885601807E0,-4.434378662E0,-4.139491882E0
1.424018717E1,8.501271515E0,-3.560196533E0,-4.460125122E0
1.425019817E1,8.857081604E0,-2.380499725E0,-4.412524109E0
1.426020817E1,8.977431335E0,-1.327140198E0,-4.091591492E0
1.427021917E1,9.042845306E0,-3.323089600E-1,-3.361260223E0
1.428022917E1,9.044342194E0,6.198609924E-1,-2.133363647E0
1.429024017E1,9.022337952E0,1.459764404E0,-7.223977661E-1
1.430025017E1,8.947942657E0,1.983974304E0,3.885919189E-1
1.431026117E1,9.371561737E0,2.144440613E0,9.559121704E-1
1.432027117E1,9.347012787E0,2.357447662E0,7.481442261E-1
1.433028217E1,8.091124420E0,3.087479553E0,-5.822891235E-2
1.434029217E1,5.551655273E0,3.937561798E0,-1.116079102E0
1.435030317E1,2.696791992E0,4.236490173E0,-2.600093079E0
1.436031317E1,2.445913696E-1,3.817960510E0,-4.501289520E0
1.437032417E1,-1.173858948E0,2.990481262E0,-6.367309113E0
1.438033417E1,-1.551972656E0,1.965263214E0,-7.726931763E0
1.439034517E1,-1.752106476E0,1.089733887E0,-8.466992798E0
1.440035517E1,-1.137334900E0,8.756790161E-1,-8.686436462E0
1.441036517E1,1.361119537E0,1.119372253E0,-8.561296692E0
1.442037617E1,4.538861389E0,1.667981415E0,-8.315208435E0
1.443038617E1,7.255861359E0,2.424807587E0,-7.657476196E0
1.444039717E1,9.857151947E0,3.066523132E0,-6.793023834E0
1.445040717E1,1.255095016E1,3.919150085E0,-5.881569214E0
1.446041817E1,1.530058228E1,4.975353699E0,-5.184468842E0
1.447042817E1,1.794064224E1,5.234015808E0,-4.866380310E0
1.448043917E1,2.034613998E1,4.633464661E0,-4.980443115E0
1.449044917E1,2.173914322E1,3.839665375E0,-5.456303558E0
1.450046017E1,2.229553619E1,3.126548309E0,-5.565276947E0
1.451047017E1,2.267439835E1,2.534230042E0,-4.850513306E0
1.452048117E1,2.286076080E1,1.797761536E0,-3.275638275E0
1.453049117E1,2.207369751E1,1.122815094E0,-9.032217407E-1
1.454050217E1,2.002835083E1,9.854008484E-1,2.018702087E0
1.455051217E1,1.754112305E1,1.329535217E0,4.647385712E0
1.456052317E1,1.546030014E1,1.882485352E0,6.410419464E0
1.457053317E1,1.423345139E1,2.681972809E0,7.164251862E0
1.458054417E1,1.324011703E1,3.648812256E0,7.031627655E0
1.459055417E1,1.172960815E1,4.608017578E0,6.203250275E0
1.460056517E1,9.496701508E0,5.439239044E0,5.133125610E0
1.461057517E1,6.684649200E0,6.074667664E0,3.893703003E0
1.462058517E1,3.824247437E0,6.451733551E0,2.554288330E0
1.463059617E1,1.405277710E0,6.633755035E0,1.373843079E0
1.464060617E1,-4.701722717E-1,6.711144104E0,3.124003601E-1
1.465061717E1,-2.018402710E0,6.755751343E0,-6.616241455E-1
1.466062717E1,-3.089126129E0,6.984326019E0,-1.360820160E0
1.467063817E1,-3.355871429E0,7.451654205E0,-1.614093475E0
1.468064817E1,-3.034340057E0,7.810308380E0,-1.555116119E0
1.469065917E1,-2.382894745E0,7.943980408E0,-1.226250000E0
1.470066917E1,-1.625020752E0,8.036787415E0,-6.048921204E-1
1.471068017E1,-1.113684082E0,8.200097809E0,-3.532653809E-2
1.472069017E1,-1.097368011E0,8.109985199E0,4.128414917E-1
1.473070117E1,-1.249002686E0,7.590565338E0,6.315367126E-1
1.474071117E1,-1.532662811E0,7.115752716E0,9.830058289E-1
1.475072217E1,-1.616039429E0,6.785240021E0,1.843117218E0
1.476073217E1,-9.123527527E-1,6.663842468E0,2.997816010E0
1.477074317E1,4.457730103E-1,6.775959320E0,4.204157410E0
1.478075317E1,2.267933807E0,7.095395050E0,5.374124451E0
1.479076417E1,4.692442017E0,7.613318024E0,6.431675262E0
1.480077417E1,7.836054840E0,8.084987183E0,7.213050385E0
1.481078417E1,1.046129562E1,8.358318787E0,7.552245026E0
1.482079517E1,1.213152237E1,8.144114227E0,7.304659882E0
1.483080517E1,1.215397568E1,7.538323975E0,6.845863953E0
1.484081617E1,1.236099518E1,7.696844330E0,6.678062897E0
1.485082617E1,1.675450882E1,6.522386627E0,6.436764679E0
1.486083717E1,2.165636536E1,5.266498260E0,5.341492310E0
1.487084717E1,2.576921265E1,5.773643646E0,4.260290680E0
1.488085817E1,2.880055893E1,5.709127808E0,3.891457672E0
1.489086817E1,2.976859589E1,4.049678650E0,3.536845093E0
1.490087917E1,2.852767639E1,2.330204315E0,2.970422974E0
1.491088917E1,2.556294159E1,1.170565796E0,2.533481598E0
1.492090017E1,2.142569504E1,2.095642090E-1,2.093845825E0
1.493091017E1,1.668894516E1,-6.457571411E-1,1.291364594E0
1.494092117E1,1.181478104E1,-8.114625549E-1,-2.978805542E-2
1.495093117E1,8.403375092E0,-3.721261597E-1,-1.178199921E0
1.496094217E1,6.989565125E0,-6.586303711E-3,-1.674717407E0
1.497095217E1,6.775659943E0,4.855902100E-1,-1.439107361E0
1.498096317E1,6.749913483E0,1.148112488E0,-7.402107239E-1
1.499097317E1,6.307283936E0,1.574276276E0,3.397933960E-2
1.500098417E1,5.563480682E0,1.475032654E0,4.688250732E-1
1.501099417E1,4.640949097E0,1.019080811E0,5.686674500E-1
1.502100417E1,3.715274048E0,5.367837524E-1,4.098477173E-1
1.503101517E1,2.842439117E0,1.730401611E-1,2.664459229E-2
1.504102517E1,1.898352356E0,7.065307617E-2,-4.281097412E-1
1.505103617E1,1.116378479E0,1.561253357E-1,-7.800279236E-1
1.506104617E1,5.649252319E-1,3.278182983E-1,-1.126707001E0
1.507105704E1,3.772155762E-2,4.656816101E-1,-1.631307678E0
1.508106704E1,-2.534230042E-1,3.909869385E-1,-2.236798553E0
1.509107804E1,-4.053570557E-1,3.396437073E-1,-2.798879700E0
1.510108804E1,-5.504054260E-1,6.343807983E-1,-3.197800140E0
1.511109904E1,-8.153544617E-1,1.078507233E0,-3.466042328E0
1.512110904E1,-7.885601807E-1,1.056053925E0,-3.672163696E0
1.513112004E1,-2.091151428E-1,8.029302979E-1,-3.488495636E0
1.514113004E1,6.801855469E-1,1.329385529E0,-2.733765106E0
1.515114104E1,2.640958099E0,2.351759491E0,-1.667382660E0
1.516115104E1,5.316344604E0,2.876717834E0,-7.569758606E-1
1.517116204E1,6.260581055E0,4.283342743E0,-6.559359741E-1
1.518117204E1,6.328839111E0,6.405479736E0,2.252815247E-1
1.519118304E1,7.887996826E0,8.985065460E0,2.864293671E0
1.520119304E1,1.380264725E1,1.097472794E1,6.777007141E0
1.521120404E1,2.161100967E1,1.016341507E1,1.188064407E1
1.522121404E1,2.741743515E1,8.234675903E0,1.687620575E1
1.523122504E1,3.124482605E1,8.052953796E0,2.051109695E1
1.524123504E1,3.385539734E1,9.120533752E0,2.139620636E1
1.525124604E1,3.589864838E1,7.567064209E0,1.910836395E1
1.526125604E1,3.533536972E1,4.913083191E0,1.472712479E1
1.527126604E1,3.061912720E1,3.965254211E0,9.638157349E0
1.528127704E1,2.409509399E1,3.884721680E0,5.238506470E0
1.529128704E1,1.818882614E1,3.414549408E0,1.363813934E0
1.530129804E1,1.348321152E1,2.854114838E0,-1.569486237E0
1.531130804E1,9.990973663E0,2.388433228E0,-2.986739044E0
1.532131904E1,7.422913971E0,2.179168396E0,-3.140469360E0
1.533132904E1,5.622308350E0,2.002685394E0,-2.543810120E0
1.534134004E1,4.158652039E0,1.500030670E0,-1.465003510E0
1.535135004E1,2.544259186E0,9.157955933E-1,2.136058044E-1
1.536136104E1,6.572831726E-1,7.711962891E-1,1.868264923E0
1.537137104E1,-9.511221313E-1,7.415579224E-1,3.061733093E0
1.538138204E1,-2.002685394E0,5.001100159E-1,3.430566101E0
1.539139204E1,-2.753973083E0,2.731819153E-1,3.032543793E0
1.540140304E1,-3.427722015E0,2.092648315E-1,2.333347778E0
1.541141304E1,-4.289030914E0,2.971321106E-1,1.615141296E0
1.542142404E1,-5.294639740E0,5.638774109E-1,1.058598633E0
1.543143404E1,-6.458768921E0,1.224304047E0,9.713301086E-1
1.544144504E1,-7.403454437E0,2.144889679E0,1.299597473E0
1.545145504E1,-7.477700043E0,2.961741028E0,1.829944611E0
1.546146604E1,-6.879992981E0,3.575015717E0,2.554737396E0
1.547147604E1,-6.378685455E0,4.085304565E0,3.442990265E0
1.548148704E1,-6.201004944E0,4.378844147E0,4.474944305E0
1.549149704E1,-6.302793274E0,4.906047821E0,5.348976746E0
1.550150704E1,-6.138884125E0,5.609584808E0,6.148464203E0
1.551151804E1,-4.792733459E0,5.934409332E0,6.616241455E0
1.552152804E1,-2.699187012E0,6.045777740E0,7.061116333E0
1.553153904E1,-1.182540894E-2,6.555318146E0,7.545808411E0
1.554154904E1,3.324436798E0,7.230114899E0,7.909552002E0
1.555156004E1,6.565796356E0,7.742200012E0,8.308322754E0
1.556157004E1,9.251511383E0,7.528145142E0,8.449928284E0
1.557158104E1,7.653434601E0,9.140442352E0,9.244775391E0
1.558159104E1,7.249873810E0,1.160297150E1,1.141511215E1
1.559160204E1,1.538695267E1,9.190438385E0,1.235036728E1
1.560161204E1,2.471600281E1,8.374934235E0,1.533531006E1
1.561162304E1,3.312207230E1,1.008872040E1,2.368539597E1
1.562163304E1,4.406746124E1,8.042176208E0,3.241135025E1
1.563164404E1,5.176505402E1,5.403014374E0,3.543805618E1
1.564165404E1,5.074791916E1,4.060156860E0,3.146666473E1
1.565166504E1,4.350732605E1,2.244582367E0,2.324695770E1
1.566167504E1,3.227558258E1,1.946552124E0,1.424228302E1
1.567168604E1,2.287812469E1,9.803114319E-1,7.655530243E0
1.568169604E1,1.579126190E1,-3.682342529E-2,3.273991699E0
1.569170704E1,1.078058167E1,-4.929249573E-1,9.012757874E-1
1.570171704E1,7.561974792E0,-5.252577209E-1,-2.125579834E-1
1.571172804E1,5.707032166E0,-4.583468628E-1,-9.512718201E-1
1.572173804E1,4.965923309E0,-4.779560852E-1,-1.399739227E0
1.573174904E1,4.492906952E0,-4.025129700E-1,-1.451082458E0
1.574175904E1,3.865262146E0,-1.068777466E-1,-1.270408173E0
1.575177004E1,2.644700317E0,1.353186035E-1,-1.010249176E0
1.576178004E1,7.397616577E-1,9.101074219E-2,-9.343569946E-1
1.577179004E1,-1.345102844E0,-5.104385376E-2,-7.467970276E-1
1.578180104E1,-3.169209595E0,-9.220825195E-2,-7.140151978E-2
1.579181104E1,-4.325854340E0,-7.484436035E-4,8.497828674E-1
1.580182204E1,-4.726421356E0,1.206491089E-1,1.929188232E0
1.581183204E1,-4.523293762E0,4.538562012E-1,3.115770721E0
1.582184304E1,-3.993395691E0,1.027014313E0,4.417014771E0
1.583185304E1,-3.450474701E0,1.421444092E0,5.781577148E0
1.584186404E1,-3.011886749E0,1.755100250E0,7.738607483E0
1.585187404E1,-2.567910004E0,1.584754486E0,1.037612274E1
1.586188504E1,-2.087109833E0,9.011260986E-1,1.268686752E1
1.587189504E1,-1.442400513E0,1.345701599E-1,1.422312286E1
1.588190604E1,-4.568499756E-1,-5.412744141E-1,1.491004440E1
1.589191604E1,8.023315430E-1,-1.146316223E0,1.472098755E1
1.590192704E1,2.539618835E0,-1.285975800E0,1.335792206E1
1.591193704E1,4.016597443E0,-7.426057434E-1,1.171883057E1
1.592194804E1,4.999902649E0,-1.936972046E-1,1.002525238E1
1.593195804E1,5.952671356E0,3.707789612E-1,8.172255707E0
1.594196904E1,6.334227905E0,1.129850464E0,5.905968475E0
1.595197904E1,5.666616211E0,2.130369873E0,3.523522797E0
1.596199004E1,4.374503174E0,2.714455261E0,1.431622925E0
1.597200004E1,1.821112976E0,2.577340393E0,-2.215393066E-1
1.598201104E1,-1.590592346E0,2.893333282E0,-9.955796814E-1
1.599202104E1,-1.941013641E0,4.052522736E0,-1.129251709E0
1.600203204E1,2.950813751E0,4.928201752E0,-1.867067413E0
1.601204204E1,9.972711639E0,5.359005890E0,-2.651885376E0
1.602205304E1,1.652817947E1,5.997577972E0,-1.316811676E0
1.603206304E1,2.125385239E1,5.023553467E0,9.834548950E-1
1.604207404E1,2.471016495E1,1.992356873E0,1.773062897E0
1.605208404E1,2.734154297E1,2.739303589E-1,2.266586609E0
1.606209404E1,3.026586182E1,6.653663635E-1,3.786376190E0
1.607210833E1,3.434113724E1,2.123633881E0,5.799539795E0
1.608211833E1,3.859229691E1,3.687431946E0,7.624694366E0
1.609212933E1,4.161421280E1,5.126688995E0,8.703500977E0
1.610213933E1,4.311918320E1,6.339017944E0,9.014105072E0
1.611215033E1,4.134118057E1,6.898105316E0,8.443940735E0
1.612216033E1,3.568624008E1,6.229296112E0,6.341712341E0
1.613217133E1,2.805271408E1,4.664150848E0,3.200494537E0
1.614218133E1,2.087903183E1,3.487896881E0,4.331991577E-1
1.615219233E1,1.563169373E1,3.126548309E0,-1.361867981E0
1.616220233E1,1.277518387E1,3.217409363E0,-2.369273071E0
1.617221333E1,1.169996979E1,3.433859253E0,-2.866988068E0
1.618222333E1,1.109328140E1,4.139342194E0,-3.226390686E0
1.619223433E1,1.032043854E1,5.038672028E0,-3.668571167E0
1.620224433E1,9.262588348E0,5.804479523E0,-4.389472046E0
1.621225533E1,7.768245850E0,6.207291870E0,-5.217250671E0
1.622226533E1,6.177803192E0,6.450236664E0,-5.691913605E0
1.623227633E1,4.640649719E0,6.702312469E0,-5.488037567E0
1.624228633E1,3.131787415E0,6.762936401E0,-4.733007660E0
1.625229733E1,1.794468384E0,6.656507721E0,-3.748355255E0
1.626230733E1,5.456153870E-1,6.741381226E0,-2.523602142E0
1.627231833E1,-5.182223511E-1,7.103478241E0,-1.015488281E0
1.628232833E1,-1.396895142E0,7.500901794E0,5.686674500E-1
1.629233933E1,-2.072290649E0,7.764653320E0,2.003583527E0
1.630234933E1,-2.606230316E0,8.064030762E0,3.230731659E0
1.631236033E1,-3.132236481E0,8.390352173E0,4.080664215E0
1.632237033E1,-3.194207611E0,9.012308807E0,4.843627625E0
1.633238133E1,-3.423231354E0,9.526040497E0,5.785618744E0
1.634239133E1,-3.807033234E0,9.681866455E0,6.555318146E0
1.635240233E1,-3.909719696E0,9.811496887E0,6.847809906E0
1.636241233E1,-4.203858032E0,9.954449615E0,6.572682037E0
1.637242333E1,-4.368066559E0,9.924511871E0,5.613327026E0
1.638243333E1,-4.353247375E0,9.765243073E0,4.495751038E0
1.639244333E1,-4.459376678E0,9.382339325E0,3.398233337E0
1.640245433E1,-4.766238556E0,9.112300873E0,2.446063385E0
1.641246433E1,-4.982239380E0,9.122779083E0,1.947450256E0
1.642247533E1,-4.308340759E0,9.533674622E0,3.075654144E0
1.643248533E1,-2.421514435E0,1.043120819E1,5.317093048E0
1.644249633E1,7.620652771E-1,1.207089844E1,7.597750397E0
1.645250633E1,4.858895874E0,1.407388321E1,9.541308746E0
1.646251733E1,9.390721893E0,1.576087509E1,1.097847015E1
1.647252733E1,1.402298904E1,1.719564148E1,1.230141907E1
1.648253833E1,1.849987930E1,1.865286118E1,1.320673645E1
1.649254833E1,2.150592819E1,1.965308121E1,1.315030380E1
1.650255933E1,2.232307892E1,1.989752289E1,1.208077789E1
1.651256933E1,2.259117142E1,1.967059479E1,1.076306808E1
1.652258033E1,2.463202744E1,1.877455811E1,9.296417999E0
1.653259033E1,2.723885651E1,1.659059967E1,7.223977661E0
1.654260133E1,2.838277771E1,1.336750214E1,4.781806183E0
1.655261133E1,2.710683105E1,9.765243073E0,3.199446716E0
1.656262233E1,2.438414291E1,5.794749756E0,2.918630676E0
1.657263233E1,2.071452393E1,1.335223389E0,3.504362640E0
1.658264333E1,1.643118118E1,-3.111729126E0,4.782704315E0
1.659265333E1,1.185774170E1,-6.874753876E0,5.649701385E0
1.660266433E1,7.415429535E0,-9.520651703E0,4.384382629E0
1.661267433E1,4.147126007E0,-1.121572678E1,1.438209229E0
1.662268533E1,2.994971924E0,-1.252550308E1,-1.889520721E0
1.663269533E1,3.573369141E0,-1.381567017E1,-4.118236084E0
1.664270633E1,4.908143463E0,-1.505988281E1,-4.613106995E0
1.665271633E1,5.891598358E0,-1.533201691E1,-4.422553253E0
1.666272733E1,5.336402893E0,-1.506931320E1,-5.242697754E0
1.667273733E1,2.571203156E0,-1.437715256E1,-6.854994965E0
1.668274833E1,-9.816586304E-1,-1.363634308E1,-7.672594757E0
1.669275833E1,-3.565735016E0,-1.312216232E1,-7.475604401E0
1.670276933E1,-4.541256409E0,-1.242326569E1,-6.398144989E0
1.671277933E1,-3.783083038E0,-1.091575058E1,-4.509672089E0
1.672279033E1,-1.359922028E0,-9.281449127E0,-2.672542419E0
1.673280033E1,2.293530579E0,-7.740703125E0,-1.991309052E0
1.674281133E1,6.105353851E0,-5.293142853E0,-2.232307892E0
1.675282133E1,9.420210571E0,-1.735790405E0,-2.766247559E0
1.676283133E1,1.294552963E1,2.416275330E0,-3.409010925E0
1.677284233E1,1.779379761E1,6.894662476E0,-4.645589447E0
1.678285233E1,2.348181931E1,1.112007568E1,-5.806724854E0
1.679286333E1,2.882226379E1,1.460902039E1,-6.271208954E0
1.680287333E1,3.266956329E1,1.707454330E1,-6.236331482E0
1.681288433E1,3.449471786E1,1.914848053E1,-5.054539032E0
1.682289433E1,3.530228851E1,2.104788071E1,-2.466720428E0
1.683290533E1,3.676235229E1,2.105970612E1,-2.116598511E-1
1.684291533E1,3.638588516E1,1.899070862E1,7.744894409E-1
1.685292633E1,3.172547653E1,1.629241974E1,7.512876892E-1
1.686293633E1,2.409015427E1,1.344055023E1,-1.568737793E-1
1.687294733E1,1.659853317E1,1.043899200E1,-8.967851257E-1
1.688295733E1,1.088491470E1,8.273744659E0,-9.632469177E-1
1.689296833E1,6.978039093E0,7.233557739E0,-5.525010681E-1
1.690297833E1,4.487967224E0,6.518943787E0,4.745132446E-2
1.691298933E1,3.236270142E0,5.928421783E0,6.030958557E-1
1.692299933E1,2.801125031E0,5.738167419E0,9.162446594E-1
1.693301033E1,2.796484680E0,5.800737305E0,9.771679688E-1
1.694302033E1,2.953358459E0,5.783373413E0,7.908055115E-1
1.695303133E1,2.978805542E0,5.694757690E0,6.262976074E-1
1.696304133E1,2.871927795E0,5.452711029E0,2.550695801E-1
1.697305233E1,2.606529694E0,5.177732849E0,-1.630110168E-1
1.698306233E1,1.996398468E0,4.956941986E0,-3.532653809E-1
1.699307333E1,1.237177277E0,4.722978516E0,-5.689668274E-1
1.700308333E1,8.352630615E-1,4.435127106E0,-9.849517822E-1
1.701309433E1,5.430706787E-1,4.192332001E0,-1.522483978E0
1.702310433E1,2.423460388E-1,4.050726471E0,-2.037263489E0
1.703311533E1,-1.210981750E-1,3.872596893E0,-2.376158752E0
1.704312533E1,-4.451742554E-1,3.732637939E0,-2.436333618E0
1.705313633E1,-7.665559387E-1,3.791465607E0,-2.112856293E0
1.706314633E1,-1.013542328E0,4.070186005E0,-1.524130554E0
1.707315467E1,-1.188079376E0,4.439917145E0,-5.490582275E-1
1.708316467E1,-1.219963074E0,4.919519806E0,4.974156189E-1
1.709317567E1,-9.818083191E-1,5.582191772E0,1.491648102E0
1.710318567E1,-4.581971741E-1,6.472689972E0,2.254761200E0
1.711319667E1,7.102729797E-1,7.181016998E0,2.690654755E0
1.712320667E1,2.157463531E0,8.039930878E0,3.215014343E0
1.713321767E1,4.224365387E0,9.023834839E0,3.860621796E0
1.714322767E1,6.704108734E0,1.011910721E1,4.309837646E0
1.715323867E1,8.897497559E0,1.175266022E1,4.427343292E0
1.716324867E1,1.124147324E1,1.315329758E1,4.230951691E0
1.717325967E1,1.179053146E1,1.351419708E1,4.262086945E0
1.718326967E1,1.145313309E1,1.260289215E1,4.504133606E0
1.719328067E1,1.446681610E1,1.165356628E1,6.678212585E0
1.720329067E1,1.906285858E1,1.284972885E1,1.027044250E1
1.721330067E1,2.553929077E1,1.449121536E1,1.341645035E1
1.722331167E1,3.372935944E1,1.440170151E1,1.574725342E1
1.723332167E1,3.896292618E1,1.198901871E1,1.580772766E1
1.724333267E1,3.764895859E1,8.209079132E0,1.272728348E1
1.725334267E1,3.123165344E1,4.762196960E0,8.426127777E0
1.726335367E1,2.291240341E1,2.444716187E0,4.722379761E0
1.727336367E1,1.589574463E1,6.231541443E-1,1.769620056E0
1.728337467E1,1.098864899E1,-7.444020081E-1,-3.863465881E-1
1.729338467E1,7.636968842E0,-1.334325256E0,-1.424886932E0
1.730339567E1,5.939798126E0,-1.611997833E0,-1.503922577E0
1.731340567E1,5.455555115E0,-1.928739166E0,-1.152453461E0
1.732341667E1,5.530100098E0,-2.223176880E0,-7.860154724E-1
1.733342667E1,5.677244110E0,-2.448308716E0,-8.351133728E-1
1.734343767E1,5.668412476E0,-2.723586273E0,-1.027613068E0
1.735344767E1,5.467679901E0,-3.026107178E0,-1.081650696E0
1.736345867E1,5.163512421E0,-3.368594971E0,-1.047371979E0
1.737346867E1,4.813989258E0,-3.902834015E0,-1.305435333E0
1.738347967E1,4.158202972E0,-4.389472046E0,-1.917063446E0
1.739348967E1,2.915187836E0,-4.501439209E0,-2.771486664E0
1.740350067E1,1.300046539E0,-4.243525543E0,-3.676205292E0
1.741351067E1,-2.317181396E-1,-4.096830597E0,-4.699178009E0
1.742352167E1,-1.689536591E0,-4.114194489E0,-5.675747223E0
1.743353167E1,-2.942281494E0,-4.202061768E0,-6.405030670E0
1.744354267E1,-3.779640198E0,-4.413721619E0,-6.705306244E0
1.745355267E1,-4.401297455E0,-4.632416840E0,-6.584357758E0
1.746356367E1,-4.620890808E0,-4.836292877E0,-6.008205872E0
1.747357367E1,-4.306095428E0,-4.950505371E0,-4.971611481E0
1.748358467E1,-3.465892639E0,-4.754263458E0,-3.884571991E0
1.749359467E1,-2.029030609E0,-4.344565430E0,-2.800675964E0
1.750360567E1,2.185455322E-2,-3.818259888E0,-1.811832275E0
1.751361567E1,2.500550079E0,-2.939886475E0,-1.113534393E0
1.752362667E1,5.157524872E0,-1.722767487E0,-8.640032959E-1
1.753363667E1,6.753056946E0,-2.116598511E-1,-1.226699066E0
1.754364767E1,6.870712280E0,1.505718842E0,-2.145787811E0
1.755365767E1,6.511309662E0,3.307671661E0,-2.418370972E0
1.756366867E1,7.157665558E0,5.565576324E0,-1.757794647E0
1.757367867E1,1.116064133E1,7.585326233E0,-7.982899475E-1
1.758368967E1,1.948932175E1,8.716673584E0,-5.598358154E-2
1.759369967E1,2.940619949E1,1.061667252E1,6.602769470E-1
1.760371067E1,3.696128860E1,1.393601990E1,1.542242889E0
1.761372067E1,4.050546844E1,1.602088440E1,1.881138153E0
1.762373167E1,4.032614136E1,1.507215729E1,1.406026154E0
1.763374167E1,3.715962616E1,1.205892334E1,4.230203247E-1
1.764375267E1,3.145289337E1,9.738897858E0,-1.351689148E-1
1.765376267E1,2.468801102E1,8.271798706E0,-4.073030090E-1
1.766377367E1,1.810335388E1,6.967411194E0,-9.621990967E-1
1.767378367E1,1.237865845E1,5.732030182E0,-1.424737244E0
1.768379467E1,7.661667480E0,4.636458435E0,-1.370998993E0
1.769380467E1,4.114044800E0,3.834426270E0,-8.402027893E-1
1.770381567E1,1.348096619E0,3.355572052E0,-5.493576050E-2
1.771382567E1,-3.620970154E-1,3.068319397E0,8.105644226E-1
1.772383667E1,-1.182840271E0,2.888094177E0,1.647923126E0
1.773384667E1,-1.172511749E0,3.115321655E0,2.455344086E0
1.774385767E1,-6.248007202E-1,3.496129761E0,3.239862671E0
1.775386767E1,1.616638184E-1,3.940256195E0,3.917952576E0
1.776387867E1,9.416917419E-1,4.369114380E0,4.458029480E0
1.777388867E1,1.821262665E0,4.902904358E0,4.925058289E0
1.778389967E1,2.212399292E0,5.425916748E0,5.369184723E0
1.779390967E1,1.849553833E0,5.579647064E0,5.523663483E0
1.780391967E1,1.028511200E0,5.208119659E0,5.330565033E0
1.781393067E1,-1.567240906E-1,4.509223022E0,4.942721558E0
1.782394067E1,-1.369502106E0,3.904181213E0,4.618944855E0
1.783395167E1,-2.175875244E0,3.566633148E0,4.227808228E0
1.784396167E1,-2.502945099E0,3.485651550E0,3.770808563E0
1.785397267E1,-2.302212524E0,3.405867462E0,3.430715790E0
1.786398267E1,-1.540446625E0,3.464844818E0,3.108286285E0
1.787399367E1,-2.028282166E-1,4.021237793E0,2.579286346E0
1.788400367E1,1.666634216E0,4.775219879E0,1.839824066E0
1.789401467E1,3.391946411E0,5.248086548E0,9.139993286E-1
1.790402467E1,4.602329407E0,5.109474792E0,2.760260010E-1
1.791403567E1,6.347400513E0,4.255949707E0,1.541793823E-2
1.792404567E1,8.497379608E0,3.475772095E0,-4.628375244E-1
1.793405667E1,1.018018021E1,2.994373169E0,-1.281485138E0
1.794406667E1,1.166269730E1,2.920726318E0,-2.356998596E0
1.795407767E1,1.409409119E1,3.619473267E0,-2.312241669E0
1.796408767E1,1.878009659E1,4.646337891E0,6.316864014E-2
1.797409867E1,2.430525696E1,5.426814880E0,3.675007782E0
1.798410867E1,2.884351959E1,5.768105164E0,6.814579010E0
1.799411967E1,3.095936966E1,5.622458038E0,8.407416687E0
1.800412967E1,3.004566971E1,5.031337280E0,8.473579102E0
1.801414067E1,2.685131241E1,4.188889160E0,7.486831055E0
1.802415067E1,2.260913406E1,3.449127502E0,5.799988861E0
1.803416167E1,1.868025421E1,2.557581482E0,3.990701294E0
1.804417167E1,1.558484116E1,1.739682312E0,2.345173187E0
1.805418267E1,1.384590729E1,1.205293579E0,1.008003845E0
1.806419267E1,1.365744919E1,7.812254333E-1,2.140548706E-2
1.807420567E1,1.397044830E1,3.921844482E-1,-5.679190063E-1
1.808421567E1,1.433134781E1,2.201921082E-1,-7.872129822E-1
1.809422667E1,1.417806656E1,1.375639343E-1,-7.932005310E-1
1.810423667E1,1.343710739E1,4.191284180E-3,-8.454418945E-1
1.811424767E1,1.241413467E1,-1.841171265E-2,-1.139580231E0
1.812425767E1,1.152917496E1,9.011260986E-2,-1.558558960E0
1.813426867E1,1.096215408E1,1.751358032E-1,-1.965562592E0
1.814427867E1,1.047940796E1,2.127076721E-1,-2.350711670E0
1.815428967E1,1.002525238E1,3.478765869E-1,-2.839595032E0
1.816429967E1,9.466015320E0,6.788383484E-1,-3.269501038E0
1.817431067E1,9.181906128E0,1.092577972E0,-3.475173340E0
1.818432067E1,9.515412598E0,1.482068024E0,-3.411555634E0
1.819433167E1,1.017314484E1,1.898502045E0,-3.137774963E0
1.820434167E1,1.072729248E1,2.317181396E0,-2.812501373E0
1.821435267E1,1.123743164E1,2.549647980E0,-2.421963501E0
1.822436267E1,1.174352921E1,2.646346893E0,-1.862576752E0
1.823437367E1,1.217642899E1,2.776875458E0,-1.359173584E0
1.824438367E1,1.252325775E1,2.954256592E0,-1.066681824E0
1.825439467E1,1.280721725E1,2.956950989E0,-8.310717773E-1
1.826440467E1,1.286574554E1,2.906356201E0,-4.337979126E-1
1.827441567E1,1.279973282E1,2.977308655E0,2.082170105E-1
1.828442567E1,1.264196091E1,3.098706207E0,1.003064117E0
1.829443667E1,1.262519577E1,3.235671387E0,1.782044220E0
1.830444667E1,1.287397842E1,3.330873413E0,2.263892212E0
1.831445767E1,1.272728348E1,3.300187225E0,2.550546112E0
1.832446767E1,1.212269073E1,3.124901733E0,2.798280945E0
1.833447867E1,1.126572281E1,3.025358734E0,3.162323914E0
1.834448867E1,1.003767654E1,3.081791382E0,3.549718323E0
1.835449967E1,8.671018524E0,3.130140839E0,3.797902222E0
1.836450967E1,7.322173462E0,3.080444183E0,4.106710052E0
1.837452067E1,6.274502106E0,2.972967682E0,4.403542786E0
1.838453067E1,5.595214691E0,3.040626984E0,4.651726685E0
1.839454167E1,5.029091949E0,3.222947845E0,4.751718750E0
1.840455167E1,4.626279602E0,3.282074890E0,4.608466644E0
1.841456267E1,4.609813843E0,3.469784546E0,4.292473755E0
1.842457267E1,4.730313263E0,3.922742615E0,3.833827515E0
1.843458367E1,4.620142365E0,4.321962433E0,3.242856445E0
1.844459367E1,4.403093719E0,4.662354584E0,2.437680817E0
1.845460467E1,4.088448029E0,4.909490662E0,1.537602539E0
1.846461467E1,3.762875061E0,5.008883972E0,6.950047302E-1
1.847462567E1,3.448828125E0,4.926555176E0,-8.038284302E-2
1.848463567E1,3.009641418E0,4.740791473E0,-6.253994751E-1
1.849464667E1,2.425705719E0,4.509223022E0,-9.621990967E-1
1.850465667E1,1.805395660E0,4.148922272E0,-1.072819061E0
1.851466767E1,1.349294128E0,3.766018524E0,-8.589138794E-1
1.852467767E1,1.260079651E0,3.606300659E0,-3.926335144E-1
1.853468867E1,1.549727325E0,3.629801788E0,1.330732727E-1
1.854469867E1,2.062261505E0,3.934118958E0,6.936575317E-1
1.855470967E1,2.288740540E0,4.373305664E0,1.248104553E0
1.856471967E1,2.408491516E0,4.881798248E0,1.650467834E0
1.857473067E1,2.296224976E0,5.385051727E0,1.988315277E0
1.858474067E1,2.076931000E0,5.676795044E0,2.330054626E0
1.859475167E1,2.146386566E0,5.988446960E0,2.734663239E0
1.860476267E1,2.809806976E0,6.518045654E0,3.164419556E0
1.861477267E1,3.581751709E0,6.883735199E0,3.449726257E0
1.862478367E1,4.412973175E0,7.168742523E0,3.871848450E0
1.863479367E1,5.281616821E0,7.587721252E0,4.603227539E0
1.864480467E1,6.459068298E0,8.265511780E0,5.290598145E0
1.865481467E1,8.132438507E0,9.226663055E0,5.678890686E0
1.866482567E1,1.020398071E1,1.014575180E1,5.761219482E0
1.867483567E1,1.217627930E1,1.094658646E1,5.724695435E0
1.868484667E1,1.374007736E1,1.170266418E1,5.189408569E0
1.869485667E1,1.472278381E1,1.242760666E1,4.255201263E0
1.870486767E1,1.468685852E1,1.323562637E1,3.725003815E0
1.871487767E1,1.366433487E1,1.376627289E1,4.159550171E0
1.872488867E1,1.192794571E1,1.417761749E1,5.241799622E0
1.873489867E1,1.113564331E1,1.473565704E1,6.048172760E0
1.874490967E1,1.174787018E1,1.570863373E1,6.440057831E0
1.875491967E1,1.351734055E1,1.680959427E1,6.613397369E0
1.876493067E1,1.605157059E1,1.752226227E1,5.940696259E0
1.877494067E1,1.822085953E1,1.774020905E1,4.249064026E0
1.878495167E1,1.919069275E1,1.733934265E1,2.263592834E0
1.879496167E1,1.848775452E1,1.608614868E1,4.459226990E-1
1.880497267E1,1.627191238E1,1.418061127E1,-1.244811401E0
1.881498267E1,1.303549255E1,1.212523544E1,-2.511177979E0
1.882499367E1,9.540859680E0,1.003722748E1,-3.123554535E0
1.883500367E1,6.290369110E0,8.157137146E0,-3.277584229E0
1.884501467E1,3.636088715E0,6.532715149E0,-2.849175110E0
1.885502467E1,1.714085541E0,4.968617706E0,-1.854343872E0
1.886503567E1,4.405339050E-1,3.384162598E0,-5.334906006E-1
1.887504567E1,-6.033952332E-1,1.895508270E0,7.203021240E-1
1.888505667E1,-1.348246307E0,5.631289673E-1,1.660347290E0
1.889506667E1,-1.576222229E0,-2.450404358E-1,2.487826538E0
1.890507767E1,-1.419797516E0,-4.676275635E-1,3.376229095E0
1.891508767E1,-3.335064697E-1,-7.940986633E-1,3.998185730E0
1.892509867E1,1.070873108E0,-1.253643036E0,4.303251343E0
1.893510867E1,2.002685394E0,-1.897154846E0,4.384831696E0
1.894511967E1,2.628384247E0,-3.004252625E0,4.056863708E0
1.895512967E1,2.734363861E0,-4.218677216E0,3.366499329E0
1.896514067E1,2.525099030E0,-5.137915649E0,2.436932373E0
1.897515067E1,2.659968567E0,-5.772146759E0,1.339264984E0
1.898516167E1,3.177741852E0,-6.010900269E0,1.501377869E-1
1.899517167E1,4.230802002E0,-5.693111115E0,-1.195414124E0
1.900518267E1,6.322402496E0,-5.057532806E0,-2.430944824E0
1.901519267E1,8.299341431E0,-4.198469238E0,-3.701951752E0
1.902520367E1,8.966204681E0,-3.284320221E0,-4.875661011E0
1.903521367E1,8.595126343E0,-2.677931213E0,-5.475912781E0
1.904522467E1,7.867339783E0,-2.355651398E0,-5.406307526E0
1.905523467E1,6.821764069E0,-1.895208893E0,-4.409829712E0
1.906524567E1,6.120472412E0,-9.150471497E-1,-2.530637512E0
1.907525304E1,6.613397369E0,7.893086243E-1,-8.716374207E-1
1.908526404E1,8.493188324E0,2.404449921E0,-1.965412903E-1
1.909527404E1,1.156031021E1,3.847000122E0,-1.962419128E-1
1.910528504E1,1.524250305E1,6.128106537E0,-7.026388550E-1
1.911529504E1,1.867980515E1,8.958420868E0,-1.597028961E0
1.912530604E1,2.133228928E1,1.093221634E1,-2.741548920E0
1.913531604E1,2.286255707E1,1.178663956E1,-3.581152954E0
1.914532704E1,2.349169876E1,1.201805832E1,-3.702999573E0
1.915533704E1,2.336895401E1,1.221250397E1,-2.744842072E0
1.916534804E1,2.238819351E1,1.260498779E1,-5.971083069E-1
1.917535904E1,2.190125610E1,1.284583694E1,2.484982452E0
1.918536904E1,2.249058060E1,1.231773514E1,5.407954102E0
1.919538004E1,2.225003082E1,1.137140305E1,7.440876617E0
1.920539004E1,1.963092728E1,1.006506958E1,7.817643127E0
1.921540104E1,1.415950516E1,8.764274597E0,5.963748322E0
1.922541104E1,7.077432404E0,7.990383911E0,2.892584839E0
1.923542204E1,2.209405518E-1,7.903265076E0,-3.457809448E-2
1.924543204E1,-4.997807007E0,8.473130035E0,-1.883383484E0
1.925544304E1,-7.469467163E0,9.349707184E0,-2.135908356E0
1.926545304E1,-6.851402435E0,9.855505371E0,-1.126108246E0
1.927546404E1,-3.937262421E0,1.000399658E1,7.866142273E-1
1.928547404E1,-1.272503815E0,1.047955765E1,2.750829620E0
1.929548504E1,2.884501648E-1,1.172736282E1,4.063300323E0
1.930549504E1,2.136058044E-1,1.379546219E1,4.906646576E0
1.931550604E1,-3.996688843E-1,1.566986435E1,4.719086609E0
1.932551604E1,-1.075214081E0,1.713950821E1,3.219205627E0
1.933552704E1,-1.935175781E0,1.788196426E1,6.797364807E-1
1.934553704E1,-2.291135559E0,1.769290741E1,-2.586770782E0
1.935554804E1,-2.453248444E0,1.709894257E1,-5.599555664E0
1.936555804E1,-2.445913696E0,1.630214951E1,-7.497908020E0
1.937556904E1,-1.741628265E0,1.545715668E1,-8.180338898E0
1.938557904E1,-2.945874023E-1,1.522588760E1,-7.510032806E0
1.939559004E1,1.982477417E0,1.550790115E1,-5.655838623E0
1.940560004E1,5.124743042E0,1.587568634E1,-3.671415253E0
1.941561104E1,8.557853851E0,1.636786285E1,-1.644031219E0
1.942562104E1,1.133083740E1,1.676274170E1,1.445993042E-1
1.943563204E1,1.299702255E1,1.738185425E1,1.234931946E0
1.944564204E1,1.437505692E1,1.773990967E1,1.577868805E0
1.945565304E1,1.526959671E1,1.914563644E1,1.524130554E0
1.946566304E1,1.794393539E1,2.236873398E1,1.901196442E0
1.947567404E1,2.511956360E1,2.376562912E1,1.828747101E0
1.948568404E1,3.372007874E1,2.212159790E1,3.050656128E-1
1.949569504E1,3.942980530E1,1.956356735E1,-2.283202057E0
1.950570504E1,4.061953125E1,1.609767471E1,-5.696254578E0
1.951571604E1,3.723761398E1,1.146301254E1,-7.286397858E0
1.952572604E1,3.095008896E1,6.747668152E0,-5.133424988E0
1.953573704E1,2.460119156E1,1.675016785E0,-1.352886658E0
1.954574704E1,1.957239899E1,-3.660787354E0,2.492017822E0
1.955575804E1,1.443807587E1,-7.736062775E0,6.123017120E0
1.956576904E1,7.871680756E0,-1.109926895E1,8.558003540E0
1.957577904E1,1.616488495E0,-1.442699890E1,7.873177643E0
1.958579004E1,-2.463876343E0,-1.644809601E1,3.849844208E0
1.959580004E1,-3.708538055E0,-1.646725616E1,-1.242416382E0
1.960581104E1,-2.890638885E0,-1.584410202E1,-5.095853119E0
1.961582104E1,-1.901046753E0,-1.510209503E1,-7.385940857E0
1.962583204E1,-1.480271759E0,-1.354652985E1,-8.292755127E0
1.963584204E1,-9.788145447E-1,-1.196806229E1,-8.165070648E0
1.964585304E1,-4.601431274E-1,-1.061173279E1,-7.594457245E0
1.965586304E1,-3.664379883E-1,-9.380842438E0,-6.480623474E0
1.966587404E1,-1.307530975E0,-8.201445007E0,-4.718787231E0
1.967588404E1,-2.945724335E0,-6.900500336E0,-3.041525116E0
1.968589504E1,-4.028123474E0,-5.407505035E0,-2.179467773E0
1.969590504E1,-3.502266998E0,-3.527564392E0,-1.732347565E0
1.970591604E1,-1.713935852E0,-1.019380188E0,-1.748513947E0
1.971592604E1,1.008153534E0,1.672621765E0,-2.086211700E0
1.972593704E1,4.101171570E0,4.534370728E0,-2.389930115E0
1.973594704E1,7.540718994E0,7.715854797E0,-2.726580048E0
1.974595804E1,1.105840393E1,1.082668579E1,-3.041525116E0
1.975596804E1,1.330717758E1,1.336735245E1,-3.271596680E0
1.976597904E1,1.450798050E1,1.516391647E1,-3.397634583E0
1.977598904E1,1.546224609E1,1.620440277E1,-3.456911316E0
1.978600004E1,1.597702560E1,1.622565857E1,-3.558999023E0
1.979601004E1,1.603989487E1,1.558020081E1,-3.161425781E0
1.980602104E1,1.530148041E1,1.504581207E1,-1.837578735E0
1.981603104E1,1.478819778E1,1.475137436E1,5.643264771E-2
1.982604204E1,1.632879410E1,1.432416275E1,2.028431854E0
1.983605204E1,2.034643936E1,1.338306976E1,4.077371063E0
1.984606304E1,2.467888000E1,1.239796829E1,5.470074921E0
1.985607304E1,2.715907242E1,1.188513474E1,5.180726624E0
1.986608404E1,2.659010559E1,1.147349075E1,3.307072906E0
1.987609404E1,2.391786255E1,9.852511597E0,4.007167053E-1
1.988610504E1,2.048714676E1,7.507937164E0,-2.739303589E0
1.989611604E1,1.667577255E1,5.476960602E0,-5.425467682E0
1.990612604E1,1.307710602E1,3.932322693E0,-6.706952820E0
1.991613704E1,9.916278992E0,3.003354492E0,-6.478078766E0
1.992614704E1,7.688461761E0,2.406844940E0,-5.449717255E0
1.993615804E1,6.248905334E0,1.932331696E0,-4.129013672E0
1.994616804E1,5.612578583E0,1.600022736E0,-2.572700043E0
1.995617904E1,5.778134308E0,1.359323273E0,-9.056167603E-1
1.996618904E1,6.574478302E0,1.528172150E0,7.688012695E-1
1.997620004E1,6.582711182E0,1.936073914E0,2.414479065E0
1.998621004E1,5.889951782E0,2.141895905E0,3.463048553E0
1.999622104E1,4.612657928E0,2.169588318E0,3.675157471E0
2.000623104E1,3.180735626E0,2.037113800E0,3.243604889E0
2.001624204E1,1.863325195E0,1.888472900E0,2.188149719E0
2.002625204E1,7.232958984E-1,1.787133636E0,4.486170959E-1
2.003626304E1,-1.320254517E-1,1.651815033E0,-1.651066589E0
2.004627304E1,-6.099815369E-1,1.495390320E0,-3.395988007E0
2.005628404E1,-6.593788147E-1,1.619182892E0,-4.097878418E0
2.006629404E1,-4.535568237E-1,1.913919983E0,-4.469405823E0
2.007630542E1,-9.271719360E-1,2.232307892E0,-5.072202301E0
2.008631542E1,-2.363884277E0,2.564467163E0,-5.380261688E0
2.009632642E1,-4.508474579E0,3.192111969E0,-4.615352325E0
2.010633642E1,-7.035818939E0,3.864962769E0,-3.156186676E0
2.011634742E1,-9.382339325E0,4.638554077E0,-1.498384094E0
2.012635742E1,-1.075737991E1,5.503904572E0,4.486170959E-1
2.013636842E1,-1.103385498E1,6.409970398E0,2.449955292E0
2.014637842E1,-1.036205200E1,7.386539612E0,3.898642731E0
2.015638942E1,-8.668773193E0,8.299790497E0,4.793631592E0
2.016639942E1,-6.723867645E0,9.547296295E0,5.808221741E0
2.017641042E1,-5.260361023E0,1.089464447E1,6.588399353E0
2.018642042E1,-4.399501190E0,1.153321655E1,7.239844666E0
2.019643142E1,-3.532803497E0,1.196641571E1,8.932375031E0
2.020644142E1,-1.655706940E0,1.370609802E1,1.205817490E1
2.021645242E1,4.061354370E0,1.719893463E1,1.526375885E1
2.022646242E1,1.552077438E1,2.072739716E1,1.730820740E1
2.023647342E1,2.965034180E1,2.325938187E1,1.751492752E1
2.024648342E1,4.123669785E1,2.453817261E1,1.588960739E1
2.025649442E1,4.697172180E1,2.310999252E1,1.274315048E1
2.026650542E1,4.608481613E1,1.936283478E1,8.614136810E0
2.027651542E1,4.219545410E1,1.547242493E1,3.908671875E0
2.028652642E1,3.824636627E1,1.232941086E1,-1.959425354E-1
2.029653642E1,3.484124725E1,9.766440582E0,-2.272125092E0
2.030654742E1,3.190210922E1,7.203320618E0,-2.593357086E0
2.031655742E1,2.862647095E1,4.571493530E0,-1.625170441E0
2.032656842E1,2.522254944E1,1.819167023E0,-2.514770508E-2
2.033657842E1,2.199166809E1,-7.599696350E-1,1.442250824E0
2.034658942E1,1.858624969E1,-2.879711609E0,2.519710236E0
2.035659942E1,1.516705994E1,-4.527634735E0,3.091970215E0
2.036661042E1,1.182061890E1,-5.796096954E0,2.996169434E0
2.037662042E1,8.745413818E0,-6.460265808E0,2.281854858E0
2.038663142E1,5.947581940E0,-6.529272308E0,1.238225098E0
2.039664142E1,3.576362915E0,-6.228847046E0,1.561253357E-1
2.040665242E1,1.779798889E0,-5.794300690E0,-8.578660583E-1
2.041666242E1,5.053491211E-1,-5.290448456E0,-1.891466675E0
2.042667342E1,-4.122427368E-1,-4.719835052E0,-2.949466553E0
2.043668342E1,-1.268462219E0,-4.176614685E0,-3.966601410E0
2.044669442E1,-1.758692780E0,-3.738026733E0,-4.745431824E0
2.045670442E1,-1.810335388E0,-3.385958862E0,-4.980293427E0
2.046671542E1,-1.451082458E0,-3.285368042E0,-4.640949097E0
2.047672542E1,-9.193881226E-1,-3.253783722E0,-3.985462189E0
2.048673642E1,-5.703140259E-1,-3.159330139E0,-3.373834076E0
2.049674642E1,-6.698570251E-1,-3.098556519E0,-3.135529633E0
2.050675742E1,-1.127455444E0,-2.803520050E0,-3.248245239E0
2.051676742E1,-1.587897949E0,-2.250869293E0,-3.403622131E0
2.052677842E1,-1.629810791E0,-1.638642426E0,-3.470532990E0
2.053678842E1,-1.174008636E0,-6.477030945E-1,-3.311563568E0
2.054679942E1,2.222877502E-1,1.121318207E0,-2.707868958E0
2.055681042E1,3.280877380E0,3.451821899E0,-1.246008911E0
2.056682042E1,8.275091858E0,5.816454620E0,9.334588623E-1
2.057683142E1,1.439107361E1,8.251291351E0,3.152444458E0
2.058684142E1,2.058803696E1,1.040890457E1,4.673880615E0
2.059685242E1,2.531625458E1,1.191058182E1,5.130730591E0
2.060686242E1,2.710413666E1,1.302321808E1,4.611161041E0
2.061687342E1,2.574526245E1,1.391865601E1,3.473077698E0
2.062688342E1,2.280986664E1,1.387225250E1,2.467618561E0
2.063689442E1,1.989512787E1,1.287816971E1,1.978884888E0
2.064690442E1,1.759905258E1,1.141645935E1,1.686093750E0
2.065691542E1,1.577195206E1,9.909992065E0,1.595831451E0
2.066692542E1,1.384111725E1,8.470285950E0,1.379531250E0
2.067693642E1,1.149010620E1,7.246131592E0,7.146139526E-1
2.068694642E1,8.920250244E0,6.310577087E0,-3.441343689E-1
2.069695742E1,6.508615265E0,5.642965393E0,-1.462309113E0
2.070696742E1,4.604425049E0,5.196443939E0,-2.448458405E0
2.071697842E1,3.386407928E0,4.918172607E0,-3.149899750E0
2.072698842E1,2.733615417E0,4.704716492E0,-3.553909607E0
2.073699942E1,2.448608093E0,4.407584381E0,-3.845503235E0
2.074700942E1,2.136207733E0,4.123624878E0,-4.200564880E0
2.075702042E1,1.676214294E0,3.931424561E0,-4.732259216E0
2.076703042E1,1.297202454E0,3.799848175E0,-5.245242462E0
2.077704142E1,1.038390656E0,3.873944092E0,-5.479056244E0
2.078705142E1,8.672964478E-1,3.916006622E0,-5.109624481E0
2.079706242E1,1.060694275E0,3.837869110E0,-4.033961334E0
2.080707242E1,1.424288177E0,3.809128876E0,-2.645748138E0
2.081708342E1,1.774559784E0,3.930676117E0,-9.803114319E-1
2.082709442E1,2.254312134E0,4.112398224E0,6.785389709E-1
2.083710442E1,2.761906586E0,4.315825195E0,2.292931824E0
2.084711542E1,3.428320770E0,4.429588623E0,3.725752258E0
2.085712542E1,4.035907288E0,4.482728119E0,4.895270233E0
2.086713642E1,4.438869324E0,4.605023804E0,5.827531586E0
2.087714642E1,4.530628510E0,4.744384003E0,6.478527832E0
2.088715742E1,4.283342743E0,4.881349182E0,6.716233521E0
2.089716742E1,3.919299774E0,4.880451050E0,6.289321289E0
2.090717842E1,3.642525330E0,4.703518982E0,5.426216125E0
2.091718842E1,3.423830109E0,4.551584930E0,4.495900726E0
2.092719942E1,3.112477570E0,4.459077301E0,3.743565216E0
2.093720942E1,2.764002228E0,4.367767181E0,3.339405670E0
2.094722042E1,2.502196655E0,4.304748230E0,3.252286835E0
2.095723042E1,2.494861908E0,4.188739471E0,3.165916443E0
2.096724142E1,2.683619385E0,3.984414368E0,3.062631226E0
2.097725142E1,2.526595917E0,3.832031250E0,3.156486053E0
2.098726242E1,2.439028015E0,3.863465881E0,3.350183258E0
2.099727242E1,2.879861298E0,3.942651215E0,3.662882996E0
2.100728342E1,3.342399445E0,3.947291565E0,4.148173828E0
2.101729342E1,4.039948883E0,4.438120880E0,5.072052612E0
2.102730442E1,5.989943848E0,5.315296783E0,6.293213196E0
2.103731442E1,9.186995544E0,6.281088409E0,7.331753540E0
2.104732542E1,1.331990112E1,7.428302765E0,7.818690948E0
2.105733542E1,1.810500046E1,8.900790710E0,7.882458344E0
2.106734642E1,2.288650726E1,1.045890060E1,7.862100677E0
2.107735667E1,2.702584946E1,1.127260849E1,7.809260559E0
2.108736767E1,2.971830048E1,1.092847412E1,7.595205688E0
2.109737767E1,3.060924774E1,1.014051270E1,7.179520111E0
2.110738867E1,2.970931915E1,9.463919678E0,6.582561493E0
2.111739967E1,2.744602570E1,8.780291290E0,5.844296722E0
2.112740967E1,2.444776062E1,7.806865540E0,5.118306427E0
2.113742067E1,2.118409744E1,6.633006592E0,4.534819794E0
2.114743067E1,1.790875854E1,5.616919556E0,4.118685150E0
2.115744167E1,1.493085114E1,4.701423340E0,3.923790436E0
2.116745167E1,1.244811401E1,3.809428253E0,3.825295258E0
2.117746267E1,1.045201492E1,3.063379669E0,3.711681519E0
2.118747267E1,8.855435028E0,2.520009613E0,3.559747467E0
2.119748367E1,7.709717560E0,2.086511078E0,3.329077148E0
2.120749367E1,6.993307343E0,1.750310211E0,3.040776672E0
2.121750467E1,6.555617523E0,1.550625458E0,2.702031097E0
2.122751467E1,6.346203003E0,1.404678955E0,2.224075012E0
2.123752567E1,6.172863464E0,1.315913544E0,1.549427948E0
2.124753567E1,5.967789917E0,1.355281677E0,8.292755127E-1
2.125754667E1,5.738017731E0,1.449884949E0,1.098715210E-1
2.126755667E1,5.450016632E0,1.547781372E0,-5.806425476E-1
2.127756767E1,5.222789154E0,1.683099976E0,-1.195563812E0
2.128757767E1,5.024750977E0,1.886826324E0,-1.707648926E0
2.129758867E1,4.943619690E0,2.133663025E0,-2.177970886E0
2.130759867E1,4.829407196E0,2.461481323E0,-2.639760590E0
2.131760967E1,4.609065399E0,2.915636902E0,-3.106789398E0
2.132761967E1,4.393962708E0,3.409609680E0,-3.558250580E0
2.133763067E1,4.301455078E0,3.901187439E0,-3.925586700E0
2.134764067E1,4.184997253E0,4.460873566E0,-4.217330017E0
2.135765167E1,4.021088104E0,5.101092224E0,-4.245471497E0
2.136766167E1,3.715423737E0,5.832171936E0,-3.895948334E0
2.137767267E1,3.374582520E0,6.638395386E0,-3.231779480E0
2.138768367E1,3.291205902E0,7.394772491E0,-2.454895020E0
2.139769367E1,3.448528748E0,8.088579712E0,-1.469943237E0
2.140770467E1,3.737727356E0,8.824898529E0,-2.998265076E-1
2.141771467E1,4.105961609E0,9.585616608E0,9.083111572E-1
2.142772567E1,4.406985626E0,1.027463379E1,2.224524078E0
2.143773567E1,4.823868713E0,1.073447754E1,3.474724274E0
2.144774667E1,5.516478424E0,1.090497299E1,4.415667572E0
2.145775667E1,6.607409821E0,1.099403778E1,4.950655060E0
2.146776767E1,8.026907959E0,1.139655075E1,5.247787170E0
2.147777767E1,9.314979401E0,1.185624481E1,5.406008148E0
2.148778867E1,1.026071274E1,1.210532684E1,5.463787994E0
2.149779867E1,1.080962128E1,1.222388031E1,5.737119598E0
2.150780967E1,1.146076721E1,1.188064407E1,6.447242889E0
2.151781967E1,1.211595474E1,1.124491608E1,7.370822296E0
2.152783067E1,1.253418503E1,1.054527100E1,8.032745819E0
2.153784067E1,1.252879623E1,9.729018402E0,8.412206726E0
2.154785167E1,1.210323120E1,8.965156860E0,8.480913849E0
2.155786167E1,1.159473862E1,8.258925476E0,8.352181549E0
2.156787267E1,1.114986374E1,7.654931488E0,8.190068665E0
2.157788267E1,1.086410797E1,7.107819214E0,7.856262817E0
2.158789367E1,1.069525909E1,6.495442657E0,7.514224091E0
2.159790367E1,1.073507629E1,5.691464539E0,7.278913422E0
2.160791467E1,1.086665268E1,4.811444550E0,7.022346954E0
2.161792467E1,1.089419540E1,3.914060669E0,6.568041687E0
2.162793567E1,1.074959610E1,2.994971924E0,5.873935089E0
2.163794667E1,1.031055908E1,2.112107849E0,4.963528290E0
2.164795667E1,9.598190460E0,1.544637909E0,3.991449738E0
2.165796767E1,8.820557556E0,1.218466187E0,3.173251190E0
2.166797767E1,8.200846252E0,9.533674622E-1,2.635718994E0
2.167798867E1,7.771239624E0,7.515870667E-1,2.398911438E0
2.168799867E1,7.480394440E0,6.204597473E-1,2.374362488E0
2.169800967E1,7.472311249E0,5.858816528E-1,2.421664124E0
2.170801967E1,7.536827087E0,6.523434448E-1,2.464026031E0
2.171803067E1,7.543114014E0,7.791297913E-1,2.448308716E0
2.172804067E1,7.615413666E0,9.848020935E-1,2.354304199E0
2.173805167E1,7.827821960E0,1.215921478E0,2.296823730E0
2.174806167E1,8.096213837E0,1.524280243E0,2.384391632E0
2.175807267E1,8.414302368E0,1.900597687E0,2.610421600E0
2.176808267E1,9.037306824E0,2.334245911E0,2.900069275E0
2.177809367E1,9.858349457E0,2.774330750E0,3.125650177E0
2.178810367E1,1.050695068E1,3.123853912E0,3.119063873E0
2.179811467E1,1.086440735E1,3.264112244E0,2.923570404E0
2.180812467E1,1.083057770E1,3.276087341E0,2.587219849E0
2.181813567E1,1.030367340E1,3.329975281E0,2.155667267E0
2.182814567E1,9.445657654E0,3.366649017E0,1.704505463E0
2.183815667E1,8.745413818E0,3.345842285E0,1.366358643E0
2.184816667E1,8.299940186E0,3.303031311E0,1.309327240E0
2.185817767E1,8.087382202E0,3.266357574E0,1.448238373E0
2.186818767E1,8.157286835E0,3.359164581E0,1.650916901E0
2.187819867E1,8.404273224E0,3.571273499E0,1.940564575E0
2.188820967E1,8.621471558E0,3.804488525E0,2.255359955E0
2.189821967E1,8.770711212E0,3.916904755E0,2.591261444E0
2.190823067E1,8.923094330E0,3.963008881E0,3.069217529E0
2.191824067E1,9.178163910E0,3.878584442E0,3.572620697E0
2.192825167E1,9.352401581E0,3.720962219E0,4.014052734E0
2.193826167E1,9.390422516E0,3.467688904E0,4.297413483E0
2.194827267E1,9.355245667E0,3.140619049E0,4.458328857E0
2.195828267E1,9.179660797E0,2.773133240E0,4.534520416E0
2.196829367E1,8.891360321E0,2.457888794E0,4.532574463E0
2.197830367E1,8.576265564E0,2.219434662E0,4.485721893E0
2.198831467E1,8.484057312E0,2.022743683E0,4.437222748E0
2.199832467E1,8.595126343E0,1.873803406E0,4.314477997E0
2.200833567E1,8.869056702E0,1.716929626E0,4.022135925E0
2.201834567E1,9.137598267E0,1.583107910E0,3.578458557E0
2.202835667E1,9.320368195E0,1.438059540E0,2.997067566E0
2.203836667E1,9.402547302E0,1.243613892E0,2.398162994E0
2.204837767E1,9.315727844E0,1.089434509E0,1.778451691E0
2.205838767E1,9.077722778E0,1.003812561E0,1.030008087E0
2.206839867E1,8.848848724E0,9.910890198E-1,3.537144470E-1
2.207840879E1,8.598120117E0,1.177152100E0,-1.061293030E-1
2.208841979E1,8.466992798E0,1.477427673E0,-3.408412170E-1
2.209842979E1,8.581953735E0,1.802102509E0,-3.522175598E-1
2.210844079E1,8.935967560E0,2.073338470E0,-2.155517578E-2
2.211845079E1,9.412875824E0,2.324216766E0,6.644682312E-1
2.212846179E1,9.941426697E0,2.698288879E0,1.387614441E0
2.213847279E1,1.047716263E1,3.083288269E0,1.978286133E0
2.214848279E1,1.082174606E1,3.511547699E0,2.356549530E0
2.215849379E1,1.060634399E1,4.134552155E0,2.451302490E0
2.216850379E1,1.061218185E1,4.672982483E0,2.634671173E0
2.217851479E1,1.127156067E1,4.793781281E0,2.963387604E0
2.218852479E1,1.211056595E1,4.871769104E0,3.191363525E0
2.219853579E1,1.284763321E1,4.926106110E0,3.274590454E0
2.220854579E1,1.337992630E1,4.887636108E0,3.389252014E0
2.221855679E1,1.360490845E1,4.802014160E0,3.536545715E0
2.222856679E1,1.344623840E1,4.574487305E0,3.594774628E0
2.223857779E1,1.287248154E1,4.192781067E0,3.518283691E0
2.224858779E1,1.188992477E1,3.737427979E0,3.427422638E0
2.225859879E1,1.070049820E1,3.284320221E0,3.324586487E0
2.226860879E1,9.525142365E0,2.864593048E0,3.102298737E0
2.227861979E1,8.473279724E0,2.478096771E0,2.771935730E0
2.228862979E1,7.634424133E0,2.129920807E0,2.451601868E0
2.229864079E1,7.109765167E0,1.851948853E0,2.183958435E0
2.230865079E1,6.694678345E0,1.614991608E0,2.009870453E0
2.231866179E1,6.164480896E0,1.471589813E0,1.925446014E0
2.232867179E1,5.577850800E0,1.375489655E0,1.797761536E0
2.233868279E1,5.048102417E0,1.319506073E0,1.637295227E0
2.234869279E1,4.684658203E0,1.404229889E0,1.548080750E0
2.235870379E1,4.664899292E0,1.614093475E0,1.567091217E0
2.236871479E1,5.015320587E0,1.795815582E0,1.522783356E0
2.237872479E1,5.477259979E0,2.026635590E0,1.407972107E0
2.238873579E1,5.999673615E0,2.362537079E0,1.252146149E0
2.239874579E1,6.798113251E0,2.792742462E0,1.107995911E0
2.240875679E1,7.842341766E0,3.398383026E0,1.214574280E0
2.241876679E1,8.925339661E0,4.153862000E0,1.697021027E0
2.242877779E1,1.027089157E1,4.807103577E0,2.510429535E0
2.243878779E1,1.178903458E1,5.423372040E0,3.429069214E0
2.244879879E1,1.331047073E1,5.992039490E0,4.327650604E0
2.245880879E1,1.472577759E1,6.439309387E0,5.059179382E0
2.246881979E1,1.580473389E1,6.575675812E0,5.353766785E0
2.247882979E1,1.630918488E1,6.358178101E0,5.043761444E0
2.248884079E1,1.595906296E1,5.938001862E0,4.314777374E0
2.249885079E1,1.477203140E1,5.501060486E0,3.360511780E0
2.250886179E1,1.333771408E1,5.154381409E0,2.562820587E0
2.251887179E1,1.185549637E1,4.867278442E0,2.012564850E0
2.252888279E1,1.050470535E1,4.615202637E0,1.860032043E0
2.253889279E1,9.459129639E0,4.369114380E0,2.095941467E0
2.254890379E1,8.771010590E0,4.154311066E0,2.482886810E0
2.255891379E1,8.393944702E0,3.978576508E0,2.874173126E0
2.256892479E1,8.221802673E0,3.948339386E0,3.307072906E0
2.257893479E1,8.259075165E0,3.982318726E0,3.832779694E0
2.258894579E1,8.424331512E0,4.065695343E0,4.313579865E0
2.259895679E1,8.632099457E0,4.183650055E0,4.548291779E0
2.260896679E1,8.758885803E0,4.328548737E0,4.575385437E0
2.261897779E1,8.700656891E0,4.369713135E0,4.536316681E0
2.262898779E1,8.467591553E0,4.205504608E0,4.558021545E0
2.263899879E1,8.055049438E0,3.829037476E0,4.636907501E0
2.264900879E1,7.581284637E0,3.415896606E0,4.659809875E0
2.265901979E1,7.150630188E0,3.041674805E0,4.656816101E0
2.266902979E1,6.975943451E0,2.759810944E0,4.705015869E0
2.267904079E1,7.008575592E0,2.578388214E0,4.887486420E0
2.268905079E1,7.202871552E0,2.499651947E0,5.065765686E0
2.269906179E1,7.394772491E0,2.562670898E0,5.153782654E0
2.270907179E1,7.416327667E0,2.530936890E0,5.199138336E0
2.271908279E1,7.306905212E0,2.465822296E0,5.262456665E0
2.272909279E1,7.021598511E0,2.491718445E0,5.339546356E0
2.273910379E1,6.632557526E0,2.568808136E0,5.379962311E0
2.274911379E1,6.171815643E0,2.612517242E0,5.395679626E0
2.275912479E1,6.161936188E0,2.539768524E0,5.570066986E0
2.276913479E1,7.836204529E0,2.802172852E0,6.231541443E0
2.277914579E1,1.075139236E1,3.411855011E0,7.253017273E0
2.278915579E1,1.371717499E1,3.865411835E0,8.160879364E0
2.279916679E1,1.601474716E1,3.942351837E0,8.503816223E0
2.280917679E1,1.693937439E1,3.528163147E0,8.331075439E0
2.281918779E1,1.639480682E1,2.826572113E0,7.789501648E0
2.282919879E1,1.483954102E1,2.055974579E0,6.832541656E0
2.283920879E1,1.293909302E1,1.315314789E0,5.804928589E0
2.284921979E1,1.108639572E1,7.146139526E-1,4.821324005E0
2.285922979E1,9.368867340E0,3.408412170E-1,4.171674957E0
2.286924079E1,7.746540985E0,1.315763855E-1,3.998185730E0
2.287925079E1,6.320007477E0,-1.321751404E-1,4.263284454E0
2.288926179E1,5.086722107E0,-4.673281860E-1,4.953349457E0
2.289927179E1,4.470004578E0,-6.780899048E-1,5.865702209E0
2.290928279E1,5.574857025E0,-1.043180695E0,7.183412018E0
2.291929279E1,8.302634583E0,-1.276844788E0,8.897796936E0
2.292930379E1,1.147977768E1,-8.660989380E-1,1.087578369E1
2.293931379E1,1.430739761E1,-4.326004028E-2,1.219933136E1
2.294932479E1,1.415261948E1,7.209008789E-1,1.266216888E1
2.295933479E1,1.206311462E1,8.729846191E-1,1.203377563E1
2.296934579E1,9.687404938E0,4.179309082E-1,1.063373703E1
2.297935579E1,7.616611176E0,-2.430944824E-1,9.345515900E0
2.298936679E1,6.245761871E0,-6.203100586E-1,8.624315643E0
2.299937679E1,5.725892944E0,-7.860154724E-1,8.526119843E0
2.300938779E1,5.923631744E0,-9.045689392E-1,8.594228210E0
2.301939779E1,6.605912933E0,-1.110241241E0,8.663983154E0
2.302940879E1,7.564220123E0,-1.236877899E0,8.821156311E0
2.303941979E1,8.362510071E0,-1.165177002E0,8.997489624E0
2.304942979E1,8.521928558E0,-9.318122864E-1,9.009015656E0
2.305944079E1,7.955207062E0,-5.804928589E-1,8.995094604E0
2.306945079E1,7.181166687E0,-4.315525818E-1,8.842711487E0
2.307946071E1,6.382128296E0,-5.072950745E-1,8.497529297E0
2.308947071E1,5.672753448E0,-4.632865906E-1,8.170309753E0
2.309948171E1,5.267097015E0,-2.386038208E-1,8.013585663E0
2.310949171E1,5.135071564E0,-4.101470947E-2,7.959248657E0
2.311950271E1,5.066963196E0,9.190887451E-2,7.969726868E0
2.312951271E1,4.913083191E0,2.038760376E-1,8.034242706E0
2.313952371E1,4.711003418E0,2.923420715E-1,8.143814850E0
2.314953371E1,4.651876373E0,2.885998535E-1,8.263266449E0
2.315954471E1,4.734953613E0,2.369572449E-1,8.281528473E0
2.316955471E1,4.857099609E0,4.129911804E-1,8.460256805E0
2.317956571E1,4.781656494E0,6.036946106E-1,8.891210632E0
2.318957571E1,4.578828278E0,5.204676819E-1,9.321416016E0
2.319958671E1,4.553830261E0,2.787203979E-1,9.657167816E0
2.320959671E1,4.584217072E0,7.634124756E-2,9.971364441E0
2.321960771E1,4.553081818E0,-1.282832336E-1,1.014739838E1
2.322961771E1,4.523144073E0,-3.128494263E-1,1.008707382E1
2.323962871E1,4.416865082E0,-3.808081055E-1,9.781259766E0
2.324963971E1,4.261637878E0,-2.290237427E-1,9.306746521E0
2.325964971E1,3.957769775E0,5.194198608E-2,8.804690552E0
2.326966071E1,3.557352448E0,3.478765869E-1,8.327632599E0
2.327967071E1,2.936892700E0,6.400689697E-1,7.950417023E0
2.328968171E1,2.268532562E0,9.451345825E-1,7.568860474E0
2.329969171E1,1.902693329E0,1.238973541E0,7.189848633E0
2.330970271E1,1.679806824E0,1.546434174E0,7.075037384E0
2.331971271E1,1.541943512E0,1.891616364E0,7.661817169E0
2.332972371E1,1.517993317E0,2.036365356E0,8.766519928E0
2.333973371E1,1.413510590E0,1.862427063E0,9.738897858E0
2.334974471E1,1.085991669E0,1.525777130E0,1.015084122E1
2.335975471E1,5.661227417E-1,1.347946930E0,1.017583923E1
2.336976571E1,1.140628052E-1,1.374741211E0,9.983638916E0
2.337977571E1,-1.434017944E-1,1.470991058E0,9.755213928E0
2.338978671E1,-2.656974792E-1,1.587299194E0,9.825567627E0
2.339979671E1,-2.695893860E-1,1.586700439E0,1.016221756E1
2.340980771E1,-1.742376709E-1,1.420096893E0,1.056652679E1
2.341981771E1,-8.666976929E-2,1.181942139E0,1.095616653E1
2.342982871E1,-4.999603271E-2,1.009500732E0,1.119013000E1
2.343983871E1,-8.771759033E-2,9.035211182E-1,1.127230911E1
2.344984971E1,-1.196012878E-1,8.321195984E-1,1.112516510E1
2.345985971E1,-1.282832336E-1,8.562194824E-1,1.069316345E1
2.346987071E1,-1.176553345E-1,1.078058167E0,1.005099884E1
2.347988171E1,3.966751099E-2,1.571432190E0,9.456584930E0
2.348989171E1,2.204914856E-1,2.196981354E0,8.961714020E0
2.349990271E1,2.974314880E-1,2.795287170E0,8.699010315E0
2.350991271E1,3.487747192E-1,3.199297028E0,8.610394592E0
2.351992371E1,2.960842896E-1,3.409759369E0,8.492140503E0
2.352993371E1,2.088157654E-1,3.450923767E0,8.158184967E0
2.353994471E1,8.786727905E-2,3.564088440E0,7.617509308E0
2.354995471E1,1.044827271E-1,3.817361755E0,7.011269989E0
2.355996571E1,2.818638611E-1,4.220772858E0,6.522835693E0
2.356997571E1,4.254153442E-1,4.727618866E0,6.378386078E0
2.357998671E1,6.280938721E-1,5.195845184E0,6.571035461E0
2.358999671E1,9.526190186E-1,5.569019165E0,6.918912048E0
2.360000771E1,1.306034088E0,5.936055908E0,7.230414276E0
2.361001771E1,1.616338806E0,6.303841095E0,7.425907745E0
2.362002871E1,1.855840759E0,6.634653168E0,7.560328217E0
2.363003871E1,1.949845276E0,6.931485901E0,7.767647095E0
2.364004971E1,2.012265472E0,7.089257813E0,8.031697998E0
2.365005971E1,2.184706879E0,7.112160187E0,8.402476959E0
2.366007071E1,2.355801086E0,7.005432129E0,8.737330627E0
2.367008071E1,2.490371246E0,7.021149445E0,9.126072235E0
2.368009171E1,2.457140350E0,7.271428986E0,9.456884308E0
2.369010271E1,2.095791779E0,7.569758606E0,9.450597382E0
2.370011271E1,1.958976288E0,8.048163757E0,9.162745972E0
2.371012371E1,2.043400726E0,8.682245178E0,8.604257355E0
2.372013371E1,1.924847260E0,9.196725311E0,7.697143707E0
2.373014471E1,1.792223053E0,9.594448242E0,6.730154572E0
2.374015471E1,1.620230713E0,9.977651367E0,6.091432800E0
2.375016571E1,1.419498138E0,1.032313293E1,5.998476105E0
2.376017571E1,1.113235016E0,1.046428940E1,6.326444092E0
2.377018671E1,8.437953186E-1,1.037746994E1,6.925198975E0
2.378019671E1,1.145867157E0,1.024858795E1,7.328310699E0
2.379020771E1,1.631607056E0,1.018691620E1,7.099586334E0
2.380021771E1,1.833686829E0,1.005129822E1,6.538403320E0
2.381022871E1,2.243983612E0,9.803413696E0,6.500681763E0
2.382023871E1,2.009122009E0,9.706714783E0,5.961652679E0
2.383024971E1,1.226250000E0,9.426946564E0,4.766837311E0
2.384025971E1,9.943821716E-1,8.925189972E0,4.259691925E0
2.385027071E1,8.973838806E-1,8.328680420E0,4.014352112E0
2.386028071E1,8.244854736E-1,7.883655853E0,3.854783936E0
2.387029171E1,8.864566040E-1,7.405699768E0,3.812422028E0
2.388030171E1,1.186283112E0,6.880591736E0,3.697910156E0
2.389031271E1,1.593586121E0,6.483018494E0,3.674708405E0
2.390032371E1,2.392325134E0,6.287075958E0,4.032165070E0
2.391033371E1,3.126548309E0,6.210135956E0,4.642146606E0
2.392034471E1,3.260070648E0,6.226302338E0,4.968168640E0
2.393035471E1,2.975362701E0,6.374194794E0,4.715194702E0
2.394036571E1,2.306254120E0,6.575675812E0,4.070186005E0
2.395037571E1,1.560654602E0,6.655908966E0,3.388802948E0
2.396038671E1,1.047821045E0,6.657555542E0,2.848276978E0
2.397039671E1,8.066725159E-1,6.709198151E0,2.860551453E0
2.398040771E1,7.878117371E-1,6.763086090E0,3.393592987E0
2.399041771E1,1.009351044E0,6.888974304E0,4.099824371E0
2.400042871E1,1.449884949E0,7.118297424E0,4.634811859E0
2.401043871E1,1.975292358E0,7.407496033E0,4.947511597E0
2.402044971E1,2.427951050E0,7.665559387E0,5.019062805E0
2.403045971E1,2.702330475E0,7.839647369E0,4.986730042E0
2.404047071E1,2.793939972E0,7.952063599E0,4.837191010E0
2.405048071E1,2.742297363E0,7.941585388E0,4.642146606E0
2.406049171E1,2.654729462E0,7.887547760E0,4.473447418E0
2.407050171E1,2.481389923E0,7.828121338E0,4.323908386E0
2.408051304E1,2.286644897E0,7.729326782E0,4.229155426E0
2.409052304E1,2.088157654E0,7.633526001E0,4.126169586E0
2.410053404E1,1.839824066E0,7.520511017E0,3.979175262E0
2.411054404E1,1.601819000E0,7.392976227E0,3.805087280E0
2.412055504E1,1.405277710E0,7.326065369E0,3.559148712E0
2.413056604E1,1.183139648E0,7.354805603E0,3.303330688E0
2.414057604E1,9.125024414E-1,7.404202881E0,3.018023987E0
2.415058704E1,7.198530579E-1,7.463629303E0,2.879861298E0
2.416059704E1,4.483177185E-1,7.585475922E0,2.790497131E0
2.417060804E1,1.377136230E-1,7.658673706E0,2.672243042E0
2.418061804E1,-1.040336609E-1,7.623197479E0,2.655926971E0
2.419062904E1,-3.610491943E-1,7.638166351E0,2.748284912E0
2.420063904E1,-6.084846497E-1,7.676187286E0,2.778522034E0
2.421065004E1,-6.945556641E-1,7.723339233E0,2.830464020E0
2.422066004E1,-6.584806824E-1,7.870183868E0,2.865042114E0
2.423067104E1,-5.551954651E-1,8.052055664E0,2.795586548E0
2.424068104E1,-5.149291992E-1,8.245453491E0,2.630928955E0
2.425069204E1,-5.807922363E-1,8.401728516E0,2.484832764E0
2.426070204E1,-6.581813049E-1,8.431067505E0,2.581980743E0
2.427071304E1,-7.312294006E-1,8.476273499E0,2.898123322E0
2.428072304E1,-7.173083496E-1,8.534502411E0,3.305725708E0
2.429073404E1,-6.385720825E-1,8.646020508E0,3.703448639E0
2.430074404E1,-4.875361633E-1,8.750503235E0,4.031566315E0
2.431075504E1,-4.465214539E-1,8.859027557E0,4.113146667E0
2.432076604E1,-5.171745300E-1,8.959768066E0,4.032614136E0
2.433077604E1,-6.218069458E-1,9.036259003E0,4.007915497E0
2.434078704E1,-6.854246521E-1,9.084907837E0,3.968247986E0
2.435079704E1,-6.292913818E-1,9.144783325E0,3.888164520E0
2.436080804E1,-5.827381897E-1,9.180409241E0,3.828289032E0
2.437081804E1,-5.284011841E-1,9.201814728E0,3.813619537E0
2.438082904E1,-5.049000549E-1,9.200766907E0,3.807781677E0
2.439083904E1,-5.836363220E-1,9.172026672E0,3.788771210E0
2.440085004E1,-7.556286621E-1,9.138047333E0,3.882027283E0
2.441086004E1,-1.075513458E0,9.147777100E0,4.031716003E0
2.442087104E1,-1.430126038E0,9.043444061E0,4.014501801E0
2.443088104E1,-1.877096558E0,8.702453156E0,4.199966125E0
2.444089204E1,-2.349663849E0,8.367449799E0,4.593797150E0
2.445090204E1,-2.743794250E0,8.223598938E0,5.025349731E0
2.446091304E1,-2.969824219E0,8.111033020E0,5.288053436E0
2.447092304E1,-2.810256042E0,7.986791382E0,5.469775543E0
2.448093404E1,-2.390079803E0,7.822732544E0,5.711672516E0
2.449094404E1,-1.866169281E0,7.511080627E0,6.027066650E0
2.450095504E1,-1.301693115E0,7.015461273E0,6.374344482E0
2.451096504E1,-8.750802612E-1,6.465953979E0,6.716682587E0
2.452097604E1,-5.301974487E-1,5.929020538E0,7.030280457E0
2.453098704E1,-2.336640930E-1,5.470074921E0,7.258406067E0
2.454099704E1,-5.807922363E-2,5.126838684E0,7.335046692E0
2.455100804E1,1.672023010E-1,4.969066772E0,7.214397583E0
2.456101804E1,4.204756165E-1,5.014123077E0,7.149133301E0
2.457102904E1,5.367837524E-1,5.054239655E0,7.454348602E0
2.458103904E1,6.494993591E-1,4.886438599E0,7.983498230E0
2.459105004E1,7.857160950E-1,4.640649719E0,8.300389252E0
2.460106004E1,8.321195984E-1,4.588408356E0,8.472980347E0
2.461107104E1,7.605683899E-1,4.791086884E0,8.500972137E0
2.462108104E1,6.167175293E-1,5.192701721E0,8.387957153E0
2.463109204E1,3.989204407E-1,5.524711304E0,8.083490295E0
2.464110204E1,2.850073242E-1,5.743556213E0,7.716752930E0
2.465111304E1,3.065625000E-1,5.943091278E0,7.389832764E0
2.466112304E1,4.070036316E-1,6.137387238E0,7.174730072E0
2.467113404E1,5.542973328E-1,6.358477478E0,7.077282715E0
2.468114404E1,6.759942627E-1,6.458469543E0,7.171885986E0
2.469115504E1,7.756869507E-1,6.328689423E0,7.527845764E0
2.470116504E1,8.753796387E-1,6.024521942E0,8.074958038E0
2.471117604E1,1.094673615E0,5.783373413E0,8.602760468E0
2.472118704E1,1.405726776E0,5.610782318E0,9.057814178E0
2.473119704E1,1.734143829E0,5.445525970E0,9.364226990E0
2.474120804E1,2.515668640E0,5.197491760E0,9.680968323E0
2.475121804E1,3.331921234E0,5.159321136E0,9.815239105E0
2.476122904E1,2.539319458E0,5.789360962E0,9.298064575E0
2.477123904E1,2.766097870E0,5.482648773E0,8.536448364E0
2.478125004E1,2.979703674E0,5.120102692E0,7.910899200E0
2.479126004E1,2.525248718E0,5.264103241E0,7.713609467E0
2.480127104E1,2.362387390E0,5.127138062E0,7.704777832E0
2.481128104E1,2.290387115E0,4.752317505E0,7.835605774E0
2.482129204E1,2.299368439E0,4.621788940E0,8.158035278E0
2.483130204E1,2.440375214E0,4.778662720E0,8.271798706E0
2.484131304E1,2.845881958E0,5.079537048E0,8.149353333E0
2.485132304E1,3.339555359E0,5.558840332E0,7.922724609E0
2.486133404E1,3.680845642E0,5.836213531E0,8.126001892E0
2.487134404E1,3.655697937E0,6.001020813E0,8.409212952E0
2.488135504E1,3.318898315E0,6.062243500E0,8.695567474E0
2.489136504E1,2.785557404E0,5.893993378E0,8.987759857E0
2.490137604E1,2.374661865E0,5.701343994E0,9.151070251E0
2.491138704E1,2.203567657E0,5.516179047E0,9.228010254E0
2.492139704E1,2.214045868E0,5.322781219E0,9.529034271E0
2.493140804E1,2.302960968E0,5.021158447E0,9.736502838E0
2.494141804E1,2.562072144E0,4.998854828E0,9.399703217E0
2.495142904E1,2.709665222E0,5.219795380E0,9.755662994E0
2.496143904E1,2.970273285E0,5.268144836E0,1.015099091E1
2.497145004E1,3.245550842E0,4.919669495E0,1.061008621E1
2.498146004E1,3.052003326E0,4.352349243E0,1.119357285E1
2.499147104E1,2.499951324E0,3.958967285E0,1.117171829E1
2.500148104E1,1.807341614E0,3.736829224E0,1.069196594E1
2.501149204E1,1.505269775E0,3.815565491E0,1.012015503E1
2.502150204E1,1.529818726E0,4.163142700E0,9.603728943E0
2.503151304E1,1.747466125E0,4.567901001E0,9.341174927E0
2.504152304E1,2.120640106E0,4.771327972E0,9.416019287E0
2.505153404E1,2.392624512E0,4.744533691E0,9.700427856E0
2.506154404E1,2.424508209E0,4.567451935E0,1.009111542E1
2.507155504E1,2.346071320E0,4.276906128E0,1.036010605E1
2.508156554E1,2.177521820E0,3.902983704E0,1.020532791E1
2.509157654E1,1.836830292E0,3.444936218E0,9.663903809E0
2.510158654E1,1.542542267E0,3.123404846E0,8.968899078E0
2.511159754E1,1.327888641E0,3.002456360E0,8.333769836E0
2.512160854E1,1.122815094E0,3.027304688E0,7.754025421E0
2.513161854E1,1.019529877E0,3.178340607E0,7.268135834E0
2.514162954E1,1.010847931E0,3.445385284E0,6.902745667E0
2.515163954E1,1.106199646E0,3.787573700E0,6.833888855E0
2.516165054E1,1.288370819E0,4.190835114E0,6.958130493E0
2.517166054E1,1.385967865E0,4.460873566E0,7.062164154E0
2.518167154E1,1.362766113E0,4.518354034E0,7.213948517E0
2.519168154E1,1.260079651E0,4.469256134E0,7.403005371E0
2.520169254E1,1.159788208E0,4.345164185E0,7.597001953E0
2.521170254E1,1.203796692E0,4.215533752E0,7.832911377E0
2.522171354E1,1.344354401E0,4.103416901E0,7.987090759E0
2.523172354E1,1.662891998E0,4.040547638E0,8.194409637E0
2.524173454E1,1.916764069E0,3.964505768E0,8.473279724E0
2.525174454E1,2.055375824E0,3.825444946E0,8.850644989E0
2.526175554E1,2.193239136E0,3.626508636E0,9.317973175E0
2.527176554E1,2.295775909E0,3.449426880E0,9.816286926E0
2.528177654E1,2.343825989E0,3.323239288E0,1.024110352E1
2.529178654E1,2.417023773E0,3.194057922E0,1.048255142E1
2.530179754E1,2.482138367E0,3.052302704E0,1.041668839E1
2.531180854E1,2.492616577E0,3.001408539E0,1.018990997E1
2.532181854E1,2.477348328E0,3.115770721E0,9.710307312E0
2.533182954E1,2.320624237E0,3.380719757E0,8.998986511E0
2.534183954E1,2.354004822E0,3.814966736E0,7.591613159E0
2.535185054E1,2.753374329E0,4.253554688E0,7.273824005E0
2.536186054E1,2.889890442E0,4.500990143E0,7.252268829E0
2.537187154E1,2.782413940E0,4.599036255E0,7.319628754E0
2.538188154E1,2.468516693E0,4.579876099E0,7.379803619E0
2.539189254E1,2.180964661E0,4.577331390E0,7.462880859E0
2.540190254E1,2.069446564E0,4.743336182E0,7.493117981E0
2.541191354E1,2.149530029E0,5.054988098E0,7.323071594E0
2.542192354E1,2.433040466E0,5.226381683E0,7.240443420E0