"Time (s)","X (rad/s)","Y (rad/s)","Z (rad/s)"
3.167154168E-2,-9.527996778E-1,2.666163146E-1,-5.671455264E-1
4.168154168E-2,-9.022461772E-1,3.805379272E-1,-5.687958598E-1
5.169254169E-2,-8.051539660E-1,4.078659415E-1,-5.308200121E-1
6.170229168E-2,-6.989183426E-1,3.315048218E-1,-5.163234472E-1
7.171229168E-2,-5.609894991E-1,1.839814037E-1,-5.807687640E-1
8.172329169E-2,-3.889974654E-1,1.347398758E-2,-6.781158447E-1
9.173329169E-2,-2.108003050E-1,-1.491673887E-1,-7.537144423E-1
1.017432917E-1,-6.849073619E-2,-2.652144432E-1,-7.838764787E-1
1.117542917E-1,3.293202817E-2,-3.106077313E-1,-7.711116672E-1
1.217642917E-1,7.210388035E-2,-2.719427943E-1,-7.413945794E-1
1.317742917E-1,7.767201215E-2,-1.646978408E-1,-7.109107375E-1
1.417852917E-1,5.454831943E-2,-6.381648779E-2,-6.898365617E-1
1.517952917E-1,1.578814164E-2,2.539700642E-2,-6.825123429E-1
1.618052917E-1,-2.278362401E-2,9.688933194E-2,-6.721243858E-1
1.718162917E-1,-4.440476373E-2,1.101145893E-1,-6.580780745E-1
1.818262917E-1,-3.136241436E-2,6.300240755E-2,-6.468334198E-1
1.918362917E-1,3.030179068E-3,-5.625917576E-3,-6.295849085E-1
2.018472917E-1,6.194811687E-2,-5.835773796E-2,-6.289796829E-1
2.118572917E-1,1.199930459E-1,-8.977292478E-2,-6.327520609E-1
2.218672917E-1,1.967731565E-1,-1.828250140E-1,-5.887599587E-1
2.318772917E-1,2.620834410E-1,-2.757450938E-1,-4.918995202E-1
2.418882917E-1,2.906781733E-1,-3.644198477E-1,-3.925586939E-1
2.518982917E-1,3.257365823E-1,-3.719499409E-1,-3.116326928E-1
2.619082917E-1,2.879254520E-1,-2.694997191E-1,-3.094312847E-1
2.719192917E-1,2.161719203E-1,-1.145700738E-1,-3.313096762E-1
2.819292917E-1,1.687171608E-1,4.942273721E-2,-3.656958044E-1
2.919392917E-1,1.201163381E-1,2.693960965E-1,-3.630044162E-1
3.019502917E-1,6.888927519E-2,2.619214952E-1,-3.380148411E-1
3.119602917E-1,5.200376734E-2,2.632749379E-1,-3.375232220E-1
3.219702917E-1,3.820312396E-2,2.179424614E-1,-3.570696712E-1
3.319812917E-1,1.840119064E-2,1.932794452E-1,-3.687361777E-1
3.419912917E-1,-1.092490274E-2,1.573091894E-1,-3.891111314E-1
3.520012917E-1,-4.362719133E-2,1.766578555E-1,-4.073582888E-1
3.620122917E-1,-8.927682787E-2,1.426191032E-1,-4.044387043E-1
3.720222917E-1,-1.345058084E-1,7.336068153E-2,-3.802239001E-1
3.820322917E-1,-1.764870286E-1,2.651858144E-2,-3.693352938E-1
3.920432917E-1,-2.056041658E-1,1.587232947E-2,-3.922674954E-1
4.020532917E-1,-1.971437782E-1,-7.478424907E-2,-3.910831809E-1
4.120632917E-1,-1.403590590E-1,-1.973857880E-1,-3.874205351E-1
4.220742917E-1,-3.929246590E-2,-2.507544458E-1,-4.075925052E-1
4.320842917E-1,7.602879405E-2,-2.378959060E-1,-4.241672158E-1
4.420942917E-1,1.594281644E-1,-2.309228033E-1,-4.281803966E-1
4.521052917E-1,2.105334252E-1,-2.105373740E-1,-4.323056340E-1
4.621152917E-1,2.226353437E-1,-1.937862635E-1,-4.324571192E-1
4.721252917E-1,2.105251551E-1,-3.736244440E-1,-3.785121441E-1
4.821362917E-1,1.701716185E-1,-2.289915979E-1,-4.573811293E-1
4.921462917E-1,7.201682031E-2,-2.240220830E-2,-5.888063312E-1
5.021562917E-1,-6.463881582E-2,1.612827331E-1,-6.773854494E-1
5.121672917E-1,-1.696600318E-1,2.630525231E-1,-7.141466737E-1
5.221772917E-1,-2.287375629E-1,3.217872679E-1,-7.141385674E-1
5.321872917E-1,-2.557396293E-1,3.241769373E-1,-6.841667891E-1
5.421982917E-1,-2.612382174E-1,2.710086107E-1,-6.342694163E-1
5.522082917E-1,-2.504771650E-1,2.213358581E-1,-5.648552179E-1
5.622182917E-1,-2.252062261E-1,1.607173234E-1,-5.192734003E-1
5.722292917E-1,-1.837773025E-1,7.990156859E-2,-4.982967079E-1
5.822392917E-1,-1.460370719E-1,-3.918419406E-2,-5.061287284E-1
5.922492917E-1,-1.230047271E-1,-1.215842590E-1,-5.156138539E-1
6.022602917E-1,-2.184462845E-1,1.132455617E-1,-5.179949999E-1
6.122702917E-1,-4.323236942E-1,-1.398562193E-1,-4.983970523E-1
6.222802917E-1,-4.651826024E-1,-1.057193279E-1,-4.497002959E-1
6.322912917E-1,-4.623388648E-1,3.066674434E-2,-4.315820038E-1
6.423012917E-1,-5.195813775E-1,9.276163578E-2,-4.144201577E-1
6.523112917E-1,-5.328292847E-1,2.579830885E-1,-3.130762279E-1
6.623222917E-1,-5.601827502E-1,4.490424991E-1,-2.255115509E-1
6.723322917E-1,-5.624634624E-1,5.486889482E-1,-1.407314092E-1
6.823422917E-1,-5.207588077E-1,5.424593091E-1,-7.008808106E-2
6.923532917E-1,-4.287726879E-1,4.499762654E-1,-3.072017059E-2
7.023632917E-1,-3.209979832E-1,2.661793530E-1,-1.859969646E-2
7.123732917E-1,-2.148960680E-1,-1.125225984E-2,-2.173743211E-2
7.223842917E-1,-1.111075580E-1,-3.262048066E-1,-4.535003006E-2
7.323942917E-1,-8.304477669E-3,-6.716024280E-1,-4.511221126E-2
7.424042917E-1,1.067328677E-1,-1.073796391E0,-1.460953988E-2
7.524152917E-1,2.710890472E-1,-1.544353724E0,4.517629743E-2
7.624252917E-1,4.646055698E-1,-2.127140284E0,9.089867026E-2
7.724352917E-1,6.924818158E-1,-2.752002001E0,1.299760342E-1
7.824462917E-1,9.879840612E-1,-3.428512096E0,1.721029729E-1
7.924562917E-1,1.350589871E0,-4.124324799E0,1.869567633E-1
8.024662917E-1,1.762947202E0,-4.826190472E0,1.541141868E-1
8.124772917E-1,2.259734392E0,-5.468612194E0,9.564660490E-2
8.224872917E-1,2.886562347E0,-5.997731209E0,-3.739729896E-2
8.324972917E-1,3.526832104E0,-6.532152653E0,-2.080121785E-1
8.425082917E-1,4.102231026E0,-7.043941975E0,-3.277248144E-1
8.525182917E-1,4.586310387E0,-7.426939487E0,-3.662764430E-1
8.625282917E-1,4.977025032E0,-7.710745335E0,-3.672142625E-1
8.725392917E-1,5.268102169E0,-7.934239388E0,-3.133539557E-1
8.825492917E-1,5.461971283E0,-8.048083305E0,-1.440757662E-1
8.925592917E-1,5.571697712E0,-8.053362846E0,1.282170117E-1
9.025702917E-1,5.583104134E0,-7.938981533E0,4.767581522E-1
9.125802917E-1,5.463898182E0,-7.644439697E0,9.347859025E-1
9.225902917E-1,5.203313351E0,-7.079023361E0,1.469399929E0
9.326012917E-1,4.755559444E0,-6.331696510E0,2.104383230E0
9.426112917E-1,4.147405624E0,-5.417865753E0,2.785669804E0
9.526212917E-1,3.461774111E0,-4.321307659E0,3.398019552E0
9.626322917E-1,2.746450424E0,-3.167537212E0,3.858642578E0
9.726422917E-1,2.048560858E0,-1.989547253E0,4.086644173E0
9.826522917E-1,1.340111971E0,-7.551690936E-1,4.033967495E0
9.926632917E-1,5.848988891E-1,4.812438786E-1,3.724194765E0
1.002673292E0,-2.435135990E-1,1.564016104E0,3.230929136E0
1.012683292E0,-1.101644516E0,2.452658415E0,2.703831673E0
1.022694292E0,-1.947845459E0,3.003104925E0,2.208381653E0
1.032704292E0,-2.660119534E0,3.166839361E0,1.741249561E0
1.042714292E0,-3.175914288E0,3.005786419E0,1.343115568E0
1.052725292E0,-3.472554922E0,2.611470699E0,1.020636320E0
1.062735542E0,-3.546011925E0,2.154433012E0,7.446134686E-1
1.072745542E0,-3.417387009E0,1.738484025E0,5.009469986E-1
1.082756542E0,-3.132058382E0,1.361220717E0,2.854658365E-1
1.092766542E0,-2.752672911E0,1.065933466E0,1.099403799E-1
1.102776542E0,-2.306028366E0,9.144243598E-1,-1.178893074E-2
1.112787542E0,-1.855512619E0,7.738744020E-1,-8.386818320E-2
1.122797542E0,-1.494127989E0,6.482369900E-1,-1.590474695E-1
1.132807542E0,-1.204827547E0,5.111395717E-1,-2.659376860E-1
1.142818542E0,-9.635472894E-1,3.362766504E-1,-3.569261432E-1
1.152828542E0,-7.292886972E-1,1.381401271E-1,-4.135353565E-1
1.162838542E0,-5.222525001E-1,-7.096832246E-2,-4.105870724E-1
1.172849542E0,-3.462233841E-1,-2.591579258E-1,-3.438117802E-1
1.182859542E0,-1.913962364E-1,-4.016267955E-1,-2.217278332E-1
1.192869542E0,-6.061852351E-2,-4.913617373E-1,-5.930456519E-2
1.202880542E0,4.298257455E-2,-5.430479050E-1,1.235320866E-1
1.212890542E0,1.118260920E-1,-5.610420704E-1,3.264212906E-1
1.222900542E0,1.396424621E-1,-5.512191653E-1,5.422524214E-1
1.232911542E0,1.359278709E-1,-5.359666944E-1,7.848139405E-1
1.242921542E0,1.021777540E-1,-5.147037506E-1,1.034962773E0
1.252931542E0,5.215773731E-2,-4.780786335E-1,1.263552785E0
1.262942542E0,-2.107872441E-2,-4.505146742E-1,1.457767963E0
1.272952542E0,-1.199360639E-1,-4.704100788E-1,1.588026643E0
1.282963542E0,-2.268250883E-1,-5.200096965E-1,1.664123654E0
1.292973542E0,-3.269892335E-1,-5.937419534E-1,1.725907445E0
1.302983542E0,-3.996884227E-1,-6.755540371E-1,1.818350077E0
1.312994542E0,-4.410057664E-1,-7.510525584E-1,1.971016407E0
1.323004542E0,-4.418081045E-1,-8.247600794E-1,2.171118736E0
1.333014542E0,-3.979229331E-1,-9.102829695E-1,2.418095827E0
1.343025542E0,-3.038111925E-1,-1.027630687E0,2.691498995E0
1.353035542E0,-1.616005152E-1,-1.229867101E0,3.003341436E0
1.363045542E0,3.541127592E-2,-1.558100462E0,3.308589458E0
1.373056542E0,2.841276228E-1,-1.945499063E0,3.501715422E0
1.383066542E0,5.836929679E-1,-2.312808752E0,3.566686869E0
1.393076542E0,8.975036144E-1,-2.564549685E0,3.510893106E0
1.403087542E0,1.139074445E0,-2.696650505E0,3.355483294E0
1.413097542E0,1.243034959E0,-2.720323563E0,3.166992426E0
1.423107542E0,1.180845737E0,-2.636631966E0,3.024507284E0
1.433118542E0,9.401395917E-1,-2.469693661E0,2.960338593E0
1.443128542E0,5.242118239E-1,-2.237300158E0,2.958926916E0
1.453138542E0,-2.038221620E-2,-1.925899506E0,2.997556925E0
1.463149542E0,-6.442041397E-1,-1.556859851E0,3.043837547E0
1.473159542E0,-1.288420677E0,-1.119227290E0,3.075387716E0
1.483169542E0,-1.927388430E0,-6.294792295E-1,3.090126514E0
1.493180542E0,-2.502533197E0,-1.117526889E-1,3.087204933E0
1.503190542E0,-2.989060640E0,3.979765773E-1,3.078303099E0
1.513200542E0,-3.369551420E0,8.561511040E-1,3.062289953E0
1.523211542E0,-3.626881838E0,1.264565706E0,3.031608105E0
1.533221542E0,-3.765568256E0,1.605692148E0,2.966790915E0
1.543231542E0,-3.788050413E0,1.848801494E0,2.846555233E0
1.553242542E0,-3.704498768E0,1.992089391E0,2.667078018E0
1.563252542E0,-3.529964447E0,2.045113325E0,2.456125975E0
1.573263542E0,-3.285574913E0,1.994079947E0,2.248704195E0
1.583273542E0,-2.979587793E0,1.903536439E0,2.058140755E0
1.593283542E0,-2.638309002E0,1.730267644E0,1.887513638E0
1.603294542E0,-2.295171022E0,1.494973063E0,1.717897058E0
1.613304542E0,-1.953143120E0,1.249191761E0,1.529025674E0
1.623314542E0,-1.609970331E0,1.018386126E0,1.335302591E0
1.633325542E0,-1.258528352E0,8.233876824E-1,1.151219368E0
1.643335542E0,-9.114823937E-1,6.590459347E-1,9.594522715E-1
1.653345542E0,-5.750495195E-1,5.319945216E-1,7.492468953E-1
1.663356542E0,-2.653200924E-1,4.515328705E-1,5.068219304E-1
1.673366542E0,-1.862295903E-2,4.345126152E-1,2.287591696E-1
1.683376542E0,1.806832403E-1,4.711354077E-1,-5.438657477E-2
1.693387542E0,3.156801760E-1,5.340368152E-1,-2.992048562E-1
1.703397542E0,3.982871771E-1,5.991564393E-1,-4.951926470E-1
1.713407542E0,4.249486029E-1,6.999202967E-1,-6.445145011E-1
1.723418542E0,3.897229433E-1,8.294409513E-1,-7.456493974E-1
1.733428542E0,2.868745923E-1,9.696068764E-1,-8.033052683E-1
1.743438542E0,1.420875490E-1,1.170703173E0,-8.339475989E-1
1.753449542E0,-2.507027611E-2,1.413695335E0,-8.470748663E-1
1.763459542E0,-1.866081506E-1,1.668064952E0,-8.570432663E-1
1.773470542E0,-3.188157380E-1,1.967966676E0,-9.567647576E-1
1.783480542E0,-4.444243312E-1,2.247522354E0,-1.034075975E0
1.793490542E0,-5.440046787E-1,2.436202288E0,-1.081456542E0
1.803501542E0,-5.698241591E-1,2.539005280E0,-1.151057839E0
1.813511542E0,-5.448319912E-1,2.575338840E0,-1.223289132E0
1.823521542E0,-4.981897175E-1,2.576759815E0,-1.269629717E0
1.833532542E0,-4.410966337E-1,2.550255060E0,-1.291726232E0
1.843542542E0,-3.728887141E-1,2.511836767E0,-1.298419952E0
1.853552542E0,-2.951001823E-1,2.418106079E0,-1.275102973E0
1.863563542E0,-2.121744752E-1,2.230635405E0,-1.207135439E0
1.873573542E0,-1.276089996E-1,1.973086119E0,-1.117928624E0
1.883583542E0,-4.599486291E-2,1.670275450E0,-1.023006320E0
1.893594542E0,2.667561360E-2,1.353618622E0,-9.454227686E-1
1.903604542E0,7.481980324E-2,1.052157998E0,-8.807167411E-1
1.913614542E0,9.793177992E-2,7.889183164E-1,-8.051258326E-1
1.923625542E0,1.086452603E-1,5.745270848E-1,-7.116518617E-1
1.933635542E0,1.214998066E-1,4.133187532E-1,-6.056529880E-1
1.943645542E0,1.473514438E-1,2.873275280E-1,-4.866939783E-1
1.953656542E0,1.759061217E-1,1.560059935E-1,-3.558733761E-1
1.963666542E0,1.979308873E-1,4.115352407E-2,-2.354555428E-1
1.973677542E0,2.133002579E-1,-1.777237840E-2,-1.537369788E-1
1.983687542E0,2.133078277E-1,-4.859497771E-3,-1.238205656E-1
1.993697542E0,2.065356821E-1,6.825546175E-2,-1.529025435E-1
2.003708542E0,1.997394562E-1,1.887967587E-1,-2.195205241E-1
2.013718542E0,2.051877528E-1,3.271072209E-1,-3.211297095E-1
2.023728542E0,2.154130638E-1,4.304059446E-1,-4.271996319E-1
2.033739542E0,2.397410274E-1,4.885387421E-1,-5.039282441E-1
2.043749542E0,2.676269412E-1,5.011757016E-1,-5.347464085E-1
2.053759542E0,2.861324549E-1,4.480060041E-1,-5.061906576E-1
2.063770208E0,2.948505282E-1,3.470466435E-1,-4.219764769E-1
2.073780208E0,2.938300073E-1,2.219422460E-1,-3.180412948E-1
2.083790208E0,2.717381120E-1,9.981524944E-2,-2.233242393E-1
2.093801208E0,2.260020524E-1,2.355110459E-2,-1.640052795E-1
2.103811208E0,1.622960418E-1,-7.439986803E-4,-1.418462843E-1
2.113821208E0,7.730390877E-2,2.186171152E-2,-1.447232962E-1
2.123832208E0,-2.458100207E-2,7.408445328E-2,-1.447572261E-1
2.133842208E0,-1.255222708E-1,1.167672053E-1,-1.166731268E-1
2.143852208E0,-2.427874506E-1,1.305119991E-1,-4.062900692E-2
2.153863208E0,-3.687552214E-1,1.549214721E-1,4.781936482E-2
2.163873208E0,-4.918409586E-1,1.952181458E-1,1.272373796E-1
2.173883208E0,-6.003363132E-1,2.360196412E-1,1.883545369E-1
2.183894208E0,-6.716811061E-1,2.668539286E-1,2.122100145E-1
2.193904208E0,-7.024603486E-1,2.556665242E-1,2.098368704E-1
2.203915208E0,-7.152175903E-1,2.132134438E-1,1.864657700E-1
2.213925208E0,-7.162354589E-1,1.772024482E-1,1.393576413E-1
2.223935208E0,-7.024487853E-1,1.710436642E-1,7.453705370E-2
2.233946208E0,-6.718720198E-1,1.790573895E-1,2.674576361E-3
2.243956208E0,-5.981639624E-1,1.859523803E-1,-5.965943635E-2
2.253966208E0,-4.772367179E-1,2.065780312E-1,-1.389180422E-1
2.263977208E0,-3.173909485E-1,2.049803883E-1,-2.240210474E-1
2.273987208E0,-1.580691934E-1,1.932257414E-1,-3.077740073E-1
2.283997208E0,-1.945547014E-2,1.749449074E-1,-3.886467516E-1
2.294008208E0,6.715559214E-2,1.091536433E-1,-4.615529180E-1
2.304018208E0,1.074875370E-1,2.782093920E-2,-5.023050904E-1
2.314028208E0,1.235650405E-1,-2.387341484E-2,-5.079424977E-1
2.324039208E0,1.247468293E-1,-6.734243780E-2,-4.888745844E-1
2.334049208E0,1.219694242E-1,-1.368781030E-1,-4.538098276E-1
2.344060208E0,1.137321442E-1,-2.128054351E-1,-4.377096593E-1
2.354070208E0,1.068627983E-1,-2.678364515E-1,-4.460184574E-1
2.364080208E0,1.125415191E-1,-2.839531302E-1,-4.874065518E-1
2.374091208E0,1.332673132E-1,-2.423081994E-1,-5.390021205E-1
2.384101208E0,1.722819209E-1,-1.616674364E-1,-5.938418508E-1
2.394111208E0,2.310448289E-1,-7.670515031E-2,-6.368889213E-1
2.404122208E0,3.052930534E-1,-2.683534846E-2,-6.430039406E-1
2.414132208E0,3.993849456E-1,-2.835281752E-2,-6.163885593E-1
2.424142208E0,5.040919185E-1,-8.070726693E-2,-5.638404489E-1
2.434153208E0,6.112002730E-1,-1.662152410E-1,-4.914754927E-1
2.444163208E0,7.140298486E-1,-2.646973431E-1,-4.117549062E-1
2.454173208E0,8.068976998E-1,-3.579210341E-1,-3.372670710E-1
2.464184208E0,8.986845016E-1,-4.409213364E-1,-2.709562182E-1
2.474194208E0,9.827713966E-1,-5.289701819E-1,-2.318202555E-1
2.484204208E0,1.051651120E0,-6.252920032E-1,-2.110075206E-1
2.494215208E0,1.097564101E0,-7.157363892E-1,-2.107553184E-1
2.504225208E0,1.112631559E0,-7.731398940E-1,-2.143830061E-1
2.514236208E0,1.099236131E0,-7.904642820E-1,-2.220281363E-1
2.524246208E0,1.044812560E0,-7.907806039E-1,-2.315413803E-1
2.534256208E0,9.526694417E-1,-7.840846181E-1,-2.356415838E-1
2.544267208E0,8.388758302E-1,-7.715290189E-1,-2.365345359E-1
2.554277208E0,7.040773034E-1,-7.464175820E-1,-2.296177745E-1
2.564287208E0,5.504029393E-1,-7.146577835E-1,-2.154463530E-1
2.574298208E0,3.841524422E-1,-6.625330448E-1,-1.904136986E-1
2.584308208E0,2.198113501E-1,-5.812008381E-1,-1.587941498E-1
2.594318208E0,6.262731552E-2,-4.777024090E-1,-1.393980831E-1
2.604329208E0,-6.566497684E-2,-3.641892672E-1,-1.262892187E-1
2.614339208E0,-1.639707834E-1,-2.547184229E-1,-1.245397851E-1
2.624350208E0,-2.287149727E-1,-1.666242927E-1,-1.207906306E-1
2.634360208E0,-2.536834180E-1,-1.052328348E-1,-1.185823381E-1
2.644370208E0,-2.655768096E-1,-6.504788250E-2,-1.077368855E-1
2.654381208E0,-2.714434862E-1,-3.448411450E-2,-8.246773481E-2
2.664391208E0,-2.896446884E-1,1.110486593E-2,-6.685096771E-2
2.674401208E0,-3.248375654E-1,7.090135664E-2,-6.569755077E-2
2.684412208E0,-3.856364787E-1,1.304758042E-1,-7.811247557E-2
2.694422208E0,-4.614100754E-1,1.744155735E-1,-8.596214652E-2
2.704432208E0,-5.388033986E-1,1.711454540E-1,-6.621825695E-2
2.714443208E0,-5.986790061E-1,9.999936819E-2,1.331731584E-2
2.724453208E0,-6.455044746E-1,-2.501922101E-2,1.598607302E-1
2.734463208E0,-6.918532848E-1,-1.174990907E-1,3.025257289E-1
2.744474208E0,-7.387519479E-1,-1.564493924E-1,4.245210588E-1
2.754484208E0,-7.887306809E-1,-1.177131832E-1,4.992504120E-1
2.764494208E0,-8.370233774E-1,1.641905401E-3,5.337357521E-1
2.774505208E0,-8.543674946E-1,1.761772335E-1,5.482196212E-1
2.784515208E0,-8.321110606E-1,3.421169817E-1,5.628233552E-1
2.794526208E0,-7.685939074E-1,4.572435617E-1,5.902081132E-1
2.804536208E0,-6.614001393E-1,5.126352310E-1,6.388585567E-1
2.814546208E0,-5.179582834E-1,5.114367604E-1,6.884455681E-1
2.824557208E0,-3.454648256E-1,4.660645425E-1,7.245671153E-1
2.834567208E0,-1.514240056E-1,3.748611212E-1,7.405567169E-1
2.844577208E0,5.411610380E-2,2.473894805E-1,7.363353372E-1
2.854588208E0,2.733315527E-1,1.114939675E-1,7.167190313E-1
2.864598208E0,4.963871837E-1,-1.578844525E-2,6.912413836E-1
2.874608208E0,7.124837637E-1,-1.263309419E-1,6.600911617E-1
2.884619208E0,9.079664946E-1,-2.124754637E-1,6.263478994E-1
2.894629208E0,1.067694306E0,-2.764557600E-1,5.924085975E-1
2.904639208E0,1.196541429E0,-3.202265501E-1,5.511993766E-1
2.914650208E0,1.288875699E0,-3.664209247E-1,5.078785419E-1
2.924660208E0,1.348075867E0,-4.081237912E-1,4.594778419E-1
2.934671208E0,1.365098000E0,-4.703831673E-1,4.197048843E-1
2.944681208E0,1.344829082E0,-5.379285216E-1,3.950532675E-1
2.954691208E0,1.277364492E0,-5.859532952E-1,3.756582737E-1
2.964702208E0,1.153560996E0,-5.954807997E-1,3.710091710E-1
2.974712208E0,9.823660254E-1,-5.553261638E-1,3.527153730E-1
2.984722208E0,7.771217823E-1,-4.503094852E-1,3.154300451E-1
2.994733208E0,5.544780493E-1,-2.855316997E-1,2.480083853E-1
3.004743208E0,3.236568570E-1,-7.905144244E-2,1.667209268E-1
3.014753208E0,1.030033082E-1,1.473193765E-1,8.006485552E-2
3.024764208E0,-1.003370136E-1,3.681166172E-1,1.170055848E-2
3.034774208E0,-2.621538639E-1,5.573227406E-1,-3.632555902E-2
3.044785208E0,-3.697357178E-1,6.811628938E-1,-7.446947694E-2
3.054795208E0,-4.283095598E-1,7.245354056E-1,-1.204497516E-1
3.064805542E0,-4.395636320E-1,7.103745341E-1,-1.794686019E-1
3.074816542E0,-4.162596464E-1,6.490898728E-1,-2.256491482E-1
3.084826542E0,-3.778816164E-1,5.507992506E-1,-2.550370991E-1
3.094836542E0,-3.297785521E-1,4.237939119E-1,-2.797789574E-1
3.104847542E0,-2.755210698E-1,2.788102925E-1,-3.153573275E-1
3.114857542E0,-2.189377099E-1,1.104388535E-1,-3.566003740E-1
3.124867542E0,-1.725772023E-1,-6.799665838E-2,-3.993186355E-1
3.134878542E0,-1.511217207E-1,-2.422334403E-1,-4.599350989E-1
3.144888542E0,-1.620192230E-1,-3.556164801E-1,-5.180900693E-1
3.154899542E0,-2.008465081E-1,-3.630973101E-1,-5.615839958E-1
3.164909542E0,-2.696786523E-1,-2.864435017E-1,-5.750850439E-1
3.174919542E0,-3.614727557E-1,-1.447673291E-1,-5.905574560E-1
3.184930542E0,-4.586357772E-1,4.953043163E-2,-6.023229361E-1
3.194940542E0,-5.639885664E-1,2.405914664E-1,-5.995053649E-1
3.204950542E0,-6.675429940E-1,4.217061698E-1,-5.661464334E-1
3.214961542E0,-7.680893540E-1,5.686921477E-1,-5.044659972E-1
3.224971542E0,-8.542543650E-1,6.619893909E-1,-4.173560441E-1
3.234981542E0,-9.069615006E-1,6.771537066E-1,-3.074244857E-1
3.244992542E0,-9.027367234E-1,6.311600208E-1,-1.829680055E-1
3.255002542E0,-8.247769475E-1,5.367197990E-1,-5.637170747E-2
3.265012542E0,-6.697321534E-1,3.814818859E-1,5.258832872E-2
3.275023542E0,-4.592081904E-1,1.882351786E-1,1.334283203E-1
3.285033542E0,-1.967349350E-1,4.231375642E-4,1.864120662E-1
3.295044542E0,8.640302718E-2,-1.328180134E-1,2.038792074E-1
3.305054542E0,3.634615541E-1,-2.297823131E-1,1.766960025E-1
3.315064542E0,5.970508456E-1,-2.996136248E-1,1.289348751E-1
3.325075542E0,7.514104247E-1,-3.547007442E-1,8.824230731E-2
3.335085542E0,8.229519725E-1,-3.778835535E-1,5.974967405E-2
3.345095542E0,8.200254440E-1,-3.788477778E-1,5.069880188E-2
3.355106542E0,7.629616261E-1,-3.624663949E-1,5.139282346E-2
3.365116542E0,6.655793190E-1,-3.167501986E-1,4.099509865E-2
3.375126542E0,5.436699390E-1,-2.462168783E-1,4.808336869E-2
3.385137542E0,4.132137299E-1,-1.645594388E-1,7.792697847E-2
3.395147542E0,2.776372731E-1,-7.071151584E-2,1.183369905E-1
3.405158542E0,1.540195346E-1,4.263377935E-2,1.561994106E-1
3.415168542E0,4.826514423E-2,1.498047113E-1,1.756713837E-1
3.425178542E0,-2.723076567E-2,2.168627381E-1,1.751696318E-1
3.435189542E0,-8.238562942E-2,2.273774296E-1,1.584332734E-1
3.445199542E0,-1.167648286E-1,1.855942458E-1,1.506439298E-1
3.455209542E0,-1.224871650E-1,1.034615561E-1,1.451050937E-1
3.465220542E0,-7.698979229E-2,-2.766333148E-2,1.181941926E-1
3.475230542E0,5.315195769E-2,-2.200926989E-1,5.013098195E-2
3.485240542E0,2.670539618E-1,-4.663949609E-1,-5.348765850E-2
3.495251542E0,5.188677907E-1,-7.020732164E-1,-1.589373797E-1
3.505261542E0,7.678625584E-1,-8.122024536E-1,-2.376193106E-1
3.515272542E0,9.362267852E-1,-8.046709895E-1,-2.734881043E-1
3.525282542E0,1.024696112E0,-7.403601408E-1,-2.728461921E-1
3.535292542E0,1.068235636E0,-6.679823399E-1,-2.352402061E-1
3.545303542E0,1.094983220E0,-6.201434135E-1,-1.591525078E-1
3.555313542E0,1.126423955E0,-6.194310188E-1,-6.298311055E-2
3.565323542E0,1.143113017E0,-7.167574167E-1,2.951583266E-2
3.575334542E0,1.107757092E0,-8.472547531E-1,7.415600121E-2
3.585344542E0,9.792383313E-1,-9.805125594E-1,7.577811927E-2
3.595354542E0,7.660011649E-1,-1.022781968E0,6.924751680E-3
3.605365542E0,5.041115880E-1,-9.466731548E-1,-1.182750762E-1
3.615375542E0,2.119255215E-1,-8.019159436E-1,-2.649721205E-1
3.625386542E0,-8.055621386E-2,-5.765992999E-1,-3.932478130E-1
3.635396542E0,-3.216162324E-1,-2.927688658E-1,-4.819071293E-1
3.645406542E0,-5.095983148E-1,-2.353850380E-2,-5.301262140E-1
3.655417542E0,-6.074841022E-1,2.106787860E-1,-5.451765656E-1
3.665427542E0,-6.071382761E-1,3.730626106E-1,-5.307701826E-1
3.675437542E0,-5.295968652E-1,4.474750757E-1,-4.938244522E-1
3.685448542E0,-3.845680356E-1,4.267270267E-1,-4.494006634E-1
3.695458542E0,-1.911423951E-1,3.289786279E-1,-3.971108198E-1
3.705468542E0,2.384563722E-2,1.742133647E-1,-3.397154510E-1
3.715479542E0,2.470531464E-1,-2.332500368E-2,-3.248121142E-1
3.725489542E0,4.415373504E-1,-2.141481489E-1,-3.540577888E-1
3.735500542E0,5.994979143E-1,-3.794889152E-1,-4.127543867E-1
3.745510542E0,7.012401223E-1,-4.994377196E-1,-4.754695892E-1
3.755520542E0,7.472355366E-1,-5.504838228E-1,-5.216245651E-1
3.765531542E0,7.406025529E-1,-5.533448458E-1,-5.421422720E-1
3.775541542E0,6.904387474E-1,-5.121859312E-1,-5.210372210E-1
3.785551542E0,6.126183271E-1,-4.373412728E-1,-4.591471553E-1
3.795562542E0,5.085973740E-1,-3.417590857E-1,-3.643907905E-1
3.805572542E0,3.993474543E-1,-2.449369282E-1,-2.451612502E-1
3.815582542E0,2.873378098E-1,-1.597610563E-1,-1.217479706E-1
3.825593542E0,1.847523451E-1,-1.034187600E-1,-2.375128120E-2
3.835603542E0,9.749466181E-2,-6.936544925E-2,3.223981708E-2
3.845614542E0,2.085819095E-2,-4.860917479E-2,3.971943632E-2
3.855624542E0,-2.997462824E-2,-3.778076172E-2,1.071148831E-2
3.865634542E0,-8.512701094E-2,-4.309076071E-2,-2.855521254E-2
3.875645542E0,-1.345739216E-1,-6.285381317E-2,-5.344405025E-2
3.885655542E0,-1.795762777E-1,-6.799619645E-2,-4.664545134E-2
3.895665542E0,-2.138631493E-1,-7.130730897E-2,-1.074098051E-2
3.905676542E0,-2.408691198E-1,-7.631327957E-2,5.554842576E-2
3.915686542E0,-2.804247737E-1,-6.056894362E-2,1.318386644E-1
3.925696542E0,-3.370564282E-1,-1.192517020E-2,2.125392109E-1
3.935707542E0,-4.097338319E-1,4.248321056E-2,2.750641108E-1
3.945717542E0,-4.816389978E-1,9.638091922E-2,3.366993070E-1
3.955728542E0,-5.395539999E-1,1.496060491E-1,3.976063132E-1
3.965738542E0,-5.768968463E-1,1.717510521E-1,4.642466009E-1
3.975748542E0,-6.070747375E-1,1.343259215E-1,5.446996093E-1
3.985759542E0,-6.427597404E-1,1.014921740E-1,6.127560735E-1
3.995769542E0,-6.702382565E-1,1.229444742E-1,6.403203011E-1
4.005779542E0,-6.833298802E-1,1.833056211E-1,6.508676410E-1
4.015790542E0,-6.784991622E-1,2.328265756E-1,6.722410917E-1
4.025800542E0,-6.488287449E-1,2.744400501E-1,7.071251869E-1
4.035811542E0,-6.000177860E-1,3.076752424E-1,7.610667348E-1
4.045821542E0,-5.410960913E-1,3.211306632E-1,8.255606890E-1
4.055831542E0,-4.931901097E-1,3.328240514E-1,8.878597617E-1
4.065842542E0,-4.806463718E-1,3.819266260E-1,9.255304337E-1
4.075852542E0,-5.011604428E-1,4.922840297E-1,9.419642091E-1
4.085862542E0,-5.470234752E-1,6.231943965E-1,9.605684280E-1
4.095873542E0,-6.248804331E-1,7.465786338E-1,9.989647865E-1
4.105883542E0,-7.079060078E-1,8.571997881E-1,1.073385477E0
4.115893542E0,-7.654084563E-1,9.309595227E-1,1.173657417E0
4.125904542E0,-7.882866859E-1,9.443249702E-1,1.278662205E0
4.135914542E0,-7.780934572E-1,8.857548833E-1,1.349152923E0
4.145925542E0,-7.358394265E-1,7.548037767E-1,1.365601063E0
4.155935542E0,-6.591897011E-1,5.855433941E-1,1.311890960E0
4.165945542E0,-5.575937033E-1,3.964329064E-1,1.204283118E0
4.175956542E0,-4.438125491E-1,2.049553245E-1,1.053437948E0
4.185966542E0,-3.313744962E-1,2.504496090E-2,8.910630941E-1
4.195976542E0,-2.403369993E-1,-1.021566689E-1,7.200932503E-1
4.205987542E0,-1.787796319E-1,-1.424610913E-1,5.590639710E-1
4.215997542E0,-1.545254290E-1,-1.015306860E-1,4.224525988E-1
4.226008542E0,-1.545668989E-1,1.352476794E-2,3.102082014E-1
4.236018542E0,-1.663583070E-1,1.867969483E-1,2.091750503E-1
4.246028542E0,-1.776904911E-1,3.940248191E-1,1.238702610E-1
4.256039542E0,-1.723921299E-1,6.020435095E-1,4.683220387E-2
4.266049542E0,-1.406271905E-1,7.635159492E-1,-1.443600468E-2
4.276059542E0,-7.520318031E-2,8.576469421E-1,-6.876395643E-2
4.286070542E0,7.718776353E-3,8.873296976E-1,-1.127053574E-1
4.296080542E0,1.025667265E-1,8.637356758E-1,-1.646106243E-1
4.306091542E0,1.974651814E-1,7.930347323E-1,-2.220302075E-1
4.316101542E0,2.812884450E-1,6.875655651E-1,-2.697242200E-1
4.326111542E0,3.519655466E-1,5.799548626E-1,-3.019699454E-1
4.336122542E0,3.962991834E-1,4.870720506E-1,-3.258622289E-1
4.346132542E0,4.203296900E-1,4.120647311E-1,-3.482880294E-1
4.356142542E0,4.224607646E-1,3.371447027E-1,-3.572106659E-1
4.366153542E0,4.086935520E-1,2.577067614E-1,-3.558379710E-1
4.376163542E0,3.730165064E-1,1.882153004E-1,-3.537758887E-1
4.386174542E0,3.182884753E-1,1.283178627E-1,-3.350779116E-1
4.396184542E0,2.442390174E-1,9.903746843E-2,-3.151598573E-1
4.406194542E0,1.581037641E-1,9.511592239E-2,-3.020733893E-1
4.416205542E0,6.212663278E-2,1.148259789E-1,-3.055118024E-1
4.426215542E0,-3.914948180E-2,1.573709548E-1,-3.206201792E-1
4.436225542E0,-1.330815703E-1,2.139444798E-1,-3.446107209E-1
4.446236542E0,-2.166956812E-1,2.824742496E-1,-3.595757186E-1
4.456246542E0,-2.864060700E-1,3.685018122E-1,-3.626487255E-1
4.466256542E0,-3.326152563E-1,4.568147063E-1,-3.436438739E-1
4.476267542E0,-3.477550745E-1,5.309349895E-1,-3.065790534E-1
4.486277542E0,-3.250775337E-1,5.700073838E-1,-2.466991246E-1
4.496288542E0,-2.572425604E-1,5.454905629E-1,-1.538570523E-1
4.506298542E0,-1.589675844E-1,4.543631077E-1,-2.773290128E-2
4.516308542E0,-2.162357792E-2,2.981471419E-1,1.197625473E-1
4.526319542E0,1.528716236E-1,7.980726659E-2,2.867932618E-1
4.536329542E0,3.614946008E-1,-2.016190886E-1,4.581551552E-1
4.546339542E0,5.912208557E-1,-5.094177723E-1,6.141141057E-1
4.556350542E0,8.342276216E-1,-8.021085262E-1,7.391780019E-1
4.566360542E0,1.061128378E0,-1.048783302E0,8.243917227E-1
4.576371542E0,1.250552654E0,-1.221437931E0,8.672645688E-1
4.586381542E0,1.372358322E0,-1.318662405E0,8.628838062E-1
4.596391542E0,1.407688141E0,-1.337018728E0,8.175698519E-1
4.606402542E0,1.358287215E0,-1.298249364E0,7.447174788E-1
4.616412542E0,1.220480323E0,-1.253268838E0,6.688911319E-1
4.626422542E0,1.000360250E0,-1.241457224E0,6.141484976E-1
4.636433542E0,7.185968161E-1,-1.239590645E0,5.922482610E-1
4.646443542E0,4.217339754E-1,-1.163162351E0,6.061977148E-1
4.656454542E0,1.664470732E-1,-1.009124756E0,6.168996692E-1
4.666464542E0,-3.789593652E-2,-8.192504048E-1,5.971919894E-1
4.676474542E0,-1.814355254E-1,-6.394289732E-1,5.342692137E-1
4.686485542E0,-2.816983759E-1,-4.921372235E-1,4.385485351E-1
4.696495542E0,-3.572935164E-1,-3.447395265E-1,3.158444762E-1
4.706505542E0,-4.209259450E-1,-1.710525155E-1,1.676783562E-1
4.716516542E0,-4.769854844E-1,1.449897327E-2,4.777588882E-3
4.726526542E0,-5.332859755E-1,1.852595359E-1,-1.628608853E-1
4.736537542E0,-5.707302690E-1,3.349252045E-1,-3.226332068E-1
4.746547542E0,-5.870514512E-1,4.574881494E-1,-4.443098903E-1
4.756557542E0,-5.839715004E-1,5.576075912E-1,-5.272164941E-1
4.766568542E0,-5.735090971E-1,6.329497099E-1,-5.864202380E-1
4.776578542E0,-5.385404825E-1,6.903735995E-1,-6.160708070E-1
4.786588542E0,-4.782674611E-1,6.956042051E-1,-6.283999681E-1
4.796599542E0,-3.931760192E-1,6.335975528E-1,-6.224502325E-1
4.806609542E0,-2.808056772E-1,5.182787776E-1,-6.097741723E-1
4.816620542E0,-1.448430568E-1,3.681564033E-1,-5.923551917E-1
4.826630542E0,-2.085016575E-3,1.838991493E-1,-5.675708055E-1
4.836640542E0,1.377413273E-1,-1.446773298E-2,-5.440407395E-1
4.846651542E0,2.722117007E-1,-2.132510692E-1,-5.286750197E-1
4.856661542E0,3.935343921E-1,-3.996782005E-1,-5.183930397E-1
4.866671542E0,4.980065525E-1,-5.509728193E-1,-5.109629035E-1
4.876682542E0,5.882371068E-1,-6.436257958E-1,-5.047670603E-1
4.886692542E0,6.675367951E-1,-6.930434704E-1,-5.042275786E-1
4.896703542E0,7.339698672E-1,-7.045843005E-1,-4.980857670E-1
4.906713542E0,7.901238203E-1,-6.905961037E-1,-4.822216928E-1
4.916723542E0,8.430815935E-1,-6.491338611E-1,-4.552979171E-1
4.926734542E0,8.876690269E-1,-6.095322371E-1,-4.141397476E-1
4.936744542E0,9.274086952E-1,-5.802214742E-1,-3.623487055E-1
4.946755542E0,9.641253352E-1,-5.593265295E-1,-3.123469949E-1
4.956765542E0,1.004098892E0,-5.554001927E-1,-2.704059482E-1
4.966775542E0,1.052037477E0,-5.753949285E-1,-2.329497933E-1
4.976786542E0,1.109652519E0,-6.184741855E-1,-2.017684430E-1
4.986796542E0,1.174670100E0,-6.895385981E-1,-1.696161628E-1
4.996806542E0,1.240834236E0,-7.769310474E-1,-1.396593302E-1
5.006817542E0,1.308284521E0,-8.718128800E-1,-1.303674430E-1
5.016827542E0,1.363044143E0,-9.645007253E-1,-1.254877299E-1
5.026838542E0,1.394171476E0,-1.046758890E0,-1.299269944E-1
5.036848542E0,1.410609841E0,-1.108359098E0,-1.446398944E-1
5.046858542E0,1.398608446E0,-1.138578892E0,-1.624950618E-1
5.056869542E0,1.362656116E0,-1.136697650E0,-1.770359278E-1
5.066879042E0,1.310322285E0,-1.102800131E0,-1.855181903E-1
5.076889042E0,1.249147534E0,-1.048828244E0,-1.869136840E-1
5.086900042E0,1.171979308E0,-9.785258770E-1,-1.753480583E-1
5.096910042E0,1.095653653E0,-8.956179619E-1,-1.589685529E-1
5.106921042E0,1.024289250E0,-8.215009570E-1,-1.317011565E-1
5.116931042E0,9.471185207E-1,-7.672348022E-1,-9.424325824E-2
5.126941042E0,8.796428442E-1,-7.235441804E-1,-5.274032056E-2
5.136952042E0,8.251247406E-1,-6.903984547E-1,-1.089646854E-2
5.146962042E0,7.815197110E-1,-6.680120826E-1,2.652576938E-2
5.156972042E0,7.750042677E-1,-6.616383195E-1,6.347712874E-2
5.166983042E0,8.230876923E-1,-6.737542748E-1,9.584622085E-2
5.176993042E0,9.197913408E-1,-7.194138765E-1,1.178423315E-1
5.187004042E0,1.068217993E0,-7.912997603E-1,1.297649294E-1
5.197014042E0,1.237263441E0,-8.742654920E-1,1.228343248E-1
5.207024042E0,1.405612469E0,-9.511800408E-1,1.099626645E-1
5.217035042E0,1.559436440E0,-1.019157171E0,9.784927219E-2
5.227045042E0,1.686667919E0,-1.068698645E0,6.549245119E-2
5.237056042E0,1.768921971E0,-1.130517602E0,1.211790647E-2
5.247066042E0,1.806109905E0,-1.222194433E0,-3.222395480E-2
5.257076042E0,1.777181387E0,-1.340585232E0,-4.112157598E-2
5.267087042E0,1.672591209E0,-1.427626371E0,-3.334703669E-2
5.277097042E0,1.520187020E0,-1.380117655E0,-3.109373525E-2
5.287107042E0,1.361665130E0,-1.194689274E0,-9.054432623E-3
5.297118042E0,1.210439682E0,-9.427419305E-1,2.249097638E-2
5.307128042E0,1.089419007E0,-6.986131072E-1,4.619594663E-2
5.317139042E0,1.017644763E0,-4.610964060E-1,5.294492841E-2
5.327149042E0,9.796459675E-1,-2.304870933E-1,4.495199770E-2
5.337159042E0,9.552458525E-1,-1.531192660E-2,1.890468225E-2
5.347170042E0,9.416074753E-1,1.533547193E-1,-2.753309160E-2
5.357180042E0,9.364459515E-1,2.613432407E-1,-7.897710800E-2
5.367191042E0,9.396378398E-1,3.067865968E-1,-1.411455572E-1
5.377201042E0,9.448390007E-1,2.911788523E-1,-1.963739246E-1
5.387211042E0,9.493799210E-1,2.312052399E-1,-2.264710665E-1
5.397222042E0,9.494292140E-1,1.336589754E-1,-2.265110016E-1
5.407232042E0,9.514978528E-1,1.424795203E-2,-1.900684536E-1
5.417242042E0,9.490504265E-1,-1.180208772E-1,-1.354997456E-1
5.427253042E0,9.475364089E-1,-2.441562563E-1,-7.770508528E-2
5.437263042E0,9.362438321E-1,-3.827729821E-1,-1.481240615E-2
5.447274042E0,9.292458892E-1,-5.262939930E-1,3.583697230E-2
5.457284042E0,9.334757924E-1,-6.504348516E-1,5.582159758E-2
5.467294042E0,9.495699406E-1,-7.557552457E-1,5.841499195E-2
5.477305042E0,9.839026332E-1,-8.247787952E-1,6.488408148E-2
5.487315042E0,1.030714273E0,-8.641033769E-1,8.315845579E-2
5.497326042E0,1.089148760E0,-8.661507964E-1,1.229181141E-1
5.507336042E0,1.151769042E0,-8.473899364E-1,1.804402620E-1
5.517346042E0,1.211967349E0,-8.173664808E-1,2.723291814E-1
5.527357042E0,1.274386764E0,-7.915553451E-1,3.826233149E-1
5.537367042E0,1.331673980E0,-7.904703617E-1,5.006474257E-1
5.547377042E0,1.391597748E0,-8.012036681E-1,6.134781837E-1
5.557388042E0,1.442456961E0,-8.383094668E-1,7.175787687E-1
5.567398042E0,1.497683525E0,-8.887667060E-1,8.016449809E-1
5.577409042E0,1.562631607E0,-9.467064738E-1,8.591397405E-1
5.587419042E0,1.645621419E0,-1.026514053E0,8.771643639E-1
5.597429042E0,1.753837347E0,-1.122749448E0,8.505769372E-1
5.607440042E0,1.885491848E0,-1.227502346E0,7.834705710E-1
5.617450042E0,2.030934334E0,-1.335883498E0,6.976952553E-1
5.627461042E0,2.185761690E0,-1.457173109E0,6.056478024E-1
5.637471042E0,2.339430094E0,-1.567263365E0,4.975807369E-1
5.647481042E0,2.492638826E0,-1.668606043E0,3.760617971E-1
5.657492042E0,2.638168097E0,-1.766070843E0,2.367952615E-1
5.667502042E0,2.778366566E0,-1.852111936E0,9.548487514E-2
5.677512042E0,2.900374413E0,-1.930541515E0,-3.012631647E-2
5.687523042E0,2.985674620E0,-1.997860193E0,-1.480607241E-1
5.697533042E0,3.031960487E0,-2.034945011E0,-2.546907663E-1
5.707544042E0,3.036432505E0,-2.031297922E0,-3.656104207E-1
5.717554042E0,2.986907959E0,-1.998845100E0,-4.587398469E-1
5.727564042E0,2.894453526E0,-1.938687205E0,-5.305004120E-1
5.737575042E0,2.763538599E0,-1.848954201E0,-5.823897123E-1
5.747585042E0,2.609451532E0,-1.722163796E0,-6.082996130E-1
5.757596042E0,2.436934233E0,-1.559319258E0,-6.089307666E-1
5.767606042E0,2.257594585E0,-1.382046223E0,-5.834695697E-1
5.777616042E0,2.083053112E0,-1.205897331E0,-5.349587202E-1
5.787627042E0,1.927170157E0,-1.045951486E0,-4.639440179E-1
5.797637042E0,1.786512136E0,-9.135961533E-1,-3.845205903E-1
5.807648042E0,1.667930841E0,-8.110403419E-1,-3.019319773E-1
5.817658042E0,1.575544119E0,-7.241863608E-1,-2.383698076E-1
5.827668042E0,1.501557589E0,-6.547244191E-1,-1.919080466E-1
5.837679042E0,1.452178597E0,-5.995284915E-1,-1.561606973E-1
5.847689042E0,1.425761461E0,-5.841844082E-1,-1.217064559E-1
5.857699042E0,1.416593552E0,-6.061445475E-1,-8.344241977E-2
5.867710042E0,1.432329297E0,-6.593229175E-1,-3.866484761E-2
5.877720042E0,1.472749233E0,-7.399429083E-1,1.373684220E-2
5.887731042E0,1.546406984E0,-8.380723596E-1,6.516891718E-2
5.897741042E0,1.654180884E0,-9.572868943E-1,1.094482243E-1
5.907751042E0,1.792432904E0,-1.099512935E0,1.411661059E-1
5.917762042E0,1.960389495E0,-1.256939054E0,1.618594080E-1
5.927772042E0,2.145727158E0,-1.425310373E0,1.671221852E-1
5.937783042E0,2.344458818E0,-1.590065002E0,1.508076638E-1
5.947793042E0,2.542070627E0,-1.747508764E0,1.100521088E-1
5.957803042E0,2.739543200E0,-1.883945942E0,6.006989628E-2
5.967814042E0,2.930210352E0,-2.001751184E0,7.856232114E-4
5.977824042E0,3.110939026E0,-2.098487854E0,-4.531955346E-2
5.987835042E0,3.268461943E0,-2.192080021E0,-8.177005500E-2
5.997845042E0,3.389618874E0,-2.277055740E0,-1.127181202E-1
6.007855042E0,3.476401091E0,-2.353073120E0,-1.365909576E-1
6.017866042E0,3.527754545E0,-2.422668457E0,-1.510378122E-1
6.027876042E0,3.541808605E0,-2.494255304E0,-1.692708582E-1
6.037886042E0,3.522777081E0,-2.562328339E0,-1.956097931E-1
6.047897042E0,3.484362125E0,-2.619648457E0,-2.292069197E-1
6.057907042E0,3.422841787E0,-2.658011913E0,-2.789097726E-1
6.067917917E0,3.344809771E0,-2.684579849E0,-3.275619149E-1
6.077927917E0,3.254003048E0,-2.698892593E0,-3.749123812E-1
6.087937917E0,3.145365953E0,-2.706168890E0,-4.126183987E-1
6.097948917E0,3.024049520E0,-2.707736731E0,-4.493870735E-1
6.107958917E0,2.887168646E0,-2.695619822E0,-4.810205698E-1
6.117969917E0,2.725487232E0,-2.668906450E0,-5.100109577E-1
6.127979917E0,2.540471554E0,-2.623189449E0,-5.256963372E-1
6.137989917E0,2.345453024E0,-2.555007219E0,-5.370187759E-1
6.148000917E0,2.143293858E0,-2.464087009E0,-5.435281396E-1
6.158010917E0,1.937800407E0,-2.346930981E0,-5.421046615E-1
6.168021917E0,1.726190567E0,-2.211592674E0,-5.423702002E-1
6.178031917E0,1.501013637E0,-2.056609631E0,-5.454698801E-1
6.188041917E0,1.264383912E0,-1.866781235E0,-5.591388941E-1
6.198052917E0,1.010806203E0,-1.649972200E0,-5.852546096E-1
6.208062917E0,7.436721325E-1,-1.403527498E0,-6.251454353E-1
6.218073917E0,4.623150229E-1,-1.140984297E0,-6.820888519E-1
6.228083917E0,1.728930026E-1,-8.386690617E-1,-7.600771189E-1
6.238093917E0,-1.224861890E-1,-5.039530993E-1,-8.406758308E-1
6.248104917E0,-4.142485559E-1,-1.436837018E-1,-9.062470198E-1
6.258114917E0,-6.893049479E-1,2.187802345E-1,-9.374318123E-1
6.268125917E0,-9.265621901E-1,5.516909361E-1,-9.377241135E-1
6.278135917E0,-1.119196653E0,8.467135429E-1,-9.102142453E-1
6.288145917E0,-1.261738300E0,1.098198175E0,-8.622831702E-1
6.298156917E0,-1.359394550E0,1.297360539E0,-8.047032356E-1
6.308166917E0,-1.417068958E0,1.445874333E0,-7.456957698E-1
6.318176917E0,-1.432742715E0,1.548637748E0,-6.869440079E-1
6.328187917E0,-1.406320214E0,1.603614807E0,-6.387866139E-1
6.338197917E0,-1.335953355E0,1.621690989E0,-6.025987864E-1
6.348208917E0,-1.225036144E0,1.597570419E0,-5.715365410E-1
6.358218917E0,-1.072151065E0,1.529389501E0,-5.456292629E-1
6.368228917E0,-8.740377426E-1,1.425545096E0,-5.180095434E-1
6.378239917E0,-6.314120293E-1,1.290929556E0,-4.848063290E-1
6.388249917E0,-3.590798974E-1,1.129583120E0,-4.397448897E-1
6.398260917E0,-5.773098767E-2,9.380401373E-1,-3.854693770E-1
6.408270917E0,2.650898397E-1,7.197415233E-1,-3.192581832E-1
6.418280917E0,6.041579247E-1,4.856046736E-1,-2.435354739E-1
6.428291917E0,9.487291574E-1,2.294068933E-1,-1.601940393E-1
6.438301917E0,1.289441228E0,-4.169570282E-2,-7.037042081E-2
6.448312917E0,1.619052768E0,-3.152234554E-1,6.946874782E-3
6.458322917E0,1.916314244E0,-5.722382069E-1,9.105749428E-2
6.468332917E0,2.173386812E0,-8.111752272E-1,1.822880805E-1
6.478343917E0,2.393364906E0,-1.031790376E0,2.490670979E-1
6.488353917E0,2.592661142E0,-1.227083325E0,2.971181870E-1
6.498364917E0,2.774976730E0,-1.393553853E0,3.248539269E-1
6.508374917E0,2.927720070E0,-1.527630925E0,3.362947106E-1
6.518384917E0,3.046813965E0,-1.627968669E0,3.365938067E-1
6.528395917E0,3.130488873E0,-1.691923499E0,3.335717618E-1
6.538405917E0,3.183548689E0,-1.720035911E0,3.386740983E-1
6.548416917E0,3.207367182E0,-1.724220634E0,3.525240123E-1
6.558426917E0,3.199248791E0,-1.705753207E0,3.718013167E-1
6.568436917E0,3.156066656E0,-1.645269036E0,3.893111050E-1
6.578447917E0,3.073772192E0,-1.562608480E0,3.933324814E-1
6.588457917E0,2.933103323E0,-1.453121662E0,3.814097345E-1
6.598468917E0,2.746023655E0,-1.315936565E0,3.506017625E-1
6.608478917E0,2.505680799E0,-1.144084692E0,2.956312299E-1
6.618488917E0,2.207829952E0,-9.284751415E-1,2.376464754E-1
6.628499917E0,1.883530736E0,-6.748867035E-1,1.882754117E-1
6.638509917E0,1.547458768E0,-3.951594234E-1,1.596192569E-1
6.648520917E0,1.209788442E0,-1.100642756E-1,1.422587931E-1
6.658530917E0,8.827320337E-1,1.679202020E-1,1.309467554E-1
6.668540917E0,5.782184601E-1,4.088900983E-1,1.277914196E-1
6.678551917E0,3.118189871E-1,6.053360701E-1,1.221617684E-1
6.688561917E0,9.578132629E-2,7.507273555E-1,1.202408299E-1
6.698572917E0,-6.800441444E-2,8.441472650E-1,1.124324426E-1
6.708582917E0,-1.837214828E-1,8.872206807E-1,1.211571544E-1
6.718592917E0,-2.591113150E-1,8.924537897E-1,1.342841387E-1
6.728603917E0,-3.011516631E-1,8.620969653E-1,1.536303610E-1
6.738613917E0,-3.187010884E-1,7.987083793E-1,1.626718044E-1
6.748624917E0,-3.288891613E-1,7.215410471E-1,1.569626033E-1
6.758634917E0,-3.426563740E-1,6.327432394E-1,1.278164387E-1
6.768644917E0,-3.621199429E-1,5.260441303E-1,8.988676965E-2
6.778655917E0,-3.867818713E-1,4.137583673E-1,4.775529355E-2
6.788665917E0,-4.041661918E-1,3.234315515E-1,1.622249186E-2
6.798676917E0,-4.223454595E-1,2.549715340E-1,2.911481075E-3
6.808686917E0,-4.299788475E-1,2.005404830E-1,1.691586524E-2
6.818696917E0,-4.302254617E-1,1.617177278E-1,4.608919844E-2
6.828707917E0,-4.264514148E-1,1.333578229E-1,8.487732708E-2
6.838717917E0,-4.190869629E-1,1.142783985E-1,1.246087626E-1
6.848728917E0,-4.170125127E-1,9.041023254E-2,1.624199897E-1
6.858738917E0,-4.116904438E-1,6.996567547E-2,1.903030276E-1
6.868748917E0,-3.987149596E-1,5.751398206E-2,2.000581026E-1
6.878759917E0,-3.825594187E-1,5.542659387E-2,1.995268017E-1
6.888769917E0,-3.513402641E-1,6.407748163E-2,1.869721264E-1
6.898780917E0,-3.028174639E-1,8.300829679E-2,1.687915176E-1
6.908790917E0,-2.259457558E-1,1.118854880E-1,1.412551850E-1
6.918800917E0,-1.359538138E-1,1.525775194E-1,9.995569289E-2
6.928811917E0,-4.857792705E-2,2.014185935E-1,5.303277820E-2
6.938821917E0,2.913071588E-2,2.641320229E-1,-5.860634148E-3
6.948832917E0,8.636197448E-2,3.356786966E-1,-7.841191441E-2
6.958842917E0,1.165262684E-1,3.980408609E-1,-1.466000229E-1
6.968852917E0,1.206209436E-1,4.532625973E-1,-2.078747749E-1
6.978863917E0,1.047221348E-1,4.909548461E-1,-2.582141161E-1
6.988873917E0,8.872904629E-2,5.263823867E-1,-3.041619360E-1
6.998884917E0,7.122248411E-2,5.499186516E-1,-3.356932104E-1
7.008894917E0,6.521902233E-2,5.565937161E-1,-3.512559831E-1
7.018904917E0,6.349249184E-2,5.536607504E-1,-3.492926955E-1
7.028915917E0,6.665831059E-2,5.356156230E-1,-3.365544975E-1
7.038925917E0,6.995450705E-2,5.149675608E-1,-3.196056187E-1
7.048936917E0,7.334085554E-2,4.923380911E-1,-2.933869064E-1
7.058946917E0,6.652768701E-2,4.478374720E-1,-2.574334145E-1
7.068957042E0,5.453721806E-2,3.949409723E-1,-2.048171610E-1
7.078968042E0,3.141085804E-2,3.175135553E-1,-1.310454756E-1
7.088978042E0,4.734852351E-3,2.225714475E-1,-4.500954226E-2
7.098989042E0,-1.889457740E-2,1.092667282E-1,4.510942847E-2
7.108999042E0,-4.134016857E-2,-3.010118380E-4,1.327895522E-1
7.119009042E0,-5.014351383E-2,-9.424056113E-2,2.134846598E-1
7.129020042E0,-2.855586447E-2,-1.686977148E-1,2.910498381E-1
7.139030042E0,5.099566653E-3,-2.146348506E-1,3.665778935E-1
7.149041042E0,6.239835918E-2,-2.387463748E-1,4.379872382E-1
7.159051042E0,1.309185624E-1,-2.352568358E-1,5.022602677E-1
7.169061042E0,2.133307159E-1,-2.271401882E-1,5.539726615E-1
7.179072042E0,2.968125343E-1,-2.153679430E-1,5.862522721E-1
7.189082042E0,3.744671941E-1,-2.171733379E-1,6.095797420E-1
7.199093042E0,4.424712956E-1,-2.299280167E-1,6.166949272E-1
7.209103042E0,4.895173311E-1,-2.505154312E-1,6.170625687E-1
7.219113042E0,5.276769400E-1,-2.781763673E-1,6.104600430E-1
7.229124042E0,5.535661578E-1,-3.090688884E-1,6.022880673E-1
7.239134042E0,5.624744296E-1,-3.388600647E-1,6.016632318E-1
7.249145042E0,5.552963018E-1,-3.700482249E-1,6.085348129E-1
7.259155042E0,5.372424722E-1,-4.008183777E-1,6.172242165E-1
7.269166042E0,5.048254132E-1,-4.281122386E-1,6.335646510E-1
7.279176042E0,4.583820105E-1,-4.705952406E-1,6.488034725E-1
7.289186042E0,3.942603171E-1,-5.217232704E-1,6.614596248E-1
7.299197042E0,3.055419028E-1,-5.447519422E-1,6.694440246E-1
7.309207042E0,2.113178521E-1,-5.328503847E-1,6.806501746E-1
7.319217042E0,1.300413609E-1,-5.018887520E-1,7.103417516E-1
7.329228042E0,7.608844340E-2,-4.661546648E-1,7.600685954E-1
7.339238042E0,3.998370841E-2,-4.563246667E-1,8.261929750E-1
7.349249042E0,9.103231132E-3,-4.518788457E-1,8.838052750E-1
7.359259042E0,-2.596660517E-2,-4.441168010E-1,9.335256815E-1
7.369270042E0,-5.569626763E-2,-4.314108789E-1,9.767585397E-1
7.379280042E0,-6.554490328E-2,-4.352013767E-1,9.953668714E-1
7.389290042E0,-5.630384386E-2,-4.739941359E-1,9.857200980E-1
7.399301042E0,-1.659291610E-2,-5.287745595E-1,9.330582023E-1
7.409311042E0,6.081455946E-2,-5.831633806E-1,8.223366141E-1
7.419322042E0,1.915062666E-1,-6.334971189E-1,6.487235427E-1
7.429332042E0,3.588675261E-1,-6.729581356E-1,4.198327661E-1
7.439342042E0,5.662491918E-1,-7.078503370E-1,1.329953969E-1
7.449353042E0,7.909321785E-1,-7.434825897E-1,-1.764683723E-1
7.459363042E0,1.007548094E0,-7.871509790E-1,-4.764606953E-1
7.469374042E0,1.182558537E0,-8.394622207E-1,-7.310518026E-1
7.479384042E0,1.294968724E0,-8.965463042E-1,-9.233797193E-1
7.489394042E0,1.327332616E0,-9.571805596E-1,-1.040657401E0
7.499405042E0,1.300115108E0,-1.017206430E0,-1.102776766E0
7.509415042E0,1.226262212E0,-1.056965828E0,-1.119389176E0
7.519426042E0,1.128003120E0,-1.076422930E0,-1.098516107E0
7.529436042E0,1.008926392E0,-1.074959874E0,-1.043726802E0
7.539447042E0,9.002230167E-1,-1.048530459E0,-9.439815879E-1
7.549457042E0,8.082661629E-1,-1.005385160E0,-8.159108758E-1
7.559467042E0,7.409507632E-1,-9.555688500E-1,-6.617847085E-1
7.569478042E0,6.960577369E-1,-9.161159992E-1,-4.938237667E-1
7.579488042E0,6.656149030E-1,-8.810073137E-1,-3.444359004E-1
7.589499042E0,6.250683665E-1,-8.358538747E-1,-2.329269648E-1
7.599509042E0,5.640428662E-1,-7.811884880E-1,-1.679468900E-1
7.609519042E0,4.851253033E-1,-7.173393369E-1,-1.401266605E-1
7.619530042E0,3.978364766E-1,-6.463165283E-1,-1.443879902E-1
7.629540042E0,3.078604639E-1,-5.636892915E-1,-1.719167829E-1
7.639551042E0,2.147171795E-1,-4.621776342E-1,-2.147606462E-1
7.649561042E0,1.340180933E-1,-3.562118411E-1,-2.657028735E-1
7.659571042E0,6.380784512E-2,-2.606770396E-1,-3.063112795E-1
7.669582042E0,5.889927503E-3,-1.853100061E-1,-3.479267359E-1
7.679592042E0,-3.227503598E-2,-1.521984041E-1,-3.893761635E-1
7.689603042E0,-5.529929325E-2,-1.553274989E-1,-4.343312979E-1
7.699613042E0,-6.809710711E-2,-1.861506402E-1,-4.737601876E-1
7.709623042E0,-6.204906851E-2,-2.308635563E-1,-5.040758848E-1
7.719634042E0,-4.285273701E-2,-2.841092050E-1,-5.186798573E-1
7.729644042E0,-5.122871604E-3,-3.449514806E-1,-5.197085738E-1
7.739655042E0,6.278294325E-2,-4.165620208E-1,-5.049842000E-1
7.749665042E0,1.549487412E-1,-4.888101220E-1,-4.878810644E-1
7.759675042E0,2.620030344E-1,-5.634289384E-1,-4.614657164E-1
7.769686042E0,3.622949421E-1,-6.236885190E-1,-4.309895635E-1
7.779696042E0,4.516450465E-1,-6.727737784E-1,-4.018585980E-1
7.789707042E0,5.001482368E-1,-6.950133443E-1,-3.951407373E-1
7.799717042E0,5.214743018E-1,-7.007088065E-1,-3.982609212E-1
7.809728042E0,5.078406334E-1,-7.026802897E-1,-4.175113738E-1
7.819738042E0,4.554077685E-1,-6.988948584E-1,-4.402475655E-1
7.829748042E0,3.611808717E-1,-6.843947172E-1,-4.812635183E-1
7.839759042E0,2.373976558E-1,-6.501728296E-1,-5.302515626E-1
7.849769042E0,8.023761213E-2,-6.027595401E-1,-5.820814967E-1
7.859780042E0,-9.117116034E-2,-5.439547896E-1,-6.317968369E-1
7.869790042E0,-2.686432302E-1,-4.696919620E-1,-6.769822836E-1
7.879800042E0,-4.456355870E-1,-3.733800650E-1,-7.147765756E-1
7.889811042E0,-6.197253466E-1,-2.551600635E-1,-7.473995090E-1
7.899821042E0,-7.967494130E-1,-1.163084507E-1,-7.814328074E-1
7.909832042E0,-9.730792642E-1,3.139817715E-2,-8.155769110E-1
7.919842042E0,-1.150244951E0,2.005959749E-1,-8.565086126E-1
7.929853042E0,-1.322995663E0,3.833225667E-1,-8.909130692E-1
7.939863042E0,-1.468951583E0,5.827219486E-1,-9.027318954E-1
7.949873042E0,-1.578577161E0,7.757954001E-1,-8.980097771E-1
7.959884042E0,-1.665586352E0,9.675760269E-1,-8.728557229E-1
7.969894042E0,-1.712539434E0,1.196175098E0,-8.237140775E-1
7.979905042E0,-1.699261427E0,1.422147512E0,-7.402719259E-1
7.989915042E0,-1.633629680E0,1.614176512E0,-6.308490634E-1
7.999925042E0,-1.522120714E0,1.748852611E0,-4.764576256E-1
8.009936042E0,-1.386020899E0,1.836937308E0,-2.838140130E-1
8.019946042E0,-1.260048032E0,1.888572335E0,-7.960230112E-2
8.029957042E0,-1.148713946E0,1.917259336E0,1.091562063E-1
8.039967042E0,-1.030790925E0,1.909919739E0,2.644731104E-1
8.049977042E0,-8.788386583E-1,1.864230156E0,3.939597309E-1
8.059988042E0,-6.925508380E-1,1.763962388E0,4.822491109E-1
8.069997667E0,-5.072839260E-1,1.596411586E0,5.337828398E-1
8.080008667E0,-3.395135999E-1,1.392723203E0,5.484046340E-1
8.090018667E0,-1.913190633E-1,1.145227790E0,5.513266921E-1
8.100029667E0,-6.828156114E-2,8.766232729E-1,5.511623621E-1
8.110039667E0,2.811391279E-2,6.075291038E-1,5.650724173E-1
8.120049667E0,9.586127102E-2,3.550792933E-1,6.048443317E-1
8.130060667E0,1.377671361E-1,1.279357970E-1,6.561821103E-1
8.140070667E0,1.653724015E-1,-6.168925390E-2,7.122443318E-1
8.150081667E0,1.729183048E-1,-2.049723715E-1,7.584130764E-1
8.160091667E0,1.647573262E-1,-3.062694073E-1,7.940539122E-1
8.170101667E0,1.429971308E-1,-3.728242815E-1,8.319010735E-1
8.180112667E0,1.186137572E-1,-4.035443962E-1,8.607417941E-1
8.190122667E0,1.163376421E-1,-4.132937789E-1,8.907434344E-1
8.200133667E0,1.369688809E-1,-4.118269086E-1,9.146569967E-1
8.210143667E0,1.983050555E-1,-4.064671397E-1,9.453963637E-1
8.220154667E0,3.072818518E-1,-4.105929136E-1,9.760863781E-1
8.230164667E0,4.512608945E-1,-4.329179823E-1,1.000444770E0
8.240174667E0,6.185153723E-1,-4.696994424E-1,1.013473988E0
8.250185667E0,7.989062071E-1,-5.219087005E-1,1.019602895E0
8.260195667E0,9.632197618E-1,-5.746715069E-1,1.012758613E0
8.270206667E0,1.098693132E0,-6.200121641E-1,9.846817255E-1
8.280216667E0,1.192513347E0,-6.589041948E-1,9.385755062E-1
8.290226667E0,1.244377851E0,-6.812970638E-1,8.684847355E-1
8.300237667E0,1.266053677E0,-6.894977689E-1,7.828723788E-1
8.310247667E0,1.255991340E0,-6.837685704E-1,6.859551072E-1
8.320258667E0,1.224653125E0,-6.796550751E-1,5.832049847E-1
8.330268667E0,1.165917516E0,-6.742912531E-1,4.787384570E-1
8.340279667E0,1.092880011E0,-6.645294428E-1,3.791641891E-1
8.350289667E0,1.005288959E0,-6.472409964E-1,2.799550593E-1
8.360299667E0,9.086303115E-1,-6.196154952E-1,1.917934865E-1
8.370310667E0,7.874739170E-1,-5.695083737E-1,1.019541174E-1
8.380320667E0,6.319730282E-1,-5.036364198E-1,1.263464335E-3
8.390331667E0,4.406100512E-1,-3.988982737E-1,-9.697727859E-2
8.400341667E0,2.171071768E-1,-2.558183372E-1,-1.935171336E-1
8.410351667E0,-3.202250227E-2,-7.199221104E-2,-2.741789222E-1
8.420362667E0,-2.901832163E-1,1.356882751E-1,-3.260056376E-1
8.430372667E0,-5.299626589E-1,3.623319864E-1,-3.531410694E-1
8.440383667E0,-7.348183393E-1,5.855600238E-1,-3.536556065E-1
8.450393667E0,-8.918251395E-1,7.777827978E-1,-3.351659477E-1
8.460404667E0,-1.003574252E0,9.359353781E-1,-2.986255288E-1
8.470414667E0,-1.082199097E0,1.055612087E0,-2.486684769E-1
8.480424667E0,-1.122858644E0,1.137473345E0,-1.923125237E-1
8.490435667E0,-1.122669578E0,1.180216670E0,-1.318683773E-1
8.500445667E0,-1.075741529E0,1.188242078E0,-7.459576428E-2
8.510456667E0,-9.889931679E-1,1.155912876E0,-2.250144631E-2
8.520466667E0,-8.703096509E-1,1.067710638E0,2.786212415E-2
8.530477667E0,-7.152488828E-1,9.207289815E-1,7.109655440E-2
8.540487667E0,-5.366019011E-1,7.387724519E-1,1.129073799E-1
8.550497667E0,-3.489250541E-1,5.296660662E-1,1.425863504E-1
8.560508667E0,-1.617724746E-1,2.855013013E-1,1.600244641E-1
8.570518667E0,1.897388697E-2,2.598632500E-2,1.571504325E-1
8.580529667E0,1.886228323E-1,-2.242890298E-1,1.261110157E-1
8.590539667E0,3.171452284E-1,-4.378088713E-1,7.145863026E-2
8.600549667E0,3.975151777E-1,-5.957508683E-1,-5.414308049E-3
8.610560667E0,4.299894869E-1,-6.951557994E-1,-8.720994741E-2
8.620570667E0,4.182755947E-1,-7.276630998E-1,-1.629957855E-1
8.630581667E0,3.670305610E-1,-6.976552606E-1,-2.234567553E-1
8.640591667E0,2.777696550E-1,-6.098625660E-1,-2.674942315E-1
8.650602667E0,1.568492651E-1,-4.769510329E-1,-2.955146134E-1
8.660612667E0,1.993881352E-2,-3.136646450E-1,-3.140912056E-1
8.670622667E0,-1.220593005E-1,-1.400405765E-1,-3.078950942E-1
8.680633667E0,-2.715673149E-1,1.524167694E-2,-2.883043289E-1
8.690643667E0,-4.211194515E-1,1.542991996E-1,-2.604419887E-1
8.700654667E0,-5.680516362E-1,2.706521749E-1,-2.336948067E-1
8.710664667E0,-7.112257481E-1,3.674079776E-1,-2.135049999E-1
8.720675667E0,-8.296443224E-1,4.627603292E-1,-2.075339258E-1
8.730685667E0,-9.179852605E-1,5.370945334E-1,-2.061512470E-1
8.740695667E0,-9.915806651E-1,5.681421757E-1,-2.198947668E-1
8.750706667E0,-1.055883884E0,5.973601937E-1,-2.359802872E-1
8.760716667E0,-1.094973445E0,6.257340312E-1,-2.053374201E-1
8.770727667E0,-1.088185310E0,6.175090075E-1,-1.268064827E-1
8.780737667E0,-1.030179620E0,5.520287752E-1,-2.727417275E-3
8.790748667E0,-9.511053562E-1,4.678874314E-1,1.574938446E-1
8.800758667E0,-8.492982984E-1,4.033539593E-1,3.583697081E-1
8.810768667E0,-7.190701962E-1,3.575258851E-1,5.616921186E-1
8.820779667E0,-5.754262209E-1,3.251253366E-1,7.415596247E-1
8.830789667E0,-4.302814007E-1,3.253211081E-1,8.663800955E-1
8.840800667E0,-3.024044037E-1,3.776596785E-1,9.075650573E-1
8.850810667E0,-1.779571921E-1,4.465374351E-1,8.595055342E-1
8.860820667E0,-4.849293828E-2,4.985969067E-1,7.207205296E-1
8.870831667E0,1.026023403E-1,4.796820283E-1,5.072557926E-1
8.880841667E0,3.062058091E-1,3.675009012E-1,2.660397291E-1
8.890852667E0,5.654782057E-1,1.701393574E-1,3.364928067E-2
8.900862667E0,8.593652248E-1,-9.906786680E-2,-1.758293808E-1
8.910873667E0,1.151746750E0,-4.249789119E-1,-3.684104979E-1
8.920883667E0,1.413780212E0,-7.822360992E-1,-5.408421755E-1
8.930893667E0,1.622304082E0,-1.124102592E0,-7.065477371E-1
8.940904667E0,1.753392816E0,-1.389360547E0,-8.547158837E-1
8.950914667E0,1.796120882E0,-1.546817064E0,-9.607607126E-1
8.960925667E0,1.755034447E0,-1.597013116E0,-1.023215055E0
8.970935667E0,1.661932230E0,-1.551787019E0,-1.027384043E0
8.980946667E0,1.518580079E0,-1.404510140E0,-9.987105727E-1
8.990956667E0,1.331452489E0,-1.176259756E0,-9.618279338E-1
9.000966667E0,1.123767734E0,-8.762693405E-1,-9.133458734E-1
9.010977667E0,9.121841788E-1,-5.711912513E-1,-8.575808406E-1
9.020987667E0,7.194256186E-1,-3.189627230E-1,-7.894188762E-1
9.030998667E0,5.614337325E-1,-1.319356561E-1,-7.133190036E-1
9.041008667E0,4.460515380E-1,-1.251148526E-3,-6.371866465E-1
9.051019667E0,3.705710173E-1,6.180660427E-2,-5.695075393E-1
9.061029667E0,3.358638883E-1,6.351395696E-2,-5.276226401E-1
9.071040042E0,3.336323202E-1,1.211677492E-2,-5.223501325E-1
9.081051042E0,3.664451241E-1,-6.898234040E-2,-5.483835936E-1
9.091061042E0,4.004177749E-1,-1.731295288E-1,-5.881609917E-1
9.101072042E0,4.308291972E-1,-2.936615646E-1,-6.354424953E-1
9.111082042E0,4.406070411E-1,-4.014651775E-1,-6.776857376E-1
9.121093042E0,4.324215353E-1,-4.790209532E-1,-7.049189806E-1
9.131103042E0,4.089245796E-1,-5.347739458E-1,-7.033429742E-1
9.141113042E0,3.715018630E-1,-5.710172057E-1,-6.746453047E-1
9.151124042E0,3.255874813E-1,-5.948444009E-1,-6.143290401E-1
9.161134042E0,2.814722061E-1,-6.086392999E-1,-5.276937485E-1
9.171145042E0,2.367342114E-1,-6.295428872E-1,-4.256663024E-1
9.181155042E0,2.022119164E-1,-6.573452353E-1,-3.195864856E-1
9.191166042E0,1.766191721E-1,-6.854552031E-1,-2.274328768E-1
9.201176042E0,1.629731357E-1,-7.140693069E-1,-1.575760245E-1
9.211186042E0,1.470522583E-1,-7.592017055E-1,-9.743910283E-2
9.221197042E0,1.451936364E-1,-8.192576170E-1,-4.336201400E-2
9.231207042E0,1.703094095E-1,-8.856973052E-1,1.883896440E-2
9.241218042E0,2.122368813E-1,-9.644219279E-1,7.352431118E-2
9.251228042E0,2.649134398E-1,-1.053341746E0,1.119810417E-1
9.261239042E0,3.020173907E-1,-1.128247142E0,1.327664852E-1
9.271249042E0,2.979494333E-1,-1.168889284E0,1.186599806E-1
9.281259042E0,2.404919714E-1,-1.165398479E0,7.458706200E-2
9.291270042E0,1.281698197E-1,-1.116692305E0,8.659581654E-4
9.301280042E0,-3.396902606E-2,-1.038263321E0,-8.936592937E-2
9.311291042E0,-2.428426743E-1,-9.271820784E-1,-1.781635582E-1
9.321301042E0,-4.838049412E-1,-7.270503044E-1,-2.557318509E-1
9.331312042E0,-7.100344300E-1,-4.201399088E-1,-3.058809042E-1
9.341322042E0,-8.914582729E-1,-7.713885605E-2,-3.241717517E-1
9.351332042E0,-1.033978224E0,2.521625161E-1,-3.298750520E-1
9.361343042E0,-1.132250190E0,5.724648833E-1,-3.204224408E-1
9.371353042E0,-1.180879712E0,8.967593908E-1,-3.002086878E-1
9.381364042E0,-1.179511905E0,1.189459682E0,-2.469699681E-1
9.391374042E0,-1.131920934E0,1.406387925E0,-1.673363000E-1
9.401385042E0,-1.039876461E0,1.530550957E0,-7.347504795E-2
9.411395042E0,-9.143111706E-1,1.575587511E0,6.733849645E-3
9.421405042E0,-7.738637924E-1,1.554096341E0,7.615286857E-2
9.431416042E0,-6.319777369E-1,1.472685337E0,1.266248524E-1
9.441426042E0,-4.931732714E-1,1.331194520E0,1.676721573E-1
9.451437042E0,-3.610673249E-1,1.145649910E0,2.006305456E-1
9.461447042E0,-2.498153746E-1,9.317580462E-1,2.274797410E-1
9.471458042E0,-1.621064246E-1,7.210165858E-1,2.366660833E-1
9.481468042E0,-9.205809236E-2,5.359727144E-1,2.510383725E-1
9.491478042E0,-3.928449377E-2,3.855411708E-1,2.610034049E-1
9.501489042E0,-9.557755664E-3,2.609736621E-1,2.728188038E-1
9.511499042E0,-1.466823090E-2,1.545744687E-1,3.038477898E-1
9.521510042E0,-4.582854733E-2,5.861705169E-2,3.304895163E-1
9.531520042E0,-1.002078727E-1,-1.361205615E-2,3.610778153E-1
9.541531042E0,-1.601881087E-1,-6.992033124E-2,3.926533163E-1
9.551541042E0,-2.058767378E-1,-1.116875112E-1,4.266894758E-1
9.561551042E0,-2.182737440E-1,-1.379561424E-1,4.681380987E-1
9.571562042E0,-2.011580020E-1,-1.438223124E-1,5.093126297E-1
9.581572042E0,-1.625698656E-1,-1.461914629E-1,5.495895147E-1
9.591583042E0,-1.300746948E-1,-1.414335817E-1,5.662946701E-1
9.601593042E0,-1.108405367E-1,-1.135084778E-1,5.572982430E-1
9.611604042E0,-1.250309050E-1,-3.205928952E-2,5.113576055E-1
9.621614042E0,-1.749092489E-1,1.157472134E-1,4.406603277E-1
9.631624042E0,-2.638966739E-1,3.113452494E-1,3.669328094E-1
9.641635042E0,-3.778466880E-1,5.395430326E-1,3.058726192E-1
9.651645042E0,-5.088688135E-1,7.730267048E-1,2.656918764E-1
9.661656042E0,-6.437291503E-1,9.956009388E-1,2.477773279E-1
9.671666042E0,-7.698619366E-1,1.179743886E0,2.484829128E-1
9.681677042E0,-8.705430031E-1,1.296404719E0,2.690803409E-1
9.691687042E0,-9.343072772E-1,1.356829405E0,3.142594397E-1
9.701698042E0,-9.649141431E-1,1.354713559E0,3.745595515E-1
9.711708042E0,-9.773409963E-1,1.287067175E0,4.302166700E-1
9.721718042E0,-9.675605297E-1,1.175988317E0,4.785186946E-1
9.731729042E0,-9.268617034E-1,1.051484823E0,5.341308713E-1
9.741739042E0,-8.502222896E-1,9.302518964E-1,5.936184525E-1
9.751750042E0,-7.398345470E-1,8.136824369E-1,6.498779655E-1
9.761760042E0,-5.915122032E-1,6.835193634E-1,7.076494098E-1
9.771771042E0,-4.063815176E-1,5.374270678E-1,7.557414770E-1
9.781781042E0,-2.058905214E-1,4.002687037E-1,7.939788699E-1
9.791791042E0,-3.537641838E-3,2.706509531E-1,8.105089664E-1
9.801802042E0,1.748446077E-1,1.533954293E-1,8.018497229E-1
9.811812042E0,3.004591763E-1,6.005322188E-2,7.837655544E-1
9.821823042E0,3.634245694E-1,-9.722930379E-3,7.642155886E-1
9.831833042E0,3.567878902E-1,-4.435937107E-2,7.452005148E-1
9.841844042E0,2.991120815E-1,-5.465541780E-2,7.387290001E-1
9.851854042E0,1.929127276E-1,-4.870622978E-2,7.394838333E-1
9.861864042E0,6.718195975E-2,-3.714065626E-2,7.386294603E-1
9.871875042E0,-5.805204064E-2,-1.339284237E-2,7.343473434E-1
9.881885042E0,-1.552422345E-1,3.113361448E-2,7.281485200E-1
9.891896042E0,-2.105344087E-1,7.123443484E-2,7.233539820E-1
9.901906042E0,-2.294362038E-1,8.979799598E-2,7.179771066E-1
9.911917042E0,-2.194377333E-1,8.957415074E-2,7.003917694E-1
9.921927042E0,-2.048870176E-1,7.325883210E-2,6.804886460E-1
9.931938042E0,-2.001446635E-1,4.464367777E-2,6.533567309E-1
9.941948042E0,-2.088422775E-1,2.238284796E-2,6.138420701E-1
9.951958042E0,-2.201033682E-1,2.451290376E-2,5.521008372E-1
9.961969042E0,-2.317283452E-1,5.186356604E-2,4.751330912E-1
9.971979042E0,-2.430406213E-1,7.058296353E-2,3.873402178E-1
9.981990042E0,-2.506737411E-1,7.993704826E-2,2.792547345E-1
9.992000042E0,-2.417292744E-1,1.281128228E-1,1.747509539E-1
1.000201104E1,-1.813588738E-1,2.150397301E-1,8.039410412E-2
1.001202104E1,-9.029647708E-2,2.734385729E-1,-6.995960139E-3
1.002203104E1,2.791653387E-3,2.502155304E-1,-9.853093326E-2
1.003204204E1,6.828223914E-2,1.573618799E-1,-1.764502227E-1
1.004205204E1,1.055462509E-1,3.040793352E-2,-2.200536281E-1
1.005206304E1,1.514770687E-1,-1.067528725E-1,-2.108861059E-1
1.006207304E1,2.434895486E-1,-2.698275447E-1,-1.762439758E-1
1.007208367E1,3.795142174E-1,-4.808018208E-1,-1.264133006E-1
1.008209367E1,5.434035659E-1,-7.052314878E-1,-9.442368150E-2
1.009210467E1,7.040690184E-1,-9.136708379E-1,-9.415175021E-2
1.010211467E1,8.278764486E-1,-1.103952885E0,-1.253450811E-1
1.011212467E1,9.052024484E-1,-1.249915957E0,-1.860786229E-1
1.012213567E1,9.386341572E-1,-1.319920301E0,-2.722092569E-1
1.013214567E1,9.584087729E-1,-1.322077155E0,-3.886060119E-1
1.014215667E1,9.799087048E-1,-1.280030608E0,-5.352337956E-1
1.015216667E1,9.935995936E-1,-1.233834028E0,-7.013383508E-1
1.016217767E1,9.951831102E-1,-1.200411320E0,-8.747077584E-1
1.017218767E1,9.712237120E-1,-1.174178600E0,-1.050222754E0
1.018219767E1,9.288533330E-1,-1.154745698E0,-1.231221318E0
1.019220867E1,8.614591956E-1,-1.127520084E0,-1.411460042E0
1.020221867E1,7.894726396E-1,-1.093549609E0,-1.573796034E0
1.021222967E1,7.256850600E-1,-1.042232752E0,-1.699899912E0
1.022223967E1,6.786022186E-1,-9.866346717E-1,-1.771739841E0
1.023225067E1,6.590354443E-1,-9.280989170E-1,-1.774756551E0
1.024226067E1,6.500869393E-1,-8.646549582E-1,-1.704262495E0
1.025227167E1,6.387494206E-1,-8.008875847E-1,-1.576483369E0
1.026228167E1,6.247284412E-1,-7.426540852E-1,-1.423871517E0
1.027229167E1,5.966793895E-1,-6.897869110E-1,-1.262375832E0
1.028230267E1,5.529846549E-1,-6.421429515E-1,-1.126558781E0
1.029231267E1,4.939896762E-1,-5.970754027E-1,-1.015454531E0
1.030232367E1,4.257278144E-1,-5.600012541E-1,-9.217165112E-1
1.031233367E1,3.588249981E-1,-5.229880810E-1,-8.378496766E-1
1.032234467E1,3.026925027E-1,-4.957088232E-1,-7.636196613E-1
1.033235467E1,2.641042769E-1,-4.890959561E-1,-7.007471323E-1
1.034236467E1,2.383903861E-1,-5.072513223E-1,-6.463089585E-1
1.035237567E1,2.222658694E-1,-5.385916829E-1,-6.031151414E-1
1.036238567E1,1.975679845E-1,-5.864598751E-1,-5.658591390E-1
1.037239667E1,1.589114070E-1,-6.338847280E-1,-5.432518125E-1
1.038240667E1,1.004768685E-1,-6.617645621E-1,-5.381499529E-1
1.039241767E1,2.877547406E-2,-6.578301191E-1,-5.459717512E-1
1.040242767E1,-4.805805534E-2,-6.364601254E-1,-5.549495220E-1
1.041243867E1,-1.305302531E-1,-6.036150455E-1,-5.567228198E-1
1.042244867E1,-2.098418474E-1,-5.601685047E-1,-5.519019961E-1
1.043245867E1,-2.748597562E-1,-5.059897900E-1,-5.321395397E-1
1.044246967E1,-3.198887706E-1,-4.485597908E-1,-4.986897111E-1
1.045247967E1,-3.403534889E-1,-3.949828148E-1,-4.552944601E-1
1.046249067E1,-3.357965648E-1,-3.481833339E-1,-4.143544734E-1
1.047250067E1,-3.178279400E-1,-3.122048378E-1,-3.781911433E-1
1.048251167E1,-2.930482924E-1,-2.866185308E-1,-3.403601348E-1
1.049252167E1,-2.647139132E-1,-2.761430144E-1,-3.071365058E-1
1.050253267E1,-2.437015623E-1,-2.626737952E-1,-2.711140513E-1
1.051254267E1,-2.314477712E-1,-2.567127347E-1,-2.248508185E-1
1.052255267E1,-2.192318588E-1,-2.569982409E-1,-1.818695366E-1
1.053256367E1,-2.122640163E-1,-2.611182332E-1,-1.431139857E-1
1.054257367E1,-2.177597135E-1,-2.563224137E-1,-1.107304841E-1
1.055258467E1,-2.451977283E-1,-2.371182442E-1,-8.201948553E-2
1.056259467E1,-2.970097959E-1,-1.968690902E-1,-5.887981504E-2
1.057260567E1,-3.585329652E-1,-1.301206797E-1,-3.560090810E-2
1.058261567E1,-4.307608306E-1,-3.810713440E-2,-1.876254007E-2
1.059262567E1,-4.978676438E-1,7.517918944E-2,-9.017112665E-3
1.060263667E1,-5.649750233E-1,1.911854297E-1,-3.886799328E-3
1.061264667E1,-6.307255626E-1,3.009334207E-1,4.890127108E-3
1.062265767E1,-7.133144736E-1,4.001281857E-1,2.130771615E-2
1.063266767E1,-7.896440029E-1,5.150513649E-1,6.413374096E-2
1.064267867E1,-8.298297524E-1,6.278061271E-1,1.385661662E-1
1.065268867E1,-8.360482454E-1,7.026808262E-1,2.165821344E-1
1.066269967E1,-8.203180432E-1,7.358371615E-1,2.910701931E-1
1.067270967E1,-7.999392748E-1,7.610429525E-1,3.542829454E-1
1.068271967E1,-7.791599631E-1,7.724764347E-1,4.173839092E-1
1.069273067E1,-7.537040114E-1,7.583902478E-1,4.929804206E-1
1.070274067E1,-7.050539255E-1,7.230748534E-1,5.795605779E-1
1.071275167E1,-6.283386350E-1,6.795702577E-1,6.679418087E-1
1.072276167E1,-5.188806057E-1,6.165785193E-1,7.493591905E-1
1.073277267E1,-3.837550282E-1,5.327839255E-1,8.117901683E-1
1.074278267E1,-2.386660278E-1,4.287339747E-1,8.612770438E-1
1.075279367E1,-9.437503666E-2,3.393578529E-1,8.807039857E-1
1.076280367E1,2.594232187E-2,2.858791649E-1,8.809252977E-1
1.077281367E1,1.245031431E-1,2.681796551E-1,8.717094660E-1
1.078282467E1,2.047788203E-1,2.801676095E-1,8.595824838E-1
1.079283467E1,2.801884413E-1,3.176342249E-1,8.463910222E-1
1.080284567E1,3.472841084E-1,3.532249928E-1,8.393616080E-1
1.081285567E1,4.019325078E-1,3.756874800E-1,8.360292912E-1
1.082286667E1,4.306331277E-1,3.730933070E-1,8.296150565E-1
1.083287667E1,4.213893116E-1,3.481256366E-1,8.150233626E-1
1.084288767E1,3.705615401E-1,3.092291057E-1,7.921990156E-1
1.085289767E1,2.871485651E-1,2.643567920E-1,7.627303004E-1
1.086290767E1,1.750222743E-1,2.295487225E-1,7.330552340E-1
1.087291867E1,3.625186905E-2,1.978889406E-1,7.128082514E-1
1.088292867E1,-1.111668795E-1,1.764907092E-1,7.093416452E-1
1.089293967E1,-2.594176531E-1,1.878506988E-1,7.202274799E-1
1.090294967E1,-3.942513764E-1,2.184568197E-1,7.493531108E-1
1.091296067E1,-5.104643703E-1,2.685552537E-1,7.782708406E-1
1.092297067E1,-6.110287905E-1,3.415189385E-1,7.970520258E-1
1.093298167E1,-7.133570313E-1,4.300332367E-1,8.013023734E-1
1.094299167E1,-8.203532696E-1,5.414657593E-1,7.814586759E-1
1.095300167E1,-9.317542315E-1,6.737081409E-1,7.329590321E-1
1.096301267E1,-1.036538482E0,7.993747592E-1,6.515156031E-1
1.097302267E1,-1.125486374E0,9.204696417E-1,5.576967597E-1
1.098303367E1,-1.174367070E0,1.027951121E0,4.549232125E-1
1.099304367E1,-1.177925587E0,1.105973125E0,3.721245825E-1
1.100305467E1,-1.140203834E0,1.148248196E0,3.136926889E-1
1.101306467E1,-1.066270113E0,1.137798786E0,2.843354642E-1
1.102307567E1,-9.644441009E-1,1.088548779E0,2.716550827E-1
1.103308567E1,-8.381778002E-1,9.945657849E-1,2.726972401E-1
1.104309567E1,-6.934706569E-1,8.523766994E-1,2.813666463E-1
1.105310667E1,-5.392856598E-1,6.902834773E-1,3.052629828E-1
1.106311667E1,-3.781865537E-1,5.196424723E-1,3.356925547E-1
1.107312779E1,-2.238009870E-1,3.449622393E-1,3.723692596E-1
1.108313779E1,-7.973702252E-2,1.903795749E-1,4.140008688E-1
1.109314879E1,4.392308369E-2,6.219574064E-2,4.567937851E-1
1.110315879E1,1.470081806E-1,-3.767066821E-2,4.989686608E-1
1.111316979E1,2.215311676E-1,-1.108924225E-1,5.403704643E-1
1.112317979E1,2.771315873E-1,-1.573022604E-1,5.884541273E-1
1.113319079E1,3.095255792E-1,-1.836863756E-1,6.341632009E-1
1.114320079E1,3.293562829E-1,-1.914135367E-1,6.860570312E-1
1.115321079E1,3.493861258E-1,-1.845485568E-1,7.286859155E-1
1.116322179E1,3.798383176E-1,-1.716511399E-1,7.644824982E-1
1.117323179E1,4.207983017E-1,-1.666116863E-1,7.928792834E-1
1.118324279E1,4.707309604E-1,-1.613138616E-1,8.020677567E-1
1.119325279E1,5.198641419E-1,-1.655331403E-1,7.958616614E-1
1.120326379E1,5.624275804E-1,-1.810758859E-1,7.626610994E-1
1.121327379E1,5.966445804E-1,-2.077358514E-1,7.065733671E-1
1.122328479E1,6.163123250E-1,-2.552450299E-1,6.184751987E-1
1.123329479E1,6.177442074E-1,-3.145298064E-1,5.159251690E-1
1.124330479E1,6.015841365E-1,-3.645207882E-1,3.956184387E-1
1.125331579E1,5.539808869E-1,-4.034689963E-1,2.644123733E-1
1.126332579E1,4.728247821E-1,-4.187158644E-1,1.403024197E-1
1.127333679E1,3.664086461E-1,-3.867007494E-1,2.855094150E-2
1.128334679E1,2.407814711E-1,-3.018790781E-1,-5.979969352E-2
1.129335779E1,1.056353524E-1,-1.701170057E-1,-1.184854209E-1
1.130336779E1,-1.994813792E-2,-8.229305036E-3,-1.563917994E-1
1.131337879E1,-1.293822676E-1,1.607674062E-1,-1.821451634E-1
1.132338879E1,-2.095189095E-1,3.258772492E-1,-1.936976910E-1
1.133339879E1,-2.587017715E-1,4.463949203E-1,-1.957682967E-1
1.134340979E1,-2.853565514E-1,5.306432247E-1,-1.869417876E-1
1.135341979E1,-2.886605561E-1,5.701231360E-1,-1.958252341E-1
1.136343079E1,-2.795000672E-1,5.648818016E-1,-2.286889106E-1
1.137344079E1,-2.601792514E-1,4.910140932E-1,-2.827033699E-1
1.138345179E1,-2.551845014E-1,3.561444283E-1,-3.492190242E-1
1.139346179E1,-2.648433447E-1,2.225768268E-1,-3.819583058E-1
1.140347279E1,-2.524119914E-1,1.021316424E-1,-3.653771877E-1
1.141348279E1,-2.008657306E-1,-4.115431756E-2,-2.988030314E-1
1.142349279E1,-1.172941476E-1,-2.152779102E-1,-1.997488886E-1
1.143350379E1,-3.765995381E-3,-3.754488230E-1,-6.579934806E-2
1.144351379E1,1.377921999E-1,-5.055103898E-1,1.058610901E-1
1.145352479E1,3.050599992E-1,-6.181661487E-1,2.787460089E-1
1.146353479E1,4.629244804E-1,-7.289842963E-1,3.892512321E-1
1.147354579E1,5.620700717E-1,-8.131116033E-1,4.032236934E-1
1.148355579E1,5.889437199E-1,-8.379380703E-1,3.162395358E-1
1.149356679E1,5.501608253E-1,-8.122094274E-1,1.274259984E-1
1.150357679E1,5.065001845E-1,-7.282775044E-1,-1.571697742E-1
1.151358779E1,5.009726882E-1,-6.115544438E-1,-5.190898180E-1
1.152359779E1,5.641327500E-1,-4.815663099E-1,-9.026702046E-1
1.153360779E1,7.038335800E-1,-3.847710192E-1,-1.255976319E0
1.154361879E1,8.822150230E-1,-3.558616042E-1,-1.529175043E0
1.155362879E1,1.063698292E0,-3.847926855E-1,-1.707585096E0
1.156363979E1,1.224634647E0,-4.680159390E-1,-1.801664829E0
1.157364979E1,1.330874085E0,-5.719996691E-1,-1.802801371E0
1.158366079E1,1.369403839E0,-7.068986297E-1,-1.723999143E0
1.159367079E1,1.330572128E0,-8.399394155E-1,-1.588130593E0
1.160368179E1,1.235396862E0,-9.525780678E-1,-1.418870687E0
1.161369179E1,1.097452879E0,-1.038803935E0,-1.244621992E0
1.162370179E1,9.364458323E-1,-1.086540222E0,-1.094414949E0
1.163371279E1,7.571374774E-1,-1.093744278E0,-9.936369061E-1
1.164372279E1,5.617949367E-1,-1.046401620E0,-9.492151737E-1
1.165373379E1,3.519146740E-1,-9.497190118E-1,-9.465217590E-1
1.166374379E1,1.335735470E-1,-8.025141358E-1,-9.528670311E-1
1.167375479E1,-8.971724659E-2,-6.116038561E-1,-9.457988739E-1
1.168376479E1,-2.987665832E-1,-3.846242428E-1,-9.221558571E-1
1.169377579E1,-4.928812385E-1,-1.427668184E-1,-8.789178729E-1
1.170378579E1,-6.613328457E-1,9.377647936E-2,-8.249462247E-1
1.171379679E1,-7.916190624E-1,3.054404259E-1,-7.731972933E-1
1.172380679E1,-9.012398720E-1,4.896976054E-1,-7.258425951E-1
1.173381679E1,-9.976012707E-1,6.359031200E-1,-6.883996725E-1
1.174382779E1,-1.072351694E0,7.410185933E-1,-6.585722566E-1
1.175383779E1,-1.124550819E0,7.995928526E-1,-6.356668472E-1
1.176384879E1,-1.150861025E0,8.165217638E-1,-6.128802896E-1
1.177385879E1,-1.149091363E0,7.871675491E-1,-6.005209088E-1
1.178386979E1,-1.112658978E0,7.214204669E-1,-5.902581215E-1
1.179387979E1,-1.039172173E0,6.186568737E-1,-5.824923515E-1
1.180389079E1,-9.233584404E-1,4.866000116E-1,-5.655439496E-1
1.181390079E1,-7.822502851E-1,3.293182552E-1,-5.383381844E-1
1.182391179E1,-6.338368654E-1,1.634373963E-1,-4.826288819E-1
1.183392179E1,-4.819681942E-1,-4.144782200E-3,-4.091616571E-1
1.184393179E1,-3.410638273E-1,-1.715260446E-1,-3.171364069E-1
1.185394279E1,-2.132740766E-1,-3.431687653E-1,-2.145382762E-1
1.186395279E1,-1.057436243E-1,-5.189821720E-1,-1.130358875E-1
1.187396379E1,-2.839271724E-2,-6.697975993E-1,-2.312263474E-2
1.188397379E1,9.281158447E-3,-7.897399664E-1,4.565696046E-2
1.189398479E1,1.165848039E-2,-8.836154938E-1,1.033895984E-1
1.190399479E1,-1.533026062E-2,-9.500187635E-1,1.509241015E-1
1.191400579E1,-7.240142673E-2,-9.980071783E-1,1.988098025E-1
1.192401579E1,-1.522579193E-1,-9.969342351E-1,2.422763109E-1
1.193402679E1,-2.587164342E-1,-9.333192706E-1,2.854866385E-1
1.194403679E1,-3.875686824E-1,-8.063490987E-1,3.179212809E-1
1.195404679E1,-5.310679674E-1,-6.419697404E-1,3.216225803E-1
1.196405779E1,-6.954888105E-1,-4.683380425E-1,3.084005117E-1
1.197406779E1,-8.929033875E-1,-2.410204858E-1,2.899468839E-1
1.198407879E1,-1.075881004E0,9.886863828E-2,2.701667845E-1
1.199408879E1,-1.224336267E0,4.579018950E-1,2.609104514E-1
1.200409979E1,-1.332216859E0,7.515071034E-1,2.449170798E-1
1.201410979E1,-1.392438173E0,9.822517633E-1,2.476180345E-1
1.202412079E1,-1.409735680E0,1.209593773E0,2.863872349E-1
1.203413079E1,-1.378426671E0,1.369752884E0,3.562287688E-1
1.204414179E1,-1.310741067E0,1.406301856E0,4.519539475E-1
1.205415179E1,-1.213682890E0,1.343663812E0,5.620589852E-1
1.206416179E1,-1.087256074E0,1.236437321E0,6.701026559E-1
1.207417304E1,-9.329553246E-1,1.078392148E0,7.674503326E-1
1.208418304E1,-7.610626817E-1,8.605552912E-1,8.636023998E-1
1.209419404E1,-5.669772029E-1,6.166998744E-1,9.482982159E-1
1.210420404E1,-3.682007194E-1,3.902973533E-1,1.012452841E0
1.211421504E1,-1.879543066E-1,2.091472596E-1,1.052527308E0
1.212422504E1,-3.683056310E-2,9.115164727E-2,1.065195441E0
1.213423604E1,7.967532426E-2,4.473557323E-2,1.062796235E0
1.214424604E1,1.824381799E-1,4.926055297E-2,1.047405243E0
1.215425704E1,2.720060349E-1,7.792744040E-2,1.025825262E0
1.216426704E1,3.467122316E-1,1.125181764E-1,1.015320420E0
1.217427704E1,3.964233994E-1,1.557728499E-1,1.010101199E0
1.218428804E1,4.215295613E-1,1.963394582E-1,1.004441261E0
1.219429804E1,4.153274000E-1,2.309049517E-1,9.976492524E-1
1.220430904E1,3.746087253E-1,2.613038719E-1,9.925227165E-1
1.221431904E1,2.906055748E-1,2.795971930E-1,9.848275185E-1
1.222433004E1,1.688226610E-1,2.926346958E-1,9.666524529E-1
1.223434004E1,1.549858134E-2,3.017132878E-1,9.301996231E-1
1.224435104E1,-1.604966819E-1,3.171087503E-1,8.751661777E-1
1.225436104E1,-3.387078941E-1,3.388867080E-1,7.928903103E-1
1.226437204E1,-5.003966689E-1,3.631550372E-1,7.010581493E-1
1.227438204E1,-6.441849470E-1,3.894468546E-1,6.062135100E-1
1.228439204E1,-7.659910321E-1,4.268810451E-1,5.213758349E-1
1.229440304E1,-8.789374828E-1,4.902056158E-1,4.523671567E-1
1.230441304E1,-9.878834486E-1,5.882447958E-1,4.002634585E-1
1.231442404E1,-1.116898894E0,7.103642225E-1,3.511204123E-1
1.232443404E1,-1.256315112E0,8.739907146E-1,3.155453801E-1
1.233444504E1,-1.393844604E0,1.067733407E0,2.724231780E-1
1.234445504E1,-1.518571138E0,1.265593171E0,2.143835574E-1
1.235446604E1,-1.612630844E0,1.450649142E0,1.376292259E-1
1.236447604E1,-1.658704042E0,1.602638602E0,5.021922290E-2
1.237448704E1,-1.659384608E0,1.714881659E0,-3.502591699E-2
1.238449704E1,-1.620799661E0,1.783247113E0,-1.082679033E-1
1.239450804E1,-1.562664628E0,1.796079278E0,-1.604054123E-1
1.240451804E1,-1.492772937E0,1.770907402E0,-1.921273768E-1
1.241452804E1,-1.409838557E0,1.709654808E0,-2.074954063E-1
1.242453904E1,-1.329401255E0,1.615704417E0,-2.019728124E-1
1.243454904E1,-1.251853943E0,1.484068394E0,-1.763053089E-1
1.244456004E1,-1.182050943E0,1.333167195E0,-1.327993721E-1
1.245457004E1,-1.121131897E0,1.163756609E0,-7.797481865E-2
1.246458104E1,-1.068983197E0,9.975672364E-1,-1.437799726E-2
1.247459104E1,-1.023746014E0,8.358421922E-1,4.906199127E-2
1.248460204E1,-9.929953218E-1,6.773300171E-1,1.134708151E-1
1.249461204E1,-9.746173024E-1,5.395607352E-1,1.684431136E-1
1.250462304E1,-9.788261652E-1,4.516620040E-1,2.282912731E-1
1.251463304E1,-1.006595731E0,4.032304287E-1,2.684389353E-1
1.252464404E1,-1.043756127E0,3.878810406E-1,2.971571386E-1
1.253465404E1,-1.099638462E0,4.025363624E-1,3.275820613E-1
1.254466404E1,-1.180289388E0,4.507827163E-1,3.608137965E-1
1.255467504E1,-1.281465411E0,5.269539952E-1,3.802047670E-1
1.256468504E1,-1.399513483E0,6.397308707E-1,3.933935463E-1
1.257469604E1,-1.518870473E0,7.695280910E-1,3.941785395E-1
1.258470604E1,-1.626167536E0,9.043671489E-1,3.863949180E-1
1.259471704E1,-1.719889283E0,1.040753841E0,3.753909767E-1
1.260472704E1,-1.789406300E0,1.169981122E0,3.600810170E-1
1.261473804E1,-1.818648338E0,1.265643001E0,3.487657905E-1
1.262474804E1,-1.807318687E0,1.314194083E0,3.388633430E-1
1.263475904E1,-1.754060388E0,1.313496232E0,3.248559535E-1
1.264476904E1,-1.677022338E0,1.263093710E0,3.060468435E-1
1.265477904E1,-1.591071248E0,1.186189651E0,2.854823470E-1
1.266479004E1,-1.491669536E0,1.123271942E0,2.831949592E-1
1.267480004E1,-1.346475244E0,1.043386579E0,3.079619110E-1
1.268481104E1,-1.185012579E0,9.117213488E-1,3.154765666E-1
1.269482104E1,-1.059048295E0,7.444117069E-1,2.741130590E-1
1.270483204E1,-9.999668598E-1,6.139016747E-1,1.870466173E-1
1.271484204E1,-1.016241670E0,5.415423512E-1,7.176335901E-2
1.272485304E1,-1.083766103E0,5.433780551E-1,-5.626171827E-2
1.273486304E1,-1.170777082E0,6.063283086E-1,-1.771245897E-1
1.274487404E1,-1.251878142E0,7.245572209E-1,-2.752317190E-1
1.275488404E1,-1.309542775E0,8.809476495E-1,-3.472942710E-1
1.276489504E1,-1.344479442E0,1.027803063E0,-3.880803287E-1
1.277490504E1,-1.366833568E0,1.129272103E0,-3.961078525E-1
1.278491504E1,-1.390146852E0,1.173536777E0,-3.933610618E-1
1.279492604E1,-1.419390798E0,1.170235276E0,-3.871511817E-1
1.280493604E1,-1.460629821E0,1.141107798E0,-3.819689453E-1
1.281494704E1,-1.508546352E0,1.107268095E0,-3.840852380E-1
1.282495704E1,-1.552520275E0,1.063048124E0,-3.986167610E-1
1.283496804E1,-1.588543296E0,1.029970407E0,-4.189947844E-1
1.284497804E1,-1.628002524E0,1.012880683E0,-4.399946034E-1
1.285498904E1,-1.692760587E0,1.013171911E0,-4.552528858E-1
1.286499904E1,-1.785806894E0,1.024078608E0,-4.644773006E-1
1.287501004E1,-1.896381736E0,1.064996004E0,-4.636128545E-1
1.288502004E1,-2.014903784E0,1.154051065E0,-4.494591951E-1
1.289503104E1,-2.123502016E0,1.279557109E0,-4.402643740E-1
1.290504104E1,-2.206032515E0,1.412809491E0,-4.379436970E-1
1.291505104E1,-2.243575573E0,1.543736219E0,-4.466139376E-1
1.292506204E1,-2.227885008E0,1.645307064E0,-4.738349020E-1
1.293507204E1,-2.157058001E0,1.711995959E0,-5.069916248E-1
1.294508304E1,-2.050414085E0,1.715744376E0,-5.358248949E-1
1.295509304E1,-1.917404532E0,1.660941601E0,-5.433687568E-1
1.296510404E1,-1.781736732E0,1.552051306E0,-5.367883444E-1
1.297511404E1,-1.641340256E0,1.407117963E0,-5.098033547E-1
1.298512504E1,-1.504171848E0,1.233601332E0,-4.701033533E-1
1.299513504E1,-1.361831903E0,1.022823930E0,-4.338174760E-1
1.300514604E1,-1.215365767E0,7.976683974E-1,-3.942967057E-1
1.301515604E1,-1.077344656E0,5.717703104E-1,-3.579268754E-1
1.302516704E1,-9.753088355E-1,3.621537089E-1,-3.346612155E-1
1.303517704E1,-9.280121922E-1,1.832356900E-1,-3.188362122E-1
1.304518704E1,-9.331185222E-1,3.609765321E-2,-3.046538234E-1
1.305519804E1,-9.811186790E-1,-6.243450940E-2,-2.855566442E-1
1.306520804E1,-1.058718443E0,-1.147800088E-1,-2.498676181E-1
1.307521917E1,-1.168992519E0,-1.118416041E-1,-2.042336017E-1
1.308522917E1,-1.306158185E0,-5.161367729E-2,-1.526210159E-1
1.309524017E1,-1.472377419E0,5.618372560E-2,-8.970917761E-2
1.310525017E1,-1.668350935E0,2.052411139E-1,-2.246995643E-2
1.311526117E1,-1.888652325E0,3.888131678E-1,4.074722156E-2
1.312527117E1,-2.122431040E0,6.054584384E-1,9.238005430E-2
1.313528217E1,-2.369723320E0,8.423407674E-1,1.380495429E-1
1.314529217E1,-2.627218962E0,1.087812424E0,1.835682988E-1
1.315530317E1,-2.881468534E0,1.340097427E0,2.259953022E-1
1.316531317E1,-3.125584364E0,1.577584505E0,2.646098137E-1
1.317532317E1,-3.334047556E0,1.777211547E0,2.790895402E-1
1.318533417E1,-3.487456322E0,1.930476785E0,2.857602239E-1
1.319534417E1,-3.599521160E0,2.056414127E0,2.900679708E-1
1.320535517E1,-3.671465874E0,2.163061857E0,2.760083377E-1
1.321536517E1,-3.696349621E0,2.247685432E0,2.556325495E-1
1.322537617E1,-3.668998480E0,2.272430420E0,2.530199885E-1
1.323538617E1,-3.595245123E0,2.237730026E0,2.441650331E-1
1.324539717E1,-3.466242313E0,2.143210649E0,2.237801254E-1
1.325540717E1,-3.293731928E0,2.009093523E0,2.100217640E-1
1.326541817E1,-3.078245640E0,1.832278728E0,1.877976805E-1
1.327542817E1,-2.842496634E0,1.628566861E0,1.347156912E-1
1.328543917E1,-2.576338291E0,1.432607174E0,5.930961668E-2
1.329544917E1,-2.304240227E0,1.265035272E0,1.170434244E-2
1.330546017E1,-2.057141542E0,1.138490319E0,1.631960087E-2
1.331547017E1,-1.846717358E0,1.042257667E0,6.112997234E-2
1.332548117E1,-1.676283240E0,9.759314060E-1,1.505357474E-1
1.333549117E1,-1.527521849E0,9.116583467E-1,2.634904683E-1
1.334550117E1,-1.392590404E0,8.137682676E-1,3.771325946E-1
1.335551217E1,-1.276675344E0,6.762503386E-1,4.826481342E-1
1.336552217E1,-1.171057820E0,5.424525738E-1,5.488263965E-1
1.337553317E1,-1.086331129E0,4.169500470E-1,5.735673308E-1
1.338554317E1,-1.029134512E0,3.073031604E-1,5.451964140E-1
1.339555417E1,-1.016928315E0,2.478692830E-1,4.648787379E-1
1.340556417E1,-1.056291461E0,2.438750863E-1,3.544667363E-1
1.341557517E1,-1.132684231E0,2.889350653E-1,2.312206179E-1
1.342558517E1,-1.195951104E0,3.574914634E-1,9.830198437E-2
1.343559617E1,-1.248462439E0,4.673782885E-1,1.053365879E-2
1.344560617E1,-1.329896331E0,5.504258275E-1,-1.991799101E-2
1.345561717E1,-1.417656183E0,6.007726789E-1,-5.015060306E-2
1.346562717E1,-1.502253056E0,6.637348533E-1,-1.111162156E-1
1.347563817E1,-1.588590622E0,7.320315838E-1,-2.160937339E-1
1.348564817E1,-1.688167810E0,7.947357297E-1,-3.251190186E-1
1.349565817E1,-1.824229360E0,8.562265635E-1,-4.344046712E-1
1.350566917E1,-1.984112144E0,9.373134375E-1,-5.534298420E-1
1.351567917E1,-2.153906107E0,1.058542013E0,-6.887394786E-1
1.352569017E1,-2.320178032E0,1.199340582E0,-8.022961020E-1
1.353570017E1,-2.465857029E0,1.302924395E0,-8.729584217E-1
1.354571117E1,-2.544385433E0,1.350965142E0,-8.838898540E-1
1.355572117E1,-2.536376953E0,1.289427638E0,-8.491634727E-1
1.356573217E1,-2.449222565E0,1.132330418E0,-7.820382118E-1
1.357574217E1,-2.329160213E0,9.710335732E-1,-7.538951039E-1
1.358575317E1,-2.202574730E0,8.410468698E-1,-7.782254815E-1
1.359576317E1,-2.091429710E0,7.945244908E-1,-8.566002846E-1
1.360577417E1,-2.000462294E0,8.209055066E-1,-9.677465558E-1
1.361578417E1,-1.925971508E0,9.094679356E-1,-1.057674885E0
1.362579517E1,-1.861392140E0,9.998795986E-1,-1.068953276E0
1.363580517E1,-1.784722447E0,1.050899982E0,-9.897296429E-1
1.364581517E1,-1.676965594E0,1.060326338E0,-8.233265877E-1
1.365582617E1,-1.544265151E0,1.005160332E0,-6.030625701E-1
1.366583617E1,-1.392228723E0,8.892049193E-1,-3.695462048E-1
1.367584717E1,-1.211575270E0,7.483386397E-1,-1.636152267E-1
1.368585717E1,-9.836007953E-1,6.407203078E-1,-2.245944366E-2
1.369586817E1,-7.040805817E-1,5.951134562E-1,5.784203485E-2
1.370587817E1,-4.051905274E-1,5.208008885E-1,8.118730038E-2
1.371588917E1,-1.066070199E-1,3.987388015E-1,3.531199694E-2
1.372589917E1,1.733061224E-1,1.983415484E-1,-5.603575706E-2
1.373591017E1,3.800637126E-1,-6.971246004E-2,-1.806324571E-1
1.374592017E1,4.790054560E-1,-3.390520513E-1,-3.005016148E-1
1.375593117E1,4.760103226E-1,-5.273888707E-1,-3.838056326E-1
1.376594117E1,3.776107728E-1,-5.855908990E-1,-4.375301003E-1
1.377595217E1,1.994320005E-1,-5.174756646E-1,-5.637956262E-1
1.378596217E1,-5.619977415E-2,-4.260933101E-1,-7.951756120E-1
1.379597217E1,-4.246948957E-1,-3.915169239E-1,-1.113969326E0
1.380598317E1,-9.123948216E-1,-4.063813686E-1,-1.507802129E0
1.381599317E1,-1.482644200E0,-4.255211651E-1,-1.908594131E0
1.382600417E1,-2.083345890E0,-3.632245064E-1,-2.186483383E0
1.383601417E1,-2.602698565E0,-2.080505490E-1,-2.233606577E0
1.384602517E1,-2.995019674E0,-3.562524915E-2,-2.143953800E0
1.385603517E1,-3.211051226E0,1.514507681E-1,-2.028721333E0
1.386604617E1,-3.200942278E0,3.052645922E-1,-1.927322388E0
1.387605617E1,-2.964102745E0,3.297906816E-1,-1.885132909E0
1.388606717E1,-2.527080059E0,1.758333445E-1,-1.922221661E0
1.389607717E1,-1.924132466E0,-9.272840619E-2,-2.012104273E0
1.390608817E1,-1.256925464E0,-3.526257575E-1,-2.115733147E0
1.391609817E1,-6.260358095E-1,-5.228388906E-1,-2.201755524E0
1.392610917E1,-1.038844362E-1,-6.308122277E-1,-2.278479576E0
1.393611917E1,3.089426458E-1,-6.433447599E-1,-2.345287800E0
1.394613017E1,6.362155676E-1,-5.662899017E-1,-2.386077642E0
1.395614017E1,8.943984509E-1,-4.181328118E-1,-2.385851860E0
1.396615017E1,1.102357984E0,-2.045020014E-1,-2.332750559E0
1.397616117E1,1.269176841E0,4.383223504E-2,-2.255586863E0
1.398617117E1,1.395594954E0,2.899727821E-1,-2.197757959E0
1.399618217E1,1.468053460E0,4.778795540E-1,-2.154359102E0
1.400619217E1,1.474814415E0,6.015077829E-1,-2.153063297E0
1.401620317E1,1.418354154E0,7.128962278E-1,-2.175297737E0
1.402621317E1,1.292163134E0,8.252264857E-1,-2.183634520E0
1.403622417E1,1.094469547E0,9.951183796E-1,-2.130290985E0
1.404623417E1,9.100908637E-1,1.230594754E0,-1.944015861E0
1.405624517E1,8.311267495E-1,1.445227623E0,-1.650218606E0
1.406625517E1,9.337058663E-1,1.570393562E0,-1.301840663E0
1.407626617E1,1.183731675E0,1.614126801E0,-9.564084411E-1
1.408627617E1,1.550633192E0,1.599070907E0,-7.190888524E-1
1.409628717E1,1.926068068E0,1.583859444E0,-6.740517020E-1
1.410629717E1,2.254221439E0,1.569308758E0,-8.406907320E-1
1.411630817E1,2.528391600E0,1.515778303E0,-1.186472058E0
1.412631817E1,2.739042282E0,1.440138936E0,-1.588414907E0
1.413632817E1,2.888781309E0,1.380168796E0,-1.881134868E0
1.414633917E1,2.992886066E0,1.360547066E0,-1.975993752E0
1.415634917E1,3.110270262E0,1.431874633E0,-1.842538476E0
1.416636017E1,3.314499140E0,1.557246923E0,-1.491302371E0
1.417637017E1,3.575063944E0,1.649506211E0,-1.027545094E0
1.418638117E1,3.817726851E0,1.643370271E0,-5.590808392E-1
1.419639117E1,3.941820383E0,1.462869525E0,-9.976371378E-2
1.420640217E1,3.862106562E0,1.092657328E0,3.678311706E-1
1.421641217E1,3.555003643E0,6.019403338E-1,8.661699891E-1
1.422642317E1,3.061488867E0,9.625499696E-2,1.409202933E0
1.423643317E1,2.450201511E0,-2.850026190E-1,1.938741207E0
1.424644417E1,1.721803904E0,-3.661427498E-1,2.405162096E0
1.425645417E1,8.976755738E-1,-9.878484905E-2,2.771061420E0
1.426646517E1,8.812198788E-2,4.060756266E-1,3.019606829E0
1.427647517E1,-5.967198014E-1,1.032065392E0,3.141080618E0
1.428648617E1,-1.087550402E0,1.616984248E0,3.110483885E0
1.429649617E1,-1.356990933E0,2.143789530E0,2.857285738E0
1.430650717E1,-1.380238295E0,2.544816017E0,2.282818317E0
1.431651717E1,-1.195250630E0,2.694857597E0,1.435946584E0
1.432652717E1,-8.436859250E-1,2.539505243E0,5.181325674E-1
1.433653817E1,-4.382592440E-1,2.113550425E0,-2.948140204E-1
1.434654817E1,-9.624758363E-2,1.474749327E0,-9.220353365E-1
1.435655917E1,1.116558313E-1,7.336061001E-1,-1.297313213E0
1.436656917E1,1.565884203E-1,-1.861819532E-3,-1.471344113E0
1.437658017E1,6.056341156E-2,-5.949193835E-1,-1.470190167E0
1.438659017E1,-1.462819129E-1,-1.012050390E0,-1.284039140E0
1.439660117E1,-3.844850063E-1,-1.292617321E0,-9.939942360E-1
1.440661117E1,-5.958971381E-1,-1.583393455E0,-7.625508308E-1
1.441662217E1,-7.572631836E-1,-1.860300183E0,-6.754481196E-1
1.442663217E1,-8.312170506E-1,-2.068061352E0,-6.394768357E-1
1.443664317E1,-8.136602044E-1,-2.268383026E0,-5.926144719E-1
1.444665317E1,-7.266922593E-1,-2.412271023E0,-5.669898391E-1
1.445666417E1,-6.121422648E-1,-2.407875538E0,-5.749181509E-1
1.446667417E1,-5.404105186E-1,-2.241781473E0,-5.664495826E-1
1.447668517E1,-6.339408159E-1,-1.963296175E0,-5.499098301E-1
1.448669517E1,-9.126728177E-1,-1.551192284E0,-4.796601534E-1
1.449670617E1,-1.332795143E0,-1.176046014E0,-3.170361817E-1
1.450671617E1,-1.791614175E0,-1.000493169E0,-1.852480471E-1
1.451672617E1,-2.177132130E0,-9.753891826E-1,-1.700973809E-1
1.452673717E1,-2.417291164E0,-8.938064575E-1,-1.651444286E-1
1.453674717E1,-2.454894304E0,-6.934874654E-1,-8.551049232E-2
1.454675817E1,-2.284173012E0,-4.795940816E-1,9.386724234E-2
1.455676817E1,-1.970547438E0,-3.602306843E-1,2.755995691E-1
1.456677917E1,-1.589187503E0,-3.175548613E-1,3.096571267E-1
1.457678917E1,-1.204717278E0,-3.315919936E-1,1.677626371E-1
1.458680017E1,-8.970049620E-1,-3.854198158E-1,-1.032984257E-1
1.459681017E1,-6.934064627E-1,-3.890200853E-1,-3.991130292E-1
1.460682117E1,-6.208617091E-1,-3.098238111E-1,-6.429174542E-1
1.461683117E1,-6.804085374E-1,-1.580085605E-1,-8.054499030E-1
1.462684217E1,-8.073851466E-1,9.323724359E-2,-8.912675977E-1
1.463685217E1,-9.611152411E-1,3.729781508E-1,-9.251024127E-1
1.464686317E1,-1.141296864E0,6.205168366E-1,-8.965932727E-1
1.465687317E1,-1.290313244E0,7.722462416E-1,-8.143036962E-1
1.466688417E1,-1.344251513E0,8.145132661E-1,-7.562065721E-1
1.467689417E1,-1.285999179E0,7.017973661E-1,-7.769016623E-1
1.468690417E1,-1.099457264E0,4.190546274E-1,-8.963260651E-1
1.469691517E1,-8.285227418E-1,-2.275195345E-2,-1.078204751E0
1.470692517E1,-5.642471910E-1,-5.012993217E-1,-1.295115232E0
1.471693617E1,-3.944499195E-1,-8.157505393E-1,-1.477020741E0
1.472694617E1,-4.009778500E-1,-9.649802446E-1,-1.601998806E0
1.473695717E1,-5.437862277E-1,-8.876348734E-1,-1.642038941E0
1.474696717E1,-7.111377120E-1,-6.590962410E-1,-1.554100871E0
1.475697817E1,-8.120242357E-1,-3.757039011E-1,-1.386847615E0
1.476698817E1,-7.866706848E-1,-8.276844025E-2,-1.212483168E0
1.477699917E1,-6.097528934E-1,1.731983274E-1,-1.102599740E0
1.478700917E1,-3.087480962E-1,3.422097266E-1,-1.085327625E0
1.479702017E1,1.023995876E-1,4.991181195E-1,-1.198806882E0
1.480703017E1,5.558463931E-1,7.365503907E-1,-1.398213744E0
1.481704117E1,1.010650039E0,1.120476127E0,-1.438893199E0
1.482705117E1,1.422713518E0,1.537008882E0,-9.522300363E-1
1.483706217E1,1.865477562E0,1.738615155E0,1.019808352E-1
1.484707217E1,2.293444633E0,1.611075044E0,1.085432410E0
1.485708317E1,2.551801920E0,1.366078734E0,1.669282198E0
1.486709317E1,2.679203033E0,1.069851279E0,1.804066420E0
1.487710417E1,2.737851381E0,7.700759172E-1,1.598128796E0
1.488711417E1,2.692110538E0,7.214338183E-1,1.176280856E0
1.489712517E1,2.533506870E0,1.069541335E0,6.787733436E-1
1.490713517E1,2.324170351E0,1.774709105E0,2.452877313E-1
1.491714517E1,2.085726738E0,2.569723606E0,3.497228026E-2
1.492715617E1,1.786937237E0,3.220739365E0,5.964966118E-2
1.493716617E1,1.418632030E0,3.589816809E0,3.254850805E-1
1.494717717E1,9.989899993E-1,3.560138702E0,6.755893230E-1
1.495718717E1,6.382311583E-1,3.129087687E0,8.926979899E-1
1.496719817E1,4.448566437E-1,2.442514420E0,8.910268545E-1
1.497720817E1,4.352051914E-1,1.698660493E0,6.890611649E-1
1.498721917E1,5.716498494E-1,1.043265581E0,4.002285898E-1
1.499722917E1,7.686448693E-1,5.273600817E-1,1.193432510E-1
1.500724017E1,9.599200487E-1,1.778369397E-1,-1.085940376E-1
1.501725017E1,1.113668561E0,-1.288777962E-2,-2.781410813E-1
1.502726117E1,1.209931731E0,-1.101496220E-1,-4.139154255E-1
1.503727117E1,1.275129914E0,-1.637518406E-1,-5.181239247E-1
1.504728217E1,1.329048276E0,-2.248578072E-1,-6.159988046E-1
1.505729217E1,1.380733490E0,-3.265665174E-1,-7.355046272E-1
1.506730317E1,1.384632111E0,-4.628817439E-1,-8.642106652E-1
1.507731304E1,1.306258798E0,-6.418684125E-1,-1.015179157E0
1.508732404E1,1.156259179E0,-8.637738824E-1,-1.191951513E0
1.509733404E1,9.520664215E-1,-1.140428901E0,-1.380871296E0
1.510734504E1,6.671223044E-1,-1.459535241E0,-1.499442101E0
1.511735504E1,2.714932859E-1,-1.719359279E0,-1.489598155E0
1.512736504E1,-2.252418995E-1,-1.776586294E0,-1.351694822E0
1.513737604E1,-7.661434412E-1,-1.518166184E0,-1.156495810E0
1.514738604E1,-1.238506675E0,-9.814534187E-1,-1.031520605E0
1.515739704E1,-1.744700670E0,-2.672839761E-1,-1.107233763E0
1.516740704E1,-2.402501583E0,6.380956769E-1,-1.224302411E0
1.517741804E1,-3.042992353E0,1.454770565E0,-9.373883605E-1
1.518742804E1,-3.465878487E0,1.518434763E0,-3.042052686E-1
1.519743904E1,-3.393500566E0,8.879562616E-1,2.156669050E-1
1.520744904E1,-2.751356363E0,3.402976990E-1,5.700004697E-1
1.521746004E1,-1.700540066E0,2.434567362E-1,8.324336410E-1
1.522747004E1,-3.636212349E-1,4.002444744E-1,1.022241116E0
1.523748104E1,1.044724584E0,6.587018371E-1,8.979999423E-1
1.524749104E1,2.238636494E0,8.576245308E-1,3.161107004E-1
1.525750204E1,2.945163965E0,9.934108853E-1,-4.401195645E-1
1.526751204E1,3.154702902E0,1.200986505E0,-1.068223715E0
1.527752304E1,2.979808569E0,1.529968619E0,-1.412015676E0
1.528753304E1,2.440665722E0,1.890042186E0,-1.499159575E0
1.529754404E1,1.621022701E0,2.269359350E0,-1.401378393E0
1.530755404E1,7.152704597E-1,2.648540497E0,-1.219473481E0
1.531756504E1,-1.069160774E-1,2.955859900E0,-1.018342257E0
1.532757504E1,-7.068610191E-1,3.074762583E0,-8.612375855E-1
1.533758604E1,-9.907692671E-1,2.906296492E0,-7.492058873E-1
1.534759604E1,-8.990952373E-1,2.471037149E0,-6.324992180E-1
1.535760704E1,-4.599882364E-1,1.831132650E0,-4.360324442E-1
1.536761704E1,2.255078256E-1,1.136564970E0,-1.803303659E-1
1.537762804E1,1.000746250E0,5.091432929E-1,1.025013849E-1
1.538763804E1,1.714671850E0,-3.403691947E-2,3.543016613E-1
1.539764804E1,2.315072298E0,-5.258701444E-1,5.629060268E-1
1.540765904E1,2.789995432E0,-1.004719496E0,7.663941979E-1
1.541766904E1,3.130663633E0,-1.472007036E0,9.594040513E-1
1.542768004E1,3.369986534E0,-1.820200086E0,1.153187037E0
1.543769004E1,3.537604809E0,-1.975560546E0,1.329033494E0
1.544770104E1,3.643895388E0,-1.976707578E0,1.418890953E0
1.545771104E1,3.745172501E0,-1.877659559E0,1.371187329E0
1.546772204E1,3.880282640E0,-1.721194029E0,1.203154445E0
1.547773204E1,4.057125568E0,-1.590499640E0,9.461448193E-1
1.548774304E1,4.231314182E0,-1.578325272E0,6.633554697E-1
1.549775304E1,4.348865509E0,-1.590111375E0,3.586786985E-1
1.550776404E1,4.348228931E0,-1.402650952E0,1.637489349E-2
1.551777404E1,4.154621124E0,-7.691556215E-1,-3.806141019E-1
1.552778504E1,3.765010357E0,4.340856075E-1,-8.634169698E-1
1.553779504E1,3.223602057E0,1.957564592E0,-1.420275211E0
1.554780604E1,2.632631540E0,3.597685337E0,-1.920829535E0
1.555781604E1,2.006417751E0,5.004896641E0,-2.028102160E0
1.556782704E1,1.390750885E0,5.732937336E0,-1.008848906E0
1.557783704E1,9.222585559E-1,5.581909180E0,1.060549974E0
1.558784804E1,4.374878705E-1,4.528757572E0,2.950350285E0
1.559785804E1,1.904379576E-1,2.874449253E0,4.047813892E0
1.560786904E1,9.123938084E-1,1.393810034E0,4.570642471E0
1.561787904E1,2.696042538E0,6.390976906E-1,4.293500900E0
1.562789004E1,4.874853611E0,9.941630960E-1,3.234262943E0
1.563790004E1,6.687883377E0,1.725476623E0,1.692315578E0
1.564791004E1,7.644933224E0,2.243839025E0,5.094438195E-1
1.565792104E1,7.808166504E0,2.444081545E0,-6.580251455E-2
1.566793104E1,7.509726524E0,2.611220360E0,-2.416710109E-1
1.567794204E1,6.936177731E0,2.782752991E0,-1.332801431E-1
1.568795204E1,6.319518089E0,2.905011415E0,9.347151965E-2
1.569796304E1,5.758299828E0,2.914871931E0,2.781628370E-1
1.570797304E1,5.233286858E0,2.805879354E0,3.477267325E-1
1.571798404E1,4.755683899E0,2.650785208E0,2.583862841E-1
1.572799404E1,4.325123787E0,2.553986788E0,1.721310243E-2
1.573800504E1,3.949782610E0,2.547821045E0,-3.105249405E-1
1.574801504E1,3.614470720E0,2.598011494E0,-6.126347184E-1
1.575802604E1,3.314193249E0,2.662566423E0,-7.823961973E-1
1.576803604E1,3.091128588E0,2.687113762E0,-7.787420750E-1
1.577804704E1,2.971110344E0,2.659652710E0,-6.144510508E-1
1.578805704E1,2.980105162E0,2.528057814E0,-3.613369763E-1
1.579806804E1,3.090006590E0,2.305152416E0,-1.209602877E-1
1.580807804E1,3.257839680E0,2.012293577E0,3.456112742E-2
1.581808904E1,3.432849407E0,1.658130050E0,6.688561291E-2
1.582809904E1,3.556219816E0,1.267587066E0,-2.519877069E-2
1.583811004E1,3.723752260E0,9.547574520E-1,-1.751559973E-1
1.584812004E1,3.993503571E0,8.790629506E-1,-2.782176733E-1
1.585813104E1,4.347966194E0,1.163664818E0,-3.070318699E-1
1.586814104E1,4.745574474E0,1.872666717E0,-2.448233664E-1
1.587815204E1,5.138230801E0,2.797452688E0,-1.665644199E-1
1.588816204E1,5.512918472E0,3.574008226E0,-1.022789031E-1
1.589817304E1,5.821720600E0,3.874138832E0,-1.781957597E-1
1.590818304E1,6.053822994E0,3.767346382E0,-4.137227833E-1
1.591819304E1,6.130616665E0,3.550589085E0,-7.061673403E-1
1.592820404E1,5.996955872E0,3.487297297E0,-1.064614177E0
1.593821404E1,5.560699463E0,3.630326509E0,-1.452822804E0
1.594822504E1,4.822603703E0,3.955027103E0,-1.773388624E0
1.595823504E1,3.898355007E0,4.450154781E0,-1.903765917E0
1.596824604E1,2.935672760E0,4.954492092E0,-1.618867397E0
1.597825604E1,2.080023289E0,5.183801651E0,-6.542460918E-1
1.598826704E1,1.396814704E0,5.028116703E0,6.808016300E-1
1.599827704E1,8.158899546E-1,4.349575520E0,1.635987639E0
1.600828804E1,2.642694414E-1,2.985337019E0,2.093645573E0
1.601829804E1,-3.492320701E-2,1.261173368E0,2.189536572E0
1.602830904E1,-1.311019510E-1,-2.786650956E-1,2.208668232E0
1.603831904E1,-3.891515732E-1,-1.406946659E0,2.387882948E0
1.604833004E1,-8.069877028E-1,-2.101776123E0,2.774769068E0
1.605834004E1,-1.200937867E0,-2.268257856E0,3.317280293E0
1.606835104E1,-1.403270483E0,-1.888582468E0,3.657514095E0
1.607836433E1,-1.361321926E0,-1.106429935E0,3.457620144E0
1.608837533E1,-1.040325522E0,-1.859351248E-1,2.733498573E0
1.609838533E1,-4.266948104E-1,5.249970555E-1,1.631932855E0
1.610839633E1,4.247822165E-1,8.718066812E-1,4.965216517E-1
1.611840633E1,1.298042893E0,7.100181580E-1,-2.777605951E-1
1.612841733E1,1.943555593E0,1.232849285E-1,-5.481622815E-1
1.613842733E1,2.319516659E0,-5.691957474E-1,-4.348132610E-1
1.614843833E1,2.491662979E0,-1.139489889E0,-6.833939999E-2
1.615844833E1,2.555857182E0,-1.567821026E0,3.380814493E-1
1.616845933E1,2.585408449E0,-1.869217873E0,6.417970657E-1
1.617846933E1,2.576957226E0,-2.082353115E0,7.894890904E-1
1.618848033E1,2.512712717E0,-2.209081650E0,7.843412161E-1
1.619849033E1,2.320174217E0,-2.315965176E0,6.714273691E-1
1.620850133E1,1.947787642E0,-2.427014589E0,5.303855538E-1
1.621851133E1,1.415356040E0,-2.513695955E0,4.172863066E-1
1.622852233E1,7.891280055E-1,-2.508914948E0,3.362843990E-1
1.623853233E1,1.362730861E-1,-2.357691765E0,3.158177137E-1
1.624854233E1,-5.074638128E-1,-2.134204626E0,3.442573249E-1
1.625855333E1,-1.106726646E0,-1.882249236E0,3.776774108E-1
1.626856333E1,-1.617695808E0,-1.590436816E0,3.841954768E-1
1.627857433E1,-1.994004369E0,-1.250214577E0,3.428887427E-1
1.628858433E1,-2.234530687E0,-9.066061378E-1,2.415413260E-1
1.629859533E1,-2.357329130E0,-5.886870027E-1,8.981032670E-2
1.630860533E1,-2.392543554E0,-3.094505668E-1,-1.258585751E-1
1.631861633E1,-2.300768852E0,-1.552188396E-1,-4.325702786E-1
1.632862633E1,-2.051538706E0,-1.249709204E-1,-7.494283915E-1
1.633863733E1,-1.671863317E0,-1.220613867E-1,-1.017306447E0
1.634864733E1,-1.248860121E0,-7.040165365E-2,-1.240607977E0
1.635865833E1,-8.889028430E-1,4.845117778E-2,-1.409619927E0
1.636866833E1,-7.030344605E-1,2.278084159E-1,-1.588838935E0
1.637867933E1,-7.103608847E-1,4.913255572E-1,-1.780439734E0
1.638868933E1,-9.186602831E-1,8.374347687E-1,-1.925750613E0
1.639870033E1,-1.327511787E0,1.277927041E0,-1.983592391E0
1.640871033E1,-1.815811157E0,1.741215587E0,-1.939772725E0
1.641872133E1,-2.117613077E0,2.053592682E0,-1.789559364E0
1.642873133E1,-2.077016115E0,2.206526756E0,-1.602168679E0
1.643874233E1,-1.765871406E0,2.363664150E0,-1.483877420E0
1.644875233E1,-1.271669149E0,2.622383833E0,-1.534598351E0
1.645876333E1,-6.330611110E-1,2.920080900E0,-1.749605298E0
1.646877333E1,1.706920564E-1,3.137035608E0,-2.081852198E0
1.647878433E1,1.132585287E0,3.278715849E0,-2.522039890E0
1.648879433E1,2.138515472E0,3.290807724E0,-2.903943300E0
1.649880533E1,3.052066565E0,3.149053812E0,-2.983145714E0
1.650881533E1,3.808400631E0,2.885497093E0,-2.766867876E0
1.651882633E1,4.340847492E0,2.480697870E0,-2.563364506E0
1.652883633E1,4.530973434E0,2.134056568E0,-2.627480745E0
1.653884733E1,4.357745171E0,2.022986174E0,-2.880252838E0
1.654885733E1,3.967354774E0,2.169404745E0,-3.114255905E0
1.655886733E1,3.588241816E0,2.400257826E0,-3.215420723E0
1.656887833E1,3.368813276E0,2.587492466E0,-3.097820520E0
1.657888933E1,3.483198404E0,2.794871330E0,-2.692713737E0
1.658889933E1,3.911155939E0,2.968329668E0,-2.005293846E0
1.659890933E1,4.359315395E0,2.853652477E0,-1.094884992E0
1.660892033E1,4.559814453E0,2.337026119E0,-1.254490465E-1
1.661893033E1,4.361136913E0,1.470957637E0,7.281835079E-1
1.662894133E1,3.776729107E0,6.262643933E-1,1.357024789E0
1.663895133E1,2.990676165E0,2.649461031E-1,1.759932637E0
1.664896233E1,2.155514002E0,5.508832932E-1,1.868362188E0
1.665897233E1,1.266809821E0,9.306845069E-1,1.785833716E0
1.666898333E1,3.001958728E-1,9.031718969E-1,1.728471637E0
1.667899333E1,-6.200597882E-1,5.183776617E-1,1.883039474E0
1.668900433E1,-1.411146164E0,-5.178965256E-2,2.258461952E0
1.669901433E1,-1.994189501E0,-5.848346949E-1,2.729094028E0
1.670902533E1,-2.232767105E0,-9.811684489E-1,3.180156231E0
1.671903533E1,-2.127173901E0,-1.267796397E0,3.519919395E0
1.672904633E1,-1.840727806E0,-1.476259112E0,3.669779062E0
1.673905633E1,-1.534574032E0,-1.621379256E0,3.694083452E0
1.674906733E1,-1.274273515E0,-1.754130602E0,3.727672100E0
1.675907733E1,-1.081254482E0,-1.768931746E0,3.821275711E0
1.676908833E1,-1.064010859E0,-1.759936929E0,3.812290907E0
1.677909833E1,-1.200310469E0,-1.698152781E0,3.568401814E0
1.678910933E1,-1.391313553E0,-1.575392723E0,3.150559187E0
1.679911933E1,-1.655001521E0,-1.576607227E0,2.661868095E0
1.680913033E1,-1.856595874E0,-1.576607943E0,2.196582556E0
1.681914033E1,-1.792429686E0,-1.540463567E0,1.734637737E0
1.682915133E1,-1.463886142E0,-1.529571414E0,1.072731972E0
1.683916133E1,-1.016165733E0,-1.458350539E0,2.175212801E-1
1.684917233E1,-6.291863322E-1,-1.341905713E0,-5.153322220E-1
1.685918233E1,-4.536126554E-1,-1.322964430E0,-8.720925450E-1
1.686919333E1,-5.040798783E-1,-1.385648012E0,-8.348301649E-1
1.687920333E1,-6.508782506E-1,-1.294966578E0,-5.933994651E-1
1.688921433E1,-8.285214901E-1,-1.024777532E0,-2.399758846E-1
1.689922433E1,-1.007945418E0,-7.057009935E-1,1.616691202E-1
1.690923533E1,-1.151988626E0,-4.187427759E-1,5.076459646E-1
1.691924533E1,-1.253494978E0,-2.283800840E-1,7.263686657E-1
1.692925633E1,-1.321041226E0,-1.887099147E-1,8.180102110E-1
1.693926633E1,-1.375261664E0,-2.999049425E-1,7.743358612E-1
1.694927733E1,-1.440359116E0,-4.398947954E-1,6.147350073E-1
1.695928733E1,-1.543771982E0,-5.436155200E-1,3.723504245E-1
1.696929833E1,-1.671426058E0,-5.718322396E-1,9.307271987E-2
1.697930833E1,-1.781691790E0,-5.053876638E-1,-1.374010593E-1
1.698931833E1,-1.871787786E0,-3.558399379E-1,-2.954846919E-1
1.699932933E1,-1.957991004E0,-1.834370196E-1,-4.043294489E-1
1.700933933E1,-2.064553261E0,-2.627882361E-2,-5.205947757E-1
1.701935033E1,-2.204112291E0,9.836364537E-2,-6.690106988E-1
1.702936033E1,-2.338880539E0,1.841720343E-1,-8.263987303E-1
1.703937133E1,-2.438987970E0,2.204858065E-1,-9.661420584E-1
1.704938133E1,-2.474119425E0,2.223534882E-1,-1.042493820E0
1.705939233E1,-2.440917253E0,2.372893989E-1,-1.084084272E0
1.706940233E1,-2.297556400E0,2.796336710E-1,-1.081752896E0
1.707941067E1,-2.041921854E0,3.105681241E-1,-1.045479298E0
1.708942067E1,-1.684662342E0,3.444129229E-1,-1.021188259E0
1.709943167E1,-1.280642629E0,3.674804568E-1,-1.055347323E0
1.710944167E1,-8.642603159E-1,3.416464627E-1,-1.138458729E0
1.711945267E1,-4.385578334E-1,2.840812802E-1,-1.232660532E0
1.712946267E1,-3.169421107E-2,2.331616580E-1,-1.316133618E0
1.713947367E1,2.384084612E-1,3.344319165E-1,-1.447433233E0
1.714948367E1,2.701461613E-1,7.875818014E-1,-1.705627441E0
1.715949467E1,1.083154976E-1,1.670219541E0,-2.002416849E0
1.716950467E1,-1.568509191E-1,2.858562469E0,-1.938920021E0
1.717951567E1,-2.962769866E-1,3.565246105E0,-1.023806214E0
1.718952567E1,1.818616875E-3,3.174168110E0,2.791203558E-1
1.719953667E1,8.089212775E-1,1.982793331E0,1.242142797E0
1.720954667E1,1.928753257E0,5.385072827E-1,1.592234969E0
1.721955767E1,3.170143604E0,-5.889585614E-1,1.151255965E0
1.722956767E1,4.224353313E0,-8.840682507E-1,2.941245586E-2
1.723957867E1,4.739538670E0,-4.887688458E-1,-1.104548693E0
1.724958867E1,4.674436092E0,1.486129314E-1,-1.737823009E0
1.725959967E1,4.254759789E0,8.918627501E-1,-1.830728769E0
1.726960967E1,3.654831886E0,1.598629594E0,-1.571137667E0
1.727962067E1,2.960737467E0,2.104999304E0,-1.124238729E0
1.728963067E1,2.298346519E0,2.399112701E0,-6.007107496E-1
1.729964167E1,1.784115434E0,2.487498522E0,-1.353023946E-1
1.730965167E1,1.462802887E0,2.369507790E0,2.003682852E-1
1.731966267E1,1.288851976E0,2.140107632E0,3.644394875E-1
1.732967267E1,1.190971732E0,1.865899205E0,3.747086227E-1
1.733968367E1,1.117342353E0,1.561915755E0,2.697869837E-1
1.734969367E1,1.070471168E0,1.305241585E0,8.718094975E-2
1.735970467E1,1.070551991E0,1.155813217E0,-1.529078782E-1
1.736971467E1,1.112776637E0,1.100361109E0,-4.262358248E-1
1.737972567E1,1.124702215E0,1.058635354E0,-7.336106896E-1
1.738973567E1,1.069411278E0,9.123250246E-1,-1.056420684E0
1.739974667E1,9.427054524E-1,6.744110584E-1,-1.338933587E0
1.740975667E1,7.334118485E-1,3.324363530E-1,-1.539896488E0
1.741976767E1,4.167280793E-1,-1.167846844E-1,-1.650575638E0
1.742977767E1,5.807922222E-3,-6.405102015E-1,-1.651700377E0
1.743978867E1,-4.509024322E-1,-1.193961978E0,-1.548739195E0
1.744979867E1,-9.280679226E-1,-1.641197324E0,-1.350161552E0
1.745980967E1,-1.386475921E0,-1.924733162E0,-1.043296099E0
1.746981967E1,-1.757745862E0,-2.110418320E0,-6.952213049E-1
1.747983067E1,-2.012876987E0,-2.248916626E0,-3.744474649E-1
1.748984067E1,-2.130096436E0,-2.354915619E0,-1.535582542E-1
1.749985067E1,-2.088559389E0,-2.449064732E0,-6.274350733E-2
1.750986167E1,-1.893663406E0,-2.586696625E0,-1.158911437E-1
1.751987167E1,-1.641896963E0,-2.814270496E0,-2.959271967E-1
1.752988267E1,-1.494405270E0,-3.084269285E0,-4.448027015E-1
1.753989267E1,-1.635122061E0,-3.316237450E0,-3.484339118E-1
1.754990367E1,-2.043559313E0,-3.213010073E0,1.565663964E-1
1.755991367E1,-2.514357805E0,-2.645945549E0,1.063456178E0
1.756992467E1,-2.840643406E0,-1.917265177E0,2.132842541E0
1.757993467E1,-2.928869247E0,-1.483672619E0,2.944756746E0
1.758994567E1,-2.762569904E0,-1.435023308E0,3.008129358E0
1.759995567E1,-2.405609131E0,-1.596401215E0,2.371182203E0
1.760996667E1,-1.997534037E0,-1.812698722E0,1.473441601E0
1.761997667E1,-1.726153851E0,-2.013823748E0,6.085855961E-1
1.762998767E1,-1.674647808E0,-1.977935433E0,-7.755625993E-2
1.763999767E1,-1.734728575E0,-1.599259019E0,-4.971249402E-1
1.765000867E1,-1.866252780E0,-1.158971071E0,-6.904813051E-1
1.766001867E1,-2.095105886E0,-7.903271317E-1,-7.851733565E-1
1.767002967E1,-2.400422573E0,-5.429130793E-1,-7.176896334E-1
1.768003967E1,-2.722012281E0,-4.137172103E-1,-5.086024404E-1
1.769005067E1,-2.977750540E0,-3.195576966E-1,-1.977239251E-1
1.770006067E1,-3.140917778E0,-2.255040705E-1,1.800234765E-1
1.771007167E1,-3.222878695E0,-1.938390881E-1,5.962427855E-1
1.772008167E1,-3.223237038E0,-2.142496407E-1,9.595061541E-1
1.773009267E1,-3.115817070E0,-2.812619507E-1,1.204430103E0
1.774010267E1,-2.917234898E0,-3.981836140E-1,1.272154331E0
1.775011367E1,-2.638305664E0,-5.300636292E-1,1.175340176E0
1.776012367E1,-2.313999414E0,-6.300918460E-1,9.407751560E-1
1.777013467E1,-1.944043159E0,-6.800104380E-1,5.683576465E-1
1.778014467E1,-1.567975640E0,-6.232140660E-1,1.235183030E-1
1.779015567E1,-1.241754055E0,-4.510079324E-1,-3.139501214E-1
1.780016567E1,-9.942916036E-1,-1.737846434E-1,-6.597431898E-1
1.781017667E1,-8.104490638E-1,1.673436463E-1,-8.791205287E-1
1.782018667E1,-6.542871594E-1,5.263560414E-1,-9.953177571E-1
1.783019767E1,-4.968194664E-1,7.786425948E-1,-1.027999997E0
1.784020767E1,-3.055929840E-1,8.585339189E-1,-1.007387280E0
1.785021867E1,-5.164858326E-2,7.849494219E-1,-9.336046576E-1
1.786022867E1,2.337136567E-1,5.473231077E-1,-8.850106597E-1
1.787023967E1,5.174103975E-1,1.794374734E-1,-9.023540020E-1
1.788024967E1,7.430480719E-1,-2.608015537E-1,-9.707072377E-1
1.789026067E1,7.986612916E-1,-7.985622287E-1,-1.005054593E0
1.790027067E1,6.709336638E-1,-1.265721440E0,-9.405683875E-1
1.791028167E1,3.795905113E-1,-1.482835054E0,-7.748942375E-1
1.792029167E1,-7.660716027E-2,-1.497845173E0,-5.045709610E-1
1.793030267E1,-7.883992791E-1,-1.447445393E0,-1.120149195E-1
1.794031267E1,-1.805778384E0,-1.485809565E0,4.366613030E-1
1.795032367E1,-2.923374176E0,-1.683103204E0,1.063800812E0
1.796033367E1,-3.757231951E0,-1.818318963E0,1.511604548E0
1.797034467E1,-4.107655048E0,-1.601583958E0,1.602815151E0
1.798035467E1,-4.005278111E0,-1.142623663E0,1.308035016E0
1.799036567E1,-3.603142977E0,-6.340353489E-1,7.403516173E-1
1.800037567E1,-3.082696676E0,-2.287613153E-1,1.485766321E-1
1.801038667E1,-2.581510305E0,-4.158131033E-2,-2.551559210E-1
1.802039667E1,-2.186584473E0,-8.770820498E-2,-4.215562940E-1
1.803040767E1,-1.903514385E0,-3.081268668E-1,-3.841612339E-1
1.804041767E1,-1.748248458E0,-6.310783029E-1,-2.282897532E-1
1.805042867E1,-1.680968046E0,-9.639622569E-1,-8.998193592E-2
1.806043867E1,-1.656893015E0,-1.241148710E0,-6.778118014E-2
1.807044967E1,-1.642675638E0,-1.431923747E0,-1.647093296E-1
1.808046167E1,-1.581439495E0,-1.558827996E0,-3.410895467E-1
1.809047267E1,-1.452477336E0,-1.613827825E0,-4.842328429E-1
1.810048267E1,-1.278553009E0,-1.654977083E0,-5.203703046E-1
1.811049367E1,-1.103801250E0,-1.754905343E0,-4.613381326E-1
1.812050367E1,-9.432926178E-1,-1.926847577E0,-3.641750216E-1
1.813051467E1,-7.997615337E-1,-2.141830444E0,-2.514353991E-1
1.814052467E1,-7.066466212E-1,-2.382766008E0,-1.448433101E-1
1.815053567E1,-6.910181642E-1,-2.668768883E0,-6.405977160E-2
1.816054567E1,-7.843408585E-1,-2.951966524E0,4.107932746E-2
1.817055667E1,-9.753555655E-1,-3.183681726E0,1.811107248E-1
1.818056667E1,-1.234615326E0,-3.328286648E0,2.961255312E-1
1.819057767E1,-1.508231163E0,-3.371263742E0,3.446006477E-1
1.820058767E1,-1.781833529E0,-3.313072681E0,3.416185975E-1
1.821059867E1,-2.021484137E0,-3.227975130E0,3.374459743E-1
1.822060867E1,-2.184478283E0,-3.152083874E0,3.422755897E-1
1.823061967E1,-2.276099682E0,-3.129702091E0,3.586132824E-1
1.824062967E1,-2.374464035E0,-3.168191910E0,3.406493366E-1
1.825064067E1,-2.496760130E0,-3.226224899E0,3.140494227E-1
1.826065067E1,-2.666775227E0,-3.280331612E0,3.168997467E-1
1.827066167E1,-2.870292425E0,-3.302504301E0,3.530409932E-1
1.828067167E1,-3.075099945E0,-3.233019590E0,4.409717619E-1
1.829068267E1,-3.288607597E0,-3.029613972E0,5.145658255E-1
1.830069267E1,-3.522360563E0,-2.649309397E0,4.969062209E-1
1.831070367E1,-3.777178049E0,-2.143806458E0,3.915851414E-1
1.832071367E1,-4.013486385E0,-1.632825613E0,2.520551383E-1
1.833072467E1,-4.183363914E0,-1.277542114E0,1.028299779E-1
1.834073467E1,-4.274644852E0,-1.099086285E0,-5.851723999E-2
1.835074567E1,-4.297592640E0,-1.044905066E0,-2.068297416E-1
1.836075567E1,-4.247639656E0,-1.043570042E0,-3.223630488E-1
1.837076667E1,-4.122052670E0,-1.100172281E0,-4.085940719E-1
1.838077667E1,-3.920832396E0,-1.169147134E0,-4.837250710E-1
1.839078767E1,-3.665543556E0,-1.227114081E0,-5.457269549E-1
1.840079767E1,-3.372631788E0,-1.305683970E0,-5.812043548E-1
1.841080867E1,-3.056325912E0,-1.413598776E0,-6.310217381E-1
1.842081867E1,-2.740462542E0,-1.524215937E0,-6.986399293E-1
1.843082967E1,-2.447614431E0,-1.655351758E0,-7.601760030E-1
1.844083967E1,-2.237328529E0,-1.814880967E0,-8.025995493E-1
1.845085067E1,-2.125870228E0,-1.955356002E0,-8.305662274E-1
1.846086067E1,-2.122485161E0,-2.041742325E0,-8.475969434E-1
1.847087167E1,-2.221191406E0,-2.057374001E0,-8.522292376E-1
1.848088167E1,-2.405529976E0,-2.007380009E0,-8.440974355E-1
1.849089267E1,-2.644737482E0,-1.879460692E0,-7.930483818E-1
1.850090267E1,-2.910354614E0,-1.681609392E0,-6.851186156E-1
1.851091367E1,-3.163137913E0,-1.421050668E0,-5.474123955E-1
1.852092367E1,-3.349815130E0,-1.133689046E0,-4.290254414E-1
1.853093467E1,-3.457713842E0,-8.773481846E-1,-3.693027198E-1
1.854094467E1,-3.475754499E0,-6.852812171E-1,-3.913027346E-1
1.855095567E1,-3.401866436E0,-5.379767418E-1,-4.438229501E-1
1.856096567E1,-3.269646883E0,-4.764721394E-1,-4.884765446E-1
1.857097667E1,-3.101188183E0,-4.644463658E-1,-4.559087753E-1
1.858098667E1,-2.912341118E0,-4.747500718E-1,-3.102672100E-1
1.859099767E1,-2.713379860E0,-4.824897647E-1,-1.133330911E-1
1.860100767E1,-2.513571978E0,-4.309925735E-1,2.626889199E-2
1.861101867E1,-2.309882879E0,-2.597960830E-1,1.048483849E-1
1.862102867E1,-2.095726967E0,6.885987520E-2,2.010899186E-1
1.863103967E1,-1.825658202E0,5.032797456E-1,3.833513260E-1
1.864104967E1,-1.482221961E0,1.026133537E0,5.812451839E-1
1.865106067E1,-1.118622422E0,1.522437572E0,7.035561800E-1
1.866107067E1,-7.057226896E-1,1.953835011E0,6.991299987E-1
1.867108167E1,-2.345943451E-1,2.237850666E0,5.306810141E-1
1.868109167E1,2.048209608E-1,2.245302439E0,2.153759152E-1
1.869110267E1,5.413057208E-1,1.881565809E0,-2.547854483E-1
1.870111267E1,8.780056238E-1,1.174878478E0,-8.273761272E-1
1.871112367E1,1.289450169E0,2.321151346E-1,-1.239031076E0
1.872113367E1,1.723547459E0,-6.116903424E-1,-1.324529767E0
1.873114467E1,2.088144779E0,-1.037849665E0,-1.215756774E0
1.874115467E1,2.369186878E0,-1.039214849E0,-1.081660032E0
1.875116567E1,2.617933512E0,-6.806804538E-1,-1.075630665E0
1.876117567E1,2.830933094E0,-1.662894338E-1,-1.280754924E0
1.877118667E1,2.941569567E0,1.768309027E-1,-1.716146588E0
1.878119667E1,2.961604357E0,2.403760105E-1,-2.281960964E0
1.879120767E1,2.870963573E0,1.410049498E-1,-2.812586546E0
1.880121767E1,2.611335039E0,2.119381726E-2,-3.200677395E0
1.881122867E1,2.179800510E0,-5.727702379E-2,-3.389232159E0
1.882123867E1,1.672378898E0,-1.120782718E-1,-3.359530210E0
1.883124967E1,1.122844696E0,-2.479554117E-1,-3.151292562E0
1.884125967E1,5.734853148E-1,-3.694918752E-1,-2.815693855E0
1.885127067E1,7.811363786E-2,-3.614153266E-1,-2.371284246E0
1.886128067E1,-3.065753579E-1,-1.728196144E-1,-1.863719940E0
1.887129167E1,-5.687092543E-1,1.655869335E-1,-1.319378376E0
1.888130167E1,-7.042319775E-1,4.807268679E-1,-7.540559769E-1
1.889131267E1,-6.829535961E-1,5.343847871E-1,-1.765002012E-1
1.890132267E1,-4.976765513E-1,2.927408218E-1,3.716038764E-1
1.891133367E1,-2.001282126E-1,-1.145427972E-1,7.653141618E-1
1.892134367E1,1.406651735E-1,-5.587717295E-1,9.772961736E-1
1.893135467E1,4.673748612E-1,-8.857261539E-1,1.124914169E0
1.894136467E1,7.276742458E-1,-1.029913902E0,1.310619950E0
1.895137567E1,8.880559206E-1,-1.023984551E0,1.617829442E0
1.896138667E1,9.319304228E-1,-9.633993506E-1,2.049015760E0
1.897139667E1,8.707933426E-1,-9.405286312E-1,2.541836739E0
1.898140667E1,6.776329279E-1,-9.860799909E-1,3.001137495E0
1.899141767E1,3.360529840E-1,-1.089590907E0,3.308749914E0
1.900142867E1,-1.487783641E-1,-1.182860494E0,3.326227665E0
1.901143867E1,-7.940225601E-1,-1.232020855E0,3.051254511E0
1.902144967E1,-1.593378305E0,-1.182817817E0,2.661671400E0
1.903145967E1,-2.439586163E0,-1.071085691E0,2.328684568E0
1.904147067E1,-3.167940855E0,-1.023918629E0,2.125211954E0
1.905148067E1,-3.583115816E0,-1.101451278E0,2.114491224E0
1.906149167E1,-3.581529856E0,-1.371221304E0,2.326273680E0
1.907150167E1,-3.230742455E0,-1.807123542E0,2.597682238E0
1.908151004E1,-2.688351870E0,-2.274033546E0,2.764300585E0
1.909152004E1,-2.107525587E0,-2.648420572E0,2.767180681E0
1.910153104E1,-1.582224846E0,-2.903069258E0,2.581896067E0
1.911154104E1,-1.222981215E0,-3.058696985E0,2.240468979E0
1.912155204E1,-1.114374638E0,-3.083750486E0,1.859142900E0
1.913156204E1,-1.245178461E0,-2.862770081E0,1.551859975E0
1.914157304E1,-1.511419415E0,-2.484063387E0,1.332582116E0
1.915158304E1,-1.766885757E0,-2.031507730E0,1.174476862E0
1.916159404E1,-1.827297926E0,-1.668371439E0,1.143499851E0
1.917160404E1,-1.535811305E0,-1.472163320E0,1.146926761E0
1.918161504E1,-8.469443321E-1,-1.375324011E0,9.461774826E-1
1.919162504E1,1.261485815E-1,-1.340931654E0,5.080233216E-1
1.920163604E1,1.125890017E0,-1.424145103E0,1.703332644E-3
1.921164604E1,1.763748050E0,-1.714112401E0,-3.285446167E-1
1.922165704E1,1.830057859E0,-2.130073309E0,-3.192511499E-1
1.923166704E1,1.307709217E0,-2.572647095E0,8.710303903E-2
1.924167804E1,3.062304556E-1,-2.789885521E0,8.160164952E-1
1.925168804E1,-9.223837256E-1,-2.678213358E0,1.644184470E0
1.926169904E1,-2.090384007E0,-2.142313480E0,2.221456766E0
1.927170904E1,-2.897161245E0,-1.213434815E0,2.311506987E0
1.928172004E1,-3.264867306E0,-7.026011497E-2,1.916602492E0
1.929173004E1,-3.186723471E0,8.389830589E-1,1.222995281E0
1.930174104E1,-2.700243950E0,1.362842798E0,4.496413469E-1
1.931175104E1,-1.907616496E0,1.468854427E0,-2.435467243E-1
1.932176204E1,-1.042748570E0,1.157383442E0,-8.120764494E-1
1.933177204E1,-3.434067369E-1,5.879628658E-1,-1.260958910E0
1.934178304E1,5.273642018E-3,-1.425187588E-1,-1.613977551E0
1.935179304E1,-8.641126752E-2,-8.868578672E-1,-1.915467381E0
1.936180404E1,-5.458235741E-1,-1.247357965E0,-2.116875410E0
1.937181404E1,-1.175599456E0,-1.301732898E0,-2.218871117E0
1.938182504E1,-1.808886290E0,-1.244746566E0,-2.354405403E0
1.939183504E1,-2.254356384E0,-9.984225631E-1,-2.553333759E0
1.940184604E1,-2.484662294E0,-6.255243421E-1,-2.916962147E0
1.941185704E1,-2.462157726E0,-9.246100485E-2,-3.405336618E0
1.942186704E1,-2.236801147E0,5.037466884E-1,-3.895047903E0
1.943187804E1,-1.800940394E0,1.147072196E0,-4.226687908E0
1.944188804E1,-1.148970366E0,1.722395778E0,-4.238409042E0
1.945189904E1,-3.368285000E-1,1.848087668E0,-3.812486649E0
1.946190904E1,7.083432078E-1,1.539113879E0,-3.126962900E0
1.947192004E1,1.916467071E0,9.254598022E-1,-2.639168739E0
1.948193004E1,3.007688999E0,1.739227772E-1,-2.477586031E0
1.949194104E1,3.555533409E0,-5.375998020E-1,-2.629469395E0
1.950195104E1,3.170314074E0,-9.192981720E-1,-3.048254251E0
1.951196204E1,2.150937796E0,-5.971193314E-1,-3.410464525E0
1.952197204E1,1.110683322E0,4.523629844E-1,-3.440030575E0
1.953198304E1,4.218889773E-1,1.713871956E0,-3.147317648E0
1.954199304E1,2.851553261E-1,2.765131712E0,-2.840185642E0
1.955200404E1,8.195108771E-1,3.321112871E0,-2.573054790E0
1.956201404E1,1.839381337E0,3.454645157E0,-2.049295902E0
1.957202504E1,2.920504332E0,3.108630657E0,-1.127060175E0
1.958203504E1,3.567481756E0,2.223181725E0,-5.710663274E-2
1.959204604E1,3.614372969E0,1.021091223E0,8.600162864E-1
1.960205604E1,3.106489897E0,5.586533248E-2,1.545430183E0
1.961206704E1,2.133935690E0,-2.949115932E-1,2.061384201E0
1.962207704E1,8.735136390E-1,-9.750626981E-2,2.460375309E0
1.963208804E1,-4.341083169E-1,2.297285795E-1,2.705351830E0
1.964209804E1,-1.525607347E0,4.037311673E-1,2.730879784E0
1.965210904E1,-2.241585016E0,3.222155273E-1,2.581010818E0
1.966211904E1,-2.505961895E0,8.113464713E-2,2.444472790E0
1.967213004E1,-2.408223152E0,-3.324204385E-1,2.473037958E0
1.968214004E1,-2.107246161E0,-9.044557810E-1,2.656380415E0
1.969215104E1,-1.735601902E0,-1.468096495E0,2.890175581E0
1.970216104E1,-1.412297606E0,-1.835381269E0,3.045829296E0
1.971217204E1,-1.182529688E0,-1.956299424E0,3.096489429E0
1.972218204E1,-1.074207664E0,-1.936509013E0,3.037559032E0
1.973219304E1,-1.058988571E0,-1.834479570E0,2.809398651E0
1.974220304E1,-1.076222181E0,-1.609856606E0,2.368715048E0
1.975221404E1,-1.175868869E0,-1.369047165E0,1.881832361E0
1.976222504E1,-1.367399335E0,-1.122945309E0,1.433039546E0
1.977223504E1,-1.665709853E0,-8.286775351E-1,9.949131012E-1
1.978224604E1,-2.128377676E0,-4.638492763E-1,5.469369292E-1
1.979225604E1,-2.686228514E0,-2.508231625E-2,1.496162117E-1
1.980226704E1,-3.175644875E0,5.386874080E-1,-4.072840512E-2
1.981227704E1,-3.415377617E0,1.252640367E0,1.038830914E-2
1.982228804E1,-3.168435335E0,1.831073284E0,1.814391911E-1
1.983229804E1,-2.284506083E0,1.893770933E0,2.292248309E-1
1.984230904E1,-9.062906504E-1,1.446319818E0,4.562014341E-2
1.985231904E1,5.909254551E-1,5.401837826E-1,-3.552452624E-1
1.986233004E1,1.761375427E0,-5.369783640E-1,-7.281845808E-1
1.987234004E1,2.320630550E0,-1.397214770E0,-9.274817109E-1
1.988235104E1,2.178187370E0,-1.811545014E0,-9.595331550E-1
1.989236104E1,1.425695658E0,-1.751030207E0,-8.452076316E-1
1.990237204E1,3.197230995E-1,-1.270997286E0,-5.789842606E-1
1.991238204E1,-8.636397123E-1,-5.486795306E-1,-2.010828257E-1
1.992239304E1,-1.924990773E0,2.073135227E-1,1.796504855E-1
1.993240304E1,-2.761260033E0,8.149387240E-1,4.859166741E-1
1.994241404E1,-3.296959162E0,1.166683793E0,6.633115411E-1
1.995242404E1,-3.474182367E0,1.248556376E0,6.648537517E-1
1.996243504E1,-3.269974709E0,1.086374044E0,4.572537839E-1
1.997244504E1,-2.689973831E0,7.568105459E-1,1.909113079E-1
1.998245604E1,-1.859829783E0,3.054060936E-1,-2.853368968E-2
1.999246604E1,-9.247906804E-1,-1.702587008E-1,-1.618893445E-1
2.000247704E1,-6.322903093E-3,-5.774078369E-1,-1.847967952E-1
2.001248704E1,7.984255552E-1,-8.048705459E-1,-1.160129383E-1
2.002249804E1,1.379780769E0,-8.424162269E-1,4.815720022E-3
2.003250804E1,1.754443049E0,-7.524469495E-1,1.475547552E-1
2.004251904E1,1.930812001E0,-8.626130223E-1,2.535781264E-1
2.005252904E1,2.066328049E0,-1.094626307E0,2.439835370E-1
2.006254004E1,2.232551336E0,-1.406539440E0,5.861588567E-2
2.007255004E1,2.315381765E0,-1.914253592E0,-2.154542804E-1
2.008256142E1,2.207403421E0,-2.549341917E0,-4.737348258E-1
2.009257242E1,1.930849433E0,-2.924928427E0,-6.637048125E-1
2.010258242E1,1.510982513E0,-2.965435743E0,-7.486180067E-1
2.011259342E1,9.544860125E-1,-2.661046505E0,-7.542617917E-1
2.012260342E1,3.483305275E-1,-1.945598722E0,-6.974778771E-1
2.013261442E1,-2.220072597E-1,-8.563178182E-1,-6.527711153E-1
2.014262442E1,-7.644003630E-1,4.585027695E-1,-6.694055200E-1
2.015263542E1,-1.203028321E0,1.592194796E0,-8.226581812E-1
2.016264542E1,-1.332046986E0,2.424855232E0,-1.145882487E0
2.017265642E1,-1.188784599E0,2.671169519E0,-1.471881151E0
2.018266642E1,-8.469198346E-1,2.352404118E0,-1.515886426E0
2.019267742E1,-2.923503518E-1,1.792723179E0,-1.099172354E0
2.020268742E1,5.031989217E-1,1.409510851E0,-1.611965299E-1
2.021269842E1,1.494269252E0,1.311792493E0,9.646875858E-1
2.022270842E1,2.599617958E0,1.504433870E0,1.667589068E0
2.023271942E1,3.704074860E0,1.969262481E0,1.495835662E0
2.024272942E1,4.773745060E0,2.337737322E0,5.871224403E-1
2.025274042E1,5.710720539E0,2.269752264E0,-4.558659792E-1
2.026275042E1,6.312897682E0,1.785451889E0,-1.099022269E0
2.027276142E1,6.310805798E0,9.994204044E-1,-1.377935648E0
2.028277142E1,5.712666512E0,2.924997807E-1,-1.516437411E0
2.029278242E1,4.694768429E0,1.073674634E-1,-1.616016150E0
2.030279242E1,3.460570812E0,5.134221911E-1,-1.716368437E0
2.031280342E1,2.311323881E0,1.391896486E0,-1.777590871E0
2.032281342E1,1.456509709E0,2.471974611E0,-1.814425945E0
2.033282442E1,9.807749391E-1,3.475262403E0,-1.873036027E0
2.034283442E1,9.236881137E-1,4.161409378E0,-1.919511795E0
2.035284542E1,1.210687399E0,4.411784649E0,-1.902238846E0
2.036285542E1,1.674229383E0,4.172574520E0,-1.788251758E0
2.037286642E1,2.141952991E0,3.544536829E0,-1.607217550E0
2.038287642E1,2.501082182E0,2.832483292E0,-1.408776164E0
2.039288742E1,2.700311661E0,2.232301712E0,-1.211727023E0
2.040289842E1,2.739465714E0,1.781336427E0,-1.025406957E0
2.041290842E1,2.626614332E0,1.419082046E0,-8.764371872E-1
2.042291942E1,2.359657764E0,1.087759137E0,-7.738136649E-1
2.043292942E1,1.926546693E0,7.925834656E-1,-7.196982503E-1
2.044294042E1,1.355367661E0,5.418214202E-1,-6.948391795E-1
2.045295042E1,7.250928283E-1,3.538627028E-1,-6.883929968E-1
2.046296142E1,1.225420982E-1,2.868423462E-1,-7.177190185E-1
2.047297142E1,-3.836838007E-1,4.130199850E-1,-8.144865632E-1
2.048298242E1,-7.687590718E-1,6.412336230E-1,-9.165560603E-1
2.049299242E1,-1.069809794E0,8.087043762E-1,-9.501395822E-1
2.050300342E1,-1.323814273E0,8.770486116E-1,-8.766748309E-1
2.051301342E1,-1.537926793E0,8.575894237E-1,-6.579055190E-1
2.052302442E1,-1.712408662E0,7.608659863E-1,-2.725153565E-1
2.053303442E1,-1.844763994E0,5.709000826E-1,3.094575107E-1
2.054304542E1,-1.899271250E0,2.088844180E-1,1.065513968E0
2.055305542E1,-1.796122789E0,-2.162799239E-1,1.860141039E0
2.056306642E1,-1.508023262E0,-4.715352058E-1,2.457142830E0
2.057307642E1,-1.053138256E0,-4.101538956E-1,2.646890163E0
2.058308742E1,-5.047667027E-1,-7.478270680E-2,2.362209082E0
2.059309742E1,1.786936633E-2,4.240379930E-1,1.725513697E0
2.060310842E1,4.388436079E-1,8.864811063E-1,9.757422805E-1
2.061311842E1,7.297236323E-1,1.191015124E0,3.871077597E-1
2.062312942E1,9.463862181E-1,1.312560678E0,6.791717559E-2
2.063313942E1,1.139261961E0,1.379995584E0,-3.883883357E-2
2.064315042E1,1.366049170E0,1.446993589E0,-7.622454315E-2
2.065316042E1,1.675639272E0,1.539145350E0,-1.382849813E-1
2.066317142E1,2.060252666E0,1.615543962E0,-2.127746642E-1
2.067318242E1,2.431611300E0,1.621667862E0,-2.594167590E-1
2.068319242E1,2.721066475E0,1.547821164E0,-2.294086516E-1
2.069320342E1,2.897695065E0,1.411773324E0,-1.293401122E-1
2.070321342E1,2.967626095E0,1.242224455E0,1.086203381E-2
2.071322442E1,2.966292620E0,1.094094634E0,1.480353326E-1
2.072323442E1,2.924705029E0,9.856882691E-1,2.584180832E-1
2.073324542E1,2.863820314E0,9.237966537E-1,3.315474093E-1
2.074325542E1,2.749784708E0,8.841778040E-1,3.775552809E-1
2.075326642E1,2.532468796E0,8.371056318E-1,3.991713822E-1
2.076327642E1,2.163002491E0,7.632014155E-1,4.030891359E-1
2.077328742E1,1.640356302E0,6.736640930E-1,3.894044757E-1
2.078329742E1,1.026871800E0,6.575108767E-1,4.056856632E-1
2.079330842E1,4.071517587E-1,7.615733743E-1,4.392308295E-1
2.080331842E1,-1.421490610E-1,9.915629029E-1,5.011178255E-1
2.081332942E1,-5.605002642E-1,1.352878809E0,5.793879032E-1
2.082333942E1,-8.242856860E-1,1.765020370E0,6.615169644E-1
2.083335042E1,-8.902021050E-1,2.149252653E0,7.337991595E-1
2.084336042E1,-7.560357451E-1,2.407338619E0,7.611655593E-1
2.085337142E1,-4.303888977E-1,2.455200672E0,7.146489024E-1
2.086338142E1,6.317898631E-2,2.292275190E0,5.948381424E-1
2.087339242E1,6.880926490E-1,1.958684564E0,4.627615809E-1
2.088340242E1,1.340038896E0,1.583221793E0,3.326843977E-1
2.089341342E1,1.886646628E0,1.260271430E0,2.273542434E-1
2.090342342E1,2.233250618E0,1.049812913E0,1.108366475E-1
2.091343442E1,2.384739876E0,9.555857182E-1,-2.241674997E-2
2.092344442E1,2.373168707E0,9.585188031E-1,-1.760477871E-1
2.093345542E1,2.262212992E0,1.022834182E0,-3.222625256E-1
2.094346542E1,2.099940777E0,1.137202024E0,-4.528337419E-1
2.095347642E1,1.926792264E0,1.302222729E0,-5.813030601E-1
2.096348642E1,1.756448746E0,1.453771949E0,-7.123529315E-1
2.097349742E1,1.580761790E0,1.557962298E0,-8.120529056E-1
2.098350742E1,1.409656286E0,1.612302661E0,-8.938506842E-1
2.099351842E1,1.299808264E0,1.617149830E0,-9.579439163E-1
2.100352842E1,1.287352681E0,1.517940998E0,-8.764198422E-1
2.101353942E1,1.412494659E0,1.272534728E0,-5.220916271E-1
2.102355042E1,1.685381651E0,9.256099463E-1,-1.800916158E-3
2.103356042E1,2.054099798E0,5.526251793E-1,5.522324443E-1
2.104357142E1,2.378252983E0,1.840484142E-1,9.935884476E-1
2.105358142E1,2.578796864E0,-1.281038970E-1,1.210950732E0
2.106359242E1,2.659238338E0,-3.274577558E-1,1.169426680E0
2.107360242E1,2.619840860E0,-3.500139415E-1,9.101976752E-1
2.108361367E1,2.477349043E0,-1.246918961E-1,5.840775967E-1
2.109362367E1,2.222334862E0,3.428004682E-1,2.645171583E-1
2.110363467E1,1.886545658E0,9.906578660E-1,-1.883631945E-2
2.111364467E1,1.514065623E0,1.674834371E0,-2.389569730E-1
2.112365567E1,1.145832896E0,2.261457443E0,-3.802055717E-1
2.113366567E1,8.294923306E-1,2.734636784E0,-4.365993142E-1
2.114367667E1,5.993810892E-1,3.092026472E0,-4.124744833E-1
2.115368667E1,4.692587554E-1,3.324089527E0,-3.139199317E-1
2.116369767E1,4.532431662E-1,3.435456514E0,-1.682183594E-1
2.117370767E1,5.415783525E-1,3.449080467E0,8.455475792E-3
2.118371867E1,7.258940935E-1,3.377993584E0,2.027840763E-1
2.119372867E1,9.754930139E-1,3.226734161E0,3.964254558E-1
2.120373967E1,1.280157447E0,3.030222654E0,5.628196597E-1
2.121374967E1,1.618425608E0,2.801884174E0,6.994536519E-1
2.122376067E1,1.976344585E0,2.541392565E0,7.906784415E-1
2.123377067E1,2.313938856E0,2.250858307E0,8.313662410E-1
2.124378167E1,2.617765665E0,1.921701670E0,8.242117167E-1
2.125379267E1,2.879677773E0,1.586971879E0,7.974488139E-1
2.126380267E1,3.087523222E0,1.240019917E0,7.598776817E-1
2.127381367E1,3.236924171E0,9.202693701E-1,7.312380075E-1
2.128382367E1,3.308978796E0,6.999110579E-1,6.876918674E-1
2.129383467E1,3.307211399E0,5.617558360E-1,6.283680797E-1
2.130384467E1,3.228563309E0,5.037128329E-1,5.567436814E-1
2.131385567E1,3.054805756E0,5.234490037E-1,4.938493967E-1
2.132386567E1,2.789650679E0,6.182184219E-1,4.266631007E-1
2.133387667E1,2.455972672E0,7.809527516E-1,3.498647213E-1
2.134388667E1,2.074261189E0,9.553180337E-1,2.703018188E-1
2.135389767E1,1.671487212E0,1.098251581E0,1.927412301E-1
2.136390767E1,1.302788973E0,1.210899234E0,1.391009241E-1
2.137391867E1,1.000065088E0,1.309123755E0,1.207418814E-1
2.138392867E1,7.728070617E-1,1.376209974E0,1.391483247E-1
2.139393967E1,6.456935406E-1,1.414001822E0,1.666864753E-1
2.140394967E1,6.383306980E-1,1.407838225E0,1.890191883E-1
2.141396067E1,7.693544626E-1,1.320519805E0,2.054990977E-1
2.142397067E1,1.046558261E0,1.155241251E0,2.444016188E-1
2.143398167E1,1.442784190E0,9.277682304E-1,3.239039183E-1
2.144399167E1,1.915375590E0,6.831910610E-1,4.192705750E-1
2.145400267E1,2.402194500E0,3.797419667E-1,4.784260392E-1
2.146401267E1,2.852648735E0,-2.071821317E-2,4.224731028E-1
2.147402367E1,3.203604937E0,-4.589826465E-1,2.451438457E-1
2.148403367E1,3.396884918E0,-8.435159326E-1,1.302619651E-2
2.149404467E1,3.423734188E0,-1.042627692E0,-2.329918295E-1
2.150405567E1,3.343382359E0,-9.433680177E-1,-4.586253464E-1
2.151406567E1,3.227684259E0,-5.252610445E-1,-6.844065785E-1
2.152407567E1,3.145827055E0,1.296675354E-1,-8.802195191E-1
2.153408667E1,3.106186628E0,8.594003320E-1,-1.018900752E0
2.154409767E1,3.131343842E0,1.469360471E0,-1.064160347E0
2.155410767E1,3.239258766E0,1.813136935E0,-1.034442186E0
2.156411867E1,3.412526846E0,1.902701497E0,-1.018379927E0
2.157412867E1,3.581025362E0,1.830808043E0,-1.037752032E0
2.158413967E1,3.720942020E0,1.718940020E0,-1.070487261E0
2.159414967E1,3.834425688E0,1.664337993E0,-1.111121297E0
2.160416067E1,3.917868137E0,1.732037306E0,-1.164872289E0
2.161417067E1,3.967996120E0,1.904372811E0,-1.229555368E0
2.162418167E1,3.967580318E0,2.127084017E0,-1.302474022E0
2.163419167E1,3.886225939E0,2.340829372E0,-1.368801117E0
2.164420267E1,3.718131065E0,2.515035152E0,-1.406182885E0
2.165421267E1,3.469436169E0,2.652351856E0,-1.386873960E0
2.166422367E1,3.192696333E0,2.787275076E0,-1.324054956E0
2.167423367E1,2.928059578E0,2.945288897E0,-1.226585627E0
2.168424467E1,2.703924179E0,3.097953796E0,-1.089885473E0
2.169425467E1,2.527565718E0,3.224171162E0,-9.330256581E-1
2.170426567E1,2.427137136E0,3.337230921E0,-7.634698153E-1
2.171427567E1,2.370251656E0,3.401677608E0,-5.642653108E-1
2.172428667E1,2.344402552E0,3.392910480E0,-3.646889329E-1
2.173429667E1,2.348650932E0,3.312771082E0,-1.769909412E-1
2.174430767E1,2.400067329E0,3.163931370E0,-2.783191390E-3
2.175431767E1,2.500040531E0,2.946623325E0,1.531092077E-1
2.176432867E1,2.650592089E0,2.684619427E0,2.611612082E-1
2.177433967E1,2.836320400E0,2.427151918E0,2.905678153E-1
2.178434967E1,3.010708570E0,2.222170591E0,2.434121221E-1
2.179436067E1,3.138791084E0,2.100458860E0,1.507556885E-1
2.180437067E1,3.197649479E0,2.046213150E0,4.294205457E-2
2.181438167E1,3.174538851E0,2.047748089E0,-3.722122312E-2
2.182439167E1,3.062643290E0,2.088878632E0,-4.061964899E-2
2.183440267E1,2.884842157E0,2.151525021E0,2.410821617E-2
2.184441267E1,2.694902897E0,2.252167463E0,1.352255195E-1
2.185442367E1,2.523946762E0,2.381713152E0,2.748864889E-1
2.186443367E1,2.394950628E0,2.477710247E0,4.083197117E-1
2.187444467E1,2.313529015E0,2.501384974E0,5.012326241E-1
2.188445467E1,2.272685766E0,2.468358517E0,5.592756867E-1
2.189446567E1,2.263713121E0,2.418825865E0,5.970292091E-1
2.190447567E1,2.276410103E0,2.403399944E0,6.227740645E-1
2.191448667E1,2.330708504E0,2.453774691E0,6.264798045E-1
2.192449667E1,2.419245720E0,2.555880547E0,6.192257404E-1
2.193450767E1,2.524140835E0,2.674655199E0,6.052547693E-1
2.194451767E1,2.662359238E0,2.786262512E0,5.890275240E-1
2.195452867E1,2.825808764E0,2.869978189E0,5.883276463E-1
2.196453867E1,3.018609762E0,2.906600714E0,6.087582707E-1
2.197454967E1,3.241217375E0,2.875353813E0,6.501688361E-1
2.198455967E1,3.491333246E0,2.777114868E0,6.755355000E-1
2.199457067E1,3.768015146E0,2.642970324E0,6.786820292E-1
2.200458067E1,4.036972523E0,2.498341799E0,6.407218575E-1
2.201459167E1,4.268424034E0,2.364980936E0,5.524069071E-1
2.202460267E1,4.442656994E0,2.264065027E0,4.511668980E-1
2.203461267E1,4.547821999E0,2.211137772E0,3.527444601E-1
2.204462367E1,4.567363739E0,2.213591576E0,2.800706923E-1
2.205463367E1,4.482168198E0,2.250162840E0,2.385299057E-1
2.206464467E1,4.303676128E0,2.308017492E0,2.280607820E-1
2.207465467E1,4.049746990E0,2.382976770E0,2.515288293E-1
2.208466579E1,3.743402719E0,2.466633797E0,2.982847095E-1
2.209467579E1,3.427743435E0,2.567782879E0,3.508717716E-1
2.210468679E1,3.149197340E0,2.665740967E0,4.307759404E-1
2.211469679E1,2.966872931E0,2.732856750E0,5.092403293E-1
2.212470779E1,2.896854877E0,2.731648207E0,5.729237795E-1
2.213471779E1,2.912175655E0,2.658947468E0,5.982725024E-1
2.214472879E1,2.976464987E0,2.529286146E0,5.884049535E-1
2.215473879E1,3.046866179E0,2.317261934E0,6.300868988E-1
2.216474979E1,3.133994579E0,2.014072895E0,7.406312227E-1
2.217475979E1,3.209783316E0,1.666718721E0,8.352799416E-1
2.218477079E1,3.236393690E0,1.408629298E0,8.544152379E-1
2.219478079E1,3.185990572E0,1.307310224E0,8.067102432E-1
2.220479179E1,3.086195230E0,1.365680814E0,7.121363878E-1
2.221480179E1,2.967275381E0,1.547371745E0,5.798457265E-1
2.222481279E1,2.842695951E0,1.821451664E0,4.340361357E-1
2.223482279E1,2.736273289E0,2.122728586E0,3.203633428E-1
2.224483379E1,2.669762611E0,2.372374773E0,2.488644868E-1
2.225484479E1,2.653173208E0,2.538708448E0,2.280201912E-1
2.226485479E1,2.677984953E0,2.606114864E0,2.316925377E-1
2.227486579E1,2.718884706E0,2.580619335E0,2.414431721E-1
2.228487579E1,2.766946793E0,2.498187065E0,2.458055019E-1
2.229488679E1,2.820915699E0,2.383106232E0,2.336162180E-1
2.230489679E1,2.892606974E0,2.268863678E0,2.145858407E-1
2.231490779E1,2.971352339E0,2.172696590E0,2.245607078E-1
2.232491779E1,3.043923140E0,2.082790852E0,2.841787636E-1
2.233492879E1,3.104543447E0,1.980191708E0,3.986661732E-1
2.234493879E1,3.154665470E0,1.862571239E0,5.410447717E-1
2.235494979E1,3.215897322E0,1.749237776E0,6.912297606E-1
2.236495979E1,3.289795876E0,1.611139536E0,8.279743791E-1
2.237497079E1,3.347944498E0,1.438260078E0,9.636022449E-1
2.238498079E1,3.364731789E0,1.259893179E0,1.103407264E0
2.239499179E1,3.337436438E0,1.081272483E0,1.226568103E0
2.240500179E1,3.294157982E0,8.704023957E-1,1.320009947E0
2.241501279E1,3.270371914E0,6.423194408E-1,1.374889135E0
2.242502279E1,3.291370392E0,4.303764999E-1,1.369340658E0
2.243503379E1,3.357524872E0,2.788900137E-1,1.298954368E0
2.244504379E1,3.467049122E0,2.353661507E-1,1.156728506E0
2.245505479E1,3.599452734E0,3.572838008E-1,9.379466176E-1
2.246506479E1,3.714587212E0,6.538516879E-1,6.700863838E-1
2.247507579E1,3.765432119E0,1.062691689E0,3.661642969E-1
2.248508679E1,3.737639427E0,1.472599864E0,9.147747606E-2
2.249509679E1,3.634056807E0,1.760043621E0,-1.079168543E-1
2.250510779E1,3.484232664E0,1.919132590E0,-2.218486667E-1
2.251511779E1,3.305164814E0,1.976382256E0,-2.796323299E-1
2.252512879E1,3.137428045E0,1.954915762E0,-2.847545743E-1
2.253513879E1,3.011867523E0,1.898202658E0,-2.587623894E-1
2.254514979E1,2.947687387E0,1.832542181E0,-2.371802777E-1
2.255515979E1,2.943979979E0,1.725561500E0,-2.134011686E-1
2.256517079E1,3.004558802E0,1.568383694E0,-1.845398247E-1
2.257518079E1,3.114723444E0,1.421848774E0,-1.497174054E-1
2.258519179E1,3.247321606E0,1.364067912E0,-1.308324188E-1
2.259520179E1,3.359733820E0,1.389933825E0,-1.364476979E-1
2.260521279E1,3.428751469E0,1.442138076E0,-1.913663149E-1
2.261522279E1,3.457243919E0,1.501041770E0,-2.720667720E-1
2.262523379E1,3.476024866E0,1.558606863E0,-3.465707898E-1
2.263524379E1,3.496943712E0,1.609431505E0,-3.726916015E-1
2.264525479E1,3.517171621E0,1.667297959E0,-3.562274873E-1
2.265526479E1,3.532955885E0,1.724895000E0,-2.995194495E-1
2.266527579E1,3.545071363E0,1.758223057E0,-2.242156863E-1
2.267528579E1,3.553994179E0,1.810488939E0,-1.505846083E-1
2.268529679E1,3.552512169E0,1.905252099E0,-8.131619543E-2
2.269530779E1,3.509236813E0,2.062181711E0,-3.061546944E-2
2.270531779E1,3.412410975E0,2.306038141E0,1.052196138E-2
2.271532879E1,3.270645142E0,2.605604649E0,5.224331096E-2
2.272533879E1,3.112590075E0,2.931264400E0,1.223433018E-1
2.273534979E1,2.968049526E0,3.215442896E0,2.597070336E-1
2.274535979E1,2.873267651E0,3.395395994E0,5.290673971E-1
2.275537079E1,2.879148483E0,3.323292017E0,9.952023625E-1
2.276538079E1,3.028032303E0,3.014935493E0,1.439160466E0
2.277539179E1,3.352306604E0,2.634825706E0,1.662979126E0
2.278540179E1,3.770786524E0,2.327917576E0,1.596672058E0
2.279541279E1,4.174229622E0,2.142451048E0,1.289020658E0
2.280542279E1,4.488173485E0,2.158966303E0,8.827757239E-1
2.281543379E1,4.645656586E0,2.364079714E0,5.506507754E-1
2.282544379E1,4.618672371E0,2.731963634E0,3.537574112E-1
2.283545479E1,4.425377369E0,3.185058832E0,3.009370863E-1
2.284546479E1,4.118304253E0,3.611544609E0,3.788034916E-1
2.285547579E1,3.767200708E0,3.937122345E0,5.754989982E-1
2.286548579E1,3.409776449E0,4.131888866E0,8.884832263E-1
2.287549679E1,3.055454493E0,4.230207920E0,1.324732900E0
2.288550679E1,2.702109098E0,4.297427177E0,1.883515954E0
2.289551779E1,2.342603922E0,4.358146667E0,2.505409718E0
2.290552779E1,2.029386520E0,4.383115292E0,2.972556353E0
2.291553879E1,1.882778764E0,4.396108627E0,3.066368341E0
2.292554879E1,2.008312225E0,4.434554100E0,2.685411930E0
2.293555979E1,2.372352839E0,4.293475628E0,1.868461490E0
2.294557079E1,2.823124886E0,3.837347507E0,9.771743417E-1
2.295558079E1,3.122155666E0,3.309009314E0,3.262700737E-1
2.296559179E1,3.104651213E0,3.032358408E0,-1.344624907E-4
2.297560179E1,2.788989067E0,3.138032436E0,-7.071675360E-2
2.298561279E1,2.297714233E0,3.611603022E0,6.123755127E-2
2.299562279E1,1.752443194E0,4.338232994E0,3.469715714E-1
2.300563379E1,1.223176956E0,5.142549992E0,6.865935326E-1
2.301564379E1,7.679205537E-1,5.855617046E0,9.727699161E-1
2.302565479E1,4.519625008E-1,6.288197041E0,1.149028420E0
2.303566479E1,3.170158565E-1,6.418016911E0,1.203409672E0
2.304567579E1,3.302985430E-1,6.285092831E0,1.181072950E0
2.305568579E1,4.446426928E-1,5.959520340E0,1.161092520E0
2.306569679E1,5.751729608E-1,5.523594856E0,1.184000492E0
2.307570679E1,6.587794423E-1,5.119952679E0,1.256674409E0
2.308571671E1,6.901523471E-1,4.791199684E0,1.368049860E0
2.309572671E1,6.594368219E-1,4.546404362E0,1.493942261E0
2.310573771E1,6.013894677E-1,4.368483543E0,1.608990550E0
2.311574771E1,5.488652587E-1,4.244063377E0,1.694097757E0
2.312575871E1,5.185248852E-1,4.122028828E0,1.770729065E0
2.313576971E1,5.110267401E-1,3.991048574E0,1.835781574E0
2.314577971E1,5.154306889E-1,3.823873758E0,1.876593947E0
2.315579071E1,5.188341737E-1,3.605684042E0,1.879814506E0
2.316580071E1,5.374994874E-1,3.288586855E0,1.843123317E0
2.317581171E1,5.891296268E-1,2.926755190E0,1.785007000E0
2.318582171E1,6.726806760E-1,2.568309307E0,1.724873304E0
2.319583271E1,7.781570554E-1,2.244944811E0,1.651015878E0
2.320584271E1,9.025322795E-1,1.999772191E0,1.588908076E0
2.321585371E1,1.023087978E0,1.856376529E0,1.546870947E0
2.322586371E1,1.111513972E0,1.825900674E0,1.517403722E0
2.323587471E1,1.155250549E0,1.885919333E0,1.495664835E0
2.324588471E1,1.129822731E0,1.995714068E0,1.465870380E0
2.325589571E1,1.053728461E0,2.163054705E0,1.434571862E0
2.326590571E1,9.362127185E-1,2.315281153E0,1.407247066E0
2.327591671E1,7.989973426E-1,2.429386139E0,1.397519827E0
2.328592671E1,6.257230043E-1,2.432443380E0,1.405712724E0
2.329593771E1,3.890228271E-1,2.256091833E0,1.392341256E0
2.330594771E1,1.148296595E-1,1.921567678E0,1.341900945E0
2.331595871E1,-1.228308380E-1,1.591822982E0,1.256563663E0
2.332596871E1,-2.726019621E-1,1.458912134E0,1.149979115E0
2.333597971E1,-3.256675601E-1,1.532386065E0,1.056033969E0
2.334598971E1,-3.443945944E-1,1.635812163E0,1.005443335E0
2.335600071E1,-3.760755658E-1,1.656057954E0,1.010305405E0
2.336601171E1,-4.503739178E-1,1.583292723E0,1.044932842E0
2.337602171E1,-5.599371791E-1,1.414413691E0,1.071030259E0
2.338603271E1,-6.530843377E-1,1.187277436E0,1.074872971E0
2.339604271E1,-6.854057908E-1,9.551327825E-1,1.062664509E0
2.340605371E1,-6.441414356E-1,7.503324747E-1,1.051746488E0
2.341606371E1,-5.317477584E-1,5.898136497E-1,1.057773113E0
2.342607471E1,-3.792070746E-1,5.017547607E-1,1.086470127E0
2.343608471E1,-2.025231272E-1,4.901100695E-1,1.144060969E0
2.344609571E1,-1.582068764E-2,5.431258082E-1,1.222749352E0
2.345610571E1,1.463988423E-1,6.085476875E-1,1.314109683E0
2.346611671E1,2.754465640E-1,6.337017417E-1,1.395139217E0
2.347612671E1,3.910128176E-1,5.942829251E-1,1.436237931E0
2.348613771E1,5.349160433E-1,4.706419110E-1,1.428115964E0
2.349614771E1,7.238327265E-1,2.939036191E-1,1.361536145E0
2.350615871E1,9.714613557E-1,7.385758311E-2,1.272221088E0
2.351616871E1,1.234213352E0,-1.322093010E-1,1.193902016E0
2.352617971E1,1.454390645E0,-2.948935330E-1,1.168116093E0
2.353618971E1,1.566243410E0,-3.766453862E-1,1.179378152E0
2.354620071E1,1.575259089E0,-3.721050322E-1,1.191071510E0
2.355621071E1,1.535546064E0,-3.263066411E-1,1.164702177E0
2.356622171E1,1.494231343E0,-2.786514759E-1,1.117389798E0
2.357623171E1,1.485090613E0,-2.764391899E-1,1.045525432E0
2.358624271E1,1.524936557E0,-3.358194530E-1,9.461823106E-1
2.359625371E1,1.594455719E0,-4.256462753E-1,7.999467850E-1
2.360626371E1,1.681399822E0,-5.308876038E-1,6.120212674E-1
2.361627471E1,1.777433753E0,-6.616400480E-1,4.005476832E-1
2.362628471E1,1.872026563E0,-7.910575271E-1,1.870755106E-1
2.363629571E1,1.951390624E0,-8.613170385E-1,-5.441482179E-3
2.364630571E1,2.038175821E0,-8.587080836E-1,-1.921535134E-1
2.365631671E1,2.139607668E0,-8.191031218E-1,-3.753113747E-1
2.366632671E1,2.300857067E0,-7.747672200E-1,-5.531208515E-1
2.367633771E1,2.536355734E0,-7.829285264E-1,-6.920481324E-1
2.368634771E1,2.802157402E0,-8.664125204E-1,-7.684798837E-1
2.369635871E1,3.030356169E0,-1.005771518E0,-8.138361573E-1
2.370636871E1,3.169531822E0,-1.105751634E0,-8.658878803E-1
2.371637971E1,3.172924995E0,-1.149418116E0,-9.169337749E-1
2.372638971E1,3.036235332E0,-1.141452670E0,-9.529355764E-1
2.373640071E1,2.819479704E0,-1.100305557E0,-9.460082054E-1
2.374641071E1,2.601700544E0,-1.069569468E0,-9.001007676E-1
2.375642171E1,2.449821711E0,-1.108499050E0,-8.045470715E-1
2.376643171E1,2.376161814E0,-1.226795316E0,-6.616940498E-1
2.377644271E1,2.328262806E0,-1.328320384E0,-5.170567036E-1
2.378645271E1,2.218707085E0,-1.298002124E0,-3.984421492E-1
2.379646371E1,2.043426037E0,-1.133946896E0,-3.103743494E-1
2.380647471E1,1.892479658E0,-9.252494574E-1,-2.546983659E-1
2.381648471E1,1.675421000E0,-7.971615195E-1,-1.604682654E-1
2.382649571E1,1.375198960E0,-6.606075764E-1,7.228645496E-3
2.383650571E1,1.082024097E0,-5.510302186E-1,2.012093067E-1
2.384651671E1,8.221316934E-1,-4.605786204E-1,3.792769313E-1
2.385652671E1,6.165974140E-1,-3.507415950E-1,5.508302450E-1
2.386653771E1,4.545380175E-1,-2.105388641E-1,6.975515485E-1
2.387654771E1,3.056678474E-1,-6.267217547E-2,7.954341769E-1
2.388655871E1,1.812136769E-1,9.460505843E-2,8.225069046E-1
2.389656871E1,1.324559897E-1,2.025696188E-1,7.266266942E-1
2.390657971E1,2.033819407E-1,2.930117846E-1,5.209190845E-1
2.391658971E1,3.534066081E-1,3.731212616E-1,2.662346363E-1
2.392660071E1,4.766792655E-1,3.977863789E-1,2.990643866E-2
2.393661071E1,5.096028447E-1,3.360289931E-1,-1.290744245E-1
2.394662171E1,4.360993505E-1,2.614154220E-1,-2.051335424E-1
2.395663171E1,2.846586704E-1,2.002503425E-1,-2.145427614E-1
2.396664271E1,1.200418100E-1,1.449341774E-1,-1.688751429E-1
2.397665271E1,1.921639591E-2,8.497229964E-2,-8.935688436E-2
2.398666371E1,-6.469672546E-3,-1.891387627E-3,-1.732359454E-2
2.399667371E1,1.753419824E-2,-1.282240152E-1,1.731800660E-2
2.400668471E1,5.743807927E-2,-2.557795942E-1,-3.964848816E-3
2.401669571E1,9.383682907E-2,-3.756445050E-1,-7.367708534E-2
2.402670571E1,1.028070897E-1,-4.562796950E-1,-1.790475249E-1
2.403671671E1,8.643983305E-2,-5.131219029E-1,-2.918470502E-1
2.404672671E1,3.827066347E-2,-5.205289125E-1,-3.913240433E-1
2.405673771E1,-3.282215446E-2,-4.757089913E-1,-4.802501798E-1
2.406674771E1,-1.101697013E-1,-3.896082342E-1,-5.502066612E-1
2.407675871E1,-1.837499142E-1,-2.880536616E-1,-6.047087908E-1
2.408676904E1,-2.371000201E-1,-1.917196065E-1,-6.500275135E-1
2.409678004E1,-2.653223276E-1,-9.523940831E-2,-6.855146885E-1
2.410679004E1,-2.708003521E-1,8.188940119E-4,-7.169404030E-1
2.411680104E1,-2.635661364E-1,6.926266104E-2,-7.497715950E-1
2.412681104E1,-2.505514920E-1,9.846498817E-2,-7.819867730E-1
2.413682204E1,-2.313822955E-1,1.041790694E-1,-8.129686713E-1
2.414683204E1,-2.029770017E-1,7.629948109E-2,-8.437264562E-1
2.415684304E1,-1.767648309E-1,2.929442376E-2,-8.570326567E-1
2.416685304E1,-1.620076746E-1,-3.283811733E-3,-8.541220427E-1
2.417686404E1,-1.491890848E-1,-2.235550806E-2,-8.206917048E-1
2.418687404E1,-1.246368662E-1,-2.453107946E-2,-7.605612874E-1
2.419688504E1,-9.626168758E-2,-2.612391673E-2,-6.711997390E-1
2.420689504E1,-6.385978311E-2,-4.634247720E-2,-5.768713951E-1
2.421690604E1,-2.984935418E-2,-6.300214678E-2,-4.909029603E-1
2.422691704E1,2.002486261E-3,-8.454453945E-2,-4.276631474E-1
2.423692704E1,1.043751650E-2,-1.117620468E-1,-3.839806616E-1
2.424693804E1,-1.471987087E-2,-1.351474822E-1,-3.328059912E-1
2.425694804E1,-3.670373186E-2,-1.780629903E-1,-2.754577696E-1
2.426695904E1,-3.537105769E-2,-2.291549146E-1,-2.086111307E-1
2.427696904E1,-1.296162605E-2,-2.480295300E-1,-1.400800049E-1
2.428698004E1,1.551403012E-2,-2.167922854E-1,-7.385066897E-2
2.429699004E1,4.542825371E-2,-1.319610178E-1,-1.552131772E-2
2.430700104E1,4.814228415E-2,-9.384013712E-3,4.488521069E-2
2.431701104E1,1.181383803E-2,1.061151549E-1,1.102415770E-1
2.432702204E1,-3.523265198E-2,1.965844631E-1,1.804190129E-1
2.433703204E1,-9.620412439E-2,2.874472737E-1,2.520103753E-1
2.434704304E1,-1.873120964E-1,3.792313635E-1,2.968049943E-1
2.435705304E1,-2.968575060E-1,4.796650410E-1,3.185712695E-1
2.436706404E1,-4.225211740E-1,5.895537734E-1,3.237778246E-1
2.437707404E1,-5.703788400E-1,7.309406996E-1,3.073722422E-1
2.438708504E1,-7.441442609E-1,9.036406279E-1,2.690092623E-1
2.439709504E1,-9.399934411E-1,1.113863111E0,2.259411216E-1
2.440710604E1,-1.141053557E0,1.343773007E0,1.755041480E-1
2.441711604E1,-1.358936071E0,1.518989801E0,1.421829462E-1
2.442712704E1,-1.583299756E0,1.607135415E0,1.632299423E-1
2.443713804E1,-1.789222479E0,1.650674105E0,2.552988827E-1
2.444714804E1,-1.960245609E0,1.670733094E0,4.144949615E-1
2.445715904E1,-2.101039648E0,1.636384964E0,6.228615046E-1
2.446716904E1,-2.224935055E0,1.509981275E0,8.286949992E-1
2.447718004E1,-2.321955681E0,1.312986732E0,9.902077317E-1
2.448719004E1,-2.395897388E0,1.097549438E0,1.098600030E0
2.449720104E1,-2.451329947E0,8.871501684E-1,1.176218867E0
2.450721104E1,-2.482986927E0,7.222031355E-1,1.233906150E0
2.451722204E1,-2.472779512E0,6.283439994E-1,1.284271240E0
2.452723204E1,-2.396181822E0,6.123157740E-1,1.331490993E0
2.453724304E1,-2.256686211E0,6.190615892E-1,1.372722626E0
2.454725304E1,-2.081150055E0,6.063501239E-1,1.390360951E0
2.455726404E1,-1.888205290E0,5.430150628E-1,1.362612963E0
2.456727404E1,-1.656260014E0,4.658134580E-1,1.309908032E0
2.457728504E1,-1.397216678E0,4.605531693E-1,1.264921427E0
2.458729504E1,-1.137315869E0,5.442577004E-1,1.232520103E0
2.459730604E1,-9.035924077E-1,6.633079052E-1,1.206066728E0
2.460731604E1,-7.208408713E-1,7.543756366E-1,1.170583248E0
2.461732704E1,-5.979149342E-1,8.024312854E-1,1.132240891E0
2.462733804E1,-5.428684950E-1,8.185862899E-1,1.112655878E0
2.463734804E1,-5.706215501E-1,8.135955334E-1,1.092042804E0
2.464735904E1,-6.518225670E-1,7.943028212E-1,1.068045855E0
2.465736904E1,-7.727593780E-1,7.368578911E-1,1.033144832E0
2.466738004E1,-9.048017859E-1,6.487241983E-1,9.736955762E-1
2.467739004E1,-1.025910735E0,5.168839097E-1,8.942164779E-1
2.468740104E1,-1.098179698E0,3.309893906E-1,8.163992763E-1
2.469741104E1,-1.111813784E0,1.173495203E-1,7.740379572E-1
2.470742204E1,-1.065587997E0,-8.279509842E-2,7.427394986E-1
2.471743204E1,-9.878031611E-1,-2.495590448E-1,7.118311524E-1
2.472744304E1,-8.877736330E-1,-3.679614961E-1,6.732717752E-1
2.473745304E1,-7.633153200E-1,-4.032377303E-1,5.756978393E-1
2.474746404E1,-6.452133060E-1,-3.283851743E-1,4.467089176E-1
2.475747404E1,-5.857150555E-1,-2.327292264E-1,4.343465269E-1
2.476748504E1,-6.132181883E-1,-1.559665203E-1,3.612877131E-1
2.477749504E1,-6.976364255E-1,-1.964222640E-2,2.767808437E-1
2.478750604E1,-7.829752564E-1,1.406998634E-1,2.409443855E-1
2.479751604E1,-8.528563380E-1,2.734104991E-1,2.104405463E-1
2.480752704E1,-8.747252226E-1,3.816664815E-1,1.679479629E-1
2.481753704E1,-8.371736407E-1,4.046591520E-1,1.047618091E-1
2.482754804E1,-7.372129560E-1,2.905821800E-1,1.546752825E-2
2.483755904E1,-6.085759401E-1,8.551052213E-2,-1.107151732E-1
2.484756904E1,-4.561718106E-1,-1.019391045E-1,-2.594344616E-1
2.485758004E1,-2.829401195E-1,-2.079667300E-1,-4.147934020E-1
2.486759004E1,-1.262081563E-1,-2.597409487E-1,-5.308886766E-1
2.487760104E1,-1.266497187E-3,-2.834729254E-1,-5.967966318E-1
2.488761104E1,7.053594291E-2,-2.877027392E-1,-6.142498851E-1
2.489762204E1,9.443541616E-2,-3.432666659E-1,-5.934807062E-1
2.490763204E1,7.696487755E-2,-4.399151802E-1,-5.461344719E-1
2.491764304E1,6.107006595E-2,-5.228539705E-1,-4.898202717E-1
2.492765304E1,2.264372818E-2,-6.603796482E-1,-4.443576336E-1
2.493766404E1,-4.827545211E-2,-7.488250732E-1,-4.696608782E-1
2.494767404E1,-5.606434867E-2,-6.976526380E-1,-5.200010538E-1
2.495768504E1,-4.313789681E-2,-6.167306304E-1,-6.149662137E-1
2.496769504E1,-1.992176101E-2,-5.446708202E-1,-7.516141534E-1
2.497770604E1,1.168809645E-2,-4.747633636E-1,-8.589462042E-1
2.498771604E1,5.328921601E-3,-4.145342708E-1,-9.031108022E-1
2.499772704E1,-4.410574213E-2,-3.822197318E-1,-8.811261058E-1
2.500773704E1,-1.376976222E-1,-3.972361386E-1,-8.518831730E-1
2.501774804E1,-2.594320476E-1,-4.607749283E-1,-8.246238232E-1
2.502775904E1,-3.745222688E-1,-5.610521436E-1,-8.083527684E-1
2.503776904E1,-4.547915459E-1,-6.760144234E-1,-7.979800105E-1
2.504778004E1,-4.929473400E-1,-7.860538960E-1,-7.811439037E-1
2.505779004E1,-4.730972052E-1,-8.262423277E-1,-7.499561310E-1
2.506780104E1,-4.082335234E-1,-7.966880798E-1,-7.160694599E-1
2.507781104E1,-3.158948123E-1,-7.403007150E-1,-6.888767481E-1
2.508782254E1,-2.269582748E-1,-6.691343784E-1,-6.593052745E-1
2.509783254E1,-1.368254423E-1,-5.809081197E-1,-6.421275735E-1
2.510784354E1,-5.265839770E-2,-4.880602956E-1,-6.418001056E-1
2.511785354E1,1.518509816E-2,-4.285032153E-1,-6.509184837E-1
2.512786454E1,5.876821652E-2,-3.871034980E-1,-6.709145308E-1
2.513787454E1,7.106829435E-2,-3.507002294E-1,-6.997663975E-1
2.514788554E1,7.151236385E-2,-3.175384104E-1,-7.550252676E-1
2.515789554E1,6.363499910E-2,-3.140110672E-1,-8.498840928E-1
2.516790654E1,4.229904339E-2,-3.613031805E-1,-9.522835016E-1
2.517791654E1,3.331460059E-2,-4.317131639E-1,-1.037789106E0
2.518792754E1,2.864292637E-2,-5.148310065E-1,-1.091623187E0
2.519793754E1,9.572561830E-3,-5.934144855E-1,-1.107445598E0
2.520794854E1,-3.506270796E-2,-6.420478821E-1,-1.097619534E0
2.521795954E1,-1.056066453E-1,-6.728990078E-1,-1.076022625E0
2.522796954E1,-2.173859030E-1,-7.249217629E-1,-1.051585317E0
2.523798054E1,-3.525554538E-1,-7.862003446E-1,-1.032995939E0
2.524799054E1,-4.765341282E-1,-8.511317968E-1,-1.014650583E0
2.525800154E1,-5.696755052E-1,-8.970473409E-1,-9.830295444E-1
2.526801154E1,-6.087807417E-1,-9.396322966E-1,-9.337432384E-1
2.527802254E1,-5.838527679E-1,-9.865023494E-1,-8.701639771E-1
2.528803254E1,-5.144414902E-1,-1.014229178E0,-7.982474566E-1
2.529804354E1,-4.044023454E-1,-1.016505837E0,-7.263745666E-1
2.530805354E1,-2.553839684E-1,-9.835327268E-1,-6.546593904E-1
2.531806454E1,-9.325551242E-2,-9.382272959E-1,-5.816403031E-1
2.532807454E1,4.003639519E-2,-8.760610819E-1,-5.123050213E-1
2.533808554E1,3.990137205E-2,-7.261663675E-1,-4.769286811E-1
2.534809554E1,2.522012219E-2,-5.562278628E-1,-4.924005866E-1
2.535810654E1,-7.403335534E-3,-3.603830338E-1,-5.219161510E-1
2.536811654E1,-1.676480472E-2,-2.169082165E-1,-5.395093560E-1
2.537812754E1,1.242850162E-2,-1.629411280E-1,-5.405232310E-1
2.538813754E1,8.355396241E-2,-1.500347704E-1,-5.285077691E-1
2.539814854E1,1.365487427E-1,-1.539885104E-1,-5.147709250E-1
2.540815954E1,1.230054945E-1,-1.267169416E-1,-5.250824094E-1
2.541816954E1,5.404640362E-2,-6.258669496E-2,-5.593956709E-1