"Time (s)","Gyroscope x (rad/s)","Gyroscope y (rad/s)","Gyroscope z (rad/s)","Absolute (rad/s)"
1.398004167E-2,-1.204510778E-1,-1.049086094E0,-1.749461442E-1,1.070372014E0
2.396204165E-2,-2.163360715E-1,-1.123761058E0,-4.099424556E-2,1.145129136E0
3.394404170E-2,-2.935690880E-1,-1.108160257E0,8.130264282E-2,1.149265890E0
4.392604169E-2,-3.530793786E-1,-1.041371584E0,1.587035209E-1,1.110993533E0
5.390804168E-2,-4.380259812E-1,-9.825452566E-1,1.959448904E-1,1.093460718E0
6.389004167E-2,-5.438334346E-1,-1.222027063E0,2.275382876E-1,1.356789822E0
7.387204166E-2,-5.184617639E-1,-1.562390804E0,2.575715482E-1,1.666196486E0
8.385404170E-2,-3.516276479E-1,-1.615725994E0,2.461531609E-1,1.671766691E0
9.383604169E-2,-1.165235117E-1,-1.675562143E0,2.073109597E-1,1.692354590E0
1.038180417E-1,1.309485584E-1,-1.695614100E0,9.821194410E-2,1.703496488E0
1.138000417E-1,3.470124006E-1,-1.551638246E0,-1.125378385E-1,1.593945926E0
1.237820417E-1,4.771417379E-1,-1.350606441E0,-3.912057877E-1,1.484871700E0
1.337640417E-1,4.734418094E-1,-1.266374588E0,-6.714432836E-1,1.509532321E0
1.437470417E-1,3.510932922E-1,-1.357285619E0,-9.043033719E-1,1.668309126E0
1.537290417E-1,1.366496980E-1,-1.447521210E0,-1.060423493E0,1.799580167E0
1.637110417E-1,-1.233134940E-1,-1.443862319E0,-1.146979451E0,1.848108892E0
1.736930417E-1,-4.255814850E-1,-1.246368170E0,-1.210435629E0,1.788772659E0
1.836750417E-1,-6.442615390E-1,-1.041656852E0,-1.222283363E0,1.730346366E0
1.936570417E-1,-8.138838410E-1,-1.043577552E0,-1.221585155E0,1.801036175E0
2.036390417E-1,-9.428566694E-1,-1.117475867E0,-1.247935772E0,1.922257710E0
2.136210417E-1,-1.132964015E0,-6.847456694E-1,-1.323539734E0,1.871961944E0
2.236030417E-1,-1.210013390E0,-3.925251588E-2,-1.365631580E0,1.824999391E0
2.335850417E-1,-1.106480002E0,3.564319611E-1,-1.322447181E0,1.760740834E0
2.435670417E-1,-9.459959865E-1,5.266079903E-1,-1.217614651E0,1.629358714E0
2.535490417E-1,-8.074993491E-1,5.323726535E-1,-1.090920091E0,1.457937751E0
2.635310417E-1,-7.356628180E-1,4.687734544E-1,-9.367188215E-1,1.279996283E0
2.735130417E-1,-7.598919868E-1,2.736465931E-1,-7.601142526E-1,1.109095112E0
2.834950417E-1,-8.786127567E-1,-5.718276650E-2,-5.231124759E-1,1.024146917E0
2.934770417E-1,-1.058372140E0,-4.669140875E-1,-2.575239241E-1,1.185107136E0
3.034590417E-1,-1.280248404E0,-8.766042590E-1,3.630168736E-3,1.551606967E0
3.134410417E-1,-1.500807643E0,-1.323927164E0,2.122044116E-1,2.012520169E0
3.234230417E-1,-1.675304174E0,-1.658474207E0,3.160514534E-1,2.378459437E0
3.334050417E-1,-1.754178405E0,-1.687818050E0,3.410026133E-1,2.458079419E0
3.433870417E-1,-1.766138911E0,-1.616205573E0,3.175058961E-1,2.414990083E0
3.533690417E-1,-1.712650418E0,-1.544559360E0,2.711445391E-1,2.322144361E0
3.633510417E-1,-1.642174840E0,-1.540730238E0,2.717784345E-1,2.268138309E0
3.733330417E-1,-1.557152629E0,-1.615293145E0,3.408816159E-1,2.269382412E0
3.833150417E-1,-1.457195997E0,-1.761934638E0,4.686672390E-1,2.333984324E0
3.932970417E-1,-1.298075914E0,-1.903480530E0,6.223678589E-1,2.386541631E0
4.032790417E-1,-1.085950136E0,-1.880545020E0,7.687191963E-1,2.303620297E0
4.132610417E-1,-8.858417869E-1,-1.575606227E0,8.479285240E-1,1.996555393E0
4.232430417E-1,-7.088586688E-1,-1.279770613E0,8.375933170E-1,1.685780531E0
4.332250417E-1,-5.446987748E-1,-1.011919379E0,7.755645514E-1,1.386426326E0
4.432070417E-1,-3.603219688E-1,-7.039075494E-1,6.741773486E-1,1.039150065E0
4.531890417E-1,-2.061238736E-1,-1.840899885E-1,5.087527037E-1,5.789693330E-1
4.631710417E-1,-1.109020635E-1,2.289361805E-1,2.627813220E-1,3.657390677E-1
4.731530417E-1,-5.896749347E-2,5.406554937E-1,5.930995569E-2,5.470860984E-1
4.831350417E-1,-4.685846716E-2,7.434664965E-1,-4.290683568E-2,7.461763490E-1
4.931170417E-1,-1.743612997E-2,5.797776580E-1,-2.077644691E-3,5.800435052E-1
5.030990417E-1,8.505583555E-2,9.340436757E-2,2.623649836E-1,2.911945323E-1
5.130810417E-1,2.055886388E-1,-4.350852966E-1,8.302733898E-1,9.596456667E-1
5.230630417E-1,3.745058477E-1,-9.213192463E-1,1.377929807E0,1.699345267E0
5.330450417E-1,6.475107670E-1,-1.119737267E0,1.625949144E0,2.077689188E0
5.430270417E-1,1.049238086E0,-1.136700749E0,1.744524956E0,2.331599553E0
5.530090417E-1,1.585489631E0,-9.059431553E-1,1.773625135E0,2.545634791E0
5.629910417E-1,2.124164581E0,-5.769184232E-1,1.580803394E0,2.709953765E0
5.729730417E-1,2.175652504E0,-8.263540864E-1,9.259158969E-1,2.504724564E0
5.829550417E-1,1.331972599E0,-1.917386532E0,-1.170499809E-2,2.334664671E0
5.929370417E-1,8.077031970E-1,-2.087410688E0,-4.360639751E-1,2.280311300E0
6.029190417E-1,5.159469843E-1,-1.648234963E0,-2.138584852E-1,1.740291710E0
6.129010417E-1,4.382228851E-1,-1.326882005E0,2.288648784E-1,1.415992332E0
6.228830417E-1,4.803512692E-1,-9.931232929E-1,6.071357727E-1,1.259223993E0
6.328650417E-1,4.335060120E-1,-6.276792884E-1,8.785949945E-1,1.163545408E0
6.428470417E-1,3.220908642E-1,-2.727353871E-1,1.067982197E0,1.148352337E0
6.528300417E-1,2.042491734E-1,7.642454468E-3,1.147030115E0,1.165098372E0
6.628120417E-1,1.538142711E-1,1.492791772E-1,1.103646159E0,1.124267738E0
6.727940417E-1,2.097371817E-1,2.434472442E-1,1.105273128E0,1.151036460E0
6.827760417E-1,3.835932612E-1,1.852152497E-1,1.220393777E0,1.292597946E0
6.927580417E-1,6.572655439E-1,-1.391588300E-1,1.364008427E0,1.520487476E0
7.027400417E-1,9.778204560E-1,-4.289507568E-1,1.366056919E0,1.733852099E0
7.127220417E-1,1.328771830E0,-5.825312734E-1,1.182099104E0,1.871452792E0
7.227040417E-1,1.555722356E0,-7.284921408E-1,9.088185430E-1,1.943430985E0
7.326860417E-1,1.631929755E0,-1.028917789E0,7.541443110E-1,2.071376399E0
7.426680417E-1,1.694567800E0,-1.349586725E0,8.135100603E-1,2.314031757E0
7.526502917E-1,1.763399601E0,-1.502485394E0,8.946637511E-1,2.483437887E0
7.626322917E-1,1.841066837E0,-1.556149721E0,9.180714488E-1,2.579531787E0
7.726142917E-1,1.947475553E0,-1.498485088E0,8.966095448E-1,2.615726909E0
7.825962917E-1,2.066441774E0,-9.475209117E-1,8.569531441E-1,2.429474465E0
7.925782917E-1,2.083897352E0,-5.829181671E-1,8.355941176E-1,2.319620506E0
8.025602917E-1,2.053705931E0,-3.837134242E-1,8.136590719E-1,2.242093916E0
8.125422917E-1,1.970830202E0,-3.979935646E-1,7.695589662E-1,2.152856606E0
8.225242917E-1,1.792380810E0,-5.403125286E-1,6.920350790E-1,1.995865513E0
8.325062917E-1,1.604369164E0,-9.112088680E-1,6.104805470E-1,1.943447584E0
8.424882917E-1,1.499200463E0,-1.325338006E0,5.781959295E-1,2.082890634E0
8.524702917E-1,1.501161575E0,-1.713844776E0,6.414608955E-1,2.366901365E0
8.624522917E-1,1.601104856E0,-2.042174578E0,7.840281129E-1,2.710851129E0
8.724342917E-1,1.786108017E0,-2.328655005E0,9.695546031E-1,3.090768854E0
8.824162917E-1,2.020528555E0,-2.591294289E0,1.151747465E0,3.481933939E0
8.923982917E-1,2.241403103E0,-2.792649269E0,1.262219429E0,3.796837592E0
9.023802917E-1,2.437947989E0,-3.090277672E0,1.290539384E0,4.142330067E0
9.123622917E-1,2.611933947E0,-3.442798853E0,1.247864127E0,4.498024874E0
9.223442917E-1,2.786185026E0,-3.853950739E0,1.138659120E0,4.890021256E0
9.323262917E-1,2.930479288E0,-4.364125252E0,1.003156662E0,5.351599888E0
9.423082917E-1,2.963754654E0,-4.768136501E0,9.327632189E-1,5.691134735E0
9.522902917E-1,2.802235126E0,-4.904161453E0,9.998232126E-1,5.736110853E0
9.622722917E-1,2.545849323E0,-4.661115170E0,1.169963956E0,5.438396736E0
9.722542917E-1,2.377203465E0,-4.114232063E0,1.245800972E0,4.912231860E0
9.822362917E-1,2.347991228E0,-3.544955254E0,1.167974114E0,4.409527649E0
9.922182917E-1,2.413879395E0,-3.130084038E0,9.274593592E-1,4.060101067E0
1.002200292E0,2.533061981E0,-2.853846550E0,6.579871178E-1,3.872181579E0
1.012182292E0,2.654975653E0,-2.682862282E0,4.814299345E-1,3.805051974E0
1.022164292E0,2.741729975E0,-2.565475464E0,4.653553963E-1,3.783556958E0
1.032146292E0,2.653026819E0,-2.406580448E0,5.900403261E-1,3.630196736E0
1.042128292E0,2.346112013E0,-2.100247622E0,7.085951567E-1,3.227597984E0
1.052110292E0,1.878617406E0,-1.689073205E0,8.393686414E-1,2.662087783E0
1.062092292E0,1.332727909E0,-1.190937281E0,1.029615760E0,2.062669120E0
1.072074292E0,8.015100956E-1,-6.448990107E-1,1.244150996E0,1.614380646E0
1.082056292E0,3.554129303E-1,-2.335145622E-1,1.440876722E0,1.502322579E0
1.092038292E0,1.449103095E-2,3.295281157E-2,1.539248824E0,1.539669711E0
1.102020292E0,-2.263216823E-1,1.578243077E-1,1.519633651E0,1.544479345E0
1.112002292E0,-3.892967403E-1,7.899421453E-2,1.458302140E0,1.511435467E0
1.121984292E0,-5.197820067E-1,-1.670207232E-1,1.419174433E0,1.520567436E0
1.131966292E0,-6.490542889E-1,-4.904102385E-1,1.422487378E0,1.638671417E0
1.141948292E0,-7.794067264E-1,-8.389718533E-1,1.500583649E0,1.887617520E0
1.151930292E0,-9.058054090E-1,-1.148167014E0,1.650632620E0,2.205302468E0
1.161912292E0,-1.041282654E0,-1.420113921E0,1.841872215E0,2.548232009E0
1.171894292E0,-1.199739695E0,-1.659429312E0,2.037811756E0,2.888902513E0
1.181876292E0,-1.393005371E0,-1.859561086E0,2.164821625E0,3.175670648E0
1.191858292E0,-1.538802266E0,-2.030508995E0,2.179730415E0,3.352924675E0
1.201840292E0,-1.587899446E0,-2.181580067E0,2.089499950E0,3.412730034E0
1.211822292E0,-1.543180704E0,-2.278286695E0,1.916727424E0,3.353481917E0
1.221804292E0,-1.436290264E0,-2.248996735E0,1.695441723E0,3.161556368E0
1.231786292E0,-1.322698116E0,-2.120143414E0,1.466101170E0,2.897238520E0
1.241768292E0,-1.218712568E0,-1.931355119E0,1.257155776E0,2.606881962E0
1.251750292E0,-1.112955332E0,-1.723265052E0,1.080096006E0,2.318387240E0
1.261732292E0,-9.991455674E-1,-1.544409037E0,9.579371214E-1,2.073917710E0
1.271714292E0,-8.274422288E-1,-1.418028474E0,8.946252465E-1,1.869711134E0
1.281696292E0,-6.093028784E-1,-1.346311092E0,8.525091410E-1,1.706040853E0
1.291678292E0,-3.962824345E-1,-1.391469240E0,8.136107326E-1,1.659876152E0
1.301660292E0,-2.472041994E-1,-1.585394025E0,8.236427307E-1,1.803599589E0
1.311642292E0,-1.858742535E-1,-1.909134865E0,9.251632094E-1,2.129617838E0
1.321624292E0,-2.155794203E-1,-2.308422089E0,1.123357773E0,2.576280208E0
1.331607292E0,-3.604173064E-1,-2.744326830E0,1.414566755E0,3.108412696E0
1.341589292E0,-5.928083062E-1,-3.119483232E0,1.778582573E0,3.639499044E0
1.351571292E0,-8.601171970E-1,-3.336423874E0,2.173354864E0,4.073695770E0
1.361553292E0,-1.134826779E0,-3.367207050E0,2.544574738E0,4.370443425E0
1.371535292E0,-1.385608196E0,-3.202569962E0,2.874748945E0,4.521122198E0
1.381517292E0,-1.596846461E0,-2.854297400E0,3.170787334E0,4.555307299E0
1.391499292E0,-1.750650406E0,-2.389970303E0,3.446028233E0,4.544430159E0
1.401481292E0,-1.847348690E0,-1.844793558E0,3.674952507E0,4.507908205E0
1.411463292E0,-1.883252144E0,-1.290260553E0,3.831696272E0,4.460191392E0
1.421445292E0,-1.849512339E0,-8.285892606E-1,3.922635555E0,4.415237904E0
1.431427292E0,-1.769577503E0,-4.501948059E-1,3.945486546E0,4.347521591E0
1.441409292E0,-1.634972215E0,-1.655026823E-1,3.906613588E0,4.238178265E0
1.451391292E0,-1.433842540E0,2.746810392E-2,3.775398731E0,4.038600563E0
1.461373292E0,-1.151257992E0,1.552202106E-1,3.539271832E0,3.725041392E0
1.471355292E0,-8.049820662E-1,1.701655984E-1,3.236280203E0,3.339230751E0
1.481337292E0,-4.482390285E-1,1.942367479E-2,2.893698931E0,2.928274066E0
1.491319292E0,-1.065831780E-1,-2.564609051E-1,2.485493898E0,2.500962233E0
1.501301292E0,2.050087750E-1,-6.488995552E-1,2.104572296E0,2.211859801E0
1.511283292E0,5.270467401E-1,-1.172130346E0,1.808271289E0,2.218448302E0
1.521265292E0,7.242634892E-1,-1.748049617E0,1.496583581E0,2.412467094E0
1.531247292E0,8.185756207E-1,-2.185878515E0,1.217524171E0,2.632583529E0
1.541229292E0,8.312013745E-1,-2.450303078E0,9.368642569E-1,2.751834939E0
1.551211292E0,7.552559972E-1,-2.570068836E0,6.470460296E-1,2.755781923E0
1.561193292E0,5.929231644E-1,-2.565136671E0,4.043629467E-1,2.663642884E0
1.571175292E0,3.365392685E-1,-2.358190060E0,2.410293967E-1,2.394246062E0
1.581157292E0,3.035101295E-2,-2.039309025E0,1.886602938E-1,2.048241975E0
1.591139292E0,-2.910584509E-1,-1.634652138E0,2.335121930E-1,1.676702292E0
1.601121292E0,-6.077860594E-1,-1.154513001E0,3.269314170E-1,1.345060711E0
1.611103292E0,-9.045023918E-1,-6.232278347E-1,4.428388476E-1,1.184332620E0
1.621085292E0,-1.155468345E0,-1.088913754E-1,5.855334401E-1,1.299928397E0
1.631067292E0,-1.342863083E0,3.684698641E-1,7.558684349E-1,1.584420522E0
1.641049292E0,-1.442303658E0,7.692047358E-1,9.504328966E-1,1.890830097E0
1.651031292E0,-1.494901299E0,1.044569612E0,1.135124922E0,2.148107110E0
1.661013292E0,-1.529284239E0,1.161240697E0,1.325305700E0,2.333157825E0
1.670995292E0,-1.541693449E0,1.160333872E0,1.548335671E0,2.473971854E0
1.680977292E0,-1.508027196E0,1.091642499E0,1.813894153E0,2.599238613E0
1.690959292E0,-1.444714785E0,9.965232611E-1,2.095261812E0,2.733199861E0
1.700941292E0,-1.344236493E0,8.900735974E-1,2.396766424E0,2.888544971E0
1.710923292E0,-1.220965147E0,7.737187743E-1,2.660227060E0,3.027574053E0
1.720905292E0,-1.128078938E0,6.726752520E-1,2.803863287E0,3.096240206E0
1.730887292E0,-1.097865939E0,6.045172811E-1,2.810734510E0,3.077495614E0
1.740869292E0,-1.120086312E0,5.778790116E-1,2.714919090E0,2.993212850E0
1.750851292E0,-1.197668433E0,6.136367321E-1,2.570243120E0,2.901225502E0
1.760833583E0,-1.273541093E0,7.087070942E-1,2.407667160E0,2.814433125E0
1.770815583E0,-1.337708592E0,8.987193704E-1,2.219157934E0,2.742594159E0
1.780797583E0,-1.380781889E0,1.046771288E0,2.104789257E0,2.726247709E0
1.790779583E0,-1.398732662E0,1.156342506E0,2.037737370E0,2.728727659E0
1.800761583E0,-1.380600095E0,1.218324065E0,1.959888339E0,2.689150879E0
1.810743583E0,-1.355845213E0,1.200891256E0,1.839238882E0,2.581328285E0
1.820725583E0,-1.360622883E0,1.139241219E0,1.671264172E0,2.437681094E0
1.830707583E0,-1.429872751E0,1.219403982E0,1.456903338E0,2.377824530E0
1.840689583E0,-1.490354776E0,1.219733834E0,1.286024570E0,2.315764924E0
1.850671583E0,-1.454837322E0,1.258330703E0,1.133868337E0,2.232846882E0
1.860653583E0,-1.356857657E0,1.396821976E0,1.002634525E0,2.190308272E0
1.870635583E0,-1.168269634E0,1.567729592E0,9.630090594E-1,2.179453248E0
1.880617583E0,-8.543084860E-1,1.592968464E0,9.526438713E-1,2.043262553E0
1.890599583E0,-4.620911181E-1,1.507177114E0,8.476287723E-1,1.789856305E0
1.900581583E0,-9.381746501E-2,1.341812611E0,5.878694654E-1,1.467941861E0
1.910563583E0,2.309315950E-1,1.015438557E0,2.289752513E-1,1.066243185E0
1.920545583E0,5.491795540E-1,5.806028843E-1,-1.647398472E-1,8.159884246E-1
1.930527583E0,8.105515242E-1,1.293510348E-1,-5.708934665E-1,9.998223910E-1
1.940509583E0,1.036732912E0,-2.964225411E-1,-9.213353992E-1,1.418287831E0
1.950491583E0,1.265357018E0,-5.910024643E-1,-1.204970598E0,1.844550470E0
1.960473583E0,1.475760818E0,-7.693604231E-1,-1.419008374E0,2.187091726E0
1.970455583E0,1.663014650E0,-8.600341082E-1,-1.575241208E0,2.446765469E0
1.980437583E0,1.819427252E0,-8.410749435E-1,-1.680962205E0,2.615980986E0
1.990419583E0,1.936231613E0,-7.299843431E-1,-1.760853767E0,2.717071216E0
2.000401583E0,2.022489309E0,-6.251564026E-1,-1.810038924E0,2.785233283E0
2.010383583E0,2.080116749E0,-5.484943390E-1,-1.841273069E0,2.831610539E0
2.020365583E0,2.105768442E0,-5.010033250E-1,-1.872464895E0,2.862060420E0
2.030347583E0,2.127430439E0,-5.040427446E-1,-1.916714549E0,2.907544329E0
2.040329583E0,2.164792538E0,-5.434470177E-1,-1.947308064E0,2.962038164E0
2.050311583E0,2.221687078E0,-6.004629135E-1,-1.969563723E0,3.029130311E0
2.060293583E0,2.272225380E0,-6.557995081E-1,-2.004453897E0,3.100147835E0
2.070275583E0,2.294122696E0,-7.095748186E-1,-2.075086594E0,3.173717022E0
2.080257583E0,2.262523651E0,-6.977499127E-1,-2.159750700E0,3.204745122E0
2.090239583E0,2.164106846E0,-6.825182438E-1,-2.234497786E0,3.184677369E0
2.100221583E0,2.035334349E0,-6.306807995E-1,-2.279011726E0,3.119974139E0
2.110203583E0,1.851575136E0,-5.748519301E-1,-2.274032593E0,2.988312142E0
2.120185583E0,1.610494852E0,-5.379964709E-1,-2.232481480E0,2.804836435E0
2.130167583E0,1.406664848E0,-4.687576890E-1,-2.164709091E0,2.623815012E0
2.140149583E0,1.291200519E0,-2.483823746E-1,-2.090174437E0,2.469356547E0
2.150131583E0,1.293641806E0,6.179280207E-2,-2.032521486E0,2.410076983E0
2.160113583E0,1.434343576E0,3.352476060E-1,-1.957914114E0,2.450134717E0
2.170095583E0,1.716350794E0,4.981726110E-1,-1.873633027E0,2.589312016E0
2.180077583E0,2.019287348E0,4.134019017E-1,-1.822895646E0,2.751612448E0
2.190059583E0,2.209442139E0,1.620096117E-1,-1.848965883E0,2.885577328E0
2.200042583E0,2.261022329E0,-1.131183729E-1,-1.959130883E0,2.993862314E0
2.210024583E0,2.334849596E0,-4.312036633E-1,-2.105081797E0,3.173141756E0
2.220006583E0,2.344929695E0,-7.350849509E-1,-2.229736090E0,3.318247759E0
2.229988583E0,2.270928383E0,-9.866106510E-1,-2.315679073E0,3.390115908E0
2.239970583E0,2.146169901E0,-1.148591518E0,-2.338550329E0,3.375518532E0
2.249952583E0,2.005614996E0,-1.229117990E0,-2.281158924E0,3.276722231E0
2.259934583E0,1.878711820E0,-1.265217543E0,-2.171263456E0,3.137629444E0
2.269916583E0,1.783227324E0,-1.250530243E0,-2.044962406E0,2.987573735E0
2.279898583E0,1.713564038E0,-1.214576483E0,-1.899228573E0,2.831707421E0
2.289880583E0,1.636569142E0,-1.170900702E0,-1.755118489E0,2.670170018E0
2.299862583E0,1.522230744E0,-1.124702334E0,-1.607141137E0,2.482950748E0
2.309844583E0,1.366930366E0,-1.048767805E0,-1.471897483E0,2.266030612E0
2.319826583E0,1.148530006E0,-9.316244125E-1,-1.337697625E0,1.994111371E0
2.329808583E0,8.713654876E-1,-7.631291747E-1,-1.192251444E0,1.662259744E0
2.339790583E0,5.674430728E-1,-5.675258040E-1,-1.023749590E0,1.300822971E0
2.349772583E0,2.460728139E-1,-3.384308219E-1,-8.273643851E-1,9.271564467E-1
2.359754583E0,-8.924645185E-2,-6.299382448E-2,-5.954524875E-1,6.053898049E-1
2.369736583E0,-3.865822554E-1,2.173483521E-1,-3.321697116E-1,5.540964389E-1
2.379718583E0,-5.742167830E-1,5.024720430E-1,-5.605528131E-2,7.650785989E-1
2.389700583E0,-6.673967838E-1,7.783837914E-1,1.740847081E-1,1.040002538E0
2.399682583E0,-7.096894979E-1,9.628245234E-1,3.599771857E-1,1.249109211E0
2.409664583E0,-7.771571875E-1,1.000659108E0,5.205250382E-1,1.369758468E0
2.419646583E0,-8.759747148E-1,9.040515423E-1,6.876381040E-1,1.434394316E0
2.429628583E0,-9.733390808E-1,7.786806226E-1,8.806786537E-1,1.526213409E0
2.439610583E0,-1.072586775E0,6.607212424E-1,1.136605620E0,1.696722513E0
2.449592583E0,-1.159407139E0,5.606306195E-1,1.436356425E0,1.929158206E0
2.459574583E0,-1.239055872E0,5.079963207E-1,1.751483202E0,2.204770537E0
2.469556583E0,-1.321643949E0,5.187941194E-1,2.049084902E0,2.492917768E0
2.479538583E0,-1.419442296E0,4.959186018E-1,2.296450615E0,2.744892916E0
2.489520583E0,-1.542917848E0,4.322906137E-1,2.494779587E0,2.965028810E0
2.499502583E0,-1.655832648E0,3.720522821E-1,2.660842180E0,3.155992042E0
2.509484583E0,-1.726571321E0,3.337286115E-1,2.806427240E0,3.311866116E0
2.519466583E0,-1.761226892E0,2.828287482E-1,2.934763670E0,3.434348565E0
2.529448583E0,-1.767782807E0,2.326134890E-1,3.057806730E0,3.539681778E0
2.539430583E0,-1.722200394E0,2.034607530E-1,3.130686283E0,3.578905849E0
2.549412583E0,-1.638659477E0,1.490265429E-1,3.149813890E0,3.553694041E0
2.559394583E0,-1.536120534E0,7.846020907E-2,3.135684252E0,3.492611920E0
2.569376583E0,-1.393289328E0,1.437203865E-2,3.045920610E0,3.349491614E0
2.579358583E0,-1.196816325E0,-5.698915105E-3,2.877004862E0,3.116016490E0
2.589340583E0,-9.780263901E-1,4.167564213E-3,2.627610683E0,2.803728035E0
2.599322583E0,-7.992934585E-1,2.361351997E-2,2.301316023E0,2.436284685E0
2.609304583E0,-7.170912623E-1,1.514653023E-2,1.938472748E0,2.066912163E0
2.619286583E0,-7.491045594E-1,-1.223717257E-2,1.580991864E0,1.749526411E0
2.629268583E0,-8.690900803E-1,-2.333456464E-2,1.282315731E0,1.549256500E0
2.639250583E0,-1.051651478E0,-4.720148165E-3,1.072919607E0,1.502381308E0
2.649232583E0,-1.266972065E0,1.576142386E-2,9.548686743E-1,1.586581489E0
2.659214583E0,-1.482816339E0,5.884524435E-2,9.027919173E-1,1.737020525E0
2.669196583E0,-1.670966268E0,1.210180745E-1,8.872912526E-1,1.895800466E0
2.679178583E0,-1.812100530E0,1.766840369E-1,8.915393353E-1,2.027256265E0
2.689160583E0,-1.901243210E0,2.400624901E-1,9.061188102E-1,2.119765798E0
2.699142583E0,-1.947665811E0,3.044201732E-1,9.362846017E-1,2.182361704E0
2.709124583E0,-1.967646480E0,3.286213875E-1,9.884399772E-1,2.226350887E0
2.719106583E0,-1.973433495E0,3.154522181E-1,1.068631887E0,2.266257702E0
2.729088583E0,-1.961720347E0,2.773426771E-1,1.177804708E0,2.304883861E0
2.739070583E0,-1.933929086E0,2.340821922E-1,1.328901768E0,2.358146749E0
2.749052583E0,-1.891789079E0,1.903102100E-1,1.517389178E0,2.432602272E0
2.759034167E0,-1.865432858E0,1.307580471E-1,1.735235453E0,2.551074184E0
2.769016167E0,-1.861174822E0,8.518335968E-2,1.948474050E0,2.695881868E0
2.778998167E0,-1.881277204E0,5.850866437E-2,2.149313927E0,2.856952491E0
2.788980167E0,-1.913964629E0,6.262458116E-2,2.335473061E0,3.020201460E0
2.798962167E0,-1.938448191E0,1.113075241E-1,2.506937981E0,3.170916081E0
2.808944167E0,-1.944439769E0,1.946572810E-1,2.650468826E0,3.292980788E0
2.818926167E0,-1.930325389E0,2.981105149E-1,2.755358934E0,3.377429325E0
2.828908167E0,-1.897276402E0,4.023453295E-1,2.843388557E0,3.441859671E0
2.838890167E0,-1.845604777E0,4.972368181E-1,2.898338556E0,3.471868061E0
2.848872167E0,-1.775937557E0,5.742139220E-1,2.913951874E0,3.460461148E0
2.858854167E0,-1.672102571E0,6.101126075E-1,2.877823591E0,3.383789743E0
2.868836167E0,-1.533250451E0,5.890144706E-1,2.789539814E0,3.237178921E0
2.878818167E0,-1.370290518E0,5.429974794E-1,2.655996084E0,3.037574290E0
2.888800167E0,-1.168869853E0,4.597702324E-1,2.491318703E0,2.790038401E0
2.898782167E0,-9.434126616E-1,3.516149223E-1,2.324863195E0,2.533505354E0
2.908764167E0,-7.183121443E-1,2.242495269E-1,2.136308193E0,2.264966420E0
2.918746167E0,-5.373491049E-1,1.062883511E-1,1.898681998E0,1.976116040E0
2.928728167E0,-3.952828348E-1,1.925278828E-2,1.604066849E0,1.652165138E0
2.938710167E0,-2.660959065E-1,-1.552058384E-2,1.249578595E0,1.277691115E0
2.948692167E0,-1.288935691E-1,3.765395284E-2,8.761567473E-1,8.863870589E-1
2.958674167E0,2.886462398E-2,1.802524030E-1,5.272356868E-1,5.579440516E-1
2.968656167E0,2.017125636E-1,3.791306019E-1,2.222430408E-1,4.835493158E-1
2.978638167E0,3.467389047E-1,5.416322947E-1,-2.258203365E-2,6.435086316E-1
2.988620167E0,4.671649337E-1,6.371737123E-1,-2.274299860E-1,8.221665363E-1
2.998602167E0,5.752581954E-1,7.127134800E-1,-4.163278937E-1,1.006087179E0
3.008584167E0,6.470186710E-1,7.386680841E-1,-6.296742558E-1,1.166513338E0
3.018566167E0,6.745036244E-1,6.849735975E-1,-8.897873759E-1,1.309910510E0
3.028548167E0,6.907638311E-1,5.872963071E-1,-1.167976379E0,1.478594077E0
3.038530167E0,7.243407965E-1,4.747324586E-1,-1.447933912E0,1.687173112E0
3.048512167E0,7.798000574E-1,3.591816425E-1,-1.703892112E0,1.907969578E0
3.058494167E0,8.771466613E-1,2.390955538E-1,-1.918559670E0,2.123069513E0
3.068476167E0,1.010349751E0,1.054887623E-1,-2.074700594E0,2.310046980E0
3.078458167E0,1.179725766E0,-4.866845906E-2,-2.182204008E0,2.481156149E0
3.088440167E0,1.375897408E0,-1.910285354E-1,-2.253119707E0,2.646910273E0
3.098422167E0,1.580854297E0,-3.157442510E-1,-2.296839476E0,2.806112314E0
3.108404167E0,1.781004429E0,-4.601962268E-1,-2.332232237E0,2.970364380E0
3.118386167E0,1.966355681E0,-6.061204672E-1,-2.374772787E0,3.142209808E0
3.128368167E0,2.130501747E0,-7.453875542E-1,-2.415820360E0,3.306180321E0
3.138350167E0,2.286403418E0,-8.905075788E-1,-2.450023413E0,3.467457146E0
3.148332167E0,2.433857918E0,-1.039913893E0,-2.476443052E0,3.624617974E0
3.158314167E0,2.581436872E0,-1.186696529E0,-2.496986866E0,3.782460626E0
3.168296167E0,2.729788780E0,-1.317277431E0,-2.516558170E0,3.939547136E0
3.178278167E0,2.877261400E0,-1.436894178E0,-2.540838480E0,4.098677619E0
3.188260167E0,3.020502329E0,-1.550198913E0,-2.577166796E0,4.262433540E0
3.198242167E0,3.155937195E0,-1.647845149E0,-2.615312815E0,4.417600517E0
3.208224167E0,3.259982109E0,-1.740089536E0,-2.661486387E0,4.553998763E0
3.218206167E0,3.339069605E0,-1.841077447E0,-2.712571859E0,4.679422837E0
3.228188167E0,3.385092497E0,-1.930345297E0,-2.763762712E0,4.777391392E0
3.238170167E0,3.386464834E0,-1.988029838E0,-2.808929443E0,4.828093964E0
3.248152167E0,3.341043949E0,-2.030564547E0,-2.849540234E0,4.837938258E0
3.258134167E0,3.262547731E0,-2.063402176E0,-2.875597239E0,4.813616698E0
3.268116167E0,3.151461363E0,-2.054193258E0,-2.881799459E0,4.738795922E0
3.278098167E0,3.018843651E0,-2.023064613E0,-2.861254454E0,4.625255070E0
3.288080167E0,2.861456633E0,-1.970467329E0,-2.827887058E0,4.479689807E0
3.298062167E0,2.703279018E0,-1.907306910E0,-2.782715797E0,4.323082732E0
3.308044167E0,2.531282902E0,-1.829923153E0,-2.715146065E0,4.138602424E0
3.318026167E0,2.339410305E0,-1.750144482E0,-2.628283262E0,3.929849767E0
3.328008167E0,2.133012772E0,-1.677182436E0,-2.514478922E0,3.699363277E0
3.337990167E0,1.916573763E0,-1.604716182E0,-2.381416798E0,3.452465058E0
3.347972167E0,1.687135816E0,-1.529790282E0,-2.233591318E0,3.189924097E0
3.357954167E0,1.454180479E0,-1.454124093E0,-2.080638170E0,2.925435513E0
3.367936167E0,1.222237468E0,-1.356687903E0,-1.933755040E0,2.659675742E0
3.377918167E0,9.671444893E-1,-1.268968225E0,-1.805842042E0,2.409712493E0
3.387900167E0,6.851125360E-1,-1.197192550E0,-1.696706176E0,2.186655216E0
3.397882167E0,3.917273879E-1,-1.083571672E0,-1.591071844E0,1.964456039E0
3.407864167E0,6.526246667E-2,-9.506078959E-1,-1.514024496E0,1.788906017E0
3.417846167E0,-3.216208816E-1,-7.865645289E-1,-1.460469246E0,1.689702390E0
3.427828167E0,-7.459077239E-1,-5.664883852E-1,-1.408379078E0,1.691395592E0
3.437810167E0,-1.178557634E0,-2.395098358E-1,-1.350087762E0,1.808065271E0
3.447792167E0,-1.573238611E0,1.579698771E-1,-1.271293879E0,2.028847539E0
3.457774167E0,-1.903353930E0,5.985532999E-1,-1.161260486E0,2.308581415E0
3.467756167E0,-2.181246519E0,1.033786774E0,-1.007211566E0,2.615535626E0
3.477738167E0,-2.419642687E0,1.380120635E0,-8.120545149E-1,2.901523089E0
3.487720167E0,-2.574065685E0,1.659361005E0,-5.764890909E-1,3.116349269E0
3.497702167E0,-2.629184008E0,1.869166136E0,-3.027940392E-1,3.240073274E0
3.507684167E0,-2.576111555E0,1.991079092E0,-1.561738364E-2,3.255916245E0
3.517666167E0,-2.397058725E0,2.088442802E0,2.576133907E-1,3.189647086E0
3.527648167E0,-2.108058691E0,2.180345297E0,5.465077758E-1,3.081637196E0
3.537630167E0,-1.722949624E0,2.240726233E0,8.472817540E-1,2.950812740E0
3.547612167E0,-1.278597832E0,2.249440193E0,1.107367158E0,2.814436999E0
3.557594167E0,-8.585596681E-1,2.158683538E0,1.295089722E0,2.659755009E0
3.567576167E0,-5.239666104E-1,1.952355266E0,1.391735554E0,2.454212693E0
3.577558167E0,-2.822466493E-1,1.641099930E0,1.433241367E0,2.197055522E0
3.587540167E0,-1.299468726E-1,1.256517410E0,1.439880848E0,1.915457921E0
3.597522167E0,-5.710797384E-2,8.351963162E-1,1.441871285E0,1.667275326E0
3.607504167E0,-3.746556491E-2,4.369834661E-1,1.454497814E0,1.519184686E0
3.617486167E0,-5.017272383E-2,1.023843363E-1,1.488389969E0,1.492750667E0
3.627468167E0,-8.761570603E-2,-1.431609690E-1,1.526296139E0,1.535497144E0
3.637450167E0,-1.421043724E-1,-3.093439937E-1,1.536746860E0,1.574000721E0
3.647432167E0,-1.972033083E-1,-4.006147981E-1,1.502958059E0,1.567885292E0
3.657414167E0,-2.647126019E-1,-4.112317264E-1,1.452120304E0,1.532265536E0
3.667396167E0,-3.529540300E-1,-3.560049534E-1,1.395993114E0,1.483277738E0
3.677378167E0,-4.628961384E-1,-2.486953586E-1,1.348652482E0,1.447406554E0
3.687360167E0,-5.840353370E-1,-9.621553868E-2,1.327297091E0,1.453297036E0
3.697342167E0,-7.101313472E-1,6.975722313E-2,1.330622077E0,1.509870098E0
3.707324167E0,-8.234559894E-1,2.459141463E-1,1.368694663E0,1.616130754E0
3.717306167E0,-9.325820208E-1,3.907142580E-1,1.421753883E0,1.744634908E0
3.727288167E0,-1.012996793E0,5.083582997E-1,1.483499289E0,1.866912104E0
3.737270167E0,-1.062933922E0,5.988747478E-1,1.537120581E0,1.962452334E0
3.747252167E0,-1.083911657E0,6.419036984E-1,1.584729433E0,2.024418982E0
3.757234042E0,-1.096291304E0,6.477301121E-1,1.629771948E0,2.068227628E0
3.767216042E0,-1.116358757E0,6.273662448E-1,1.676541328E0,2.109653077E0
3.777198042E0,-1.153763175E0,5.682310462E-1,1.722984433E0,2.150053800E0
3.787180042E0,-1.197458982E0,4.981691241E-1,1.766855001E0,2.191770309E0
3.797162042E0,-1.227110028E0,4.286561012E-1,1.818751574E0,2.235487052E0
3.807144042E0,-1.235003471E0,3.676489294E-1,1.882989168E0,2.281676471E0
3.817126042E0,-1.220855951E0,3.128552139E-1,1.954461336E0,2.325572350E0
3.827108042E0,-1.176067948E0,2.644006014E-1,2.039297342E0,2.368918983E0
3.837090042E0,-1.102364063E0,2.191453576E-1,2.126342297E0,2.405111802E0
3.847072042E0,-1.018575430E0,1.864081770E-1,2.195268154E0,2.427230146E0
3.857054042E0,-9.417992830E-1,1.609634310E-1,2.248265266E0,2.442865494E0
3.867036042E0,-8.697269559E-1,1.307258904E-1,2.295185328E0,2.457923905E0
3.877018042E0,-8.044230938E-1,1.022530794E-1,2.336314440E0,2.473038085E0
3.887000042E0,-7.428798676E-1,8.303730935E-2,2.368920565E0,2.484059245E0
3.896982042E0,-6.804824471E-1,5.084865913E-2,2.382057667E0,2.477870189E0
3.906964042E0,-6.145036817E-1,2.025053464E-2,2.379658222E0,2.457803514E0
3.916946042E0,-5.367647409E-1,-1.536073908E-2,2.362630606E0,2.422885824E0
3.926928042E0,-4.449331164E-1,-4.185892642E-2,2.340278625E0,2.382566199E0
3.936910042E0,-3.239032030E-1,-6.180609763E-2,2.314062357E0,2.337438314E0
3.946892042E0,-1.620541215E-1,-9.641627222E-2,2.286202192E0,2.293965584E0
3.956874042E0,1.490863785E-2,-1.396738887E-1,2.249408484E0,2.253790050E0
3.966856042E0,1.989602298E-1,-2.085027546E-1,2.198964119E0,2.217769548E0
3.976838042E0,3.844406009E-1,-2.964124382E-1,2.115229845E0,2.170219391E0
3.986820042E0,5.498873591E-1,-4.021503329E-1,1.979614973E0,2.093555932E0
3.996802042E0,6.724945307E-1,-5.438425541E-1,1.774936676E0,1.974440129E0
4.006785042E0,7.644678950E-1,-6.970515251E-1,1.508811831E0,1.829427543E0
4.016766042E0,8.532875180E-1,-7.936163545E-1,1.244310498E0,1.704768349E0
4.026748042E0,9.469306469E-1,-8.304744959E-1,1.023211718E0,1.622753141E0
4.036730042E0,1.029820085E0,-8.282242417E-1,8.105183244E-1,1.550298279E0
4.046712042E0,1.057472587E0,-7.992203236E-1,5.605812073E-1,1.439184730E0
4.056694042E0,9.996446371E-1,-7.528851032E-1,2.642276287E-1,1.279039334E0
4.066677042E0,8.572291732E-1,-6.912273169E-1,-7.278821617E-2,1.103601007E0
4.076658042E0,6.594949365E-1,-6.147485375E-1,-4.464158118E-1,1.006049906E0
4.086640042E0,4.324831069E-1,-5.251278281E-1,-8.390722871E-1,1.080205155E0
4.096623042E0,2.235220075E-1,-4.119083285E-1,-1.198057532E0,1.286457310E0
4.106604042E0,4.172345251E-2,-2.975902855E-1,-1.484009624E0,1.514128590E0
4.116586042E0,-9.408058226E-2,-1.981581450E-1,-1.687136054E0,1.701336496E0
4.126568042E0,-1.635989547E-1,-9.883528203E-2,-1.813331604E0,1.823377234E0
4.136551042E0,-1.730550081E-1,-4.286523536E-2,-1.862676144E0,1.871188895E0
4.146532042E0,-1.292577237E-1,-5.341854319E-2,-1.855111957E0,1.860376701E0
4.156514042E0,-3.322693706E-2,-1.147193536E-1,-1.816196561E0,1.820119366E0
4.166496042E0,1.036603451E-1,-2.069757730E-1,-1.771327019E0,1.786388492E0
4.176478042E0,2.587877214E-1,-3.189479113E-1,-1.743686795E0,1.791407964E0
4.186460042E0,4.197283983E-1,-4.514558911E-1,-1.760529160E0,1.865327659E0
4.196442042E0,5.632026196E-1,-5.754959583E-1,-1.812245250E0,1.983084878E0
4.206424042E0,6.933022738E-1,-6.782647371E-1,-1.892163515E0,2.126262887E0
4.216406042E0,7.989903688E-1,-7.805566192E-1,-1.983114123E0,2.276048302E0
4.226388042E0,8.776899576E-1,-8.519961834E-1,-2.071454525E0,2.405651888E0
4.236370042E0,9.494647384E-1,-8.907107115E-1,-2.153489590E0,2.516419336E0
4.246352042E0,1.015148759E0,-8.897855282E-1,-2.220815420E0,2.598897154E0
4.256335042E0,1.081014872E0,-8.801245093E-1,-2.276595116E0,2.669475159E0
4.266317042E0,1.143677711E0,-8.673852682E-1,-2.327939510E0,2.734896392E0
4.276299042E0,1.204351902E0,-8.459944129E-1,-2.381575584E0,2.799655749E0
4.286280042E0,1.250706077E0,-8.315814137E-1,-2.424305439E0,2.851850312E0
4.296262042E0,1.280488014E0,-8.208360672E-1,-2.458217144E0,2.890718411E0
4.306244042E0,1.299724579E0,-8.166386485E-1,-2.468560219E0,2.906883592E0
4.316226042E0,1.298247695E0,-8.392087817E-1,-2.439756870E0,2.888274925E0
4.326208042E0,1.287055969E0,-8.810819387E-1,-2.381520987E0,2.846833444E0
4.336190042E0,1.265493989E0,-9.340135455E-1,-2.305991650E0,2.791317579E0
4.346172042E0,1.226489067E0,-1.000706315E0,-2.224501371E0,2.730218840E0
4.356155042E0,1.170888662E0,-1.071571827E0,-2.125513077E0,2.652744292E0
4.366136042E0,1.105235934E0,-1.132045269E0,-2.005134106E0,2.554140901E0
4.376118042E0,1.033601761E0,-1.162824750E0,-1.853310704E0,2.419763328E0
4.386100042E0,9.678123593E-1,-1.177289128E0,-1.676578760E0,2.265741996E0
4.396082042E0,9.112126231E-1,-1.169520140E0,-1.486121893E0,2.099200820E0
4.406064042E0,8.350337148E-1,-1.138653874E0,-1.302476406E0,1.921004617E0
4.416046042E0,7.295576334E-1,-1.072132826E0,-1.148591757E0,1.732335464E0
4.426028042E0,5.921118855E-1,-9.751511812E-1,-1.028850436E0,1.536245271E0
4.436010042E0,4.233159423E-1,-8.629020452E-1,-9.494471550E-1,1.351016738E0
4.445992042E0,2.352938503E-1,-7.312031388E-1,-9.034029245E-1,1.185815361E0
4.455974042E0,2.584568411E-2,-5.654779673E-1,-8.861762285E-1,1.051542505E0
4.465956042E0,-1.974396110E-1,-3.882994950E-1,-8.675618172E-1,9.707844274E-1
4.475938042E0,-4.188705385E-1,-2.035551965E-1,-8.185838461E-1,9.417891267E-1
4.485920042E0,-6.107233167E-1,9.813267738E-3,-7.540083528E-1,9.703648107E-1
4.495902042E0,-7.770053744E-1,2.583310306E-1,-6.661436558E-1,1.055566030E0
4.505884042E0,-9.377396107E-1,5.104812384E-1,-5.830194950E-1,1.216494309E0
4.515866042E0,-1.089873195E0,7.476847172E-1,-5.061316490E-1,1.415282750E0
4.525848042E0,-1.215685248E0,9.233759046E-1,-4.592021704E-1,1.594170730E0
4.535830042E0,-1.317114592E0,1.055842280E0,-4.410760105E-1,1.744746920E0
4.545812042E0,-1.395625591E0,1.171579003E0,-4.005893171E-1,1.865700928E0
4.555794042E0,-1.430329204E0,1.283095121E0,-2.807673514E-1,1.941907574E0
4.565776042E0,-1.412641525E0,1.354568243E0,-5.398242176E-2,1.957887971E0
4.575758042E0,-1.354360938E0,1.378647566E0,2.711226940E-1,1.951530214E0
4.585740042E0,-1.262502432E0,1.361286998E0,6.420669556E-1,1.964501121E0
4.595722042E0,-1.158110619E0,1.287694931E0,9.994837642E-1,1.999586516E0
4.605704042E0,-1.056594372E0,1.159424305E0,1.319625020E0,2.049894285E0
4.615686042E0,-9.672279358E-1,1.018338561E0,1.576333404E0,2.111248518E0
4.625668042E0,-8.592866063E-1,8.936277628E-1,1.743932486E0,2.139683286E0
4.635650042E0,-7.230377793E-1,7.841285467E-1,1.841910124E0,2.128444059E0
4.645632042E0,-5.766917467E-1,6.567173600E-1,1.882143855E0,2.075166633E0
4.655614042E0,-4.151610434E-1,5.448747277E-1,1.868681192E0,1.990280523E0
4.665596042E0,-2.471720427E-1,4.583574235E-1,1.824533463E0,1.897395031E0
4.675578042E0,-9.447240829E-2,3.604667485E-1,1.757652521E0,1.796720261E0
4.685560042E0,3.620385006E-2,2.568894923E-1,1.675971746E0,1.695931669E0
4.695542042E0,1.400394291E-1,1.634722948E-1,1.583938122E0,1.598497484E0
4.705524042E0,2.213140428E-1,7.321351022E-2,1.481025338E0,1.499258542E0
4.715506042E0,2.749308050E-1,6.592748687E-3,1.358803630E0,1.386354109E0
4.725488042E0,2.850367129E-1,-4.824066907E-2,1.234129548E0,1.267536521E0
4.735470042E0,2.384371310E-1,-7.633214444E-2,1.095708966E0,1.123947063E0
4.745452042E0,1.411593109E-1,-5.585829914E-2,9.624779224E-1,9.743766478E-1
4.755434042E0,4.489535466E-3,2.015077136E-2,8.636386991E-1,8.638854160E-1
4.765416292E0,-1.580517143E-1,1.329707950E-1,8.101195693E-1,8.360354617E-1
4.775398292E0,-3.323409259E-1,2.716364264E-1,7.924049497E-1,9.011894604E-1
4.785380292E0,-5.022540689E-1,4.057953060E-1,8.033060431E-1,1.030645225E0
4.795362292E0,-6.538498998E-1,5.190774798E-1,8.283250332E-1,1.176045697E0
4.805344292E0,-7.790607810E-1,5.916704535E-1,8.497906327E-1,1.295821649E0
4.815326292E0,-8.764898181E-1,6.192822456E-1,8.581491113E-1,1.374105090E0
4.825308292E0,-9.354306459E-1,6.000198722E-1,8.628676534E-1,1.406980784E0
4.835290292E0,-9.558172822E-1,5.626872778E-1,8.642231822E-1,1.406088674E0
4.845272292E0,-9.405477643E-1,4.927981794E-1,8.793113232E-1,1.378647361E0
4.855254292E0,-8.895584941E-1,4.082512558E-1,9.203286767E-1,1.343498521E0
4.865236292E0,-8.134046197E-1,3.342156410E-1,9.843696952E-1,1.319966237E0
4.875218292E0,-7.394980788E-1,2.662245929E-1,1.071360946E0,1.328738958E0
4.885200292E0,-6.730892658E-1,2.200336605E-1,1.159901142E0,1.358982940E0
4.895182292E0,-6.144536138E-1,1.965175420E-1,1.247530222E0,1.404458630E0
4.905164292E0,-5.666623712E-1,1.855671555E-1,1.330991507E0,1.458451166E0
4.915146292E0,-5.368065238E-1,1.805828959E-1,1.390386701E0,1.501314958E0
4.925128292E0,-5.054478049E-1,1.880333573E-1,1.441694617E0,1.539258717E0
4.935110292E0,-4.768250585E-1,2.345897406E-1,1.500983357E0,1.592276836E0
4.945092292E0,-4.414348304E-1,3.048788309E-1,1.583854079E0,1.672246858E0
4.955074292E0,-3.948779404E-1,3.910781443E-1,1.687742949E0,1.776892502E0
4.965056292E0,-3.399241567E-1,4.637552798E-1,1.792599559E0,1.882559579E0
4.975038292E0,-2.678402066E-1,5.023533106E-1,1.877029419E0,1.961462889E0
4.985020292E0,-1.810203642E-1,4.919821918E-1,1.927145600E0,1.997174257E0
4.995002292E0,-7.866036147E-2,4.500266910E-1,1.936952472E0,1.990099584E0
5.004984292E0,2.551664412E-2,3.712967336E-1,1.923197031E0,1.958877021E0
5.014966292E0,1.378465295E-1,2.502968907E-1,1.895901203E0,1.917313634E0
5.024948292E0,2.660625577E-1,9.762185812E-2,1.859201550E0,1.880677994E0
5.034930292E0,4.080357552E-1,-8.233430982E-2,1.820100665E0,1.867093610E0
5.044912292E0,5.544366241E-1,-2.619102001E-1,1.772580862E0,1.875643846E0
5.054894292E0,6.775137186E-1,-4.468877017E-1,1.691196680E0,1.875867711E0
5.064876292E0,7.580413222E-1,-6.510059237E-1,1.541192770E0,1.836766320E0
5.074858292E0,8.218139410E-1,-8.454149365E-1,1.321322322E0,1.770874712E0
5.084840292E0,8.869076967E-1,-9.992327094E-1,1.110187173E0,1.737120269E0
5.094822292E0,9.832935333E-1,-1.081846714E0,9.506781697E-1,1.743859934E0
5.104804292E0,1.091621041E0,-1.108797669E0,8.107072711E-1,1.754512767E0
5.114786292E0,1.141917586E0,-1.157270908E0,6.464709640E-1,1.749621798E0
5.124768292E0,1.080028176E0,-1.238509536E0,4.280747175E-1,1.698120931E0
5.134750292E0,9.338670969E-1,-1.328735948E0,1.557171047E-1,1.631531425E0
5.144732292E0,7.523516417E-1,-1.380964756E0,-1.690503359E-1,1.581668317E0
5.154714292E0,5.568436980E-1,-1.361982822E0,-5.366818905E-1,1.566237391E0
5.164696292E0,3.746070564E-1,-1.242264748E0,-9.118832350E-1,1.585901379E0
5.174678292E0,2.258328348E-1,-1.044532299E0,-1.251059771E0,1.645356722E0
5.184660292E0,1.058129668E-1,-7.991435528E-1,-1.514821172E0,1.715957454E0
5.194642292E0,4.453723319E-3,-5.323156714E-1,-1.688744783E0,1.770660541E0
5.204624292E0,-6.968149543E-2,-3.010904491E-1,-1.787610650E0,1.814128663E0
5.214606292E0,-1.044028550E-1,-1.176494360E-1,-1.845749259E0,1.852439384E0
5.224588292E0,-1.163527295E-1,-2.774777822E-2,-1.880158424E0,1.883959553E0
5.234570292E0,-1.001638994E-1,-7.149558514E-3,-1.912790895E0,1.915425000E0
5.244552292E0,-5.637621135E-2,-4.510173574E-2,-1.937746525E0,1.939091034E0
5.254534292E0,2.588586509E-2,-1.247512624E-1,-1.956623912E0,1.960767729E0
5.264516292E0,1.418169886E-1,-2.193523347E-1,-1.974902630E0,1.992101379E0
5.274498292E0,2.942048013E-1,-3.227109611E-1,-1.973835588E0,2.021565175E0
5.284480292E0,4.636465609E-1,-4.321058989E-1,-1.959522128E0,2.059468527E0
5.294462292E0,6.187574267E-1,-5.370391607E-1,-1.938228011E0,2.104281264E0
5.304444292E0,7.590229511E-1,-6.423090696E-1,-1.914323211E0,2.157153248E0
5.314426292E0,8.674829602E-1,-7.120398879E-1,-1.902576923E0,2.208919744E0
5.324408292E0,9.371253848E-1,-7.700350285E-1,-1.918532372E0,2.269785098E0
5.334390292E0,9.749291539E-1,-8.124303818E-1,-1.960371256E0,2.335291297E0
5.344372292E0,9.846901894E-1,-8.413922191E-1,-2.016267300E0,2.396432653E0
5.354354292E0,9.636203051E-1,-8.587626815E-1,-2.071046591E0,2.440342479E0
5.364336292E0,9.141830206E-1,-8.573267460E-1,-2.119841337E0,2.462613863E0
5.374318292E0,8.504584432E-1,-8.465625048E-1,-2.161086798E0,2.471890731E0
5.384300292E0,7.855020761E-1,-8.213059306E-1,-2.188562393E0,2.466041827E0
5.394282292E0,7.173280120E-1,-7.875388265E-1,-2.196511984E0,2.441196792E0
5.404264292E0,6.490003467E-1,-7.451588511E-1,-2.189726353E0,2.402366471E0
5.414246292E0,5.795030594E-1,-7.007307410E-1,-2.164714575E0,2.347943048E0
5.424228292E0,5.071649551E-1,-6.752906442E-1,-2.126433849E0,2.288002330E0
5.434210292E0,4.290995300E-1,-6.657973528E-1,-2.100352049E0,2.244747480E0
5.444192292E0,3.439830244E-1,-6.697947979E-1,-2.071891069E0,2.204468643E0
5.454174292E0,2.581527233E-1,-6.878943443E-1,-2.014694691E0,2.144489719E0
5.464156292E0,1.938211471E-1,-6.747772098E-1,-1.926076174E0,2.050039109E0
5.474138292E0,1.306050271E-1,-6.668054461E-1,-1.813356519E0,1.936478515E0
5.484120292E0,5.227373168E-2,-6.814280748E-1,-1.685688853E0,1.818962252E0
5.494102292E0,-3.391316533E-2,-7.076127529E-1,-1.550776601E0,1.704926385E0
5.504084292E0,-1.173862144E-1,-7.193085551E-1,-1.408693790E0,1.586065105E0
5.514066292E0,-1.892553568E-1,-7.259418368E-1,-1.280649424E0,1.484207562E0
5.524048292E0,-2.501602471E-1,-6.996553540E-1,-1.180519104E0,1.394891795E0
5.534030292E0,-3.039245307E-1,-6.494301558E-1,-1.118710041E0,1.328774550E0
5.544012292E0,-3.583598137E-1,-5.780478120E-1,-1.076071501E0,1.272985037E0
5.553994292E0,-4.095098078E-1,-4.712001383E-1,-1.033064604E0,1.207041975E0
5.563976292E0,-4.438746870E-1,-3.096463680E-1,-9.862744212E-1,1.125007931E0
5.573958292E0,-4.683117568E-1,-1.106690764E-1,-9.210326076E-1,1.039165343E0
5.583940292E0,-5.070477128E-1,1.011731327E-1,-8.163887262E-1,9.663456618E-1
5.593922292E0,-5.669890642E-1,3.302712142E-1,-6.710802317E-1,9.385650490E-1
5.603904292E0,-6.280534863E-1,5.623521209E-1,-4.924705625E-1,9.763290144E-1
5.613886292E0,-6.861104965E-1,7.821269631E-1,-2.919221520E-1,1.080596475E0
5.623868292E0,-7.392466664E-1,9.645971656E-1,-9.499844164E-2,1.218998782E0
5.633850292E0,-7.988829017E-1,1.099681735E0,1.192800105E-1,1.364456496E0
5.643832292E0,-8.424867988E-1,1.219250441E0,3.504240215E-1,1.522876436E0
5.653814292E0,-8.697899580E-1,1.347843289E0,6.310608983E-1,1.723790579E0
5.663796292E0,-8.757991195E-1,1.444751382E0,9.750060439E-1,1.950632574E0
5.673778292E0,-8.593287468E-1,1.488507032E0,1.369960070E0,2.197928496E0
5.683760292E0,-8.295146823E-1,1.481915474E0,1.799369216E0,2.474246887E0
5.693742292E0,-7.708831429E-1,1.421301723E0,2.225214243E0,2.750624990E0
5.703724292E0,-6.603981256E-1,1.339141607E0,2.603661776E0,3.001413096E0
5.713706292E0,-5.114040375E-1,1.205982685E0,2.931423187E0,3.210789658E0
5.723688292E0,-3.457061350E-1,1.058636665E0,3.161889791E0,3.352278535E0
5.733670292E0,-1.406172514E-1,9.065122604E-1,3.312908888E0,3.437572252E0
5.743652292E0,9.319072217E-2,7.487583160E-1,3.377652884E0,3.460904871E0
5.753634292E0,3.596070707E-1,5.751799941E-1,3.343863726E0,3.411975071E0
5.763616167E0,6.340191364E-1,4.151814878E-1,3.188842297E0,3.277662448E0
5.773598167E0,8.809173703E-1,2.655270398E-1,2.955060482E0,3.094980206E0
5.783580167E0,1.027869582E0,1.106847152E-1,2.672813654E0,2.865780838E0
5.793562167E0,1.047029138E0,-4.739125445E-2,2.381855249E0,2.602258706E0
5.803544167E0,9.334142208E-1,-1.594062001E-1,2.114151716E0,2.316529716E0
5.813526167E0,7.003111243E-1,-1.827647090E-1,1.877848029E0,2.012498902E0
5.823508167E0,3.817594647E-1,-1.060614139E-1,1.681467295E0,1.727518907E0
5.833490167E0,1.309339050E-2,5.338783190E-2,1.514666677E0,1.515663828E0
5.843472167E0,-3.643644154E-1,2.978961170E-1,1.381911039E0,1.459856721E0
5.853454167E0,-7.146474123E-1,5.852587819E-1,1.277497649E0,1.576467256E0
5.863436167E0,-1.030528665E0,8.642024994E-1,1.196595669E0,1.800187902E0
5.873418167E0,-1.281375289E0,1.098829985E0,1.131336212E0,2.032060922E0
5.883400167E0,-1.463027358E0,1.262690187E0,1.066595316E0,2.207365200E0
5.893382167E0,-1.574705124E0,1.368212581E0,9.937803745E-1,2.310692824E0
5.903364167E0,-1.627914310E0,1.405407429E0,9.219381213E-1,2.339924131E0
5.913346167E0,-1.630843759E0,1.386106133E0,8.737652898E-1,2.311797431E0
5.923328167E0,-1.599542618E0,1.305573463E0,8.733729720E-1,2.241838309E0
5.933310167E0,-1.543845773E0,1.184899449E0,9.142948389E-1,2.150204997E0
5.943292167E0,-1.471472740E0,1.055167556E0,9.984598160E-1,2.067736105E0
5.953274167E0,-1.381993651E0,9.209290147E-1,1.117886662E0,2.001920901E0
5.963256167E0,-1.272493243E0,7.969668508E-1,1.253211975E0,1.955744224E0
5.973238167E0,-1.147074342E0,6.705624461E-1,1.381373167E0,1.916670385E0
5.983220167E0,-9.965283275E-1,5.451549888E-1,1.488323927E0,1.872263545E0
5.993202167E0,-8.279731870E-1,4.009735286E-1,1.566506743E0,1.816662530E0
6.003184167E0,-6.546120644E-1,2.624255121E-1,1.621030688E0,1.767802194E0
6.013166167E0,-4.950292706E-1,1.300903708E-1,1.656435609E0,1.733711744E0
6.023148167E0,-3.459114134E-1,6.624631584E-3,1.676192164E0,1.711525274E0
6.033130167E0,-1.988300830E-1,-9.397309273E-2,1.694681644E0,1.708891518E0
6.043112167E0,-5.411738157E-2,-1.702521592E-1,1.706238389E0,1.715565192E0
6.053094167E0,6.199392304E-2,-2.135550678E-1,1.695574880E0,1.710094496E0
6.063076167E0,1.536335647E-1,-2.384108901E-1,1.654607415E0,1.678740219E0
6.073058167E0,2.142497301E-1,-2.359561473E-1,1.571907282E0,1.603892376E0
6.083040167E0,2.537966073E-1,-2.211084813E-1,1.449593663E0,1.488161102E0
6.093022167E0,2.596649230E-1,-1.963182986E-1,1.296637297E0,1.336875097E0
6.103004167E0,2.417197526E-1,-1.725069731E-1,1.118331194E0,1.157087617E0
6.112986167E0,1.969165951E-1,-1.520895809E-1,9.343172908E-1,9.668796129E-1
6.122968167E0,1.330462992E-1,-1.550648957E-1,7.433607578E-1,7.709290862E-1
6.132950167E0,6.200375780E-2,-1.946514100E-1,5.312208533E-1,5.691478124E-1
6.142932167E0,-1.000678726E-2,-2.688769102E-1,2.764117420E-1,3.857439303E-1
6.152914167E0,-4.675431550E-2,-3.635289371E-1,-2.217379399E-2,3.671933159E-1
6.162896167E0,-4.482059181E-2,-4.543277919E-1,-3.021663129E-1,5.474733862E-1
6.172878167E0,-6.618406624E-3,-5.189488530E-1,-5.168117285E-1,7.324247934E-1
6.182860167E0,7.748555392E-2,-5.268549919E-1,-6.708140373E-1,8.564879837E-1
6.192842167E0,1.853740811E-1,-4.873611629E-1,-8.005435467E-1,9.553818206E-1
6.202824167E0,2.850138545E-1,-4.300451279E-1,-9.371879697E-1,1.069809796E0
6.212806167E0,3.418573737E-1,-3.511393666E-1,-1.096222878E0,1.200778879E0
6.222788167E0,3.301959336E-1,-2.757079899E-1,-1.274897575E0,1.345514057E0
6.232770167E0,2.605850995E-1,-2.358742654E-1,-1.474157333E0,1.515480487E0
6.242752167E0,1.600347906E-1,-1.745818704E-1,-1.683975458E0,1.700547943E0
6.252734167E0,5.302556232E-2,-1.107392833E-1,-1.866694570E0,1.870728071E0
6.262716167E0,-2.612091787E-2,-2.855839022E-2,-1.986928344E0,1.987305243E0
6.272698167E0,-6.295975298E-2,4.059288651E-2,-2.029951811E0,2.031333569E0
6.282680167E0,-5.276623741E-2,1.011068299E-1,-2.007433176E0,2.010670242E0
6.292662167E0,-4.116325174E-3,1.343227029E-1,-1.940299630E0,1.944947862E0
6.302644167E0,8.598320931E-2,1.219291463E-1,-1.861913204E0,1.867881316E0
6.312626167E0,2.090969086E-1,7.001240551E-2,-1.790157676E0,1.803687267E0
6.322608167E0,3.581894636E-1,-1.872492209E-2,-1.736838341E0,1.773487450E0
6.332590167E0,4.991378188E-1,-1.533861011E-1,-1.705654502E0,1.783794590E0
6.342572167E0,6.349659562E-1,-3.251700997E-1,-1.679307580E0,1.824552358E0
6.352554167E0,7.573616505E-1,-5.013930798E-1,-1.644269109E0,1.878460165E0
6.362536167E0,8.902291656E-1,-6.433536410E-1,-1.599452376E0,1.940273120E0
6.372518167E0,1.023256660E0,-7.348989844E-1,-1.548227310E0,1.996030689E0
6.382500167E0,1.162862659E0,-8.090085983E-1,-1.520712972E0,2.078295556E0
6.392482167E0,1.312793732E0,-8.926931620E-1,-1.540831566E0,2.212349515E0
6.402464167E0,1.475293756E0,-1.007028818E0,-1.553372025E0,2.367184690E0
6.412445167E0,1.636912465E0,-1.146791101E0,-1.506538987E0,2.502852766E0
6.422427167E0,1.743189096E0,-1.324281454E0,-1.453361273E0,2.627677413E0
6.432409167E0,1.793085217E0,-1.473231673E0,-1.434584975E0,2.728296210E0
6.442391167E0,1.800001502E0,-1.566530466E0,-1.430259705E0,2.782025509E0
6.452373167E0,1.774246693E0,-1.600158334E0,-1.399618626E0,2.769005294E0
6.462355167E0,1.707320690E0,-1.556923985E0,-1.351053238E0,2.676621207E0
6.472337167E0,1.606924415E0,-1.474489570E0,-1.296721339E0,2.537284335E0
6.482319167E0,1.467733264E0,-1.330259204E0,-1.284566641E0,2.360919723E0
6.492301167E0,1.304897308E0,-1.172225714E0,-1.300439119E0,2.183577801E0
6.502283167E0,1.151775479E0,-1.035044193E0,-1.314700127E0,2.031339376E0
6.512265167E0,9.915467501E-1,-9.209045768E-1,-1.307371378E0,1.881608386E0
6.522247167E0,8.010953069E-1,-8.653231263E-1,-1.283168912E0,1.742716345E0
6.532229167E0,5.642599463E-1,-8.570981026E-1,-1.255686045E0,1.621651592E0
6.542211167E0,2.894113064E-1,-8.597511053E-1,-1.224955797E0,1.524285922E0
6.552193167E0,-7.676869631E-3,-8.471132517E-1,-1.186271310E0,1.457703473E0
6.562175167E0,-3.253669441E-1,-8.110767007E-1,-1.151755214E0,1.445769392E0
6.572157167E0,-6.704939008E-1,-7.334966660E-1,-1.124123454E0,1.500410934E0
6.582139167E0,-1.020932674E0,-6.028238535E-1,-1.104002953E0,1.620037852E0
6.592121167E0,-1.343513012E0,-4.213285148E-1,-1.120249629E0,1.799306578E0
6.602103167E0,-1.636107564E0,-1.969782412E-1,-1.152678728E0,2.011048642E0
6.612085167E0,-1.905596614E0,3.603948280E-2,-1.199228764E0,2.251831905E0
6.622067167E0,-2.121126175E0,2.896973193E-1,-1.248672724E0,2.478363242E0
6.632049167E0,-2.252756834E0,5.624051690E-1,-1.272504330E0,2.647731141E0
6.642031167E0,-2.294436932E0,8.284403086E-1,-1.253644109E0,2.742695340E0
6.652013167E0,-2.221796989E0,1.058618903E0,-1.165616274E0,2.723181438E0
6.661995167E0,-2.064367056E0,1.222591639E0,-1.006291628E0,2.601723370E0
6.671977167E0,-1.867925167E0,1.273485065E0,-7.952367663E-1,2.396520426E0
6.681959167E0,-1.638420820E0,1.218029261E0,-5.725072622E-1,2.120326067E0
6.691941167E0,-1.397892952E0,1.089122653E0,-3.234319389E-1,1.801360896E0
6.701923167E0,-1.155344009E0,9.089871049E-1,-3.825345263E-2,1.470557943E0
6.711905167E0,-9.066693783E-1,7.004319429E-1,2.806699574E-1,1.179588866E0
6.721887167E0,-6.580891609E-1,4.649307430E-1,6.123394966E-1,1.012028457E0
6.731869167E0,-3.916696608E-1,2.406171858E-1,9.255881906E-1,1.033448234E0
6.741851167E0,-1.023387611E-1,6.687441468E-2,1.193864346E0,1.200107281E0
6.751833167E0,1.881711185E-1,-5.166555941E-2,1.406406045E0,1.419878749E0
6.761815583E0,4.594082236E-1,-1.347391456E-1,1.582447052E0,1.653284375E0
6.771797583E0,7.087754011E-1,-1.803808957E-1,1.718514919E0,1.867670572E0
6.781779583E0,9.287719131E-1,-1.967010051E-1,1.820055723E0,2.052781378E0
6.791761583E0,1.091447711E0,-1.953116953E-1,1.889987588E0,2.191222911E0
6.801743583E0,1.207305908E0,-1.934706420E-1,1.943305612E0,2.295964970E0
6.811725583E0,1.272521615E0,-1.817579269E-1,1.971399426E0,2.353457649E0
6.821707583E0,1.297186852E0,-1.886081100E-1,1.974357963E0,2.369885253E0
6.831689583E0,1.278728724E0,-2.129277736E-1,1.953171253E0,2.344219130E0
6.841671583E0,1.228294849E0,-2.594103217E-1,1.900862455E0,2.277999128E0
6.851653583E0,1.144470811E0,-3.216650486E-1,1.829689503E0,2.181982016E0
6.861635583E0,1.016310930E0,-3.944676220E-1,1.723813176E0,2.039613806E0
6.871617583E0,8.455296159E-1,-4.450657368E-1,1.584754467E0,1.850527104E0
6.881599583E0,6.398267746E-1,-4.483837485E-1,1.408680916E0,1.610840839E0
6.891581583E0,4.190570116E-1,-3.589331210E-1,1.211523771E0,1.331251897E0
6.901563583E0,2.028977871E-1,-1.725632697E-1,1.019384623E0,1.053608373E0
6.911545583E0,-6.278811954E-3,1.081667244E-1,8.617349267E-1,8.685197451E-1
6.921527583E0,-2.053295970E-1,4.178571999E-1,7.523301244E-1,8.847403568E-1
6.931509583E0,-3.920077980E-1,7.109336853E-1,6.834835410E-1,1.061247648E0
6.941491583E0,-5.328850150E-1,9.591634274E-1,6.365328431E-1,1.268516843E0
6.951473583E0,-6.370829940E-1,1.136043906E0,5.861852765E-1,1.428314978E0
6.961455583E0,-7.073598504E-1,1.235745430E0,5.331926346E-1,1.520433856E0
6.971437583E0,-7.452846766E-1,1.275579095E0,4.844082594E-1,1.554735552E0
6.981419583E0,-7.527441978E-1,1.277723432E0,4.710037708E-1,1.555970934E0
6.991401583E0,-7.257349491E-1,1.231536746E0,4.858785868E-1,1.509785407E0
7.001383583E0,-6.748744249E-1,1.176691651E0,5.123024583E-1,1.450004324E0
7.011365583E0,-6.014174223E-1,1.101999640E0,5.362992287E-1,1.365182400E0
7.021347583E0,-5.101932287E-1,1.000198245E0,5.549576283E-1,1.252466219E0
7.031329583E0,-4.116862714E-1,8.856739402E-1,5.611101985E-1,1.126387398E0
7.041311583E0,-3.344364762E-1,7.499848008E-1,5.649802685E-1,9.967585775E-1
7.051293583E0,-2.682971954E-1,6.028404236E-1,5.937013030E-1,8.876267225E-1
7.061275583E0,-2.225867063E-1,4.466297626E-1,6.416134238E-1,8.128288703E-1
7.071257583E0,-1.891608387E-1,2.868313491E-1,7.050309181E-1,7.842975464E-1
7.081239583E0,-1.573198289E-1,1.491954476E-1,7.661605477E-1,7.962479482E-1
7.091221583E0,-1.128778309E-1,2.652750909E-2,8.397714496E-1,8.477388754E-1
7.101203583E0,-4.503912106E-2,-7.222969830E-2,9.231947064E-1,9.271106286E-1
7.111185583E0,5.583820865E-2,-1.318172812E-1,9.986956716E-1,1.008903735E0
7.121167583E0,1.970776320E-1,-1.663441062E-1,1.040265799E0,1.071756916E0
7.131149583E0,3.659483492E-1,-2.040065080E-1,1.013749361E0,1.096915957E0
7.141131583E0,5.538341403E-1,-2.461270541E-1,9.310267568E-1,1.110910259E0
7.151113583E0,7.292156219E-1,-3.026701212E-1,8.047889471E-1,1.127408477E0
7.161095583E0,8.727546334E-1,-3.754143715E-1,6.452155113E-1,1.148450981E0
7.171077583E0,9.955083132E-1,-4.411012232E-1,4.717331529E-1,1.186650436E0
7.181059583E0,1.074376702E0,-4.970289469E-1,3.263514638E-1,1.227936623E0
7.191041583E0,1.103978395E0,-5.528302193E-1,2.223357260E-1,1.254520914E0
7.201023583E0,1.092953444E0,-5.992141962E-1,1.590382457E-1,1.256542099E0
7.211005583E0,1.030407310E0,-6.452834606E-1,1.258669198E-1,1.222281657E0
7.220987583E0,9.376554489E-1,-6.763654947E-1,1.083140373E-1,1.161206250E0
7.230969583E0,8.369220495E-1,-6.984971762E-1,7.643049210E-2,1.092784719E0
7.240951583E0,7.434437275E-1,-6.878235340E-1,8.678613231E-3,1.012859866E0
7.250933583E0,6.680004597E-1,-6.243258119E-1,-7.983525097E-2,9.178131622E-1
7.260915583E0,5.965931416E-1,-5.174350739E-1,-1.499650627E-1,8.038357744E-1
7.270896583E0,5.034016371E-1,-3.961195350E-1,-1.775409132E-1,6.647139761E-1
7.280878583E0,3.823868036E-1,-3.009016514E-1,-1.695069522E-1,5.152611748E-1
7.290860583E0,2.136128247E-1,-2.167022824E-1,-1.620303690E-1,3.447378113E-1
7.300842583E0,5.200227257E-3,-1.295396835E-1,-1.770268977E-1,2.194221831E-1
7.310824583E0,-2.186766267E-1,-5.579882860E-2,-2.307942808E-1,3.227986623E-1
7.320806583E0,-4.161601365E-1,1.220126078E-2,-3.314966559E-1,5.321918478E-1
7.330788583E0,-5.791280270E-1,8.447014540E-2,-4.752389789E-1,7.539075302E-1
7.340770583E0,-6.847751141E-1,1.776080877E-1,-6.539146900E-1,9.633618279E-1
7.350752583E0,-7.330443263E-1,2.866096497E-1,-8.492981791E-1,1.157931981E0
7.360734583E0,-7.070329785E-1,3.961497247E-1,-1.038910508E0,1.317636248E0
7.370716583E0,-6.120948195E-1,5.240990520E-1,-1.198715687E0,1.444388861E0
7.380698583E0,-4.623681605E-1,6.494798660E-1,-1.330086708E0,1.550722110E0
7.390680583E0,-2.933405340E-1,7.442957759E-1,-1.437103152E0,1.644776684E0
7.400662583E0,-1.218390986E-1,7.650391459E-1,-1.541968226E0,1.725629066E0
7.410644583E0,5.078719556E-2,6.987454891E-1,-1.628879905E0,1.773153784E0
7.420626583E0,2.393195629E-1,5.369845629E-1,-1.655408978E0,1.756702923E0
7.430608583E0,4.301518500E-1,3.145011365E-1,-1.627079844E0,1.712112847E0
7.440590583E0,6.047981977E-1,5.514385924E-2,-1.557727456E0,1.671925995E0
7.450572583E0,7.601663470E-1,-2.135729939E-1,-1.470973730E0,1.669499929E0
7.460554583E0,8.890973926E-1,-4.481612444E-1,-1.367911220E0,1.691899459E0
7.470536583E0,9.851666093E-1,-6.183738112E-1,-1.270758748E0,1.722720875E0
7.480518583E0,1.045586944E0,-7.291746736E-1,-1.208051443E0,1.756227790E0
7.490500583E0,1.072793841E0,-7.650634050E-1,-1.191060543E0,1.776185198E0
7.500482583E0,1.065569758E0,-7.257807255E-1,-1.209204316E0,1.767589220E0
7.510464583E0,1.021292210E0,-6.634762287E-1,-1.249470115E0,1.744824934E0
7.520446583E0,9.563233256E-1,-5.895119905E-1,-1.299564123E0,1.717831657E0
7.530428583E0,8.971154690E-1,-5.085225105E-1,-1.354977131E0,1.702754925E0
7.540410583E0,8.392325044E-1,-4.585347176E-1,-1.389328957E0,1.686653561E0
7.550392583E0,7.793791890E-1,-4.282125831E-1,-1.406707168E0,1.664218433E0
7.560374583E0,7.244232297E-1,-4.191543758E-1,-1.417683601E0,1.646300762E0
7.570356583E0,6.894599199E-1,-4.126525223E-1,-1.419968367E0,1.631547501E0
7.580338583E0,6.556811929E-1,-3.981894255E-1,-1.414632440E0,1.609241307E0
7.590320583E0,6.056326032E-1,-3.858412802E-1,-1.402819276E0,1.575933458E0
7.600302583E0,5.285133123E-1,-3.638582230E-1,-1.391401172E0,1.532225946E0
7.610284583E0,4.244556725E-1,-3.282826543E-1,-1.369082451E0,1.470482532E0
7.620266583E0,3.026802242E-1,-2.922072411E-1,-1.338462234E0,1.403025852E0
7.630248583E0,1.831414402E-1,-2.413145602E-1,-1.290804505E0,1.325876983E0
7.640230583E0,7.409060001E-2,-1.913169175E-1,-1.226717353E0,1.243755219E0
7.650212583E0,-4.693290219E-3,-1.451328397E-1,-1.161410332E0,1.170452702E0
7.660194583E0,-4.169072211E-2,-1.014050543E-1,-1.087637305E0,1.093149582E0
7.670176583E0,-5.898765475E-2,-6.516541541E-2,-1.004906535E0,1.008743386E0
7.680158583E0,-7.707078010E-2,-3.242398426E-2,-9.121774435E-1,9.160015875E-1
7.690140583E0,-1.141580641E-1,-8.629544638E-3,-8.016114235E-1,8.097452729E-1
7.700122583E0,-1.630536914E-1,2.808998339E-3,-6.570262909E-1,6.769622912E-1
7.710104583E0,-2.343562394E-1,7.998780347E-3,-4.998427331E-1,5.521137431E-1
7.720086583E0,-3.371057808E-1,1.877419651E-2,-3.416748941E-1,4.803483228E-1
7.730068583E0,-4.587889314E-1,3.793971241E-2,-1.867398322E-1,4.967881543E-1
7.740050583E0,-5.969833136E-1,8.891660720E-2,-3.023677319E-2,6.043256590E-1
7.750032583E0,-7.521860600E-1,1.743672341E-1,1.192357764E-1,7.812841810E-1
7.760014458E0,-8.993680477E-1,2.719257474E-1,2.752040625E-1,9.790524875E-1
7.769996458E0,-1.034125686E0,3.811678886E-1,4.365821481E-1,1.185457239E0
7.779978458E0,-1.117006183E0,4.984937012E-1,5.947733521E-1,1.360130186E0
7.789960458E0,-1.132392287E0,6.359488368E-1,7.327320576E-1,1.491187273E0
7.799942458E0,-1.120110393E0,7.693513632E-1,8.301746845E-1,1.592400332E0
7.809924458E0,-1.169429183E0,8.629327416E-1,8.993501067E-1,1.709107412E0
7.819906458E0,-1.314785838E0,9.314984679E-1,9.735476375E-1,1.882590290E0
7.829888458E0,-1.547062635E0,1.011729956E0,1.059637666E0,2.130688218E0
7.839870458E0,-1.832126379E0,1.095017672E0,1.198551297E0,2.447912576E0
7.849852458E0,-2.107265711E0,1.175915837E0,1.393141031E0,2.786429394E0
7.859834458E0,-2.313485384E0,1.238777637E0,1.627707481E0,3.088076473E0
7.869816458E0,-2.432825327E0,1.298856974E0,1.874333620E0,3.334485722E0
7.879798458E0,-2.434125185E0,1.344136834E0,2.117082596E0,3.494811578E0
7.889780458E0,-2.315829277E0,1.330458283E0,2.336930513E0,3.548863016E0
7.899762458E0,-2.085216284E0,1.243020892E0,2.534007072E0,3.509190752E0
7.909744458E0,-1.754261971E0,1.072952747E0,2.671522856E0,3.371304944E0
7.919726458E0,-1.345186830E0,8.161216974E-1,2.725400209E0,3.146964972E0
7.929708458E0,-9.048200846E-1,4.876965582E-1,2.710059881E0,2.898443009E0
7.939690458E0,-4.596714079E-1,1.016348898E-1,2.664321184E0,2.705593249E0
7.949672458E0,-2.846641093E-2,-3.224340081E-1,2.599945784E0,2.620017577E0
7.959654458E0,3.688122332E-1,-7.368857861E-1,2.520034790E0,2.651338995E0
7.969636458E0,7.175809741E-1,-1.120673180E0,2.382189035E0,2.728672833E0
7.979618458E0,9.716215134E-1,-1.426623225E0,2.204852343E0,2.800120720E0
7.989599458E0,1.085442781E0,-1.605982542E0,2.000455379E0,2.785531849E0
7.999581458E0,1.027711868E0,-1.626679063E0,1.771640658E0,2.615528069E0
8.009563458E0,8.373727202E-1,-1.509136796E0,1.532730341E0,2.308235092E0
8.019545458E0,5.690805316E-1,-1.261043191E0,1.305723548E0,1.902366044E0
8.029527458E0,2.875056267E-1,-9.210144877E-1,1.086295485E0,1.452916052E0
8.039509458E0,1.206553541E-2,-5.422458649E-1,8.942144513E-1,1.045846853E0
8.049491458E0,-2.384938002E-1,-1.647528708E-1,7.232926488E-1,7.792143845E-1
8.059473458E0,-4.705616534E-1,1.720765382E-1,5.702663660E-1,7.591062724E-1
8.069455458E0,-6.763583422E-1,4.373264909E-1,4.435351193E-1,9.194772801E-1
8.079437458E0,-8.464437723E-1,6.340486407E-1,3.287454247E-1,1.107500922E0
8.089419458E0,-9.739286304E-1,7.544351816E-1,2.251914144E-1,1.252365998E0
8.099401458E0,-1.044503212E0,8.011524081E-1,1.509930789E-1,1.325002283E0
8.109383458E0,-1.061877370E0,7.884310484E-1,1.283271313E-1,1.328787011E0
8.119365458E0,-1.051841021E0,7.344391942E-1,1.454613805E-1,1.291096230E0
8.129347458E0,-1.028196692E0,6.654572487E-1,1.826978326E-1,1.238305409E0
8.139329458E0,-9.973718524E-1,5.918144584E-1,2.453777194E-1,1.185413510E0
8.149311458E0,-9.591516256E-1,5.113986135E-1,3.140031695E-1,1.131414324E0
8.159293458E0,-9.029179215E-1,4.227534533E-1,3.772532344E-1,1.065974323E0
8.169275458E0,-8.359620571E-1,3.476139605E-1,4.295893610E-1,1.002105307E0
8.179257458E0,-7.631075978E-1,2.822439969E-1,4.716198742E-1,9.404361676E-1
8.189239458E0,-6.960670948E-1,2.343590707E-1,5.074788928E-1,8.927308671E-1
8.199221458E0,-6.297754049E-1,2.205013186E-1,5.453786254E-1,8.617863640E-1
8.209203458E0,-5.774850249E-1,2.406651527E-1,6.008148193E-1,8.674025114E-1
8.219185458E0,-5.387535691E-1,2.813249826E-1,6.589156985E-1,8.964201313E-1
8.229167458E0,-5.003429651E-1,3.486256599E-1,7.112921476E-1,9.369201955E-1
8.239149458E0,-4.839965105E-1,4.260171056E-1,7.503796220E-1,9.893496720E-1
8.249131458E0,-4.810270071E-1,4.932985008E-1,7.661108375E-1,1.030367026E0
8.259113458E0,-4.967838526E-1,5.763925910E-1,7.559966445E-1,1.072638589E0
8.269095458E0,-5.085784793E-1,6.765905023E-1,7.351104617E-1,1.121077236E0
8.279077458E0,-5.005772710E-1,7.718935609E-1,7.126280665E-1,1.163716475E0
8.289059458E0,-4.556732178E-1,8.427192569E-1,6.949180365E-1,1.183522245E0
8.299041458E0,-3.874883056E-1,8.871884346E-1,6.778802276E-1,1.181851136E0
8.309023458E0,-2.919625938E-1,9.119798541E-1,6.499825120E-1,1.157336026E0
8.319005458E0,-2.018862218E-1,9.585058093E-1,6.127361059E-1,1.155394724E0
8.328987458E0,-1.582645774E-1,1.038537383E0,5.705613494E-1,1.195469709E0
8.338969458E0,-1.664838791E-1,1.135888696E0,4.966288209E-1,1.250839797E0
8.348951458E0,-1.937693208E-1,1.232880831E0,4.052270651E-1,1.312154971E0
8.358933458E0,-2.141406387E-1,1.275229335E0,3.434033692E-1,1.337905805E0
8.368915458E0,-1.963678896E-1,1.208507299E0,2.953133881E-1,1.259468236E0
8.378897458E0,-1.613720804E-1,1.078582883E0,2.349413931E-1,1.115607208E0
8.388879458E0,-1.498919278E-1,9.482041001E-1,1.449422091E-1,9.708588206E-1
8.398861458E0,-1.780474037E-1,8.154671192E-1,5.968829617E-2,8.368095322E-1
8.408843458E0,-2.408075333E-1,6.683633327E-1,-3.782769665E-2,7.114272607E-1
8.418825458E0,-3.019686341E-1,5.024539828E-1,-1.720795035E-1,6.109471470E-1
8.428807458E0,-3.530139327E-1,3.461476862E-1,-3.398409486E-1,5.999407702E-1
8.438789458E0,-3.906553090E-1,2.162022293E-1,-5.372043252E-1,6.985294993E-1
8.448771458E0,-4.153436422E-1,1.394484490E-1,-7.570331097E-1,8.746744195E-1
8.458753458E0,-4.091683030E-1,1.293939501E-1,-9.886854887E-1,1.077803549E0
8.468735458E0,-3.539152443E-1,1.500645578E-1,-1.213744044E0,1.273165338E0
8.478717458E0,-2.432705164E-1,1.663599014E-1,-1.433162212E0,1.463150740E0
8.488699458E0,-7.097966969E-2,1.582043320E-1,-1.637468219E0,1.646623482E0
8.498681458E0,1.541847438E-1,1.108503938E-1,-1.790366173E0,1.800408781E0
8.508663458E0,4.113033116E-1,1.416169293E-2,-1.891123533E0,1.935386056E0
8.518645458E0,6.695337892E-1,-1.248896718E-1,-1.926671147E0,2.043510371E0
8.528627458E0,9.091653228E-1,-3.017358184E-1,-1.911295295E0,2.137913888E0
8.538609458E0,1.122958064E0,-5.037134290E-1,-1.878291249E0,2.245604607E0
8.548590458E0,1.324371696E0,-7.122335434E-1,-1.858041167E0,2.390304162E0
8.558572458E0,1.509667039E0,-9.218727946E-1,-1.861503005E0,2.567905266E0
8.568554458E0,1.674048305E0,-1.109080791E0,-1.900744200E0,2.765018344E0
8.578536458E0,1.813750267E0,-1.282220960E0,-1.971135616E0,2.969706423E0
8.588518458E0,1.930813313E0,-1.449979901E0,-2.050889015E0,3.168063685E0
8.598500458E0,2.000437737E0,-1.573115706E0,-2.124297857E0,3.314978967E0
8.608482458E0,2.027209282E0,-1.634793878E0,-2.160200357E0,3.383577113E0
8.618464458E0,2.010506153E0,-1.608061075E0,-2.159821749E0,3.360479936E0
8.628446458E0,1.916492820E0,-1.478161573E0,-2.173449039E0,3.252965892E0
8.638428458E0,1.747957826E0,-1.303313851E0,-2.216338158E0,3.109041393E0
8.648410458E0,1.554016113E0,-1.099089146E0,-2.273789406E0,2.965313018E0
8.658392458E0,1.373136044E0,-8.780581951E-1,-2.334388018E0,2.847078539E0
8.668374458E0,1.198113680E0,-6.934747696E-1,-2.369023085E0,2.743839285E0
8.678356458E0,1.009135485E0,-5.450299978E-1,-2.374054670E0,2.636578788E0
8.688338458E0,8.196973801E-1,-4.467728436E-1,-2.356463194E0,2.534645646E0
8.698320458E0,6.395688653E-1,-3.881225586E-1,-2.302131176E0,2.420639462E0
8.708302458E0,4.709561765E-1,-3.571003377E-1,-2.227921247E0,2.304984481E0
8.718284458E0,3.217541873E-1,-3.472562134E-1,-2.134984732E0,2.186840744E0
8.728266458E0,1.842440218E-1,-3.539782166E-1,-2.018988609E0,2.058047969E0
8.738248458E0,6.600526720E-2,-3.706554770E-1,-1.876804113E0,1.914193266E0
8.748230458E0,-1.630685292E-2,-3.736803234E-1,-1.707563162E0,1.748048869E0
8.758212458E0,-6.659292430E-2,-3.747357428E-1,-1.513687730E0,1.560804933E0
8.768194167E0,-7.366978377E-2,-3.610388041E-1,-1.309294939E0,1.360157892E0
8.778176167E0,-6.476125121E-2,-3.439117670E-1,-1.098708868E0,1.153096050E0
8.788158167E0,-6.647814065E-2,-3.467982411E-1,-9.097439051E-1,9.758700406E-1
8.798140167E0,-8.459749073E-2,-3.458054066E-1,-7.621634603E-1,8.412082113E-1
8.808122167E0,-1.270098686E-1,-3.040870130E-1,-6.512117386E-1,7.298473448E-1
8.818104167E0,-1.903190613E-1,-2.166589051E-1,-5.526761413E-1,6.233885974E-1
8.828086167E0,-2.807127237E-1,-8.980740607E-2,-4.621623755E-1,5.481414642E-1
8.838068167E0,-3.764568269E-1,5.049857497E-2,-3.504835069E-1,5.168254417E-1
8.848050167E0,-4.680376947E-1,1.828357279E-1,-2.123731971E-1,5.455186174E-1
8.858032167E0,-5.314656496E-1,2.922186852E-1,-4.709874466E-2,6.083303284E-1
8.868014167E0,-5.520151854E-1,3.788580000E-1,1.416110396E-1,6.843302095E-1
8.877996167E0,-5.096067786E-1,4.355529845E-1,3.412367702E-1,7.522286916E-1
8.887978167E0,-3.889941573E-1,4.505074620E-1,5.229439735E-1,7.923028633E-1
8.897960167E0,-2.098507732E-1,4.503002763E-1,6.406255960E-1,8.106841803E-1
8.907942167E0,-3.092791326E-2,4.572247863E-1,6.916847229E-1,8.297221203E-1
8.917924167E0,5.704561621E-2,4.150922298E-1,7.392301559E-1,8.497158261E-1
8.927906167E0,4.368096590E-2,2.886145413E-1,8.222434521E-1,8.725197274E-1
8.937888167E0,-2.052598447E-2,1.860734969E-1,9.546834826E-1,9.728644378E-1
8.947870167E0,-1.292047054E-1,1.034212857E-1,1.162799597E0,1.174518080E0
8.957852167E0,-2.566169798E-1,3.437457979E-2,1.425863981E0,1.449179761E0
8.967833167E0,-3.875997961E-1,2.190274373E-2,1.695611119E0,1.739485671E0
8.977815167E0,-5.028848648E-1,2.251446992E-2,1.874064803E0,1.940494518E0
8.987797167E0,-5.648081303E-1,1.868033037E-2,1.955881119E0,2.035885097E0
8.997779167E0,-6.433469057E-1,4.985289648E-2,1.996625066E0,2.098306986E0
9.007761167E0,-7.709246874E-1,6.179765612E-2,1.962440968E0,2.109340744E0
9.017743167E0,-9.336744547E-1,5.395065248E-2,1.875287771E0,2.095557894E0
9.027725167E0,-1.112922072E0,4.622792825E-2,1.756940246E0,2.080281613E0
9.037707167E0,-1.286386490E0,3.161489964E-2,1.621239901E0,2.069832969E0
9.047689167E0,-1.430640936E0,1.135250274E-2,1.489162803E0,2.065058890E0
9.057671167E0,-1.535167575E0,1.248780731E-2,1.384247065E0,2.067132159E0
9.067653167E0,-1.607874393E0,-6.601829082E-4,1.299577951E0,2.067404980E0
9.077635167E0,-1.632770419E0,7.122639567E-3,1.211909413E0,2.033399715E0
9.087617167E0,-1.600960612E0,4.023630917E-2,1.117330909E0,1.952721742E0
9.097599167E0,-1.523983002E0,1.002759486E-1,1.006927490E0,1.829339341E0
9.107581167E0,-1.416218162E0,1.822167039E-1,8.658481836E-1,1.669901160E0
9.117563167E0,-1.296011567E0,2.780034244E-1,7.249342203E-1,1.510781755E0
9.127545167E0,-1.185490966E0,3.849124610E-1,6.191205382E-1,1.391709982E0
9.137527167E0,-1.118797421E0,4.936120510E-1,5.401940346E-1,1.336850823E0
9.147509167E0,-1.103441596E0,5.818509459E-1,4.842625856E-1,1.338149517E0
9.157491167E0,-1.128339529E0,6.460065246E-1,4.672654867E-1,1.381597466E0
9.167473167E0,-1.183750391E0,6.686677337E-1,4.765200317E-1,1.440643213E0
9.177455167E0,-1.233128309E0,6.567178965E-1,4.971025586E-1,1.482900798E0
9.187437167E0,-1.256870866E0,6.040964723E-1,5.206465721E-1,1.488532759E0
9.197419167E0,-1.241981149E0,5.352166891E-1,5.651066899E-1,1.465714723E0
9.207401167E0,-1.206822157E0,4.366295040E-1,6.374699473E-1,1.432980452E0
9.217383167E0,-1.146754503E0,3.234664500E-1,7.306427956E-1,1.397682128E0
9.227365167E0,-1.060254574E0,2.027096748E-1,8.238109946E-1,1.357901148E0
9.237347167E0,-9.613730311E-1,7.232930511E-2,9.160402417E-1,1.329886972E0
9.247329167E0,-8.578096628E-1,-4.267277569E-2,1.033738971E0,1.343977174E0
9.257311167E0,-7.635316253E-1,-1.379681379E-1,1.185597181E0,1.416917932E0
9.267293167E0,-6.916188002E-1,-2.195800394E-1,1.344074607E0,1.527445091E0
9.277275167E0,-6.388818026E-1,-2.752587199E-1,1.507414818E0,1.660191782E0
9.287257167E0,-6.156081557E-1,-3.028804064E-1,1.663336635E0,1.799277272E0
9.297239167E0,-6.181035638E-1,-3.039992452E-1,1.813424945E0,1.939839578E0
9.307221167E0,-6.319262385E-1,-2.745347619E-1,1.957121849E0,2.074855667E0
9.317203167E0,-6.397503614E-1,-1.935205758E-1,2.092589140E0,2.196738502E0
9.327185167E0,-6.452285647E-1,-8.328057826E-2,2.201152563E0,2.295283896E0
9.337167167E0,-6.791449785E-1,6.674939394E-2,2.299412489E0,2.398539384E0
9.347149167E0,-7.415381670E-1,2.308319956E-1,2.368996382E0,2.493051568E0
9.357131167E0,-8.189200163E-1,4.322695136E-1,2.375823259E0,2.549906486E0
9.367113167E0,-8.706686497E-1,6.075477600E-1,2.328825235E0,2.559415003E0
9.377094167E0,-8.718960881E-1,7.234269381E-1,2.214518547E0,2.487497079E0
9.387076167E0,-8.107398748E-1,7.705451250E-1,2.051900148E0,2.336949540E0
9.397058167E0,-6.855071187E-1,7.195141912E-1,1.859377623E0,2.108294530E0
9.407040167E0,-5.195134282E-1,5.819884539E-1,1.653972387E0,1.828723440E0
9.417022167E0,-3.416614234E-1,3.681009114E-1,1.437197447E0,1.522421528E0
9.427004167E0,-1.612442583E-1,8.109022677E-2,1.191184163E0,1.204780082E0
9.436986167E0,2.864604443E-2,-2.400843352E-1,9.191432595E-1,9.504132866E-1
9.446968167E0,2.433409691E-1,-5.245079994E-1,6.498961449E-1,8.698784213E-1
9.456950167E0,4.692901969E-1,-7.685017586E-1,4.113624096E-1,9.899733703E-1
9.466932167E0,6.795464754E-1,-9.564474225E-1,2.116732597E-1,1.192216697E0
9.476914167E0,8.363153338E-1,-1.108433008E0,2.481693868E-3,1.388543564E0
9.486896167E0,8.845644593E-1,-1.203135610E0,-2.452199608E-1,1.513315039E0
9.496878167E0,7.930388451E-1,-1.227659941E0,-5.409744382E-1,1.558432829E0
9.506860167E0,6.062174439E-1,-1.166518688E0,-8.570031524E-1,1.569305529E0
9.516842167E0,4.073379040E-1,-1.000682831E0,-1.168426514E0,1.591386444E0
9.526824167E0,2.722791135E-1,-7.317902446E-1,-1.438026309E0,1.636328984E0
9.536806167E0,2.226106375E-1,-4.267200530E-1,-1.656229258E0,1.724743707E0
9.546788167E0,2.598469555E-1,-1.163311824E-1,-1.820170879E0,1.842301662E0
9.556770167E0,3.698994219E-1,1.544712931E-1,-1.941083431E0,1.982042343E0
9.566752167E0,5.222304463E-1,3.365850151E-1,-1.997445107E0,2.091841549E0
9.576734167E0,6.878523827E-1,3.918677270E-1,-2.022676468E0,2.172077648E0
9.586716167E0,8.819012046E-1,3.330021203E-1,-2.022238970E0,2.231163508E0
9.596698167E0,1.105551481E0,1.880417466E-1,-2.000469923E0,2.293356424E0
9.606680167E0,1.342806935E0,-3.719068691E-2,-1.960017562E0,2.376169703E0
9.616662167E0,1.578592539E0,-2.975639403E-1,-1.910416722E0,2.496035007E0
9.626644167E0,1.817910552E0,-5.765334964E-1,-1.863864779E0,2.666679877E0
9.636626167E0,2.045329332E0,-8.518955708E-1,-1.812222362E0,2.862385025E0
9.646608167E0,2.236019135E0,-1.087738991E0,-1.767853975E0,3.050944995E0
9.656590167E0,2.384813309E0,-1.291513205E0,-1.750339627E0,3.227852178E0
9.666572167E0,2.500321865E0,-1.458921552E0,-1.755222321E0,3.385390216E0
9.676554167E0,2.576697588E0,-1.587183952E0,-1.789261341E0,3.515676251E0
9.686536167E0,2.602158070E0,-1.677869201E0,-1.856169701E0,3.609963661E0
9.696518167E0,2.568242550E0,-1.733486652E0,-1.942100048E0,3.656856350E0
9.706500167E0,2.490211248E0,-1.761133790E0,-2.033632278E0,3.665842950E0
9.716482167E0,2.366992235E0,-1.734060287E0,-2.092755318E0,3.604059120E0
9.726464167E0,2.202286482E0,-1.678855419E0,-2.122323751E0,3.488965373E0
9.736445167E0,2.003452539E0,-1.597237349E0,-2.136801243E0,3.336301662E0
9.746427167E0,1.784187317E0,-1.491370678E0,-2.155158758E0,3.170523640E0
9.756409167E0,1.576989174E0,-1.354302287E0,-2.170322418E0,3.005216954E0
9.766390458E0,1.379124761E0,-1.203279018E0,-2.167922020E0,2.837208379E0
9.776372458E0,1.175878644E0,-1.077795744E0,-2.159734964E0,2.684918875E0
9.786354458E0,9.879587889E-1,-9.567255378E-1,-2.148219824E0,2.550732196E0
9.796336458E0,8.144804835E-1,-8.298083544E-1,-2.131793976E0,2.428272208E0
9.806318458E0,6.470332742E-1,-7.037702203E-1,-2.110298634E0,2.316744462E0
9.816300458E0,4.838078916E-1,-5.633670092E-1,-2.089112759E0,2.217170400E0
9.826282458E0,3.301203847E-1,-4.299827516E-1,-2.064721584E0,2.134699008E0
9.836264458E0,2.080927640E-1,-2.892626524E-1,-2.029092789E0,2.060143933E0
9.846246458E0,1.187348217E-1,-1.535349935E-1,-1.995682359E0,2.005098259E0
9.856228458E0,2.766375989E-2,-6.352761388E-2,-1.979944110E0,1.981156157E0
9.866210458E0,-8.512470871E-2,-2.931352332E-2,-1.968985796E0,1.971043014E0
9.876192458E0,-2.068237215E-1,-2.739285305E-2,-1.950348735E0,1.961475620E0
9.886174458E0,-3.289715052E-1,-3.648149967E-2,-1.909427166E0,1.937902282E0
9.896156458E0,-4.697893560E-1,-4.295218363E-2,-1.828459024E0,1.888335069E0
9.906138458E0,-6.352771521E-1,-5.046176538E-2,-1.698288798E0,1.813920696E0
9.916120458E0,-8.212864399E-1,-2.597639337E-2,-1.518031120E0,1.726153143E0
9.926102458E0,-1.022236705E0,4.745180160E-2,-1.300492644E0,1.654841585E0
9.936084458E0,-1.216236830E0,1.731258482E-1,-1.065157294E0,1.625965758E0
9.946066458E0,-1.389879704E0,3.349591196E-1,-8.331454992E-1,1.654718896E0
9.956048458E0,-1.513989687E0,5.204074979E-1,-6.368079782E-1,1.722937357E0
9.966030458E0,-1.583150148E0,7.302419543E-1,-4.668527544E-1,1.804873735E0
9.976012458E0,-1.603392839E0,9.301814437E-1,-3.105206788E-1,1.879502383E0
9.985994458E0,-1.563525558E0,1.074971437E0,-1.663194150E-1,1.904688402E0
9.995976458E0,-1.454550862E0,1.147886992E0,-2.044291049E-2,1.853046321E0
1.000595846E1,-1.307180405E0,1.208514690E0,1.727544069E-1,1.788595106E0
1.001594046E1,-1.174676418E0,1.267037392E0,4.374537170E-1,1.782305864E0
1.002592246E1,-1.040742517E0,1.331118464E0,7.345143557E-1,1.842425763E0
1.003590446E1,-9.267253876E-1,1.394811392E0,1.020865679E0,1.961245904E0
1.004588646E1,-8.918641806E-1,1.468113661E0,1.220071554E0,2.106977464E0
1.005586846E1,-9.437444210E-1,1.564853191E0,1.328645349E0,2.259362190E0
1.006585046E1,-1.062350988E0,1.642235756E0,1.408175468E0,2.410080092E0
1.007583146E1,-1.232015967E0,1.663498759E0,1.483422041E0,2.546690483E0
1.008581346E1,-1.418003082E0,1.634990931E0,1.531362057E0,2.651225723E0
1.009579546E1,-1.600656509E0,1.580241323E0,1.543328404E0,2.727842822E0
1.010577746E1,-1.725201964E0,1.501189470E0,1.525265217E0,2.748877157E0
1.011575946E1,-1.753973126E0,1.398255825E0,1.494130254E0,2.695174632E0
1.012574146E1,-1.692135334E0,1.238701820E0,1.462647676E0,2.556764051E0
1.013572346E1,-1.555194259E0,1.026727080E0,1.415964842E0,2.340460235E0
1.014570546E1,-1.383243680E0,7.702975869E-1,1.355862498E0,2.084486643E0
1.015568746E1,-1.209674597E0,4.776502252E-1,1.279040933E0,1.824118438E0
1.016566946E1,-1.044830680E0,2.020916045E-1,1.199917197E0,1.603843336E0
1.017565146E1,-8.996940255E-1,-2.905745432E-2,1.112250447E0,1.430872018E0
1.018563346E1,-7.782481313E-1,-1.748369932E-1,1.020386934E0,1.295155444E0
1.019561546E1,-6.662797928E-1,-2.226593792E-1,9.313396811E-1,1.166576000E0
1.020559746E1,-5.621252060E-1,-1.745320112E-1,8.622543216E-1,1.043996497E0
1.021557946E1,-4.615094066E-1,-5.011098832E-2,8.234155774E-1,9.452593594E-1
1.022556146E1,-3.795121312E-1,9.219282120E-2,8.208420277E-1,9.090162861E-1
1.023554346E1,-3.119453490E-1,2.275066972E-1,8.407819271E-1,9.251937348E-1
1.024552546E1,-2.755884826E-1,3.172806799E-1,8.783206940E-1,9.736854128E-1
1.025550746E1,-2.669848800E-1,3.359417319E-1,9.248805046E-1,1.019579188E0
1.026548946E1,-2.694392502E-1,2.948911488E-1,9.632880092E-1,1.042824092E0
1.027547146E1,-2.729900479E-1,2.119456530E-1,9.917660356E-1,1.050259204E0
1.028545346E1,-2.653487325E-1,1.018861383E-1,1.014963627E0,1.054012286E0
1.029543546E1,-2.530840635E-1,-1.717819646E-2,1.040139794E0,1.070624783E0
1.030541746E1,-2.323023677E-1,-1.139039248E-1,1.075925350E0,1.106595614E0
1.031539946E1,-2.236505598E-1,-1.912445128E-1,1.127744079E0,1.165504502E0
1.032538146E1,-2.408322990E-1,-2.517706752E-1,1.194006801E0,1.243800993E0
1.033536346E1,-3.040719926E-1,-3.042866290E-1,1.265519261E0,1.336633506E0
1.034534546E1,-4.110389948E-1,-3.231358826E-1,1.355548143E0,1.452886996E0
1.035532746E1,-5.535988212E-1,-3.012691736E-1,1.471819878E0,1.601089792E0
1.036530946E1,-7.153350115E-1,-2.395006269E-1,1.602727890E0,1.771384040E0
1.037529146E1,-8.872180581E-1,-1.259658039E-1,1.727408767E0,1.946012414E0
1.038527346E1,-1.051334977E0,2.806265652E-2,1.842736125E0,2.121737301E0
1.039525546E1,-1.213839412E0,2.002959400E-1,1.947053671E0,2.303159260E0
1.040523646E1,-1.359004021E0,3.773043752E-1,2.015291214E0,2.459806740E0
1.041521846E1,-1.469272137E0,5.336077213E-1,2.029883385E0,2.562015684E0
1.042520046E1,-1.526428938E0,6.623289585E-1,2.004617453E0,2.605217089E0
1.043518246E1,-1.526193857E0,7.430759668E-1,1.954087973E0,2.588414454E0
1.044516446E1,-1.459921002E0,7.337307930E-1,1.887629986E0,2.496573086E0
1.045514646E1,-1.343910217E0,6.467384100E-1,1.801290631E0,2.338592137E0
1.046512846E1,-1.212041736E0,5.008110404E-1,1.689903498E0,2.139072392E0
1.047511046E1,-1.077339649E0,3.076378405E-1,1.533312798E0,1.899039203E0
1.048509246E1,-9.257206917E-1,1.089837030E-1,1.355240941E0,1.644844751E0
1.049507446E1,-7.436342239E-1,-8.248133212E-2,1.189692736E0,1.405405221E0
1.050505646E1,-5.432364345E-1,-2.779220939E-1,1.066587090E0,1.228802073E0
1.051503846E1,-3.368627429E-1,-4.445621967E-1,9.567036629E-1,1.107426726E0
1.052502046E1,-1.711312234E-1,-5.294904113E-1,8.135585189E-1,9.856588938E-1
1.053500246E1,-7.529710978E-2,-5.243944526E-1,6.244751811E-1,8.189190732E-1
1.054498446E1,-3.951146081E-2,-4.309183061E-1,3.972549140E-1,5.874208107E-1
1.055496646E1,-4.736139253E-2,-2.747641206E-1,1.380987167E-1,3.111425381E-1
1.056494846E1,-7.216505706E-2,-1.084377021E-1,-1.091977656E-1,1.699725940E-1
1.057493046E1,-8.244591951E-2,6.272472441E-2,-3.349174559E-1,3.505729924E-1
1.058491246E1,-5.369143933E-2,1.893384010E-1,-5.054878592E-1,5.424479483E-1
1.059489446E1,1.805838197E-2,2.639870644E-1,-6.231817007E-1,6.770308024E-1
1.060487646E1,9.301067889E-2,2.858829200E-1,-7.131240964E-1,7.739030994E-1
1.061485846E1,1.423968673E-1,2.580843270E-1,-8.035027385E-1,8.558627451E-1
1.062484046E1,1.572132111E-1,2.025375217E-1,-9.083353281E-1,9.438275847E-1
1.063482246E1,1.253207922E-1,1.516967118E-1,-1.014294863E0,1.033204366E0
1.064480446E1,7.438774407E-2,1.022551805E-1,-1.135002136E0,1.142024303E0
1.065478646E1,2.059881017E-2,7.212737203E-2,-1.268741250E0,1.270956737E0
1.066476846E1,-7.823951542E-3,7.429992408E-2,-1.403793335E0,1.405780004E0
1.067475046E1,1.210235246E-2,1.032476872E-1,-1.524201512E0,1.527742387E0
1.068473246E1,8.324664086E-2,1.540391892E-1,-1.615572453E0,1.625033053E0
1.069471446E1,2.005594075E-1,2.013720870E-1,-1.662283540E0,1.686404862E0
1.070469646E1,3.580831587E-1,2.190003991E-1,-1.663892031E0,1.716019060E0
1.071467746E1,5.495405197E-1,1.941384673E-1,-1.630686641E0,1.731711133E0
1.072465946E1,7.611163855E-1,1.117599756E-1,-1.590150595E0,1.766456158E0
1.073464146E1,9.793613553E-1,-4.968111590E-2,-1.541972637E0,1.827374207E0
1.074462346E1,1.182012320E0,-2.586834431E-1,-1.503317595E0,1.929775644E0
1.075460546E1,1.365780830E0,-4.846393466E-1,-1.474106431E0,2.067177385E0
1.076458792E1,1.516178012E0,-7.077085972E-1,-1.441423416E0,2.208472025E0
1.077456992E1,1.639317751E0,-9.000402093E-1,-1.401842952E0,2.337220299E0
1.078455192E1,1.743502855E0,-1.045331836E0,-1.359308720E0,2.445453138E0
1.079453392E1,1.838443756E0,-1.144452333E0,-1.313990712E0,2.533025499E0
1.080451592E1,1.922717571E0,-1.194162488E0,-1.290141463E0,2.605250833E0
1.081449792E1,1.998099685E0,-1.206046820E0,-1.290370941E0,2.666834912E0
1.082447992E1,2.050979614E0,-1.181109905E0,-1.310722113E0,2.705463074E0
1.083446192E1,2.059482098E0,-1.101931930E0,-1.333698630E0,2.689697478E0
1.084444392E1,1.988571405E0,-9.614335299E-1,-1.387822270E0,2.608605244E0
1.085442592E1,1.855153680E0,-7.564644217E-1,-1.476903915E0,2.488991517E0
1.086440792E1,1.693392038E0,-4.877124131E-1,-1.580719233E0,2.367300844E0
1.087438992E1,1.506841540E0,-1.866620481E-1,-1.665865541E0,2.254001364E0
1.088437192E1,1.293574572E0,1.040492207E-1,-1.732846141E0,2.164928904E0
1.089435392E1,1.074280858E0,3.573414087E-1,-1.779268026E0,2.108925545E0
1.090433592E1,8.725444078E-1,5.738573670E-1,-1.813630342E0,2.092821311E0
1.091431792E1,7.052350640E-1,7.398886681E-1,-1.840291023E0,2.105103985E0
1.092429992E1,5.718097687E-1,8.538373113E-1,-1.852376938E0,2.118325963E0
1.093428192E1,4.717055559E-1,9.172692895E-1,-1.862788916E0,2.129288995E0
1.094426392E1,3.978083432E-1,9.393751025E-1,-1.857403994E0,2.119109874E0
1.095424592E1,3.418254852E-1,9.436359406E-1,-1.842040420E0,2.097714556E0
1.096422792E1,2.949438095E-1,9.262525439E-1,-1.814616680E0,2.058584300E0
1.097420992E1,2.668698132E-1,8.966248631E-1,-1.786043048E0,2.016210656E0
1.098419192E1,2.655435205E-1,8.379809856E-1,-1.755926490E0,1.963670882E0
1.099417392E1,2.781580985E-1,7.586587071E-1,-1.724606752E0,1.904521833E0
1.100415592E1,3.015780747E-1,6.539829969E-1,-1.674536467E0,1.822831718E0
1.101413692E1,3.417241573E-1,5.214497447E-1,-1.596972704E0,1.714353246E0
1.102411892E1,3.882942796E-1,3.986061513E-1,-1.500212073E0,1.600092365E0
1.103410092E1,4.220010936E-1,3.126142919E-1,-1.377243519E0,1.473978402E0
1.104408292E1,4.174339175E-1,2.370464802E-1,-1.224656224E0,1.315380164E0
1.105406492E1,3.747509122E-1,1.734616458E-1,-1.044690490E0,1.123345632E0
1.106404692E1,3.090380728E-1,1.442470998E-1,-8.436631560E-1,9.099886137E-1
1.107402892E1,2.253841758E-1,1.309368908E-1,-6.413643956E-1,6.923083013E-1
1.108401092E1,1.249241754E-1,1.513021886E-1,-4.412154853E-1,4.828762848E-1
1.109399292E1,1.031317748E-2,1.966574192E-1,-2.531925738E-1,3.207600062E-1
1.110397492E1,-8.503216505E-2,2.489297688E-1,-8.355006576E-2,2.760020152E-1
1.111395692E1,-1.358511448E-1,3.058550954E-1,9.135303646E-2,3.469124532E-1
1.112393892E1,-1.374818981E-1,3.634316623E-1,2.639319003E-1,4.697274672E-1
1.113392092E1,-8.200293034E-2,3.956071734E-1,4.356317520E-1,5.941418514E-1
1.114390292E1,-2.640700154E-2,3.727641404E-1,5.965443254E-1,7.039286656E-1
1.115388492E1,-1.235403400E-2,2.815090716E-1,7.687163949E-1,8.187337023E-1
1.116386692E1,-3.865099326E-2,1.359869242E-1,9.363315105E-1,9.469440535E-1
1.117384892E1,-1.094506010E-1,-5.353666097E-2,1.085999489E0,1.092813112E0
1.118383092E1,-2.323027998E-1,-2.461995631E-1,1.201862812E0,1.248620453E0
1.119381292E1,-4.085822105E-1,-4.233080447E-1,1.310807705E0,1.436783200E0
1.120379492E1,-6.213743091E-1,-5.601826906E-1,1.421548486E0,1.649457722E0
1.121377692E1,-8.286572099E-1,-6.788957119E-1,1.550958753E0,1.884952310E0
1.122375892E1,-9.900104403E-1,-7.843483686E-1,1.665520191E0,2.090282407E0
1.123374092E1,-1.068131208E0,-8.540433049E-1,1.764922619E0,2.232766467E0
1.124372292E1,-1.074118614E0,-8.974399567E-1,1.861564875E0,2.329066993E0
1.125370492E1,-9.989638925E-1,-9.256873131E-1,1.944406748E0,2.373929961E0
1.126368692E1,-8.362431526E-1,-9.356651306E-1,2.015385151E0,2.374141772E0
1.127366892E1,-6.157768369E-1,-9.388231039E-1,2.077930927E0,2.361856658E0
1.128365092E1,-4.066661596E-1,-9.593468904E-1,2.116160154E0,2.358783080E0
1.129363292E1,-2.575759888E-1,-1.014448285E0,2.098799229E0,2.345295059E0
1.130361392E1,-1.923993081E-1,-1.067543507E0,2.028096437E0,2.299965607E0
1.131359592E1,-1.835488230E-1,-1.096288919E0,1.917106152E0,2.216040514E0
1.132357792E1,-2.158177197E-1,-1.055787802E0,1.767524362E0,2.070122590E0
1.133355992E1,-2.599737048E-1,-9.264878631E-1,1.584782243E0,1.854049850E0
1.134354192E1,-2.956351638E-1,-7.364672422E-1,1.381929874E0,1.593585369E0
1.135352392E1,-2.985827327E-1,-4.888660014E-1,1.158458591E0,1.292349767E0
1.136350592E1,-2.678164244E-1,-1.939968765E-1,9.211733341E-1,9.787342524E-1
1.137348792E1,-2.253746837E-1,1.047842279E-1,7.125846744E-1,7.546856303E-1
1.138346992E1,-2.006078511E-1,3.676604629E-1,5.718003511E-1,7.087830186E-1
1.139345192E1,-2.157180905E-1,5.568245649E-1,5.128896236E-1,7.871744767E-1
1.140343392E1,-2.446604520E-1,6.708349586E-1,5.024164319E-1,8.730982473E-1
1.141341592E1,-2.547927201E-1,7.137299776E-1,5.073648691E-1,9.120026982E-1
1.142339792E1,-2.339186519E-1,6.935743690E-1,5.220461488E-1,8.990525693E-1
1.143337992E1,-1.958775222E-1,6.410099864E-1,5.325919986E-1,8.561051590E-1
1.144336192E1,-1.668231785E-1,5.542845130E-1,5.403893590E-1,7.918850634E-1
1.145334392E1,-1.534000486E-1,4.173016250E-1,5.547874570E-1,7.109580463E-1
1.146332592E1,-1.558614075E-1,2.568218112E-1,5.771373510E-1,6.506440986E-1
1.147330792E1,-1.894095093E-1,9.428804368E-2,6.098351479E-1,6.454960147E-1
1.148328992E1,-2.478867471E-1,-5.216459557E-2,6.705147028E-1,7.167698034E-1
1.149327192E1,-3.445336521E-1,-1.575280279E-1,7.651711702E-1,8.538181520E-1
1.150325392E1,-4.582359195E-1,-2.156959027E-1,8.918619752E-1,1.025632811E0
1.151323592E1,-5.773236752E-1,-2.319015115E-1,1.043621063E0,1.215000354E0
1.152321792E1,-6.770846844E-1,-2.139150500E-1,1.200342417E0,1.394641616E0
1.153319992E1,-7.465878725E-1,-1.926030964E-1,1.343433261E0,1.548968150E0
1.154318192E1,-7.856471539E-1,-1.688021272E-1,1.457888126E0,1.664684174E0
1.155316392E1,-8.071069121E-1,-1.524037123E-1,1.552471876E0,1.756364821E0
1.156314592E1,-8.223462105E-1,-1.267395616E-1,1.641217828E0,1.840084825E0
1.157312792E1,-8.472475410E-1,-1.102308929E-1,1.721464992E0,1.921827506E0
1.158310892E1,-8.907782435E-1,-1.150930002E-1,1.784933567E0,1.998179200E0
1.159309092E1,-9.595118165E-1,-1.052262560E-1,1.837375522E0,2.075496157E0
1.160307292E1,-1.051321626E0,-9.085398167E-2,1.883122444E0,2.158629599E0
1.161305492E1,-1.148526669E0,-8.970296383E-2,1.929533958E0,2.247278671E0
1.162303692E1,-1.215680838E0,-8.298597485E-2,1.963325977E0,2.310717522E0
1.163301892E1,-1.231150389E0,-1.971699297E-2,1.979381561E0,2.331109479E0
1.164300092E1,-1.203848481E0,6.941262633E-2,1.961642265E0,2.302631029E0
1.165298292E1,-1.123271823E0,1.688036621E-1,1.908026218E0,2.220540095E0
1.166296492E1,-9.885557294E-1,2.803470194E-1,1.822667599E0,2.092356102E0
1.167294692E1,-8.217081428E-1,3.664456904E-1,1.676229358E0,1.902427811E0
1.168292892E1,-6.489380002E-1,4.213492870E-1,1.467342615E0,1.658839986E0
1.169291092E1,-4.864878654E-1,4.447049499E-1,1.212432027E0,1.380008824E0
1.170289292E1,-3.312453628E-1,4.403265119E-1,9.455295801E-1,1.094366079E0
1.171287492E1,-2.156361938E-1,3.228121102E-1,6.326984167E-1,7.423031140E-1
1.172285692E1,-1.092746630E-1,2.269700319E-1,3.821885586E-1,4.577383987E-1
1.173283892E1,5.216231570E-3,1.673879325E-1,2.246111631E-1,2.801715611E-1
1.174282092E1,9.930782765E-2,1.051036492E-1,1.150588244E-1,1.847900289E-1
1.175280292E1,1.722001582E-1,6.021127105E-2,1.358413417E-2,1.829284569E-1
1.176278492E1,2.126108259E-1,1.920184679E-2,-9.964025021E-2,2.355849182E-1
1.177276721E1,2.245378047E-1,-3.141008783E-3,-2.144190371E-1,3.104877053E-1
1.178274921E1,2.257696688E-1,8.721838705E-3,-3.528792560E-1,4.190128675E-1
1.179273121E1,2.274762243E-1,4.107951373E-2,-5.251157284E-1,5.737416555E-1
1.180271321E1,2.425399274E-1,5.494162813E-2,-7.198439837E-1,7.615901520E-1
1.181269521E1,3.018264174E-1,7.116374373E-2,-9.095665216E-1,9.609759216E-1
1.182267721E1,4.090335667E-1,7.991420478E-2,-1.056531906E0,1.135761598E0
1.183265921E1,5.508874059E-1,5.852635950E-2,-1.152925253E0,1.279116456E0
1.184264121E1,7.025391459E-1,2.319041640E-3,-1.193799734E0,1.385180290E0
1.185262221E1,8.582068086E-1,-8.900554478E-2,-1.210592866E0,1.486598803E0
1.186260421E1,1.029569030E0,-2.086338103E-1,-1.210369825E0,1.602665145E0
1.187258621E1,1.205363989E0,-3.477381766E-1,-1.212543249E0,1.744730729E0
1.188256821E1,1.381765842E0,-5.052011013E-1,-1.230956674E0,1.918269879E0
1.189255021E1,1.566759109E0,-6.727687716E-1,-1.264705300E0,2.122929915E0
1.190253221E1,1.762233257E0,-8.427977562E-1,-1.306203127E0,2.349881001E0
1.191251421E1,1.974662423E0,-1.012682080E0,-1.353379726E0,2.599317865E0
1.192249621E1,2.188827038E0,-1.170032382E0,-1.398926854E0,2.849023678E0
1.193247821E1,2.406256676E0,-1.318294048E0,-1.438533664E0,3.097958923E0
1.194246021E1,2.613305807E0,-1.428907633E0,-1.478208423E0,3.325093142E0
1.195244221E1,2.793650389E0,-1.497217774E0,-1.522492766E0,3.516266171E0
1.196242421E1,2.941941738E0,-1.532346845E0,-1.586989403E0,3.677178729E0
1.197240621E1,3.048708916E0,-1.551471710E0,-1.683493018E0,3.812589574E0
1.198238821E1,3.095910549E0,-1.574322939E0,-1.800540447E0,3.912173404E0
1.199237021E1,3.098238707E0,-1.602814317E0,-1.914769769E0,3.979251196E0
1.200235221E1,3.060010433E0,-1.613713384E0,-1.980216146E0,3.986099688E0
1.201233421E1,2.989129782E0,-1.591344237E0,-1.996378541E0,3.931005038E0
1.202231621E1,2.874425411E0,-1.478607774E0,-2.028106928E0,3.815995297E0
1.203229821E1,2.690779686E0,-1.334841847E0,-2.103916645E0,3.667228289E0
1.204228021E1,2.474694729E0,-1.160221457E0,-2.218660116E0,3.520323926E0
1.205226221E1,2.285543919E0,-9.157903790E-1,-2.320559025E0,3.383397288E0
1.206224421E1,2.094117641E0,-6.702119112E-1,-2.390330553E0,3.247798155E0
1.207222621E1,1.868322372E0,-4.301193953E-1,-2.419496775E0,3.087004345E0
1.208220821E1,1.574521899E0,-1.753465831E-1,-2.416802168E0,2.889774793E0
1.209219021E1,1.221081495E0,8.312518150E-2,-2.413326740E0,2.705937133E0
1.210217221E1,8.299654722E-1,3.246004879E-1,-2.408286572E0,2.567888699E0
1.211215321E1,4.338929653E-1,5.337190628E-1,-2.403116703E0,2.499617777E0
1.212213521E1,5.232861638E-2,6.960322857E-1,-2.396478415E0,2.496058497E0
1.213211721E1,-3.212077022E-1,7.937780619E-1,-2.373691320E0,2.523423960E0
1.214209921E1,-6.738865376E-1,8.228709102E-1,-2.336403847E0,2.567103920E0
1.215208121E1,-9.996857047E-1,8.120411634E-1,-2.276412010E0,2.615498805E0
1.216206321E1,-1.293010116E0,7.636154294E-1,-2.223312855E0,2.682928201E0
1.217204521E1,-1.548704743E0,6.884682178E-1,-2.163051367E0,2.747956711E0
1.218202721E1,-1.761386871E0,5.994197726E-1,-2.114816427E0,2.816777644E0
1.219200921E1,-1.934213758E0,5.445887446E-1,-2.052163124E0,2.872130437E0
1.220199121E1,-2.078735590E0,5.286120772E-1,-1.958409190E0,2.904468787E0
1.221197321E1,-2.195958614E0,5.827605128E-1,-1.820211053E0,2.911187443E0
1.222195521E1,-2.297304630E0,6.853312254E-1,-1.632165432E0,2.900215759E0
1.223193721E1,-2.346704721E0,7.850666046E-1,-1.417513847E0,2.851788585E0
1.224191921E1,-2.311893463E0,9.019534588E-1,-1.201676965E0,2.757244812E0
1.225190121E1,-2.192935944E0,1.025486350E0,-9.988380075E-1,2.618829447E0
1.226188321E1,-2.009782076E0,1.095660567E0,-8.064380288E-1,2.426940124E0
1.227186521E1,-1.763210773E0,1.097113132E0,-6.193882227E-1,2.167074347E0
1.228184721E1,-1.512904167E0,1.029561520E0,-4.350538254E-1,1.880996484E0
1.229182921E1,-1.298253655E0,8.991062641E-1,-2.440074384E-1,1.597934372E0
1.230181121E1,-1.093914390E0,7.449285388E-1,-2.735093236E-2,1.323750465E0
1.231179321E1,-8.989529014E-1,5.743317604E-1,2.006231099E-1,1.085459775E0
1.232177521E1,-7.505903840E-1,3.915660977E-1,4.327974617E-1,9.508015441E-1
1.233175721E1,-6.989759207E-1,1.818043739E-1,6.593376398E-1,9.779295942E-1
1.234173921E1,-7.268851995E-1,-2.949861810E-2,8.762881756E-1,1.138908788E0
1.235172121E1,-8.104009032E-1,-2.222797871E-1,1.079158425E0,1.367750282E0
1.236170321E1,-9.329071045E-1,-3.785541952E-1,1.273528934E0,1.623420737E0
1.237168421E1,-1.071395159E0,-5.074130893E-1,1.460663915E0,1.881195019E0
1.238166621E1,-1.199601650E0,-5.843440890E-1,1.636491060E0,2.111540936E0
1.239164821E1,-1.302557826E0,-6.387346387E-1,1.788622737E0,2.303000244E0
1.240163021E1,-1.368644834E0,-6.704685688E-1,1.909326196E0,2.442998834E0
1.241161221E1,-1.404883504E0,-6.823303103E-1,2.018662930E0,2.552307257E0
1.242159421E1,-1.409833550E0,-6.876677871E-1,2.127693892E0,2.643406689E0
1.243157621E1,-1.390304327E0,-7.167302966E-1,2.222706556E0,2.717917010E0
1.244155821E1,-1.336914062E0,-7.554849386E-1,2.295646906E0,2.761899966E0
1.245154021E1,-1.256912708E0,-8.034213185E-1,2.332415819E0,2.768660132E0
1.246152221E1,-1.149052262E0,-8.536376953E-1,2.328540564E0,2.733334881E0
1.247150421E1,-1.019721985E0,-8.950839043E-1,2.277991295E0,2.651462325E0
1.248148621E1,-8.691859841E-1,-9.043217897E-1,2.190438271E0,2.524143814E0
1.249146821E1,-7.065475583E-1,-8.472294807E-1,2.067913294E0,2.343773162E0
1.250145021E1,-5.470240712E-1,-7.546842098E-1,1.921392083E0,2.135540009E0
1.251143221E1,-4.191622734E-1,-6.372286677E-1,1.747243166E0,1.906466907E0
1.252141421E1,-3.376271725E-1,-5.051332116E-1,1.553944230E0,1.668500626E0
1.253139621E1,-3.055512607E-1,-3.602106273E-1,1.367587090E0,1.446861333E0
1.254137821E1,-3.272495866E-1,-2.017381936E-1,1.205894947E0,1.265690805E0
1.255136021E1,-4.166479111E-1,-4.324948415E-2,1.092128992E0,1.169705833E0
1.256134221E1,-5.415686369E-1,8.248414844E-2,1.007342935E0,1.146664734E0
1.257132421E1,-6.719684601E-1,1.837998480E-1,9.399638176E-1,1.169981185E0
1.258130621E1,-7.776221037E-1,2.509597838E-1,8.763128519E-1,1.198165750E0
1.259128821E1,-8.516326547E-1,2.656053007E-1,8.118342757E-1,1.206192043E0
1.260127021E1,-8.941468596E-1,2.593141496E-1,7.682178617E-1,1.207021590E0
1.261125221E1,-9.304830432E-1,2.151024789E-1,7.616233230E-1,1.221530948E0
1.262123321E1,-9.460278749E-1,1.462260336E-1,7.811008692E-1,1.235503687E0
1.263121521E1,-9.478462934E-1,6.783243269E-2,8.360775113E-1,1.265716967E0
1.264119721E1,-9.428380132E-1,-2.491746098E-2,9.129554033E-1,1.312650741E0
1.265117921E1,-9.347089529E-1,-9.544275701E-2,1.007360697E0,1.377521586E0
1.266116121E1,-9.255974293E-1,-1.579357237E-1,1.114572287E0,1.457376299E0
1.267114321E1,-9.147008061E-1,-2.181050628E-1,1.224079370E0,1.543573027E0
1.268112521E1,-9.007249475E-1,-2.480100244E-1,1.312823176E0,1.611309745E0
1.269110721E1,-8.856059313E-1,-2.752413750E-1,1.388883114E0,1.670045504E0
1.270108921E1,-8.679946661E-1,-2.977892160E-1,1.457405925E0,1.722244230E0
1.271107121E1,-8.452293873E-1,-2.930535674E-1,1.522312164E0,1.765708763E0
1.272105321E1,-8.150959611E-1,-2.792049944E-1,1.591380239E0,1.809648562E0
1.273103521E1,-7.759528160E-1,-2.700706124E-1,1.658642650E0,1.850982536E0
1.274101721E1,-7.181305885E-1,-2.675359249E-1,1.723092794E0,1.885824963E0
1.275099921E1,-6.362996101E-1,-2.736968994E-1,1.792472482E0,1.921651577E0
1.276098121E1,-5.329967141E-1,-3.133264482E-1,1.843936920E0,1.944829639E0
1.277096321E1,-4.059450328E-1,-3.602603972E-1,1.871969819E0,1.949063859E0
1.278094521E1,-2.473948747E-1,-3.951769471E-1,1.858130097E0,1.915728713E0
1.279092721E1,-5.306587741E-2,-3.887068033E-1,1.787206054E0,1.829758029E0
1.280090921E1,1.383771002E-1,-3.510137498E-1,1.662887931E0,1.705155461E0
1.281089121E1,2.920441329E-1,-3.245640397E-1,1.500115514E0,1.562363001E0
1.282087321E1,4.043488204E-1,-2.854803801E-1,1.325921178E0,1.415296430E0
1.283085521E1,4.686050117E-1,-2.425116301E-1,1.167280436E0,1.280994209E0
1.284083721E1,4.925070703E-1,-2.038808316E-1,1.034957767E0,1.164159863E0
1.285081921E1,4.833649695E-1,-1.862501651E-1,9.188064337E-1,1.054768259E0
1.286080021E1,4.686312377E-1,-1.650713533E-1,8.102515340E-1,9.504584878E-1
1.287078221E1,4.541540146E-1,-1.468260288E-1,7.341094017E-1,8.756314095E-1
1.288076421E1,4.457778633E-1,-1.568897069E-1,6.899077892E-1,8.362446060E-1
1.289074621E1,4.317445755E-1,-1.932817996E-1,6.655161977E-1,8.165004849E-1
1.290072821E1,4.120539725E-1,-2.476270795E-1,6.416266561E-1,8.017433582E-1
1.291071021E1,3.925958574E-1,-3.295219541E-1,5.868337154E-1,7.791598264E-1
1.292069221E1,3.774017394E-1,-4.404491186E-1,4.626821876E-1,7.419584258E-1
1.293067421E1,3.603183627E-1,-5.724217892E-1,2.783650756E-1,7.314254183E-1
1.294065621E1,3.584656417E-1,-6.863130331E-1,4.986147210E-2,7.758926228E-1
1.295063821E1,3.983518183E-1,-7.592420578E-1,-2.213101089E-1,8.855003319E-1
1.296062021E1,4.522692263E-1,-7.878083587E-1,-5.039201975E-1,1.038809428E0
1.297060221E1,5.137562752E-1,-7.636468410E-1,-7.761543989E-1,1.203959160E0
1.298058421E1,6.108348966E-1,-6.918537617E-1,-1.018311501E0,1.374314087E0
1.299056621E1,7.367444038E-1,-5.936459303E-1,-1.222668648E0,1.546003373E0
1.300054821E1,8.693189621E-1,-5.170714855E-1,-1.380974531E0,1.711773652E0
1.301053021E1,9.892081022E-1,-5.075245500E-1,-1.511118412E0,1.876057753E0
1.302051221E1,1.126857400E0,-5.480288267E-1,-1.655177593E0,2.075995197E0
1.303049421E1,1.276684165E0,-6.500912905E-1,-1.766102433E0,2.274128173E0
1.304047621E1,1.426143169E0,-8.119634390E-1,-1.844827890E0,2.469121081E0
1.305045821E1,1.575998187E0,-1.006200314E0,-1.898149133E0,2.664428548E0
1.306044021E1,1.737426519E0,-1.184015512E0,-1.929080129E0,2.853400390E0
1.307042221E1,1.905344367E0,-1.331058741E0,-1.952904224E0,3.035768344E0
1.308040421E1,2.061274290E0,-1.441576838E0,-1.972942829E0,3.196795096E0
1.309038521E1,2.188752890E0,-1.514886975E0,-2.009986162E0,3.335500882E0
1.310036721E1,2.293621063E0,-1.548548818E0,-2.067396641E0,3.454392840E0
1.311034921E1,2.374915123E0,-1.559883237E0,-2.138078451E0,3.555957961E0
1.312033121E1,2.412941933E0,-1.545262098E0,-2.217165470E0,3.622974806E0
1.313031321E1,2.406945467E0,-1.517603636E0,-2.300680637E0,3.659185520E0
1.314029521E1,2.345889568E0,-1.479657054E0,-2.369371414E0,3.647808076E0
1.315027721E1,2.225273132E0,-1.436854005E0,-2.413646460E0,3.583584682E0
1.316025921E1,2.054631472E0,-1.384750366E0,-2.436038017E0,3.474669090E0
1.317024121E1,1.847800732E0,-1.317965984E0,-2.443207264E0,3.334765901E0
1.318022321E1,1.630912662E0,-1.242807269E0,-2.439858437E0,3.187060591E0
1.319020521E1,1.426623702E0,-1.147108912E0,-2.432417393E0,3.044300973E0
1.320018721E1,1.248333573E0,-1.032889485E0,-2.423146009E0,2.914932929E0
1.321016921E1,1.084719777E0,-9.313772321E-1,-2.419522285E0,2.810368060E0
1.322015121E1,9.259133935E-1,-8.412297964E-1,-2.417325735E0,2.721846229E0
1.323013321E1,7.841733098E-1,-7.705034018E-1,-2.413733244E0,2.652303045E0
1.324011521E1,6.701197028E-1,-7.125450373E-1,-2.396567345E0,2.588496839E0
1.325009721E1,5.872426629E-1,-6.619135141E-1,-2.366029501E0,2.526079778E0
1.326007921E1,5.237186551E-1,-6.141442060E-1,-2.324782848E0,2.460908293E0
1.327006121E1,4.625338316E-1,-5.588034391E-1,-2.274317980E0,2.387199427E0
1.328004321E1,3.884637058E-1,-4.776765406E-1,-2.219089270E0,2.302919042E0
1.329002521E1,2.807393670E-1,-3.785736561E-1,-2.142866135E0,2.194084747E0
1.330000721E1,1.460821033E-1,-2.635015845E-1,-2.073654175E0,2.095427093E0
1.330998821E1,-7.537278347E-3,-1.426627934E-1,-2.025606155E0,2.030637777E0
1.331997021E1,-1.845309138E-1,-2.059483528E-2,-1.992412210E0,2.001045281E0
1.332995221E1,-3.720611334E-1,1.125826612E-1,-1.959895492E0,1.998072742E0
1.333993421E1,-5.653932095E-1,2.436691225E-1,-1.907121181E0,2.004034761E0
1.334991621E1,-7.484117746E-1,3.774769902E-1,-1.799568415E0,1.985209193E0
1.335989821E1,-9.120033979E-1,5.120305419E-1,-1.637126803E0,1.942706783E0
1.336988021E1,-1.029062390E0,6.211863756E-1,-1.442790389E0,1.877894039E0
1.337986221E1,-1.094592214E0,6.959281564E-1,-1.216362000E0,1.778197016E0
1.338984421E1,-1.110554934E0,7.270719409E-1,-9.746332765E-1,1.646777426E0
1.339982621E1,-1.099072218E0,7.311779857E-1,-7.342704535E-1,1.510540991E0
1.340980821E1,-1.082719564E0,7.142748833E-1,-4.806243181E-1,1.383282328E0
1.341979021E1,-1.070780754E0,6.736598015E-1,-1.855556369E-1,1.278600737E0
1.342977221E1,-1.058617830E0,6.196708679E-1,1.408333927E-1,1.234705527E0
1.343975421E1,-1.050259471E0,5.689096451E-1,4.815243483E-1,1.287854355E0
1.344973621E1,-1.032830596E0,5.286053419E-1,8.229996562E-1,1.422494668E0
1.345971821E1,-1.001901150E0,5.039398074E-1,1.159797549E0,1.613347947E0
1.346970021E1,-9.583550692E-1,4.930791855E-1,1.503110409E0,1.849570875E0
1.347968221E1,-9.097790122E-1,4.699112773E-1,1.834187508E0,2.100656629E0
1.348966421E1,-8.492778540E-1,4.385272563E-1,2.112901926E0,2.319037209E0
1.349964621E1,-7.700857520E-1,3.922947347E-1,2.318382025E0,2.474231686E0
1.350962821E1,-6.837332845E-1,3.388229907E-1,2.455686092E0,2.571514419E0
1.351961021E1,-5.838246942E-1,2.805982828E-1,2.551556587E0,2.632494575E0
1.352959121E1,-4.747571051E-1,1.964754015E-1,2.624671936E0,2.674490543E0
1.353957321E1,-3.693164885E-1,8.480270207E-2,2.673791170E0,2.700508357E0
1.354955521E1,-2.689174414E-1,-4.675505310E-2,2.690485239E0,2.704295370E0
1.355953721E1,-1.792437285E-1,-1.804843694E-1,2.666499615E0,2.678604696E0
1.356951921E1,-1.040248796E-1,-3.102676570E-1,2.592102766E0,2.612677543E0
1.357950121E1,-5.126090720E-2,-4.095350504E-1,2.465161085E0,2.499473107E0
1.358948321E1,-2.911352552E-2,-4.701581895E-1,2.289772511E0,2.337724208E0
1.359946521E1,-3.668652475E-2,-4.948382080E-1,2.071389437E0,2.129991773E0
1.360944721E1,-7.120827585E-2,-4.703373909E-1,1.854204059E0,1.914251961E0
1.361942921E1,-1.469070017E-1,-3.844663203E-1,1.653674483E0,1.704123034E0
1.362941121E1,-2.631025910E-1,-2.421325892E-1,1.487227917E0,1.529607152E0
1.363939321E1,-4.132881761E-1,-5.912505463E-2,1.356627226E0,1.419415485E0
1.364937521E1,-5.872362852E-1,1.592123508E-1,1.246499062E0,1.387067027E0
1.365935721E1,-7.708544135E-1,3.960826099E-1,1.142855883E0,1.434300362E0
1.366933921E1,-9.484404325E-1,6.308863163E-1,1.042800903E0,1.544341453E0
1.367932121E1,-1.104987025E0,8.271127343E-1,9.507834315E-1,1.676037271E0
1.368930321E1,-1.223038554E0,1.006329060E0,8.575003743E-1,1.801063123E0
1.369928521E1,-1.312885523E0,1.163095951E0,7.759499550E-1,1.917956965E0
1.370926721E1,-1.391816378E0,1.277194500E0,7.013660073E-1,2.015016848E0
1.371924921E1,-1.451606870E0,1.345792174E0,6.454676390E-1,2.082053687E0
1.372923121E1,-1.487200499E0,1.381966472E0,6.160476804E-1,2.121582286E0
1.373921221E1,-1.472495079E0,1.377639890E0,6.250305176E-1,2.111112638E0
1.374919421E1,-1.402296782E0,1.324571848E0,6.498083472E-1,2.035479730E0
1.375917621E1,-1.277593732E0,1.237397790E0,6.533789039E-1,1.894809496E0
1.376915742E1,-1.110367775E0,1.103619933E0,6.373200417E-1,1.690287073E0
1.377913942E1,-8.970593810E-1,9.493007064E-1,6.062140465E-1,1.439924593E0
1.378912142E1,-6.513707042E-1,8.074162602E-1,5.691390038E-1,1.183268362E0
1.379910342E1,-3.997236490E-1,6.660670042E-1,5.312829018E-1,9.411087989E-1
1.380908542E1,-1.644887477E-1,5.339864492E-1,5.082383156E-1,7.553173251E-1
1.381906742E1,3.593568131E-2,4.199975729E-1,4.939813316E-1,6.493896291E-1
1.382904942E1,2.194581181E-1,3.240598738E-1,4.825411737E-1,6.213072120E-1
1.383903142E1,3.987787068E-1,2.808544040E-1,4.715720117E-1,6.784421976E-1
1.384901342E1,5.528526902E-1,2.563461363E-1,4.817620516E-1,7.768230899E-1
1.385899542E1,6.609696150E-1,2.379704714E-1,4.651663303E-1,8.425499938E-1
1.386897742E1,7.361253500E-1,2.187365890E-1,4.223967791E-1,8.764389683E-1
1.387895942E1,7.696775198E-1,2.021869719E-1,3.692572415E-1,8.772878470E-1
1.388894142E1,7.612318397E-1,1.764746904E-1,3.130006194E-1,8.417758715E-1
1.389892342E1,7.402506471E-1,1.399105638E-1,2.582142651E-1,7.963796790E-1
1.390890542E1,7.231731415E-1,1.026667804E-1,2.041915059E-1,7.584286594E-1
1.391888742E1,7.041755319E-1,7.258115709E-2,1.392467618E-1,7.214713194E-1
1.392886942E1,6.429691911E-1,3.235357255E-2,6.422019005E-2,6.469778722E-1
1.393885042E1,5.007883906E-1,-1.013609692E-1,-6.575759500E-2,5.151573736E-1
1.394883242E1,3.155237436E-1,-2.539590299E-1,-1.896046996E-1,4.472140022E-1
1.395881442E1,1.481406391E-1,-3.913865685E-1,-2.721633911E-1,4.992013686E-1
1.396879642E1,4.861857742E-2,-4.865863025E-1,-3.172994554E-1,5.829313341E-1
1.397877842E1,4.683861509E-2,-5.317617059E-1,-3.418263495E-1,6.338845486E-1
1.398876042E1,1.424213201E-1,-5.243253708E-1,-3.789196610E-1,6.624054924E-1
1.399874242E1,2.933285534E-1,-4.723498821E-1,-4.211113155E-1,6.974889185E-1
1.400872442E1,4.674572051E-1,-4.154072404E-1,-4.645631909E-1,7.790368235E-1
1.401870642E1,6.407151222E-1,-3.825340271E-1,-5.244654417E-1,9.120921824E-1
1.402868842E1,7.778543234E-1,-3.646413088E-1,-6.128885150E-1,1.055297571E0
1.403867042E1,8.642187715E-1,-3.524592519E-1,-7.343910933E-1,1.187616052E0
1.404865242E1,8.878325224E-1,-3.407709002E-1,-8.643765450E-1,1.285114083E0
1.405863442E1,8.603227735E-1,-3.011673689E-1,-9.735500216E-1,1.333662890E0
1.406861642E1,7.929506302E-1,-2.167888135E-1,-1.034133196E0,1.321060013E0
1.407859842E1,7.187410593E-1,-1.290211380E-1,-1.055904150E0,1.283810242E0
1.408858042E1,6.637095213E-1,-4.162843525E-2,-1.048608661E0,1.241701807E0
1.409856242E1,6.611038446E-1,4.571206495E-2,-1.023422122E0,1.219237764E0
1.410854442E1,7.203850150E-1,1.259826720E-1,-9.715496302E-1,1.216032437E0
1.411852642E1,8.337551355E-1,1.694985032E-1,-8.859196305E-1,1.228304099E0
1.412850842E1,9.945828915E-1,1.693035662E-1,-7.819607258E-1,1.276448746E0
1.413848942E1,1.165378094E0,9.999546409E-2,-6.854400635E-1,1.355703978E0
1.414847142E1,1.339623928E0,-2.132617682E-2,-6.076536775E-1,1.471152632E0
1.415845342E1,1.493514895E0,-1.731217951E-1,-5.568434596E-1,1.603319225E0
1.416843542E1,1.623149753E0,-3.302046061E-1,-5.336809158E-1,1.740248695E0
1.417841742E1,1.724545240E0,-4.786742032E-1,-5.398772955E-1,1.869399041E0
1.418839942E1,1.791154146E0,-6.090519428E-1,-5.743868351E-1,1.977143819E0
1.419838142E1,1.822530746E0,-7.429637909E-1,-6.255754232E-1,2.065177505E0
1.420836342E1,1.824943662E0,-8.537321091E-1,-6.838573217E-1,2.127660386E0
1.421834542E1,1.799966693E0,-9.307743311E-1,-7.483548522E-1,2.160151832E0
1.422832742E1,1.751828432E0,-9.873760939E-1,-8.089135289E-1,2.167522896E0
1.423830942E1,1.683106184E0,-1.006718755E0,-8.579426408E-1,2.140652857E0
1.424829142E1,1.602648616E0,-1.012905002E0,-8.905370831E-1,2.094639689E0
1.425827342E1,1.530515313E0,-1.001839876E0,-9.042661190E-1,2.040553228E0
1.426825542E1,1.466436982E0,-9.499338269E-1,-8.903052807E-1,1.960983220E0
1.427823742E1,1.394644618E0,-8.596063256E-1,-8.449997902E-1,1.843361411E0
1.428821942E1,1.319101930E0,-7.957844734E-1,-8.160880208E-1,1.743359540E0
1.429820142E1,1.222519636E0,-7.548444867E-1,-7.864764929E-1,1.637952910E0
1.430818342E1,1.088773012E0,-7.184057832E-1,-7.545142770E-1,1.506925790E0
1.431816542E1,9.127886295E-1,-7.048653960E-1,-7.033376098E-1,1.350815347E0
1.432814742E1,7.286863923E-1,-6.908316016E-1,-6.265858412E-1,1.183571703E0
1.433812842E1,5.536072254E-1,-6.822372079E-1,-5.228483081E-1,1.022398612E0
1.434811042E1,3.941453695E-1,-6.812318563E-1,-4.065238237E-1,8.858267515E-1
1.435809242E1,2.626318336E-1,-6.701939702E-1,-2.967335880E-1,7.785796426E-1
1.436807442E1,1.578910500E-1,-6.541467905E-1,-2.077645659E-1,7.042753169E-1
1.437805642E1,7.650405169E-2,-6.362832785E-1,-1.534661949E-1,6.589849417E-1
1.438803842E1,1.699319575E-3,-6.092458367E-1,-1.450213194E-1,6.262703572E-1
1.439802042E1,-9.622343630E-2,-5.907790661E-1,-1.811473966E-1,6.253744749E-1
1.440800242E1,-2.129801512E-1,-5.320726037E-1,-2.368042618E-1,6.201113278E-1
1.441798442E1,-3.311329186E-1,-4.441542029E-1,-2.693699896E-1,6.160212310E-1
1.442796642E1,-4.758107364E-1,-3.776617348E-1,-2.878134549E-1,6.722059414E-1
1.443794842E1,-6.277535558E-1,-2.320798337E-1,-2.702915370E-1,7.217985114E-1
1.444793042E1,-7.765486240E-1,-1.046995074E-1,-2.150019407E-1,8.125365142E-1
1.445791242E1,-9.136375189E-1,-5.398201291E-3,-1.596003324E-1,9.274885027E-1
1.446789442E1,-1.061248183E0,9.607622027E-2,-9.659101069E-2,1.069957088E0
1.447787642E1,-1.237604618E0,1.928641349E-1,-1.161371544E-2,1.252595962E0
1.448785842E1,-1.439820290E0,3.024097979E-1,1.232389063E-1,1.476388154E0
1.449784042E1,-1.641857982E0,4.157393575E-1,3.265205324E-1,1.724863039E0
1.450782242E1,-1.820559621E0,5.245377421E-1,5.730025172E-1,1.979370875E0
1.451780442E1,-1.958498359E0,6.268610954E-1,8.268400431E-1,2.216378828E0
1.452778642E1,-2.026968002E0,7.255591750E-1,1.043452144E0,2.392452251E0
1.453776742E1,-2.018225670E0,8.352271318E-1,1.233405352E0,2.508411445E0
1.454774942E1,-1.946681380E0,9.412579536E-1,1.402109981E0,2.577100566E0
1.455773142E1,-1.825148344E0,1.005517721E0,1.537241817E0,2.589468047E0
1.456771342E1,-1.664011598E0,1.025157690E0,1.599490762E0,2.525520458E0
1.457769542E1,-1.463960767E0,1.001426935E0,1.599142551E0,2.388157016E0
1.458767742E1,-1.266372800E0,9.304659367E-1,1.563114285E0,2.216482167E0
1.459765942E1,-1.068302870E0,8.059671521E-1,1.510276318E0,2.017867346E0
1.460764142E1,-8.685394526E-1,6.318760514E-1,1.454561353E0,1.808141823E0
1.461762342E1,-6.587285399E-1,4.179950058E-1,1.385837674E0,1.590342470E0
1.462760542E1,-4.450337887E-1,2.083392441E-1,1.307235599E0,1.396540448E0
1.463758742E1,-2.535053492E-1,2.846639603E-3,1.204433441E0,1.230826137E0
1.464756942E1,-9.354606271E-2,-1.761611849E-1,1.080519676E0,1.098774954E0
1.465755142E1,1.910227723E-2,-2.871267796E-1,9.324206710E-1,9.758150400E-1
1.466753342E1,6.596618891E-2,-3.159365654E-1,7.760049701E-1,8.404470031E-1
1.467751542E1,3.815116733E-2,-2.547957599E-1,6.228743196E-1,6.740540103E-1
1.468749742E1,-7.124536484E-2,-1.044707000E-1,5.020334125E-1,5.177137978E-1
1.469747942E1,-2.450669110E-1,9.835095704E-2,4.219238162E-1,4.977453247E-1
1.470746142E1,-4.585773349E-1,3.149301410E-1,3.709069788E-1,6.686151006E-1
1.471744242E1,-6.703227758E-1,5.173939466E-1,3.452585936E-1,9.144575530E-1
1.472742442E1,-8.574673533E-1,6.718556881E-1,3.252587914E-1,1.136852501E0
1.473740642E1,-9.967131019E-1,7.831127048E-1,3.133738935E-1,1.305720381E0
1.474738842E1,-1.093547821E0,8.420878649E-1,3.076656759E-1,1.414078137E0
1.475737042E1,-1.145366073E0,8.602309823E-1,3.170634508E-1,1.467102592E0
1.476735279E1,-1.149703622E0,8.443678617E-1,3.495707810E-1,1.468664439E0
1.477733479E1,-1.142907858E0,7.951607108E-1,3.979729712E-1,1.448068166E0
1.478731679E1,-1.125587702E0,7.328200936E-1,4.698958993E-1,1.422945930E0
1.479729879E1,-1.106119871E0,6.487016082E-1,5.724571347E-1,1.404287049E0
1.480728079E1,-1.081528544E0,5.412569642E-1,6.986430883E-1,1.396697984E0
1.481726279E1,-1.050576448E0,4.472479522E-1,8.431298733E-1,1.419369433E0
1.482724479E1,-1.020886779E0,3.570283055E-1,9.948456287E-1,1.469488636E0
1.483722679E1,-9.681209326E-1,2.672281265E-1,1.129205942E0,1.511216421E0
1.484720879E1,-8.853528500E-1,1.715942621E-1,1.237702012E0,1.531404757E0
1.485719079E1,-7.546615601E-1,8.389176428E-2,1.337554336E0,1.538051852E0
1.486717279E1,-5.597221255E-1,6.806567311E-3,1.445415854E0,1.550020058E0
1.487715479E1,-3.246226013E-1,-3.452033177E-2,1.533741951E0,1.568099442E0
1.488713679E1,-8.465367556E-2,-3.139031678E-2,1.587156653E0,1.589722567E0
1.489711879E1,1.178630218E-1,-2.110788785E-2,1.600899935E0,1.605371557E0
1.490709979E1,2.766369581E-1,-1.762180962E-2,1.588741302E0,1.612742218E0
1.491708179E1,4.116044343E-1,-7.126200013E-3,1.533395171E0,1.587693215E0
1.492706379E1,5.308333635E-1,1.737008803E-2,1.444245219E0,1.538807991E0
1.493704579E1,6.199839115E-1,2.189897746E-2,1.355795264E0,1.490986390E0
1.494702779E1,6.893192530E-1,2.498916350E-3,1.288695812E0,1.461473289E0
1.495700979E1,7.380912304E-1,-4.511300847E-2,1.252767086E0,1.454729947E0
1.496699179E1,7.626799345E-1,-1.183752418E-1,1.244057417E0,1.464026037E0
1.497697379E1,7.588645220E-1,-2.233790904E-1,1.233798623E0,1.465616806E0
1.498695579E1,7.201333642E-1,-3.421395719E-1,1.214294910E0,1.452640244E0
1.499693779E1,6.526221037E-1,-4.780419469E-1,1.170030832E0,1.422466823E0
1.500691979E1,5.704883337E-1,-6.112010479E-1,1.098422885E0,1.380418956E0
1.501690179E1,4.838292003E-1,-7.439842820E-1,9.706911445E-1,1.315235570E0
1.502688379E1,4.146067202E-1,-8.518934250E-1,8.228062987E-1,1.254843156E0
1.503686579E1,3.685113192E-1,-9.075971842E-1,7.010223269E-1,1.204560311E0
1.504684779E1,3.277186155E-1,-9.256438017E-1,6.216664910E-1,1.162189814E0
1.505682979E1,2.726529241E-1,-9.150939584E-1,5.664625764E-1,1.110232597E0
1.506681179E1,2.149768621E-1,-8.971799612E-1,5.176849365E-1,1.057896322E0
1.507679279E1,1.477782428E-1,-8.989408016E-1,4.412593246E-1,1.012246396E0
1.508677479E1,7.681033015E-2,-9.517225027E-1,3.200586140E-1,1.007031810E0
1.509675679E1,-2.828393131E-2,-1.063286901E0,1.493137926E-1,1.074091999E0
1.510673879E1,-1.425204873E-1,-1.200788736E0,-7.650974393E-2,1.211635019E0
1.511672079E1,-2.311866730E-1,-1.301150680E0,-3.327206969E-1,1.362770498E0
1.512670279E1,-2.737400234E-1,-1.351559997E0,-5.854882598E-1,1.498147031E0
1.513668479E1,-2.624735832E-1,-1.332118750E0,-8.245284557E-1,1.588483528E0
1.514666679E1,-2.094486952E-1,-1.248111367E0,-1.044219017E0,1.640744982E0
1.515664879E1,-1.146694422E-1,-1.121856093E0,-1.225954413E0,1.665735393E0
1.516663079E1,5.460695364E-3,-9.774618745E-1,-1.366612196E0,1.680205472E0
1.517661279E1,1.315360516E-1,-8.489166498E-1,-1.471389055E0,1.703803675E0
1.518659479E1,2.514608502E-1,-7.694178820E-1,-1.541877031E0,1.741442280E0
1.519657679E1,3.710258007E-1,-7.330158949E-1,-1.585527420E0,1.785740644E0
1.520655879E1,5.051156878E-1,-7.177290320E-1,-1.620464325E0,1.842873151E0
1.521654079E1,6.461911798E-1,-7.183377743E-1,-1.650258780E0,1.912309138E0
1.522652279E1,8.053565621E-1,-7.421027422E-1,-1.682090998E0,2.007173584E0
1.523650479E1,9.784779549E-1,-7.653238773E-1,-1.729748487E0,2.129593758E0
1.524648679E1,1.159087658E0,-7.714211941E-1,-1.789914608E0,2.267679246E0
1.525646779E1,1.322625399E0,-7.841239572E-1,-1.854116797E0,2.408721118E0
1.526644979E1,1.454716086E0,-8.282335997E-1,-1.923687458E0,2.550047690E0
1.527643179E1,1.545986295E0,-8.754630089E-1,-2.001770020E0,2.676488803E0
1.528641379E1,1.615036130E0,-9.324389100E-1,-2.089078903E0,2.800363313E0
1.529639579E1,1.654011607E0,-9.887883663E-1,-2.168131590E0,2.900732911E0
1.530637779E1,1.663556695E0,-1.047128439E0,-2.221290827E0,2.966147633E0
1.531635979E1,1.640161037E0,-1.075143576E0,-2.259799480E0,2.992115577E0
1.532634179E1,1.584828258E0,-1.088876128E0,-2.267220020E0,2.972813221E0
1.533632379E1,1.495798945E0,-1.104426622E0,-2.258813143E0,2.925646845E0
1.534630579E1,1.396304846E0,-1.112057090E0,-2.242140055E0,2.865925718E0
1.535628779E1,1.288577676E0,-1.108481526E0,-2.222226381E0,2.797758712E0
1.536626979E1,1.164727092E0,-1.085037470E0,-2.198569298E0,2.714332785E0
1.537625179E1,1.013545871E0,-1.015660167E0,-2.158800125E0,2.592153311E0
1.538623379E1,8.365050554E-1,-9.150125980E-1,-2.090628147E0,2.430579110E0
1.539621579E1,6.202476025E-1,-7.864199877E-1,-1.994663239E0,2.232004686E0
1.540619779E1,3.944000304E-1,-6.298364997E-1,-1.879829884E0,2.021387096E0
1.541617979E1,1.723856479E-1,-4.527884424E-1,-1.764009714E0,1.829334430E0
1.542616179E1,-2.033693530E-2,-2.964931130E-1,-1.659833789E0,1.686229511E0
1.543614279E1,-1.805467606E-1,-1.546530724E-1,-1.586360812E0,1.604074603E0
1.544612479E1,-3.353424370E-1,-5.561252311E-2,-1.538855314E0,1.575951453E0
1.545610679E1,-4.914701581E-1,-6.630263291E-3,-1.513373375E0,1.591190073E0
1.546608879E1,-6.503642201E-1,6.323885173E-3,-1.506528020E0,1.640926654E0
1.547607079E1,-8.153313398E-1,2.960567176E-2,-1.515912175E0,1.721520088E0
1.548605279E1,-9.799719453E-1,7.310973108E-2,-1.519072890E0,1.809218752E0
1.549603479E1,-1.130725145E0,1.540712416E-1,-1.495617628E0,1.881262712E0
1.550601679E1,-1.266365528E0,2.683717310E-1,-1.458015919E0,1.949747536E0
1.551599879E1,-1.378552198E0,3.947333694E-1,-1.388411760E0,1.995972899E0
1.552598079E1,-1.439509630E0,5.231208801E-1,-1.301798820E0,2.010105370E0
1.553596279E1,-1.437556744E0,6.475850940E-1,-1.198333502E0,1.980388605E0
1.554594479E1,-1.376808405E0,7.089520097E-1,-1.098899364E0,1.898892875E0
1.555592679E1,-1.290534973E0,7.238476276E-1,-1.009552240E0,1.791265371E0
1.556590879E1,-1.212550998E0,7.219495773E-1,-8.861206174E-1,1.666343561E0
1.557589079E1,-1.152028680E0,7.029253244E-1,-6.897990704E-1,1.515617646E0
1.558587279E1,-1.090123773E0,6.801917553E-1,-4.396842420E-1,1.358069548E0
1.559585479E1,-1.016945720E0,7.109406590E-1,-1.594522148E-1,1.251015678E0
1.560583579E1,-9.663179517E-1,7.405510545E-1,1.412572861E-1,1.225618158E0
1.561581779E1,-9.481468201E-1,7.549097538E-1,4.555344284E-1,1.294752001E0
1.562579979E1,-9.474607706E-1,7.630395889E-1,7.662252188E-1,1.437710823E0
1.563578179E1,-9.567299485E-1,7.642588615E-1,1.042019844E0,1.607864782E0
1.564576379E1,-9.645791054E-1,7.578228116E-1,1.250818014E0,1.751928643E0
1.565574579E1,-9.556450248E-1,7.271099091E-1,1.395763636E0,1.841223061E0
1.566572779E1,-9.390924573E-1,6.848255396E-1,1.499490023E0,1.897195560E0
1.567570979E1,-9.175301790E-1,6.522161365E-1,1.581083894E0,1.940895102E0
1.568569179E1,-8.832888603E-1,6.053732634E-1,1.663420081E0,1.978292791E0
1.569567379E1,-8.182625175E-1,5.392132401E-1,1.756953597E0,2.011763010E0
1.570565579E1,-7.226752639E-1,4.376442730E-1,1.840590954E0,2.025232605E0
1.571563779E1,-6.060548425E-1,3.063787222E-1,1.908753157E0,2.025958787E0
1.572561979E1,-4.696573615E-1,1.476090252E-1,1.961839557E0,2.022666781E0
1.573560179E1,-3.171743155E-1,-2.535587177E-2,1.999273658E0,2.024435137E0
1.574558379E1,-1.683294475E-1,-1.848880053E-1,2.009170055E0,2.024668538E0
1.575556579E1,-3.877708316E-2,-2.955775857E-1,1.995672107E0,2.017814890E0
1.576554779E1,3.226833045E-2,-3.561264277E-1,1.952397108E0,1.984873232E0
1.577552892E1,4.964781180E-2,-3.657871485E-1,1.881354213E0,1.917226856E0
1.578551092E1,6.068642251E-3,-3.096160293E-1,1.809948683E0,1.836249751E0
1.579549292E1,-9.892732650E-2,-1.885098219E-1,1.731595159E0,1.744633016E0
1.580547492E1,-2.479940355E-1,-1.304691751E-2,1.659881592E0,1.678355791E0
1.581545692E1,-4.297278225E-1,1.792367548E-1,1.591766834E0,1.658467205E0
1.582543892E1,-6.159118414E-1,3.667741418E-1,1.526008010E0,1.685992620E0
1.583542092E1,-7.821876407E-1,5.146850348E-1,1.468296528E0,1.741439888E0
1.584540292E1,-9.215476513E-1,6.205946803E-1,1.419194818E0,1.802360053E0
1.585538492E1,-1.025719047E0,6.703220606E-1,1.371511459E0,1.839150595E0
1.586536692E1,-1.090009570E0,6.801009178E-1,1.329915762E0,1.849144141E0
1.587534892E1,-1.109698534E0,6.544879079E-1,1.298848391E0,1.829424062E0
1.588533092E1,-1.106228948E0,6.047586799E-1,1.287601829E0,1.802052722E0
1.589531292E1,-1.092647076E0,5.391215682E-1,1.287043571E0,1.772289720E0
1.590529492E1,-1.079878330E0,4.753116965E-1,1.299482107E0,1.755195762E0
1.591527692E1,-1.062060952E0,4.114735126E-1,1.329188824E0,1.750436188E0
1.592525892E1,-1.040421486E0,3.776763976E-1,1.363365412E0,1.756098396E0
1.593524092E1,-1.010850191E0,3.623758256E-1,1.392054915E0,1.758110132E0
1.594522192E1,-9.594069123E-1,3.529096246E-1,1.418859601E0,1.748762246E0
1.595520392E1,-8.733549714E-1,3.725551367E-1,1.438491702E0,1.723602220E0
1.596518592E1,-7.677643299E-1,4.042398334E-1,1.448302984E0,1.688328595E0
1.597516792E1,-6.717000604E-1,4.494955540E-1,1.434492588E0,1.646510313E0
1.598514992E1,-6.122242212E-1,4.820979536E-1,1.383902431E0,1.588213736E0
1.599513192E1,-6.010378599E-1,4.964725375E-1,1.303050399E0,1.518443885E0
1.600511392E1,-6.053966880E-1,5.111697316E-1,1.212951899E0,1.448810530E0
1.601509592E1,-6.123483181E-1,5.070548654E-1,1.133263946E0,1.384327371E0
1.602507792E1,-6.095504165E-1,4.915654063E-1,1.062162399E0,1.319612527E0
1.603505992E1,-5.843656659E-1,4.766965508E-1,1.005796909E0,1.257119826E0
1.604504192E1,-5.248232484E-1,4.364753366E-1,9.618512988E-1,1.179452450E0
1.605502392E1,-4.369744956E-1,3.758524060E-1,9.187399745E-1,1.084571289E0
1.606500592E1,-3.338425159E-1,2.964824736E-1,8.772607446E-1,9.843470407E-1
1.607498792E1,-2.323363423E-1,2.054477632E-1,8.422914147E-1,8.975766189E-1
1.608496992E1,-1.365999728E-1,1.216290295E-1,8.154840469E-1,8.357436235E-1
1.609495192E1,-5.680688098E-2,5.869705603E-2,7.973450422E-1,8.015182359E-1
1.610493292E1,4.510005936E-3,-3.665125929E-3,7.647905350E-1,7.648126148E-1
1.611491492E1,5.659213290E-2,-8.032619953E-2,7.044427395E-1,7.112626386E-1
1.612489692E1,1.009305716E-1,-1.717208326E-1,6.187347770E-1,6.500059606E-1
1.613487892E1,1.648863703E-1,-2.689073980E-1,5.416375399E-1,6.267933698E-1
1.614486092E1,2.608677447E-1,-3.474131227E-1,5.096018314E-1,6.696580356E-1
1.615484292E1,3.953776360E-1,-4.320997894E-1,5.155094862E-1,7.802459441E-1
1.616482492E1,5.025740862E-1,-5.758404732E-1,5.488870740E-1,9.409835188E-1
1.617480692E1,5.495454669E-1,-7.813490629E-1,5.620110631E-1,1.108315394E0
1.618478892E1,5.403903127E-1,-1.004767060E0,5.346979499E-1,1.259952552E0
1.619477092E1,4.965891838E-1,-1.201066732E0,4.434022903E-1,1.373232575E0
1.620475292E1,4.073961973E-1,-1.379354239E0,3.071752191E-1,1.470695887E0
1.621473492E1,2.791640460E-1,-1.502953053E0,1.056152508E-1,1.532303829E0
1.622471692E1,1.225893348E-1,-1.508762479E0,-1.422997564E-1,1.520408361E0
1.623469892E1,-2.306480333E-2,-1.397078037E0,-4.106651545E-1,1.456367020E0
1.624468092E1,-1.253227293E-1,-1.152715445E0,-6.976255774E-1,1.353196264E0
1.625466292E1,-1.711799949E-1,-8.077103496E-1,-9.715991020E-1,1.275030750E0
1.626464392E1,-1.631993055E-1,-4.328190386E-1,-1.225996971E0,1.310356786E0
1.627462592E1,-1.042141020E-1,-7.758274674E-2,-1.455959558E0,1.461744813E0
1.628460792E1,-4.510146566E-3,2.005314231E-1,-1.653812408E0,1.665931774E0
1.629458992E1,1.293539703E-1,3.730183840E-1,-1.800676703E0,1.843451045E0
1.630457192E1,2.804763913E-1,4.182654917E-1,-1.910107255E0,1.975379142E0
1.631455392E1,4.322395921E-1,3.564912975E-1,-2.006401777E0,2.083162308E0
1.632453592E1,5.996733308E-1,2.179219723E-1,-2.088020086E0,2.183329103E0
1.633451792E1,7.801674604E-1,3.036406264E-2,-2.142326832E0,2.280163919E0
1.634449992E1,9.647536278E-1,-1.664971113E-1,-2.181319714E0,2.390946788E0
1.635448192E1,1.153228998E0,-3.213024139E-1,-2.202351809E0,2.506696203E0
1.636446392E1,1.329909205E0,-4.373302162E-1,-2.221360445E0,2.625711035E0
1.637444592E1,1.494792342E0,-5.334116817E-1,-2.233170033E0,2.739704466E0
1.638442792E1,1.646696925E0,-6.050701141E-1,-2.251605988E0,2.854373859E0
1.639440992E1,1.765349984E0,-6.423642635E-1,-2.266716957E0,2.943993576E0
1.640439192E1,1.825532675E0,-6.654940844E-1,-2.281941175E0,2.997116523E0
1.641437392E1,1.816958785E0,-6.808639765E-1,-2.300860405E0,3.009796270E0
1.642435492E1,1.752653837E0,-6.730705500E-1,-2.316646814E0,2.981890659E0
1.643433692E1,1.622516513E0,-6.375922561E-1,-2.318540573E0,2.900812664E0
1.644431892E1,1.421060801E0,-5.825514197E-1,-2.306084156E0,2.770704620E0
1.645430092E1,1.148651361E0,-4.935290813E-1,-2.286380291E0,2.605859885E0
1.646428292E1,8.379256725E-1,-3.879390061E-1,-2.271985054E0,2.452454320E0
1.647426492E1,5.125045776E-1,-2.601250112E-1,-2.255109072E0,2.327196358E0
1.648424692E1,2.010787576E-1,-1.271259487E-1,-2.224986792E0,2.237668406E0
1.649422892E1,-6.188158691E-2,4.653278738E-3,-2.184621096E0,2.185502303E0
1.650421092E1,-2.698023021E-1,1.354347318E-1,-2.127043962E0,2.148360274E0
1.651419292E1,-4.194196165E-1,2.376067340E-1,-2.050818920E0,2.106710236E0
1.652417492E1,-5.158033967E-1,2.996173799E-1,-1.952530861E0,2.041617124E0
1.653415692E1,-5.577679873E-1,3.162765503E-1,-1.855460405E0,1.963127428E0
1.654413892E1,-5.623432994E-1,2.898207009E-1,-1.764699101E0,1.874670356E0
1.655412092E1,-5.496786237E-1,2.357060760E-1,-1.676478744E0,1.779967674E0
1.656410292E1,-5.343673229E-1,1.644872874E-1,-1.579050660E0,1.675113575E0
1.657408492E1,-5.245913863E-1,1.007811353E-1,-1.466745615E0,1.560991883E0
1.658406592E1,-5.399900675E-1,6.086220965E-2,-1.352403283E0,1.457493781E0
1.659404792E1,-5.764188766E-1,3.429811448E-2,-1.233876586E0,1.362309257E0
1.660402992E1,-6.185860038E-1,3.134280443E-2,-1.111692667E0,1.272592473E0
1.661401192E1,-6.572637558E-1,4.772591591E-2,-9.805846214E-1,1.181448098E0
1.662399392E1,-6.749852300E-1,7.758448273E-2,-8.336356282E-1,1.075440734E0
1.663397592E1,-6.776061058E-1,1.338814944E-1,-6.784319878E-1,9.681654049E-1
1.664395792E1,-6.590987444E-1,1.992756873E-1,-5.244887471E-1,8.655694081E-1
1.665393992E1,-6.124972701E-1,2.496760488E-1,-3.768465817E-1,7.612518515E-1
1.666392192E1,-5.393481851E-1,2.727369070E-1,-2.349784076E-1,6.484571977E-1
1.667390392E1,-4.523645341E-1,2.637577951E-1,-1.020512953E-1,5.334944359E-1
1.668388592E1,-3.877184391E-1,2.291638851E-1,2.414206415E-2,4.510260675E-1
1.669386792E1,-3.732005358E-1,1.838692278E-1,1.749986410E-1,4.513436132E-1
1.670384992E1,-3.884415329E-1,1.303633898E-1,3.548477888E-1,5.420317252E-1
1.671383192E1,-3.997072875E-1,1.030762866E-1,5.589122772E-1,6.948190917E-1
1.672381392E1,-4.230541289E-1,9.597017616E-2,7.985160351E-1,9.087424987E-1
1.673379492E1,-4.498862922E-1,1.114299595E-1,1.058193326E0,1.155243449E0
1.674377692E1,-4.605802000E-1,1.568080932E-1,1.333354831E0,1.419351261E0
1.675375892E1,-4.497119784E-1,2.165118307E-1,1.596396923E0,1.672603172E0
1.676374092E1,-4.114998579E-1,2.719849348E-1,1.805103302E0,1.871284550E0
1.677372304E1,-3.479498625E-1,3.196750879E-1,1.941450357E0,1.998121808E0
1.678370504E1,-2.742596567E-1,3.387635648E-1,2.027197599E0,2.073525794E0
1.679368704E1,-1.861049533E-1,3.202672899E-1,2.076300621E0,2.109082848E0
1.680366904E1,-8.773551136E-2,2.803267837E-1,2.112441063E0,2.132765311E0
1.681365104E1,3.458464518E-2,2.320673466E-1,2.137037754E0,2.149879465E0
1.682363304E1,1.624416709E-1,1.706055850E-1,2.138759613E0,2.151693808E0
1.683361504E1,2.836140096E-1,8.568464220E-2,2.120084524E0,2.140686141E0
1.684359704E1,3.837813437E-1,-2.124979720E-2,2.065528631E0,2.100987435E0
1.685357904E1,4.660412073E-1,-1.399482787E-1,1.968123555E0,2.027385078E0
1.686356104E1,5.060501695E-1,-2.488633096E-1,1.835562587E0,1.920236894E0
1.687354304E1,4.837436974E-1,-3.335440755E-1,1.675703883E0,1.775737345E0
1.688352404E1,3.928771615E-1,-3.760611713E-1,1.499289513E0,1.594880407E0
1.689350604E1,2.346895039E-1,-3.458482325E-1,1.315743804E0,1.380533202E0
1.690348804E1,3.386424854E-2,-2.280773818E-1,1.149307132E0,1.172208583E0
1.691347004E1,-1.949934512E-1,-3.356791660E-2,1.015013337E0,1.034118623E0
1.692345204E1,-4.385381937E-1,2.053791583E-1,9.246184826E-1,1.043750777E0
1.693343404E1,-6.730741858E-1,4.624429941E-1,8.799756169E-1,1.200516334E0
1.694341604E1,-8.765607476E-1,6.867107749E-1,8.666022420E-1,1.411003146E0
1.695339804E1,-1.021278739E0,8.648477793E-1,8.708390594E-1,1.596662961E0
1.696338004E1,-1.120311022E0,9.850533009E-1,8.831319809E-1,1.733594211E0
1.697336204E1,-1.188412309E0,1.029410601E0,8.927537203E-1,1.808042921E0
1.698334404E1,-1.214101672E0,1.005672455E0,9.021772742E-1,1.816409588E0
1.699332604E1,-1.204213023E0,9.381212592E-1,9.200237393E-1,1.782314277E0
1.700330804E1,-1.165644884E0,8.340957761E-1,9.351603389E-1,1.711422981E0
1.701329004E1,-1.094656348E0,7.122178078E-1,9.533668756E-1,1.616921497E0
1.702327204E1,-1.004191399E0,5.820864439E-1,9.827937484E-1,1.520890708E0
1.703325404E1,-9.028685093E-1,4.611577392E-1,1.028241634E0,1.443994067E0
1.704323504E1,-7.926096320E-1,3.492996097E-1,1.089987636E0,1.392233203E0
1.705321704E1,-6.767677069E-1,2.441110462E-1,1.164530993E0,1.368845194E0
1.706319904E1,-5.468730330E-1,1.536426693E-1,1.231607199E0,1.356293654E0
1.707318104E1,-4.128074050E-1,7.304102927E-2,1.289951444E0,1.356362663E0
1.708316304E1,-2.903576493E-1,1.093052048E-2,1.334049940E0,1.365326438E0
1.709314504E1,-1.850387901E-1,-2.896013856E-2,1.375018477E0,1.387715337E0
1.710312704E1,-9.970896691E-2,-3.536237776E-2,1.419801593E0,1.423737665E0
1.711310904E1,-3.097504377E-2,-2.649559453E-2,1.473862767E0,1.474426304E0
1.712309104E1,3.801015019E-2,-1.473600045E-3,1.546215773E0,1.546683600E0
1.713307304E1,1.336473972E-1,1.448640507E-2,1.618843079E0,1.624415093E0
1.714305504E1,2.581579089E-1,5.253491923E-3,1.680486202E0,1.700207923E0
1.715303704E1,4.012304842E-1,-2.588427439E-2,1.711733460E0,1.758319464E0
1.716301904E1,5.371364355E-1,-7.329440117E-2,1.713443995E0,1.797158296E0
1.717300104E1,6.450093389E-1,-1.282290220E-1,1.672587633E0,1.797228177E0
1.718298304E1,7.157104611E-1,-1.865117550E-1,1.597728848E0,1.760615112E0
1.719296404E1,7.481008172E-1,-2.487259358E-1,1.495786905E0,1.690827575E0
1.720294604E1,7.595063448E-1,-2.770600915E-1,1.381536245E0,1.600704401E0
1.721292804E1,7.476795912E-1,-2.783198953E-1,1.258526444E0,1.490092462E0
1.722291004E1,6.981567740E-1,-2.523034811E-1,1.139198422E0,1.359725330E0
1.723289204E1,6.085484624E-1,-2.025365680E-1,1.022213936E0,1.206761626E0
1.724287404E1,4.893946648E-1,-1.612226814E-1,8.769485950E-1,1.017122770E0
1.725285604E1,3.570383489E-1,-1.267595738E-1,6.928917766E-1,7.897109510E-1
1.726283804E1,2.475478053E-1,-8.159049600E-2,5.038912296E-1,5.673123445E-1
1.727282004E1,1.883088350E-1,-4.794682562E-2,3.603023887E-1,4.093616087E-1
1.728280204E1,1.879852712E-1,-2.324653976E-2,2.744844258E-1,3.334974720E-1
1.729278404E1,2.282322347E-1,-1.543450914E-2,2.472184896E-1,3.368162090E-1
1.730276604E1,2.710654736E-1,-5.121408030E-2,2.266711295E-1,3.570422579E-1
1.731274804E1,2.831442356E-1,-1.349268109E-1,1.754305810E-1,3.593769486E-1
1.732273004E1,2.491795868E-1,-2.722556591E-1,7.729362696E-2,3.770781287E-1
1.733271104E1,1.793799102E-1,-4.053723812E-1,-6.509115547E-2,4.480410452E-1
1.734269304E1,1.116032749E-1,-5.157015920E-1,-2.455118001E-1,5.819617401E-1
1.735267504E1,4.532624036E-2,-6.302987933E-1,-4.583525062E-1,7.806523278E-1
1.736265704E1,5.964452401E-3,-7.059312463E-1,-6.816236973E-1,9.813181767E-1
1.737263904E1,-1.531082671E-3,-7.537513971E-1,-8.801624775E-1,1.158805204E0
1.738262104E1,9.254986420E-3,-7.974154949E-1,-1.044818521E0,1.314383075E0
1.739260304E1,3.165686131E-2,-8.149845600E-1,-1.171360254E0,1.427335572E0
1.740258504E1,5.638084933E-2,-8.232808709E-1,-1.282328367E0,1.524905320E0
1.741256704E1,7.796891034E-2,-8.443567157E-1,-1.367535830E0,1.609090320E0
1.742254904E1,1.059574038E-1,-8.940390348E-1,-1.427447081E0,1.687642716E0
1.743253104E1,1.538891345E-1,-9.648219943E-1,-1.484513521E0,1.777172963E0
1.744251304E1,2.258863598E-1,-1.040360451E0,-1.531769395E0,1.865393255E0
1.745249504E1,3.340678513E-1,-1.112203002E0,-1.558273673E0,1.943402605E0
1.746247704E1,4.875897765E-1,-1.170593381E0,-1.565261006E0,2.014466349E0
1.747245904E1,6.671648622E-1,-1.218397379E0,-1.551311970E0,2.082347222E0
1.748244004E1,8.623008132E-1,-1.244874597E0,-1.540221453E0,2.159990180E0
1.749242204E1,1.059946418E0,-1.263429642E0,-1.550992131E0,2.263916398E0
1.750240404E1,1.251222134E0,-1.271014333E0,-1.591108322E0,2.390117142E0
1.751238604E1,1.422786951E0,-1.280255914E0,-1.663718581E0,2.536008168E0
1.752236804E1,1.565755844E0,-1.292177916E0,-1.771774650E0,2.694531599E0
1.753235004E1,1.679199219E0,-1.315599561E0,-1.898009896E0,2.855337771E0
1.754233204E1,1.749511719E0,-1.357556939E0,-2.024909019E0,3.000668031E0
1.755231404E1,1.766823292E0,-1.408843875E0,-2.125780582E0,3.102490724E0
1.756229604E1,1.745009661E0,-1.450469971E0,-2.202271700E0,3.162107287E0
1.757227804E1,1.700827837E0,-1.471594214E0,-2.266311884E0,3.192894364E0
1.758226004E1,1.629535794E0,-1.468904734E0,-2.305183649E0,3.182285292E0
1.759224204E1,1.534314871E0,-1.444129705E0,-2.316230059E0,3.131222511E0
1.760222404E1,1.423589230E0,-1.408165812E0,-2.301598310E0,3.050719920E0
1.761220604E1,1.303150177E0,-1.368907690E0,-2.262480974E0,2.948038128E0
1.762218704E1,1.185203552E0,-1.333139062E0,-2.211744785E0,2.841440165E0
1.763216904E1,1.069742441E0,-1.301083922E0,-2.155833483E0,2.735833743E0
1.764215104E1,9.711092710E-1,-1.246112108E0,-2.103421688E0,2.630633270E0
1.765213304E1,8.655135632E-1,-1.184122682E0,-2.063895702E0,2.531980593E0
1.766211504E1,7.390200496E-1,-1.126775146E0,-2.034208059E0,2.440035920E0
1.767209704E1,5.711787939E-1,-1.067725658E0,-2.021236658E0,2.356200527E0
1.768207904E1,3.520882726E-1,-1.007859945E0,-1.998901129E0,2.266131846E0
1.769206104E1,7.788757235E-2,-9.522717595E-1,-1.961371064E0,2.181711353E0
1.770204304E1,-2.383875847E-1,-8.960542679E-1,-1.896981359E0,2.111463986E0
1.771202504E1,-5.510172248E-1,-8.026635051E-1,-1.829524279E0,2.072449703E0
1.772200704E1,-8.244634271E-1,-6.639753580E-1,-1.776831031E0,2.068267809E0
1.773198904E1,-1.058203816E0,-4.810349345E-1,-1.738798499E0,2.091556871E0
1.774197104E1,-1.284235716E0,-2.841005623E-1,-1.683578610E0,2.136448324E0
1.775195304E1,-1.498881936E0,-7.158903778E-2,-1.633051753E0,2.217798475E0
1.776193504E1,-1.675236225E0,1.686579138E-1,-1.578521967E0,2.307941399E0
1.777191579E1,-1.802063107E0,4.128721654E-1,-1.494990230E0,2.377580841E0
1.778189779E1,-1.874594331E0,6.542235017E-1,-1.362305880E0,2.407901494E0
1.779187979E1,-1.868345976E0,8.659415841E-1,-1.181675911E0,2.374221866E0
1.780186179E1,-1.771749735E0,1.000008702E0,-9.656655788E-1,2.252026762E0
1.781184379E1,-1.589637995E0,1.004190803E0,-7.373800278E-1,2.019672604E0
1.782182579E1,-1.296924949E0,8.290392756E-1,-4.863083661E-1,1.614254091E0
1.783180779E1,-9.033598304E-1,5.108300447E-1,-1.967779547E-1,1.056280210E0
1.784178979E1,-4.243013263E-1,6.933066249E-2,1.275154352E-1,4.484401214E-1
1.785177179E1,8.010302484E-2,-4.130317271E-1,4.852179289E-1,6.422212552E-1
1.786175379E1,5.780600905E-1,-8.246227503E-1,8.965354562E-1,1.348307077E0
1.787173579E1,1.041880250E0,-1.126197815E0,1.332384586E0,2.032014926E0
1.788171779E1,1.445171475E0,-1.300196409E0,1.756670117E0,2.620099463E0
1.789169979E1,1.766299129E0,-1.367650986E0,2.120079517E0,3.079775802E0
1.790168179E1,1.984356403E0,-1.354396224E0,2.374856472E0,3.378165587E0
1.791166279E1,2.080089092E0,-1.268644452E0,2.487045527E0,3.481612389E0
1.792164479E1,2.080093145E0,-1.112423420E0,2.476044416E0,3.419805449E0
1.793162679E1,1.997658372E0,-8.801771402E-1,2.402333021E0,3.246005963E0
1.794160879E1,1.846343994E0,-6.309212446E-1,2.314646006E0,3.027314634E0
1.795159079E1,1.627956510E0,-3.764754534E-1,2.241095543E0,2.795440108E0
1.796157279E1,1.366498828E0,-1.236735806E-1,2.187339783E0,2.582066910E0
1.797155479E1,1.085109115E0,1.020859256E-1,2.146571159E0,2.407415849E0
1.798153679E1,7.889515162E-1,2.754931450E-1,2.095292091E0,2.255790309E0
1.799151879E1,5.005833507E-1,4.065706134E-1,2.023569822E0,2.123845140E0
1.800150079E1,2.134604752E-1,5.146638155E-1,1.916216016E0,1.995577119E0
1.801148279E1,-7.022340596E-2,6.075629592E-1,1.798408031E0,1.899561929E0
1.802146479E1,-3.490121365E-1,7.117527127E-1,1.675056338E0,1.853163547E0
1.803144679E1,-6.255733967E-1,8.456335664E-1,1.551723003E0,1.874641961E0
1.804142879E1,-9.054529667E-1,1.004102349E0,1.444132924E0,1.978278672E0
1.805140979E1,-1.175253272E0,1.195652962E0,1.360728264E0,2.159256276E0
1.806139179E1,-1.426103354E0,1.409443021E0,1.303242087E0,2.391388789E0
1.807137379E1,-1.649581194E0,1.626307726E0,1.264773607E0,2.639251260E0
1.808135579E1,-1.849338531E0,1.812069893E0,1.240321755E0,2.870896786E0
1.809133779E1,-2.006141901E0,1.952627420E0,1.232499838E0,3.058825758E0
1.810131979E1,-2.118926525E0,2.055524111E0,1.238829613E0,3.201519608E0
1.811130179E1,-2.169446230E0,2.110055208E0,1.257571697E0,3.277242210E0
1.812128379E1,-2.171865940E0,2.117723465E0,1.286873937E0,3.295117428E0
1.813126579E1,-2.126057148E0,2.083094120E0,1.323082924E0,3.257291595E0
1.814124779E1,-2.051598787E0,1.999896169E0,1.361032963E0,3.171916297E0
1.815122979E1,-1.952720523E0,1.861555934E0,1.397061348E0,3.038138961E0
1.816121179E1,-1.835052490E0,1.692136049E0,1.439290881E0,2.881371252E0
1.817119379E1,-1.690647125E0,1.507168412E0,1.481827021E0,2.706594843E0
1.818117579E1,-1.529611349E0,1.307297111E0,1.534538507E0,2.530522682E0
1.819115679E1,-1.348942995E0,1.078896642E0,1.588521123E0,2.346713558E0
1.820113879E1,-1.155680060E0,8.687905073E-1,1.632870793E0,2.180976931E0
1.821112079E1,-9.693837762E-1,6.907726526E-1,1.680588365E0,2.059429293E0
1.822110279E1,-7.887067199E-1,4.991850853E-1,1.742969394E0,1.977166242E0
1.823108479E1,-6.051563025E-1,3.385413289E-1,1.801694751E0,1.930525410E0
1.824106679E1,-4.136685729E-1,2.150468230E-1,1.845764041E0,1.903736253E0
1.825104879E1,-2.254289687E-1,1.228495836E-1,1.868384600E0,1.885940416E0
1.826103079E1,-4.112545028E-2,6.437668949E-2,1.887193680E0,1.888739168E0
1.827101279E1,1.221268401E-1,2.893972024E-2,1.891528726E0,1.895688105E0
1.828099479E1,2.615526319E-1,1.134554762E-2,1.863144040E0,1.881447372E0
1.829097679E1,3.966636062E-1,-1.035789493E-2,1.800135255E0,1.843349191E0
1.830095879E1,5.416700840E-1,-3.519213945E-2,1.692022920E0,1.776959912E0
1.831094079E1,6.932749152E-1,-6.027862430E-2,1.524671435E0,1.675973331E0
1.832092279E1,8.315904140E-1,-7.358484715E-2,1.330958724E0,1.571116950E0
1.833090379E1,9.335898757E-1,-7.479225844E-2,1.126274705E0,1.464813520E0
1.834088579E1,9.655565619E-1,-1.056772023E-1,9.298188686E-1,1.344630162E0
1.835086779E1,9.268433452E-1,-1.513811499E-1,7.287984490E-1,1.188739676E0
1.836084979E1,8.514268994E-1,-1.668402553E-1,5.477090478E-1,1.026035397E0
1.837083179E1,7.505977750E-1,-1.789681166E-1,4.041866660E-1,8.710875200E-1
1.838081379E1,6.211401820E-1,-2.317522466E-1,2.784862518E-1,7.190819300E-1
1.839079579E1,4.660221636E-1,-2.880210876E-1,1.476625204E-1,5.673949452E-1
1.840077779E1,2.954634726E-1,-3.264310658E-1,1.291775610E-2,4.404801616E-1
1.841075979E1,1.132968366E-1,-3.373497427E-1,-1.228803620E-1,3.764845354E-1
1.842074179E1,-6.489659846E-2,-3.305515051E-1,-2.853321135E-1,4.414637935E-1
1.843072379E1,-2.314104885E-1,-3.116812110E-1,-4.827355742E-1,6.194591400E-1
1.844070579E1,-3.702889979E-1,-2.607322931E-1,-7.078643441E-1,8.403375514E-1
1.845068779E1,-4.876334071E-1,-1.751091778E-1,-9.256120920E-1,1.060757894E0
1.846066979E1,-5.848654509E-1,-8.312574029E-2,-1.114204407E0,1.261122097E0
1.847065079E1,-6.444513798E-1,-1.144762710E-2,-1.271963120E0,1.425951895E0
1.848063279E1,-6.678085923E-1,1.005793083E-2,-1.402126193E0,1.553070294E0
1.849061479E1,-6.421036124E-1,-9.522482753E-3,-1.506939888E0,1.638064575E0
1.850059679E1,-5.676959753E-1,-6.918448210E-2,-1.578115225E0,1.678544869E0
1.851057879E1,-4.466399252E-1,-1.648037285E-1,-1.618895173E0,1.687444539E0
1.852056079E1,-2.874041796E-1,-3.050399125E-1,-1.630198717E0,1.683210732E0
1.853054279E1,-1.129043698E-1,-4.713509381E-1,-1.635175109E0,1.705496039E0
1.854052479E1,7.488683611E-2,-6.592627764E-1,-1.636045456E0,1.765468827E0
1.855050679E1,2.631831169E-1,-8.508105278E-1,-1.637765050E0,1.864247373E0
1.856048879E1,4.588418305E-1,-1.024591923E0,-1.643902302E0,1.990663008E0
1.857047079E1,6.550714970E-1,-1.178872466E0,-1.650544763E0,2.131468266E0
1.858045279E1,8.435519338E-1,-1.313891530E0,-1.657253504E0,2.276923361E0
1.859043479E1,1.022365689E0,-1.411242604E0,-1.671234608E0,2.414510800E0
1.860041579E1,1.181872964E0,-1.462775588E0,-1.700850010E0,2.535631456E0
1.861039779E1,1.311632991E0,-1.487991810E0,-1.729753852E0,2.631833794E0
1.862037979E1,1.399459481E0,-1.473346710E0,-1.770467639E0,2.695142488E0
1.863036179E1,1.429391623E0,-1.442396998E0,-1.822459102E0,2.728557621E0
1.864034379E1,1.385247588E0,-1.415929437E0,-1.887188554E0,2.735918070E0
1.865032579E1,1.275981784E0,-1.379370689E0,-1.966563582E0,2.719956863E0
1.866030779E1,1.099871516E0,-1.340552688E0,-2.050605059E0,2.685475743E0
1.867028979E1,8.730272651E-1,-1.284249425E0,-2.138120413E0,2.642542732E0
1.868027179E1,6.105887294E-1,-1.207912326E0,-2.218345165E0,2.598639270E0
1.869025379E1,3.375748694E-1,-1.105585575E0,-2.276474237E0,2.553157106E0
1.870023579E1,7.810734212E-2,-9.688256383E-1,-2.313684702E0,2.509553899E0
1.871021779E1,-1.579624414E-1,-8.183538318E-1,-2.331210852E0,2.475721948E0
1.872019979E1,-3.583365381E-1,-6.533792615E-1,-2.333800316E0,2.449884374E0
1.873018179E1,-5.272774696E-1,-4.913151860E-1,-2.327116013E0,2.436161135E0
1.874016279E1,-6.620781422E-1,-3.504219949E-1,-2.303236008E0,2.421990741E0
1.875014479E1,-7.625107169E-1,-2.356444746E-1,-2.275064468E0,2.410989267E0
1.876012679E1,-8.157976270E-1,-1.428836435E-1,-2.238807201E0,2.387090109E0
1.877010879E1,-8.195415139E-1,-6.087079644E-2,-2.201704502E0,2.350075799E0
1.878009121E1,-8.087543845E-1,-1.350110397E-4,-2.151514053E0,2.298498726E0
1.879007321E1,-7.806341648E-1,3.981180862E-2,-2.083140373E0,2.224960335E0
1.880005521E1,-7.451584935E-1,6.870897114E-2,-1.996980429E0,2.132583629E0
1.881003721E1,-7.056070566E-1,8.286177367E-2,-1.900416255E0,2.028873908E0
1.882001921E1,-6.755762100E-1,8.881580085E-2,-1.765770912E0,1.892680210E0
1.883000121E1,-6.421371698E-1,1.227027625E-1,-1.588065743E0,1.717366856E0
1.883998321E1,-5.927174091E-1,1.851951629E-1,-1.404558182E0,1.535706633E0
1.884996521E1,-5.232729912E-1,2.463611215E-1,-1.246721625E0,1.374344657E0
1.885994721E1,-4.505929053E-1,2.870654166E-1,-1.109698772E0,1.231613529E0
1.886992821E1,-3.778183162E-1,3.297062516E-1,-9.687694907E-1,1.090856186E0
1.887991021E1,-3.012191653E-1,3.628625870E-1,-8.082599640E-1,9.357811774E-1
1.888989221E1,-2.306560278E-1,3.844296634E-1,-6.338644624E-1,7.763842644E-1
1.889987421E1,-1.553550512E-1,4.189853966E-1,-4.549317658E-1,6.376886905E-1
1.890985621E1,-6.288000196E-2,4.553742111E-1,-2.749358118E-1,5.356391204E-1
1.891983821E1,6.203929707E-2,5.099772811E-1,-9.134493023E-2,5.217945936E-1
1.892982021E1,2.218734324E-1,5.822663903E-1,7.670106739E-2,6.278097029E-1
1.893980221E1,3.530549109E-1,6.210275888E-1,2.043224126E-1,7.430145924E-1
1.894978421E1,3.935869932E-1,6.103316545E-1,2.901564837E-1,7.820525780E-1
1.895976621E1,3.485489190E-1,5.585379601E-1,3.676078618E-1,7.540467769E-1
1.896974821E1,2.393690944E-1,4.832668304E-1,5.238157511E-1,7.518160239E-1
1.897973021E1,5.498673767E-2,3.871067464E-1,7.778075933E-1,8.705514498E-1
1.898971221E1,-1.840842515E-1,3.139180243E-1,1.112354994E0,1.170369672E0
1.899969321E1,-4.432249963E-1,2.996576130E-1,1.510033369E0,1.602012440E0
1.900967521E1,-6.571934819E-1,3.455601037E-1,1.891788721E0,2.032284336E0
1.901965721E1,-8.033296466E-1,4.718988836E-1,2.181170940E0,2.371820767E0
1.902963921E1,-9.128941894E-1,6.597333550E-1,2.364370108E0,2.618944426E0
1.903962121E1,-9.939805269E-1,8.972622752E-1,2.461992264E0,2.802585018E0
1.904960321E1,-1.055227876E0,1.153681755E0,2.477755785E0,2.929805658E0
1.905958521E1,-1.109239936E0,1.378887177E0,2.438945055E0,3.013336367E0
1.906956721E1,-1.135595322E0,1.543833256E0,2.381242275E0,3.056683273E0
1.907954921E1,-1.143471360E0,1.639653802E0,2.313472509E0,3.057473858E0
1.908953121E1,-1.116979480E0,1.658371210E0,2.246684790E0,3.007562264E0
1.909951321E1,-1.041689873E0,1.605796218E0,2.183261633E0,2.903503167E0
1.910949521E1,-9.184843898E-1,1.491355419E0,2.113468409E0,2.744904966E0
1.911947721E1,-7.578310966E-1,1.301289320E0,2.028589725E0,2.526427941E0
1.912945821E1,-5.942292213E-1,1.039965987E0,1.906386375E0,2.251432130E0
1.913944021E1,-4.586362541E-1,7.616121173E-1,1.748283267E0,1.961350201E0
1.914942221E1,-3.586800992E-1,5.045037866E-1,1.560828924E0,1.679095713E0
1.915940421E1,-3.287980855E-1,3.034593165E-1,1.365838408E0,1.437257909E0
1.916938621E1,-3.850774467E-1,1.860607117E-1,1.192579508E0,1.266944794E0
1.917936821E1,-5.201266408E-1,1.616512388E-1,1.063931227E0,1.195245791E0
1.918935021E1,-7.224050760E-1,2.499163598E-1,9.933521152E-1,1.253425588E0
1.919933221E1,-9.524688721E-1,3.979452252E-1,9.840393066E-1,1.426145403E0
1.920931421E1,-1.176886439E0,5.644397140E-1,1.021869779E0,1.657670572E0
1.921929621E1,-1.388698578E0,7.421458364E-1,1.083856463E0,1.911546237E0
1.922927821E1,-1.569094539E0,9.038694501E-1,1.145914912E0,2.142932253E0
1.923926021E1,-1.703144431E0,1.020403266E0,1.206933498E0,2.323491392E0
1.924924221E1,-1.792061329E0,1.084277630E0,1.270625830E0,2.449822807E0
1.925922321E1,-1.849924564E0,1.099369168E0,1.335407138E0,2.532616372E0
1.926920521E1,-1.877975821E0,1.063315749E0,1.408342838E0,2.576987217E0
1.927918721E1,-1.879883766E0,1.001977801E0,1.493934155E0,2.601876582E0
1.928916921E1,-1.859420896E0,9.195094705E-1,1.593133569E0,2.615534037E0
1.929915121E1,-1.825220585E0,8.470017314E-1,1.696240187E0,2.631743317E0
1.930913321E1,-1.781547427E0,7.864422202E-1,1.801924706E0,2.653174560E0
1.931911521E1,-1.715226412E0,7.410404086E-1,1.898846984E0,2.663974925E0
1.932909721E1,-1.621324778E0,7.169751525E-1,1.956984162E0,2.640555702E0
1.933907921E1,-1.500852227E0,6.871368289E-1,1.963647127E0,2.565272787E0
1.934906121E1,-1.351777196E0,6.527426839E-1,1.903645515E0,2.424302136E0
1.935904321E1,-1.171292067E0,6.401177049E-1,1.784585953E0,2.228547241E0
1.936902521E1,-9.653341174E-1,5.930879712E-1,1.606200457E0,1.965579611E0
1.937900721E1,-7.567601204E-1,4.924012721E-1,1.392392039E0,1.659488019E0
1.938898821E1,-5.467517972E-1,3.553701937E-1,1.169021964E0,1.338595478E0
1.939897021E1,-3.523205221E-1,1.648287475E-1,9.717083573E-1,1.046668715E0
1.940895221E1,-1.510067731E-1,-4.055602849E-2,8.222509027E-1,8.369852949E-1
1.941893421E1,5.814883858E-2,-2.420728952E-1,7.174552679E-1,7.594225671E-1
1.942891621E1,2.741782367E-1,-4.351927042E-1,6.270651817E-1,8.110346093E-1
1.943889821E1,4.745898843E-1,-6.037156582E-1,5.108823776E-1,9.223388520E-1
1.944888021E1,6.526490450E-1,-7.523308992E-1,3.451558650E-1,1.054080229E0
1.945886221E1,8.154869676E-1,-8.911827803E-1,1.385219991E-1,1.215900525E0
1.946884421E1,9.716402292E-1,-1.001288533E0,-8.173473179E-2,1.397620846E0
1.947882621E1,1.121978045E0,-1.077330351E0,-2.555232942E-1,1.576314553E0
1.948880821E1,1.267542839E0,-1.134041071E0,-3.732410669E-1,1.741270483E0
1.949879021E1,1.382792234E0,-1.163097739E0,-4.734424949E-1,1.867902168E0
1.950877221E1,1.449457884E0,-1.186485887E0,-5.913648009E-1,1.964278301E0
1.951875321E1,1.444317222E0,-1.205444098E0,-7.410344481E-1,2.021949495E0
1.952873521E1,1.365568399E0,-1.195278168E0,-9.114241600E-1,2.030803031E0
1.953871721E1,1.223653793E0,-1.140149474E0,-1.100413203E0,2.002043618E0
1.954869921E1,1.047589660E0,-1.032691360E0,-1.303508401E0,1.965459155E0
1.955868121E1,8.652867079E-1,-8.773944378E-1,-1.498799086E0,1.940345532E0
1.956866321E1,7.073120475E-1,-6.790732145E-1,-1.672478080E0,1.938714443E0
1.957864521E1,5.881401300E-1,-4.549365044E-1,-1.807619095E0,1.954574846E0
1.958862721E1,5.009244680E-1,-2.277453989E-1,-1.888353467E0,1.966894025E0
1.959860921E1,4.589243233E-1,-2.412809432E-2,-1.909629226E0,1.964148029E0
1.960859121E1,4.578641653E-1,1.054124758E-1,-1.881955266E0,1.939718280E0
1.961857321E1,5.028659701E-1,1.528124809E-1,-1.815369010E0,1.889918115E0
1.962855521E1,5.900836587E-1,1.139658540E-1,-1.726464629E0,1.828077421E0
1.963853621E1,7.321574688E-1,-1.089895144E-3,-1.626927376E0,1.784081958E0
1.964851821E1,9.201884270E-1,-1.781594008E-1,-1.527467966E0,1.792106554E0
1.965850021E1,1.154331446E0,-4.154390395E-1,-1.406974912E0,1.866721480E0
1.966848221E1,1.424085140E0,-7.053060532E-1,-1.283159852E0,2.042541143E0
1.967846421E1,1.726230979E0,-1.014043450E0,-1.160705328E0,2.314172502E0
1.968844621E1,2.044656277E0,-1.323426843E0,-1.074792504E0,2.662190231E0
1.969842821E1,2.365147352E0,-1.613722801E0,-1.020004869E0,3.039479102E0
1.970841021E1,2.648621798E0,-1.864966393E0,-1.023986816E0,3.397329256E0
1.971839221E1,2.883174658E0,-2.087131739E0,-1.082760692E0,3.720374406E0
1.972837421E1,3.050404787E0,-2.277734280E0,-1.158955455E0,3.979474910E0
1.973835621E1,3.153735638E0,-2.430764675E0,-1.246924281E0,4.172467560E0
1.974833821E1,3.183941126E0,-2.551012993E0,-1.348233819E0,4.296845682E0
1.975831921E1,3.149660110E0,-2.631242514E0,-1.457159281E0,4.355124470E0
1.976830121E1,3.056250095E0,-2.669870377E0,-1.567324042E0,4.350330692E0
1.977828342E1,2.922611952E0,-2.673590660E0,-1.658732176E0,4.294314855E0
1.978826542E1,2.749799013E0,-2.645972013E0,-1.725486994E0,4.188062544E0
1.979824742E1,2.556770325E0,-2.573441982E0,-1.755395889E0,4.030023928E0
1.980822942E1,2.335345507E0,-2.477757215E0,-1.747116923E0,3.826948784E0
1.981821142E1,2.085415363E0,-2.371674299E0,-1.712131858E0,3.592379673E0
1.982819342E1,1.816686869E0,-2.246204376E0,-1.646467805E0,3.325152855E0
1.983817542E1,1.537040234E0,-2.110511541E0,-1.564058065E0,3.043522511E0
1.984815742E1,1.251555800E0,-1.975966692E0,-1.463421345E0,2.759064755E0
1.985813942E1,1.000203013E0,-1.885880709E0,-1.385557652E0,2.544940495E0
1.986812142E1,8.063468337E-1,-1.851920605E0,-1.325376511E0,2.415870037E0
1.987810342E1,6.734521389E-1,-1.838247657E0,-1.283369660E0,2.340882294E0
1.988808442E1,5.953642130E-1,-1.822164416E0,-1.271423936E0,2.300274012E0
1.989806642E1,5.306544304E-1,-1.799216151E0,-1.280033946E0,2.270960102E0
1.990804842E1,4.279437661E-1,-1.743538976E0,-1.307108998E0,2.220720145E0
1.991803042E1,2.817609906E-1,-1.661947012E0,-1.358141184E0,2.164718134E0
1.992801242E1,9.705141187E-2,-1.528509855E0,-1.416910887E0,2.086479766E0
1.993799442E1,-1.352721006E-1,-1.336899400E0,-1.475900412E0,1.995966075E0
1.994797642E1,-3.924775720E-1,-1.093816876E0,-1.505350590E0,1.901724060E0
1.995795842E1,-6.548122168E-1,-7.734128237E-1,-1.499060273E0,1.809455205E0
1.996794042E1,-8.942134976E-1,-3.907806277E-1,-1.435453892E0,1.735757804E0
1.997792242E1,-1.102151513E0,-5.173545796E-3,-1.313754082E0,1.714851163E0
1.998790442E1,-1.266485572E0,3.665644526E-1,-1.155329466E0,1.753037757E0
1.999788642E1,-1.389915943E0,6.900748610E-1,-9.787203670E-1,1.834656153E0
2.000786742E1,-1.469370842E0,9.192115068E-1,-8.112732172E-1,1.913678316E0
2.001784942E1,-1.500566244E0,1.065891862E0,-6.651905775E-1,1.957115995E0
2.002783142E1,-1.493794560E0,1.200455189E0,-4.952330589E-1,1.979335907E0
2.003781342E1,-1.455552697E0,1.323494315E0,-2.403211445E-1,1.981924597E0
2.004779542E1,-1.407545686E0,1.397474885E0,1.348819733E-1,1.988042771E0
2.005777742E1,-1.348662615E0,1.424644470E0,6.493921876E-1,2.066449353E0
2.006775942E1,-1.320354700E0,1.366266608E0,1.311422825E0,2.308646964E0
2.007774142E1,-1.356242657E0,1.206126690E0,2.006938457E0,2.705907927E0
2.008772342E1,-1.352133155E0,1.083812714E0,2.583358526E0,3.110732284E0
2.009770542E1,-1.271639943E0,1.089250922E0,2.933504105E0,3.377718468E0
2.010768742E1,-1.165554762E0,1.133926749E0,3.031714439E0,3.440290717E0
2.011766942E1,-1.061304212E0,1.201296210E0,2.926412344E0,3.336670260E0
2.012765142E1,-9.978148937E-1,1.318803668E0,2.726311922E0,3.188675959E0
2.013763242E1,-9.959485531E-1,1.449638367E0,2.543776035E0,3.092597845E0
2.014761442E1,-1.046702266E0,1.573954582E0,2.449323416E0,3.093881681E0
2.015759642E1,-1.139208555E0,1.671653390E0,2.453785658E0,3.180139186E0
2.016757842E1,-1.240846515E0,1.727933288E0,2.527874231E0,3.303876761E0
2.017756042E1,-1.318193793E0,1.748764992E0,2.612788677E0,3.409175640E0
2.018754242E1,-1.331508517E0,1.730643988E0,2.666448116E0,3.446445865E0
2.019752442E1,-1.278342009E0,1.681371808E0,2.654160261E0,3.392010634E0
2.020750642E1,-1.184613347E0,1.581759930E0,2.556265116E0,3.231062457E0
2.021748842E1,-1.097538352E0,1.443733573E0,2.379536629E0,2.991847528E0
2.022747042E1,-1.039295435E0,1.289021015E0,2.124334812E0,2.693419494E0
2.023745242E1,-1.023306251E0,1.130822301E0,1.828754544E0,2.381230342E0
2.024743342E1,-1.055458903E0,9.897376299E-1,1.526063442E0,2.102960699E0
2.025741542E1,-1.118468523E0,8.874842525E-1,1.245987058E0,1.895015536E0
2.026739742E1,-1.195769787E0,8.457080722E-1,1.016473413E0,1.782780336E0
2.027737942E1,-1.279780269E0,8.480394483E-1,8.577923775E-1,1.758640442E0
2.028736142E1,-1.353561759E0,8.758774996E-1,7.684360147E-1,1.785996847E0
2.029734342E1,-1.404504895E0,9.049666524E-1,7.350767255E-1,1.825359262E0
2.030732542E1,-1.415004849E0,9.201940298E-1,7.356444001E-1,1.841241011E0
2.031730742E1,-1.389572740E0,9.076105952E-1,7.463482022E-1,1.819809064E0
2.032728942E1,-1.330092907E0,8.808956742E-1,7.696965933E-1,1.771315098E0
2.033727142E1,-1.243960738E0,8.296617270E-1,7.981977463E-1,1.694962106E0
2.034725342E1,-1.142191172E0,7.706214786E-1,8.475373983E-1,1.617645752E0
2.035723542E1,-1.039314032E0,7.014783621E-1,9.189423323E-1,1.554574076E0
2.036721642E1,-9.339348078E-1,6.228582859E-1,1.012667656E0,1.511847364E0
2.037719842E1,-8.375124335E-1,5.529835820E-1,1.134386301E0,1.514612227E0
2.038718042E1,-7.514541745E-1,4.747621417E-1,1.278343439E0,1.556998528E0
2.039716242E1,-6.693769097E-1,4.002532959E-1,1.428508162E0,1.627545305E0
2.040714442E1,-5.761482120E-1,3.290051818E-1,1.585527778E0,1.718746493E0
2.041712642E1,-4.678627849E-1,2.686842978E-1,1.734158754E0,1.816147963E0
2.042710842E1,-3.316862583E-1,2.283194661E-1,1.847490311E0,1.890863824E0
2.043709042E1,-1.876960695E-1,2.035259604E-1,1.924260736E0,1.944076133E0
2.044707242E1,-2.873220854E-2,1.833279133E-1,1.966006041E0,1.974744139E0
2.045705442E1,1.392208487E-1,1.753091365E-1,1.986165166E0,1.998741555E0
2.046703642E1,3.094275594E-1,1.663857400E-1,1.983016849E0,2.013898074E0
2.047701842E1,4.623952806E-1,1.376563609E-1,1.921218395E0,1.980868191E0
2.048699942E1,5.918558836E-1,9.211691469E-2,1.761167884E0,1.860239562E0
2.049698142E1,6.892753839E-1,2.069679648E-2,1.522411466E0,1.671306550E0
2.050696342E1,7.648844719E-1,-1.072460189E-1,1.227427840E0,1.450216903E0
2.051694542E1,8.332166672E-1,-2.844474316E-1,8.923511505E-1,1.253575260E0
2.052692742E1,8.948833942E-1,-4.750160873E-1,5.276372433E-1,1.142303652E0
2.053690942E1,9.591084123E-1,-6.403249502E-1,9.668903053E-2,1.157261317E0
2.054689142E1,1.003940821E0,-7.765336037E-1,-3.621053994E-1,1.319856784E0
2.055687342E1,1.014949203E0,-8.421557546E-1,-7.951375246E-1,1.539997364E0
2.056685542E1,1.010000825E0,-8.018002510E-1,-1.171691418E0,1.742367954E0
2.057683742E1,9.925715327E-1,-6.667998433E-1,-1.446147680E0,1.876476323E0
2.058681942E1,9.777163267E-1,-4.434032738E-1,-1.604721189E0,1.930716388E0
2.059680142E1,9.759461284E-1,-1.793029308E-1,-1.650708914E0,1.925995925E0
2.060678242E1,9.732449055E-1,7.536239177E-2,-1.628342628E0,1.898521754E0
2.061676442E1,9.343388081E-1,2.567958534E-1,-1.569832206E0,1.844805213E0
2.062674642E1,8.476490378E-1,3.407372832E-1,-1.524097085E0,1.776930700E0
2.063672842E1,7.237715721E-1,3.459272385E-1,-1.503964663E0,1.704529451E0
2.064671042E1,5.774887204E-1,3.056765795E-1,-1.503292561E0,1.639152194E0
2.065669242E1,4.220985770E-1,2.183704376E-1,-1.509965897E0,1.582987639E0
2.066667442E1,2.563101947E-1,1.139248684E-1,-1.540405035E0,1.565733522E0
2.067665642E1,9.773678333E-2,2.661100402E-2,-1.575748086E0,1.579000524E0
2.068663842E1,-2.761488222E-2,-2.930041403E-2,-1.602680922E0,1.603186587E0
2.069662042E1,-7.686552405E-2,-3.784143552E-2,-1.632871866E0,1.635117982E0
2.070660242E1,-5.032113194E-2,-2.320199087E-2,-1.665331960E0,1.666253608E0
2.071658342E1,3.582999855E-2,-7.391335443E-3,-1.692929506E0,1.693324757E0
2.072656542E1,1.606210172E-1,-2.231359109E-2,-1.709564686E0,1.717238604E0
2.073654742E1,3.073787689E-1,-7.275305688E-2,-1.713804722E0,1.742670749E0
2.074652942E1,4.637249112E-1,-1.502533406E-1,-1.702706218E0,1.771108501E0
2.075651142E1,6.450758576E-1,-2.535528243E-1,-1.665045738E0,1.803549059E0
2.076649342E1,8.896776438E-1,-2.385407090E-1,-1.611128926E0,1.855846006E0
2.077647521E1,1.177592278E0,-1.900394857E-1,-1.629969120E0,2.019811355E0
2.078645721E1,1.439878941E0,-2.627366185E-1,-1.753795147E0,2.284311562E0
2.079643921E1,1.688230634E0,-4.771844745E-1,-1.980234742E0,2.645592057E0
2.080642121E1,1.962036490E0,-8.630220294E-1,-2.071299314E0,2.980717206E0
2.081640321E1,2.315527439E0,-1.251393795E0,-1.896077394E0,3.243880891E0
2.082638521E1,2.650053024E0,-1.536644459E0,-1.535100102E0,3.426454370E0
2.083636621E1,2.869310141E0,-1.802851081E0,-1.249897122E0,3.611849321E0
2.084634821E1,2.957140923E0,-1.956356764E0,-1.086989164E0,3.708579198E0
2.085633021E1,2.901668310E0,-1.938238978E0,-1.013224483E0,3.633603332E0
2.086631221E1,2.733691216E0,-1.719660997E0,-1.024894595E0,3.388319722E0
2.087629421E1,2.463867664E0,-1.397585988E0,-1.090528965E0,3.035316110E0
2.088627621E1,2.117620707E0,-1.057609677E0,-1.195570707E0,2.651838042E0
2.089625821E1,1.745294929E0,-7.458252311E-1,-1.330974579E0,2.318146456E0
2.090624021E1,1.400381684E0,-5.272738934E-1,-1.448394775E0,2.082530683E0
2.091622221E1,1.149144411E0,-4.251555204E-1,-1.498722434E0,1.935835486E0
2.092620421E1,9.977388382E-1,-4.256255329E-1,-1.461354136E0,1.819943899E0
2.093618621E1,9.009994864E-1,-5.390604734E-1,-1.353372812E0,1.712893528E0
2.094616721E1,8.108479977E-1,-7.378532887E-1,-1.205407858E0,1.629389473E0
2.095614921E1,7.152248025E-1,-9.690985084E-1,-1.045584679E0,1.594975159E0
2.096613121E1,5.990186930E-1,-1.191777945E0,-8.916483521E-1,1.604429758E0
2.097611321E1,4.561709762E-1,-1.366148233E0,-7.676007152E-1,1.632073470E0
2.098609521E1,2.907699049E-1,-1.469006181E0,-6.939668655E-1,1.650489717E0
2.099607721E1,1.245010570E-1,-1.506194830E0,-6.368907690E-1,1.640046716E0
2.100605921E1,-8.107332140E-2,-1.484510303E0,-5.860921144E-1,1.598076246E0
2.101604121E1,-3.415517807E-1,-1.398697972E0,-5.533466935E-1,1.542467568E0
2.102602321E1,-6.431471109E-1,-1.258565784E0,-5.642161965E-1,1.521829805E0
2.103600521E1,-9.486907721E-1,-1.076803684E0,-6.179135442E-1,1.562478001E0
2.104598721E1,-1.229786873E0,-8.655183315E-1,-6.960150599E-1,1.657086207E0
2.105596921E1,-1.467193246E0,-6.285697222E-1,-7.883047462E-1,1.780219169E0
2.106595021E1,-1.649640560E0,-3.485165834E-1,-8.700639009E-1,1.897310986E0
2.107593221E1,-1.780565023E0,-4.317716882E-2,-9.138782620E-1,2.001861521E0
2.108591421E1,-1.877711058E0,2.873858511E-1,-9.081186056E-1,2.105485418E0
2.109589621E1,-1.960266948E0,6.402674913E-1,-8.480927944E-1,2.229764641E0
2.110587821E1,-2.036954880E0,9.891345501E-1,-7.316943407E-1,2.379695138E0
2.111586021E1,-2.065395117E0,1.300922036E0,-5.895542502E-1,2.511141045E0
2.112584221E1,-1.999611020E0,1.597878098E0,-4.440335333E-1,2.597849963E0
2.113582421E1,-1.856174827E0,1.804523110E0,-3.167975247E-1,2.608073871E0
2.114580621E1,-1.689420342E0,1.887124062E0,-2.258505374E-1,2.542909118E0
2.115578821E1,-1.547757745E0,1.893296719E0,-1.469101757E-1,2.449838587E0
2.116577021E1,-1.450020313E0,1.880311251E0,-2.313034609E-2,2.374587190E0
2.117575121E1,-1.381374955E0,1.851775050E0,1.858055592E-1,2.317712516E0
2.118573321E1,-1.364832401E0,1.823467851E0,4.662645459E-1,2.324909700E0
2.119571521E1,-1.423177481E0,1.780217290E0,8.084810376E-1,2.418315391E0
2.120569721E1,-1.548699498E0,1.720988750E0,1.174870133E0,2.596265057E0
2.121567921E1,-1.699054360E0,1.682974339E0,1.526377320E0,2.837078791E0
2.122566121E1,-1.856840253E0,1.704822659E0,1.811764002E0,3.104313905E0
2.123564321E1,-1.994433284E0,1.749156833E0,1.986349106E0,3.314045341E0
2.124562521E1,-2.096851349E0,1.778851271E0,2.079235554E0,3.447363907E0
2.125560721E1,-2.162867069E0,1.730643272E0,2.142911673E0,3.502169404E0
2.126558921E1,-2.174736261E0,1.571754813E0,2.214097977E0,3.478810264E0
2.127557121E1,-2.099692345E0,1.323718071E0,2.304427624E0,3.386934329E0
2.128555221E1,-1.915444851E0,9.789589643E-1,2.392177820E0,3.217111182E0
2.129553421E1,-1.635538101E0,5.665661097E-1,2.455049038E0,3.003872137E0
2.130551621E1,-1.293280482E0,1.257307827E-1,2.460055351E0,2.782131371E0
2.131549821E1,-9.284108877E-1,-3.179547787E-1,2.404221535E0,2.596790944E0
2.132548021E1,-5.749197006E-1,-7.308943868E-1,2.285082102E0,2.467050765E0
2.133546221E1,-2.627234757E-1,-1.068125963E0,2.099207878E0,2.369934685E0
2.134544421E1,-2.367114462E-2,-1.279968977E0,1.860655785E0,2.258521829E0
2.135542621E1,1.334058195E-1,-1.348596573E0,1.587805033E0,2.087494827E0
2.136540821E1,1.943995655E-1,-1.251399636E0,1.310289979E0,1.822265642E0
2.137539021E1,1.612131149E-1,-9.680112600E-1,1.054166794E0,1.440244110E0
2.138537221E1,4.412366822E-2,-5.599133968E-1,8.276620507E-1,1.000237162E0
2.139535321E1,-1.090131477E-1,-8.804704994E-2,6.462784410E-1,6.612956771E-1
2.140533521E1,-2.780810297E-1,4.004462063E-1,5.063084960E-1,7.028758897E-1
2.141531721E1,-4.574910104E-1,8.150562048E-1,4.161311984E-1,1.023122581E0
2.142529921E1,-6.425779462E-1,1.103731632E0,3.565297723E-1,1.325987712E0
2.143528121E1,-7.885958552E-1,1.277965188E0,2.929087281E-1,1.529991493E0
2.144526321E1,-8.819756508E-1,1.342347860E0,2.496597916E-1,1.625456501E0
2.145524521E1,-9.350152612E-1,1.299068332E0,2.182885408E-1,1.615389104E0
2.146522721E1,-9.606752992E-1,1.199886680E0,2.157967836E-1,1.552157636E0
2.147520921E1,-9.555860162E-1,1.044269204E0,2.367004752E-1,1.435155016E0
2.148519121E1,-9.372887611E-1,8.374463320E-1,2.853911221E-1,1.288904447E0
2.149517321E1,-9.045183659E-1,6.338064075E-1,3.728804886E-1,1.165720333E0
2.150515421E1,-8.695635200E-1,4.589016438E-1,4.847505093E-1,1.096227390E0
2.151513621E1,-8.298217058E-1,3.170608878E-1,6.181609631E-1,1.082245188E0
2.152511821E1,-7.790665627E-1,2.231046855E-1,7.778493166E-1,1.123285346E0
2.153510021E1,-7.257202268E-1,1.529996395E-1,9.554699659E-1,1.209546028E0
2.154508221E1,-6.757876873E-1,1.027857065E-1,1.146716237E0,1.334995142E0
2.155506421E1,-6.325704455E-1,7.170661539E-2,1.332061291E0,1.476372070E0
2.156504621E1,-6.041576266E-1,5.764491111E-2,1.495614529E0,1.614060777E0
2.157502821E1,-5.904631615E-1,5.522303283E-2,1.631012082E0,1.735481703E0
2.158501021E1,-5.738452077E-1,6.187025085E-2,1.741431594E0,1.834587214E0
2.159499221E1,-5.281118155E-1,7.348749787E-2,1.818751931E0,1.895299736E0
2.160497421E1,-4.482870996E-1,8.764204383E-2,1.870819092E0,1.925774267E0
2.161495521E1,-3.251206875E-1,7.650603354E-2,1.915619373E0,1.944519020E0
2.162493721E1,-1.551298499E-1,3.337208182E-2,1.956132054E0,1.962557408E0
2.163491921E1,6.242031232E-2,-4.328807443E-2,1.975015759E0,1.976476006E0
2.164490121E1,3.213752508E-1,-1.682232916E-1,1.950230718E0,1.983678648E0
2.165488321E1,6.004519463E-1,-3.292252123E-1,1.853837132E0,1.976270198E0
2.166486521E1,8.850744963E-1,-5.198860765E-1,1.671155572E0,1.961223940E0
2.167484721E1,1.139034629E0,-7.230221629E-1,1.443817735E0,1.976049236E0
2.168482921E1,1.353235126E0,-9.351223111E-1,1.195108414E0,2.033219900E0
2.169481121E1,1.510961056E0,-1.114910722E0,9.618805647E-1,2.109797016E0
2.170479321E1,1.589575768E0,-1.247397184E0,7.343147993E-1,2.149876527E0
2.171477521E1,1.595992088E0,-1.320723534E0,5.076678395E-1,2.132891941E0
2.172475621E1,1.549051881E0,-1.333560824E0,3.149822950E-1,2.068129601E0
2.173473821E1,1.444796324E0,-1.299212337E0,1.607202739E-1,1.949671798E0
2.174472021E1,1.283783317E0,-1.243038416E0,1.698280312E-2,1.787045753E0
2.175470221E1,1.075117469E0,-1.168786883E0,-1.333297491E-1,1.593649012E0
2.176468421E1,8.459467888E-1,-1.116284609E0,-3.113065660E-1,1.434792346E0
2.177466604E1,5.999007821E-1,-1.057351470E0,-5.042922497E-1,1.316124520E0
2.178464804E1,3.531255126E-1,-9.624431133E-1,-6.923183203E-1,1.237052558E0
2.179463004E1,1.187236682E-1,-8.522683978E-1,-8.454474211E-1,1.206332489E0
2.180461204E1,-9.838218987E-2,-7.340257168E-1,-9.692155719E-1,1.219775239E0
2.181459404E1,-2.860383689E-1,-5.953259468E-1,-1.072936654E0,1.259930155E0
2.182457604E1,-4.289621711E-1,-4.478901625E-1,-1.160179377E0,1.315534237E0
2.183455704E1,-5.135129690E-1,-3.119565547E-1,-1.237712026E0,1.375842840E0
2.184453904E1,-5.439546108E-1,-1.913492531E-1,-1.301010966E0,1.423070866E0
2.185452104E1,-5.243499875E-1,-1.047885120E-1,-1.352501035E0,1.454366732E0
2.186450304E1,-4.497734904E-1,-6.031116843E-2,-1.395198584E0,1.467144409E0
2.187448504E1,-3.151166141E-1,-7.265917957E-2,-1.416812539E0,1.453250016E0
2.188446704E1,-1.279865652E-1,-1.426124722E-1,-1.411647677E0,1.424593992E0
2.189444904E1,9.548248351E-2,-2.769673467E-1,-1.393185616E0,1.423655146E0
2.190443104E1,3.466745317E-1,-4.625703394E-1,-1.364178181E0,1.481599358E0
2.191441304E1,6.194772720E-1,-6.745720506E-1,-1.332980037E0,1.617292590E0
2.192439504E1,8.937923312E-1,-8.979434371E-1,-1.311854243E0,1.823767722E0
2.193437604E1,1.165804625E0,-1.157962203E0,-1.324139357E0,2.110289535E0
2.194435804E1,1.441447139E0,-1.450657010E0,-1.364750028E0,2.458600873E0
2.195434004E1,1.749422550E0,-1.733790755E0,-1.381900311E0,2.824209289E0
2.196432204E1,2.066769361E0,-1.990345359E0,-1.347446322E0,3.169956125E0
2.197430404E1,2.329484224E0,-2.228017807E0,-1.301987410E0,3.476453842E0
2.198428604E1,2.518364191E0,-2.445930719E0,-1.302553296E0,3.744513369E0
2.199426804E1,2.641733885E0,-2.594004393E0,-1.340088367E0,3.937442513E0
2.200425004E1,2.695076227E0,-2.641683102E0,-1.368543506E0,4.014328936E0
2.201423204E1,2.647264481E0,-2.612255812E0,-1.386971354E0,3.969329817E0
2.202421404E1,2.479257345E0,-2.522970200E0,-1.430299401E0,3.815475329E0
2.203419604E1,2.198694706E0,-2.376568079E0,-1.515751958E0,3.574889962E0
2.204417704E1,1.843534231E0,-2.193515062E0,-1.613497496E0,3.288388809E0
2.205415904E1,1.469338536E0,-1.987605095E0,-1.698965788E0,2.999335676E0
2.206414104E1,1.107393980E0,-1.769283175E0,-1.744257927E0,2.720132368E0
2.207412304E1,7.629857063E-1,-1.569618702E0,-1.751939297E0,2.472881185E0
2.208410504E1,4.252334833E-1,-1.391783476E0,-1.717580914E0,2.251214996E0
2.209408704E1,1.070994511E-1,-1.200051069E0,-1.647331834E0,2.040905444E0
2.210406904E1,-1.872023195E-1,-1.012569427E0,-1.564392090E0,1.872875907E0
2.211405104E1,-4.588111937E-1,-8.288716078E-1,-1.480482340E0,1.757658617E0
2.212403304E1,-7.058332562E-1,-6.407952905E-1,-1.406839252E0,1.699416332E0
2.213401504E1,-9.282173514E-1,-4.574172497E-1,-1.349846601E0,1.700853856E0
2.214399604E1,-1.120800614E0,-2.784159780E-1,-1.298438668E0,1.737714720E0
2.215397804E1,-1.300933599E0,-1.013927385E-1,-1.259687543E0,1.813703786E0
2.216396004E1,-1.481634378E0,6.283375621E-2,-1.229761600E0,1.926525916E0
2.217394204E1,-1.657440066E0,2.147716135E-1,-1.217292428E0,2.067615843E0
2.218392404E1,-1.820285678E0,3.743959069E-1,-1.216004610E0,2.220873579E0
2.219390604E1,-1.965197563E0,5.240597129E-1,-1.214426875E0,2.368854719E0
2.220388804E1,-2.073968887E0,6.748871207E-1,-1.200194955E0,2.489435177E0
2.221387004E1,-2.142521143E0,8.337640762E-1,-1.160676479E0,2.575408564E0
2.222385204E1,-2.154633522E0,9.813785553E-1,-1.107781887E0,2.613949156E0
2.223383404E1,-2.103882313E0,1.116901875E0,-1.038710594E0,2.598597753E0
2.224381604E1,-1.998535275E0,1.213017464E0,-9.611881971E-1,2.527733642E0
2.225379704E1,-1.862625122E0,1.264561296E0,-8.810139894E-1,2.417575907E0
2.226377904E1,-1.711545944E0,1.296277761E0,-7.796442509E-1,2.284200235E0
2.227376104E1,-1.553717732E0,1.317152143E0,-6.340641379E-1,2.133299297E0
2.228374304E1,-1.398972511E0,1.330061316E0,-4.096421301E-1,1.973320518E0
2.229372504E1,-1.237247467E0,1.332257390E0,-1.338342726E-1,1.823075056E0
2.230370704E1,-1.058320045E0,1.318329573E0,1.468457580E-1,1.696937788E0
2.231368904E1,-8.739377260E-1,1.307523251E0,4.069582820E-1,1.624499690E0
2.232367104E1,-7.145079374E-1,1.273818731E0,6.592465043E-1,1.602417457E0
2.233365304E1,-5.690657496E-1,1.224490762E0,9.014444947E-1,1.623519519E0
2.234363504E1,-4.184674621E-1,1.182239175E0,1.128343463E0,1.686998356E0
2.235361604E1,-2.662696838E-1,1.131969810E0,1.327927470E0,1.765119418E0
2.236359804E1,-1.461469084E-1,1.063794494E0,1.464265227E0,1.815789167E0
2.237358004E1,-7.844562083E-2,9.681410193E-1,1.538841724E0,1.819748500E0
2.238356204E1,-7.312587649E-2,8.648670316E-1,1.555645943E0,1.781397394E0
2.239354404E1,-1.304895729E-1,7.433312535E-1,1.557630181E0,1.730832361E0
2.240352604E1,-2.376684546E-1,6.173677444E-1,1.543869257E0,1.679631361E0
2.241350804E1,-3.758636117E-1,4.988839626E-1,1.533835053E0,1.656142697E0
2.242349004E1,-5.126467347E-1,4.000624418E-1,1.512999535E0,1.646822463E0
2.243347204E1,-6.314383149E-1,3.339188397E-1,1.462983489E0,1.628046936E0
2.244345404E1,-7.017958760E-1,3.061841130E-1,1.393474221E0,1.589980053E0
2.245343504E1,-7.500475645E-1,3.304084837E-1,1.310522676E0,1.545707216E0
2.246341704E1,-7.984811068E-1,3.880107701E-1,1.228718758E0,1.515874078E0
2.247339904E1,-8.658143282E-1,4.750356972E-1,1.154638886E0,1.519369712E0
2.248338104E1,-9.587994218E-1,5.845243335E-1,1.095216036E0,1.568586368E0
2.249336304E1,-1.046434760E0,6.901911497E-1,1.067194581E0,1.646296998E0
2.250334504E1,-1.127068639E0,7.901897430E-1,1.056063652E0,1.734921896E0
2.251332704E1,-1.187792182E0,8.720047474E-1,1.051445961E0,1.810188155E0
2.252330904E1,-1.223779082E0,9.287773967E-1,1.053045511E0,1.862570145E0
2.253329104E1,-1.234816313E0,9.516270161E-1,1.058947802E0,1.884604932E0
2.254327304E1,-1.219638228E0,9.355317354E-1,1.069108844E0,1.872359676E0
2.255325504E1,-1.179528832E0,8.813704848E-1,1.084944010E0,1.828990351E0
2.256323604E1,-1.122916579E0,7.929111123E-1,1.111756682E0,1.767951526E0
2.257321804E1,-1.040235877E0,6.695739627E-1,1.155233502E0,1.692626485E0
2.258320004E1,-9.459786415E-1,5.314646363E-1,1.211657405E0,1.626482068E0
2.259318204E1,-8.488592505E-1,3.898547888E-1,1.276108503E0,1.581455562E0
2.260316404E1,-7.429525256E-1,2.528457344E-1,1.342448950E0,1.555017236E0
2.261314604E1,-6.324062943E-1,1.246217191E-1,1.409222960E0,1.549637908E0
2.262312804E1,-5.291553736E-1,7.707141340E-4,1.478930235E0,1.570745251E0
2.263311004E1,-4.220541716E-1,-1.100846976E-1,1.554827690E0,1.614849067E0
2.264309204E1,-3.023811579E-1,-2.086177170E-1,1.637155056E0,1.677865428E0
2.265307404E1,-1.689101756E-1,-2.969262600E-1,1.713097811E0,1.746825681E0
2.266305504E1,-2.617423423E-2,-3.842852712E-1,1.779108644E0,1.820326296E0
2.267303704E1,1.298148334E-1,-4.670139849E-1,1.825903058E0,1.889146879E0
2.268301904E1,2.995887399E-1,-5.497347116E-1,1.860022068E0,1.962560511E0
2.269300104E1,4.833255410E-1,-6.246241331E-1,1.895552158E0,2.053503560E0
2.270298304E1,6.793231964E-1,-6.918519735E-1,1.942983627E0,2.171479803E0
2.271296504E1,8.874034286E-1,-7.710605264E-1,1.996432781E0,2.316843333E0
2.272294704E1,1.104185462E0,-8.614375591E-1,2.033210516E0,2.468855039E0
2.273292904E1,1.319397926E0,-9.551185369E-1,2.022971869E0,2.597205708E0
2.274291104E1,1.507944345E0,-1.043756008E0,1.949356198E0,2.676436501E0
2.275289304E1,1.669352174E0,-1.110202909E0,1.811242819E0,2.701830440E0
2.276287404E1,1.791804314E0,-1.156011224E0,1.636341214E0,2.687849925E0
2.277285604E1,1.871720910E0,-1.202787519E0,1.450448036E0,2.655905963E0
2.278283779E1,1.897698402E0,-1.181870699E0,1.239842296E0,2.556420641E0
2.279281979E1,1.853936791E0,-1.119089842E0,1.009115577E0,2.389091448E0
2.280280179E1,1.749010563E0,-1.026318669E0,7.665488720E-1,2.167940297E0
2.281278379E1,1.587695241E0,-9.128147364E-1,5.064321160E-1,1.900126419E0
2.282276579E1,1.390192866E0,-7.723847032E-1,2.701616883E-1,1.613134115E0
2.283274779E1,1.181376457E0,-6.020217538E-1,8.221706003E-2,1.328472872E0
2.284272979E1,9.629043341E-1,-4.079547226E-1,-6.016248092E-2,1.047488108E0
2.285271179E1,7.320812345E-1,-2.310643792E-1,-1.917407364E-1,7.912636673E-1
2.286269279E1,4.823647439E-1,-7.496055961E-2,-3.330278993E-1,5.909335101E-1
2.287267479E1,2.221318185E-1,5.061707273E-2,-4.883463681E-1,5.388755033E-1
2.288265679E1,-3.385419026E-2,1.487209201E-1,-6.586858630E-1,6.761146977E-1
2.289263879E1,-2.635068297E-1,2.156695873E-1,-8.358092308E-1,9.025111027E-1
2.290262079E1,-4.659810066E-1,2.596424520E-1,-1.017824173E0,1.149138176E0
2.291260279E1,-6.241413355E-1,2.860109508E-1,-1.186496377E0,1.370813015E0
2.292258479E1,-7.347034216E-1,3.030439913E-1,-1.337254405E0,1.555594459E0
2.293256679E1,-8.065666556E-1,3.238744438E-1,-1.462110877E0,1.700944632E0
2.294254879E1,-8.472929001E-1,3.399325609E-1,-1.573492050E0,1.819158222E0
2.295253079E1,-8.627434969E-1,3.458666205E-1,-1.671438336E0,1.912499980E0
2.296251279E1,-8.645691276E-1,3.449414372E-1,-1.755612850E0,1.987118731E0
2.297249379E1,-8.423612714E-1,3.168171346E-1,-1.820795894E0,2.031069495E0
2.298247579E1,-7.858098745E-1,2.777666748E-1,-1.874446511E0,2.051390067E0
2.299245779E1,-6.968283653E-1,2.224525511E-1,-1.914549470E0,2.049525453E0
2.300243979E1,-5.720964670E-1,1.450623125E-1,-1.936202168E0,2.024158166E0
2.301242179E1,-4.145004451E-1,5.244795978E-2,-1.944292068E0,1.988676207E0
2.302240379E1,-2.276131064E-1,-5.374684185E-2,-1.946680188E0,1.960678506E0
2.303238579E1,-2.102345228E-2,-1.780011505E-1,-1.948063970E0,1.956292316E0
2.304236779E1,2.125587165E-1,-3.061716557E-1,-1.954361081E0,1.989585265E0
2.305234979E1,4.668328166E-1,-4.586730301E-1,-1.951379657E0,2.058202223E0
2.306233179E1,7.377446294E-1,-6.670699120E-1,-1.919118643E0,2.161542452E0
2.307231279E1,1.017852306E0,-9.139321446E-1,-1.859309435E0,2.308316888E0
2.308229479E1,1.290793777E0,-1.147287607E0,-1.778595686E0,2.479076449E0
2.309227679E1,1.547850251E0,-1.348406076E0,-1.670662761E0,2.646725034E0
2.310225879E1,1.762466669E0,-1.508939624E0,-1.571942449E0,2.802532892E0
2.311224079E1,1.905871749E0,-1.601777434E0,-1.539877892E0,2.927330182E0
2.312222279E1,1.936350584E0,-1.664358616E0,-1.553028822E0,2.988551774E0
2.313220479E1,1.870812058E0,-1.710555315E0,-1.587300420E0,2.990896164E0
2.314218679E1,1.773256302E0,-1.688160181E0,-1.615768671E0,2.933433331E0
2.315216879E1,1.661516786E0,-1.619387269E0,-1.630773783E0,2.835926002E0
2.316214979E1,1.523527145E0,-1.537318826E0,-1.628346086E0,2.708504220E0
2.317213179E1,1.345523596E0,-1.458367825E0,-1.614710927E0,2.558234125E0
2.318211379E1,1.130124092E0,-1.369712591E0,-1.589773655E0,2.383416313E0
2.319209579E1,8.939670920E-1,-1.267714500E0,-1.552048683E0,2.194340979E0
2.320207779E1,6.253412962E-1,-1.157551646E0,-1.508270025E0,2.001463469E0
2.321205979E1,3.414731324E-1,-1.027524352E0,-1.441805005E0,1.803111718E0
2.322204179E1,5.620822683E-2,-8.700495958E-1,-1.365978241E0,1.620506778E0
2.323202379E1,-1.932213157E-1,-6.967931390E-1,-1.293085933E0,1.481528395E0
2.324200579E1,-4.048460126E-1,-4.952385426E-1,-1.236859322E0,1.392473515E0
2.325198779E1,-5.777245760E-1,-2.906403840E-1,-1.204679608E0,1.367293120E0
2.326196879E1,-7.279031277E-1,-9.418879449E-2,-1.193106294E0,1.400791605E0
2.327195079E1,-8.788439035E-1,8.094094694E-2,-1.190197349E0,1.481717845E0
2.328193279E1,-1.034177899E0,2.491846085E-1,-1.167571664E0,1.579506406E0
2.329191479E1,-1.188610435E0,4.190926850E-1,-1.105981231E0,1.676790961E0
2.330189679E1,-1.327738523E0,5.751793981E-1,-1.016988039E0,1.768611206E0
2.331187879E1,-1.430679798E0,7.113723755E-1,-9.140403867E-1,1.840751251E0
2.332186079E1,-1.488005280E0,8.386016488E-1,-7.968918085E-1,1.884794152E0
2.333184279E1,-1.495121002E0,9.712510109E-1,-6.571219563E-1,1.900138048E0
2.334182479E1,-1.463605642E0,1.093987703E0,-4.930191338E-1,1.892622106E0
2.335180679E1,-1.390885592E0,1.199000120E0,-3.081057370E-1,1.862013201E0
2.336178779E1,-1.302792192E0,1.309978366E0,-1.003119275E-1,1.850236011E0
2.337176979E1,-1.208560228E0,1.397572756E0,1.383549720E-1,1.852827442E0
2.338175179E1,-1.089680791E0,1.485186338E0,4.134836197E-1,1.887896022E0
2.339173379E1,-9.314925075E-1,1.577859044E0,7.373522520E-1,1.975096402E0
2.340171579E1,-7.454013228E-1,1.662197948E0,1.104938149E0,2.130589933E0
2.341169779E1,-6.042820215E-1,1.732346416E0,1.490959883E0,2.364136679E0
2.342167979E1,-5.459749699E-1,1.762235522E0,1.849582195E0,2.612377653E0
2.343166179E1,-5.689092875E-1,1.766673207E0,2.133627892E0,2.827925031E0
2.344164379E1,-6.513343453E-1,1.736620188E0,2.333973408E0,2.981194052E0
2.345162579E1,-7.720005512E-1,1.649280548E0,2.447026014E0,3.050253677E0
2.346160679E1,-9.106816649E-1,1.517575502E0,2.525589705E0,3.083987655E0
2.347158879E1,-1.029144049E0,1.372548819E0,2.614759922E0,3.127298704E0
2.348157079E1,-1.099064946E0,1.240654230E0,2.660018682E0,3.134145189E0
2.349155279E1,-1.113892198E0,1.099177718E0,2.613013744E0,3.045782053E0
2.350153479E1,-1.108633280E0,9.355370998E-1,2.441213608E0,2.839686830E0
2.351151679E1,-1.131843805E0,7.540475130E-1,2.113959789E0,2.513659492E0
2.352149879E1,-1.201639652E0,5.446341634E-1,1.717467546E0,2.165700579E0
2.353148079E1,-1.314857244E0,3.395318687E-1,1.325378656E0,1.897566875E0
2.354146279E1,-1.468633771E0,1.728996783E-1,9.861465693E-1,1.777431998E0
2.355144479E1,-1.631712794E0,7.141008228E-2,7.165725827E-1,1.783553282E0
2.356142579E1,-1.759126425E0,3.446575999E-2,4.931424856E-1,1.827266586E0
2.357140779E1,-1.830079436E0,6.092400104E-2,2.974531353E-1,1.855095913E0
2.358138979E1,-1.859756708E0,1.167090982E-1,1.083867028E-1,1.866564680E0
2.359137179E1,-1.850245595E0,1.956582367E-1,-1.018360406E-1,1.863346851E0
2.360135379E1,-1.814324141E0,2.934467793E-1,-3.086712360E-1,1.863641873E0
2.361133579E1,-1.770505905E0,4.152773619E-1,-4.748546183E-1,1.879530089E0
2.362131779E1,-1.734170318E0,5.389015079E-1,-5.892573595E-1,1.909184580E0
2.363129979E1,-1.700490952E0,6.586353779E-1,-6.569325328E-1,1.938306062E0
2.364128179E1,-1.667447567E0,7.641546726E-1,-6.854712963E-1,1.958107415E0
2.365126279E1,-1.632331133E0,8.520115614E-1,-6.660624146E-1,1.958077570E0
2.366124479E1,-1.620282054E0,9.235647917E-1,-6.038811207E-1,1.960346466E0
2.367122679E1,-1.646763682E0,9.921912551E-1,-4.958523810E-1,1.985483240E0
2.368120879E1,-1.724399447E0,1.084625483E0,-3.642897606E-1,2.069461988E0
2.369119079E1,-1.847575188E0,1.223881364E0,-2.371864021E-1,2.228828629E0
2.370117279E1,-2.000966311E0,1.400044680E0,-1.065708771E-1,2.444452624E0
2.371115479E1,-2.172750711E0,1.600579023E0,1.614944823E-2,2.698695920E0
2.372113679E1,-2.334372044E0,1.835028410E0,1.302323490E-1,2.972134346E0
2.373111879E1,-2.485150337E0,2.057451010E0,2.265112251E-1,3.234251720E0
2.374110079E1,-2.613240004E0,2.244388103E0,3.008488417E-1,3.457862244E0
2.375108179E1,-2.716302156E0,2.384114027E0,3.314091563E-1,3.629342796E0
2.376106379E1,-2.780896902E0,2.437766075E0,3.392311037E-1,3.713646289E0
2.377104579E1,-2.810129166E0,2.380654573E0,3.545860946E-1,3.700009922E0
2.378102829E1,-2.797619820E0,2.214978218E0,4.082082510E-1,3.591578920E0
2.379101029E1,-2.734348774E0,1.953761458E0,5.064131618E-1,3.398573428E0
2.380099229E1,-2.593124151E0,1.614861608E0,6.543223262E-1,3.124133253E0
2.381097429E1,-2.379513264E0,1.202575207E0,8.181413412E-1,2.788839500E0
2.382095629E1,-2.106555939E0,7.443808913E-1,9.639486074E-1,2.433285382E0
2.383093829E1,-1.777420402E0,2.788843513E-1,1.080827355E0,2.098853863E0
2.384092029E1,-1.414449692E0,-1.918090284E-1,1.159704685E0,1.839123049E0
2.385090129E1,-1.034892559E0,-6.393447518E-1,1.197134018E0,1.706720299E0
2.386088329E1,-6.667417884E-1,-1.042845249E0,1.206193686E0,1.728286444E0
2.387086529E1,-3.167877793E-1,-1.370139003E0,1.206863761E0,1.853147464E0
2.388084729E1,7.448965684E-3,-1.604220629E0,1.212120295E0,2.010675240E0
2.389082929E1,3.177005649E-1,-1.743932962E0,1.231360674E0,2.158352366E0
2.390081129E1,6.128603816E-1,-1.826892614E0,1.254357696E0,2.299249378E0
2.391079329E1,9.021033645E-1,-1.854598284E0,1.268137455E0,2.421053052E0
2.392077529E1,1.167454958E0,-1.843014956E0,1.269404531E0,2.524092524E0
2.393075729E1,1.366941690E0,-1.774607420E0,1.242810011E0,2.561706034E0
2.394073829E1,1.459562063E0,-1.680034637E0,1.172391891E0,2.515420551E0
2.395072029E1,1.428910613E0,-1.537488937E0,1.054904103E0,2.349144619E0
2.396070229E1,1.289024711E0,-1.355531216E0,8.808307052E-1,2.067586108E0
2.397068429E1,1.089954019E0,-1.122731566E0,6.724737287E-1,1.703157905E0
2.398066629E1,8.854257464E-1,-8.497195840E-1,4.825049043E-1,1.318640628E0
2.399064829E1,7.092421651E-1,-5.681086779E-1,3.217389286E-1,9.639957763E-1
2.400063029E1,5.497172475E-1,-3.336512148E-1,1.624155939E-1,6.632427990E-1
2.401061229E1,4.060668647E-1,-1.913710088E-1,-3.215262666E-2,4.500521670E-1
2.402059429E1,2.797790468E-1,-9.213003516E-2,-2.639448047E-1,3.955137397E-1
2.403057629E1,1.879077256E-1,-2.620987222E-2,-5.159512758E-1,5.497290148E-1
2.404055729E1,1.438904107E-1,2.387435175E-2,-7.620633841E-1,7.758962793E-1
2.405053929E1,1.713537276E-1,8.576487750E-2,-9.785970449E-1,9.971809718E-1
2.406052129E1,2.741551101E-1,1.574969888E-1,-1.153303981E0,1.195858018E0
2.407050329E1,4.372191429E-1,2.248344719E-1,-1.281174779E0,1.372268171E0
2.408048529E1,6.270719767E-1,2.621073425E-1,-1.362535477E0,1.522636676E0
2.409046729E1,8.255032897E-1,2.267661244E-1,-1.409005880E0,1.648689215E0
2.410044929E1,1.016183257E0,1.403254271E-1,-1.442948341E0,1.770429200E0
2.411043129E1,1.200373650E0,-1.576057449E-2,-1.445595503E0,1.879066697E0
2.412041329E1,1.379372120E0,-2.165170163E-1,-1.410648108E0,1.984811111E0
2.413039429E1,1.540415883E0,-4.379862845E-1,-1.344481826E0,2.091015174E0
2.414037629E1,1.696841598E0,-6.783909202E-1,-1.255988359E0,2.217429234E0
2.415035829E1,1.834683299E0,-9.186283350E-1,-1.150975108E0,2.352591024E0
2.416034029E1,1.969296575E0,-1.134534955E0,-1.027410388E0,2.494167330E0
2.417032229E1,2.093382120E0,-1.316814184E0,-9.037292600E-1,2.633054286E0
2.418030429E1,2.222729206E0,-1.452377677E0,-7.892459631E-1,2.769988309E0
2.419028629E1,2.358470201E0,-1.549371958E0,-6.958430409E-1,2.906395137E0
2.420026829E1,2.490970373E0,-1.620867848E0,-6.139578819E-1,3.034648293E0
2.421025029E1,2.616970778E0,-1.683500886E0,-5.302411318E-1,3.156559352E0
2.422023229E1,2.704896688E0,-1.743222356E0,-4.659919739E-1,3.251528686E0
2.423021329E1,2.744161129E0,-1.794426680E0,-4.272986352E-1,3.306504428E0
2.424019529E1,2.741771221E0,-1.813088298E0,-3.973833621E-1,3.310968460E0
2.425017729E1,2.702634573E0,-1.802424669E0,-3.927848637E-1,3.272193190E0
2.426015929E1,2.609650373E0,-1.760204434E0,-4.253251851E-1,3.176396738E0
2.427014129E1,2.476745844E0,-1.711969018E0,-4.865523279E-1,3.049891975E0
2.428012329E1,2.312153101E0,-1.671914220E0,-5.539538264E-1,2.906581147E0
2.429010529E1,2.154566050E0,-1.637513161E0,-6.189230084E-1,2.776088958E0
2.430008729E1,2.007408142E0,-1.634655118E0,-6.918935776E-1,2.679645784E0
2.431006929E1,1.868098140E0,-1.665703058E0,-7.837001681E-1,2.622697713E0
2.432005029E1,1.725105882E0,-1.714110255E0,-8.593692780E-1,2.579278935E0
2.433003229E1,1.579703093E0,-1.753960967E0,-9.119006395E-1,2.530494756E0
2.434001429E1,1.412325501E0,-1.755475879E0,-9.284935594E-1,2.436895396E0
2.434999629E1,1.210176706E0,-1.714218378E0,-9.108471870E-1,2.287512821E0
2.435997829E1,9.869518876E-1,-1.637564778E0,-8.648457527E-1,2.098487695E0
2.436996029E1,7.411131263E-1,-1.517550826E0,-8.059142232E-1,1.871284829E0
2.437994229E1,4.865485430E-1,-1.348131776E0,-7.568126321E-1,1.620788120E0
2.438992429E1,2.280088514E-1,-1.138379812E0,-7.348995805E-1,1.374035672E0
2.439990629E1,-3.708920255E-2,-8.996151686E-1,-7.536172867E-1,1.174147382E0
2.440988729E1,-2.969929278E-1,-6.479251385E-1,-8.134158850E-1,1.081506905E0
2.441986929E1,-5.493676662E-1,-3.900574148E-1,-8.959242702E-1,1.120995057E0
2.442985129E1,-7.850465178E-1,-1.352887750E-1,-9.834701419E-1,1.265628148E0
2.443983329E1,-1.000258684E0,1.268739551E-1,-1.057306886E0,1.460997018E0
2.444981529E1,-1.188186646E0,3.793112636E-1,-1.080837965E0,1.650416689E0
2.445979729E1,-1.342785954E0,6.108602881E-1,-1.056103945E0,1.814271191E0
2.446977929E1,-1.451223373E0,8.145513535E-1,-9.849871397E-1,1.933841475E0
2.447976129E1,-1.503469706E0,9.914692044E-1,-8.893830776E-1,2.008590202E0
2.448974329E1,-1.480217457E0,1.123121500E0,-7.714902759E-1,2.011875461E0
2.449972429E1,-1.381746769E0,1.201665044E0,-6.515181065E-1,1.943630329E0
2.450970629E1,-1.251053214E0,1.215069175E0,-5.417079926E-1,1.826191335E0
2.451968829E1,-1.113220096E0,1.173540950E0,-4.502702057E-1,1.679047528E0
2.452967029E1,-1.011218309E0,1.099668622E0,-3.532262146E-1,1.535122896E0
2.453965229E1,-9.370617270E-1,1.016459107E0,-2.322477102E-1,1.401860477E0
2.454963429E1,-8.726468086E-1,9.363464117E-1,-6.517003477E-2,1.281602196E0
2.455961629E1,-8.290219307E-1,8.595218062E-1,1.386913806E-1,1.202202311E0
2.456959829E1,-7.955765724E-1,8.216053247E-1,3.582522273E-1,1.198466541E0
2.457958029E1,-7.853136063E-1,7.806267142E-1,5.885129571E-1,1.253970904E0
2.458956129E1,-7.931406498E-1,7.471912503E-1,8.222416043E-1,1.365081723E0
2.459954329E1,-8.089584708E-1,7.367681861E-1,1.064594626E0,1.526631221E0
2.460952529E1,-8.155723810E-1,7.312860489E-1,1.282250285E0,1.686446972E0
2.461950729E1,-7.891862988E-1,7.095196843E-1,1.460820913E0,1.805610960E0
2.462948929E1,-7.290267944E-1,6.837666631E-1,1.581270576E0,1.870677297E0
2.463947129E1,-6.437659860E-1,6.497107148E-1,1.660258293E0,1.895525325E0
2.464945329E1,-5.469374657E-1,5.842275620E-1,1.708352804E0,1.886513117E0
2.465943529E1,-4.518591166E-1,4.841072559E-1,1.731872082E0,1.854162184E0
2.466941729E1,-3.596213162E-1,3.540360630E-1,1.736663461E0,1.808499102E0
2.467939929E1,-2.643581033E-1,1.987391114E-1,1.723225117E0,1.754675823E0
2.468938029E1,-1.639745086E-1,3.469877690E-2,1.700145006E0,1.708386574E0
2.469936229E1,-6.400213391E-2,-1.157214195E-1,1.660848618E0,1.666104994E0
2.470934429E1,2.730194852E-2,-2.426625937E-1,1.607095838E0,1.625542236E0
2.471932629E1,9.975495934E-2,-3.408933282E-1,1.524838805E0,1.565660466E0
2.472930829E1,1.396741420E-1,-4.069716930E-1,1.401992202E0,1.466532290E0
2.473929029E1,1.391311884E-1,-4.133183658E-1,1.250006437E0,1.323897901E0
2.474927229E1,8.880703151E-2,-3.466663957E-1,1.086155176E0,1.143589675E0
2.475925429E1,6.566382945E-4,-2.154828757E-1,9.272206426E-1,9.519303656E-1
2.476923629E1,-1.091715917E-1,-5.094452202E-2,7.878739238E-1,7.970314301E-1
2.477921717E1,-2.280871719E-1,1.277996898E-1,6.679269671E-1,7.172746699E-1
2.478919917E1,-3.276140392E-1,2.883307934E-1,5.809257627E-1,7.265950363E-1
2.479918117E1,-3.969091773E-1,4.058966339E-1,5.149345398E-1,7.664506199E-1
2.480916317E1,-4.300855100E-1,4.716599286E-1,4.651019871E-1,7.897825603E-1
2.481914517E1,-4.356550574E-1,4.850470424E-1,4.322347641E-1,7.822358044E-1
2.482912717E1,-4.009639025E-1,4.516874850E-1,4.020113349E-1,7.255389366E-1
2.483910917E1,-3.384490013E-1,3.811716735E-1,3.783109188E-1,6.347902980E-1
2.484909117E1,-2.627862096E-1,2.774881423E-1,3.660824895E-1,5.292189057E-1
2.485907317E1,-1.904600561E-1,1.606373042E-1,3.633702099E-1,4.405874328E-1
2.486905417E1,-1.222546399E-1,6.498615444E-2,3.843119740E-1,4.084912369E-1
2.487903617E1,-6.457976997E-2,-1.295970939E-2,4.289714992E-1,4.339989031E-1
2.488901817E1,-1.602928340E-2,-7.151223719E-2,4.947563708E-1,5.001547805E-1
2.489900017E1,2.904297411E-2,-1.024108157E-1,5.717552900E-1,5.815802448E-1
2.490898217E1,6.947002560E-2,-1.057227254E-1,6.544339061E-1,6.665486603E-1
2.491896417E1,9.687919170E-2,-8.569315076E-2,7.352703214E-1,7.465596690E-1
2.492894617E1,1.267052740E-1,-5.436877906E-2,8.219192028E-1,8.334034836E-1
2.493892817E1,1.572411060E-1,-2.268755808E-2,8.986760974E-1,9.126106611E-1
2.494891017E1,1.904190332E-1,9.616585448E-3,9.656996131E-1,9.843412161E-1
2.495889117E1,2.296329290E-1,3.121378273E-2,1.025484800E0,1.051344215E0
2.496887317E1,2.827078700E-1,5.500220507E-2,1.083576798E0,1.121199206E0
2.497885517E1,3.361262083E-1,8.048833907E-2,1.138397217E0,1.189708966E0
2.498883717E1,3.978084922E-1,8.219543099E-2,1.182700276E0,1.250514946E0
2.499881917E1,4.754021764E-1,7.390719652E-2,1.218208313E0,1.309771353E0
2.500880117E1,5.628598332E-1,4.745055363E-2,1.239475250E0,1.362116604E0
2.501878317E1,6.562118530E-1,1.148902718E-2,1.229759455E0,1.393934830E0
2.502876517E1,7.294317484E-1,-2.827862650E-2,1.200721860E0,1.405205800E0
2.503874717E1,7.646307349E-1,-6.468422711E-2,1.150892973E0,1.383256609E0
2.504872917E1,7.550212741E-1,-9.672497958E-2,1.077154636E0,1.318967383E0
2.505871017E1,6.939351559E-1,-1.062944978E-1,9.693344831E-1,1.196851645E0
2.506869217E1,5.815183520E-1,-1.071685404E-1,8.419941068E-1,1.028884233E0
2.507867417E1,4.243782461E-1,-9.286238998E-2,6.768872738E-1,8.042988876E-1
2.508865617E1,2.256411910E-1,-5.523724854E-2,4.894755483E-1,5.418038511E-1
2.509863817E1,-2.953661373E-3,1.427339856E-2,2.910771966E-1,2.914419126E-1
2.510862017E1,-2.497450709E-1,1.090907156E-1,8.607369661E-2,2.858007452E-1
2.511860217E1,-4.796207249E-1,2.233227193E-1,-1.156689301E-1,5.415610567E-1
2.512858417E1,-6.702607274E-1,3.370580673E-1,-3.005639613E-1,8.082055916E-1
2.513856617E1,-8.177000284E-1,4.489851296E-1,-4.412409663E-1,1.031946982E0
2.514854717E1,-9.211590290E-1,5.506598353E-1,-5.106165409E-1,1.188481999E0
2.515852917E1,-9.901500940E-1,6.329097748E-1,-5.277901292E-1,1.288229177E0
2.516851117E1,-1.020072341E0,6.694526076E-1,-4.924297631E-1,1.315751286E0
2.517849317E1,-1.021055460E0,6.549979448E-1,-4.446759224E-1,1.292019054E0
2.518847517E1,-1.004093766E0,5.811564922E-1,-4.024967849E-1,1.227986491E0
2.519845717E1,-9.695423841E-1,4.788133800E-1,-4.016113579E-1,1.153501786E0
2.520843917E1,-9.033676386E-1,3.660857677E-1,-4.448456466E-1,1.071438066E0
2.521842117E1,-8.185506463E-1,2.555848658E-1,-5.176658630E-1,1.001661984E0
2.522840217E1,-7.230174541E-1,1.642767936E-1,-6.139774919E-1,9.626575011E-1
2.523838417E1,-6.049161553E-1,1.000232548E-1,-7.324155569E-1,9.551757715E-1
2.524836617E1,-4.508038461E-1,4.695391655E-2,-8.702866435E-1,9.812377998E-1
2.525834817E1,-2.535042763E-1,1.105049346E-2,-1.004155397E0,1.035719360E0
2.526833017E1,-2.811405621E-2,-3.475534543E-2,-1.119151473E0,1.120043907E0
2.527831217E1,2.202859968E-1,-9.886465967E-2,-1.195130706E0,1.219277469E0
2.528829417E1,4.725347459E-1,-1.948945224E-1,-1.227390051E0,1.329571096E0
2.529827617E1,6.975038052E-1,-3.190493286E-1,-1.236933112E0,1.455440674E0
2.530825817E1,8.949884176E-1,-4.686369598E-1,-1.247440815E0,1.605220687E0
2.531823917E1,1.068522692E0,-6.349064112E-1,-1.262133956E0,1.771391830E0
2.532822117E1,1.212639928E0,-8.079008460E-1,-1.266616940E0,1.930678079E0
2.533820317E1,1.336434484E0,-9.641118050E-1,-1.261862278E0,2.075539715E0
2.534818517E1,1.436622024E0,-1.091228008E0,-1.249306560E0,2.194408413E0
2.535816717E1,1.528537273E0,-1.173784375E0,-1.230847836E0,2.286740552E0
2.536814917E1,1.611031890E0,-1.218117952E0,-1.201337695E0,2.349988799E0
2.537813117E1,1.686609268E0,-1.230968118E0,-1.170548201E0,2.393766158E0
2.538811317E1,1.756315112E0,-1.213311434E0,-1.138464570E0,2.419270342E0
2.539809517E1,1.795131326E0,-1.189514279E0,-1.128902197E0,2.431431855E0
2.540807617E1,1.800881863E0,-1.178726315E0,-1.140043020E0,2.435625032E0
2.541805817E1,1.773250341E0,-1.177285552E0,-1.176308990E0,2.431896561E0
2.542804017E1,1.706824183E0,-1.173811436E0,-1.235612512E0,2.412015829E0
2.543802217E1,1.615562201E0,-1.163050056E0,-1.294809103E0,2.374712039E0
2.544800417E1,1.497091532E0,-1.153708696E0,-1.357608795E0,2.327107314E0
2.545798617E1,1.354881287E0,-1.137683868E0,-1.416837811E0,2.266595965E0
2.546796817E1,1.197427154E0,-1.112081289E0,-1.475536585E0,2.201764019E0
2.547795017E1,1.039509058E0,-1.076651216E0,-1.556655049E0,2.159382288E0
2.548793217E1,8.847531676E-1,-1.030812144E0,-1.646722913E0,2.134726726E0
2.549791317E1,7.336918116E-1,-9.873877168E-1,-1.707708597E0,2.104639359E0
2.550789517E1,5.851966143E-1,-9.276247621E-1,-1.749493837E0,2.064865967E0
2.551787717E1,4.458475709E-1,-8.540816307E-1,-1.749960780E0,1.997648172E0
2.552785917E1,3.254676461E-1,-7.502849698E-1,-1.718437910E0,1.903125213E0
2.553784117E1,2.212938815E-1,-6.319838166E-1,-1.672513485E0,1.801575945E0
2.554782317E1,1.232687831E-1,-5.201315880E-1,-1.619672894E0,1.705600289E0
2.555780517E1,3.476072103E-2,-4.144621789E-1,-1.569436789E0,1.623612958E0
2.556778717E1,-5.604401603E-2,-3.060318232E-1,-1.509899378E0,1.541620102E0
2.557776917E1,-1.510071903E-1,-2.043981850E-1,-1.454347491E0,1.476383560E0
2.558775017E1,-2.642085552E-1,-1.013431698E-1,-1.391517639E0,1.419999274E0
2.559773217E1,-3.841475844E-1,1.050748397E-2,-1.318307161E0,1.373176444E0
2.560771417E1,-4.954067171E-1,1.267981380E-1,-1.213499784E0,1.316847489E0
2.561769617E1,-6.075156331E-1,2.351120114E-1,-1.082218289E0,1.263150556E0
2.562767817E1,-7.127763033E-1,3.180350959E-1,-9.427390695E-1,1.223909038E0
2.563766017E1,-8.039537072E-1,3.797973990E-1,-8.034619689E-1,1.198390071E0
2.564764217E1,-8.641960025E-1,4.221142232E-1,-6.675794721E-1,1.170759369E0
2.565762417E1,-8.930642605E-1,4.542715847E-1,-5.190168023E-1,1.128408121E0
2.566760617E1,-8.856284618E-1,4.817703366E-1,-3.557954133E-1,1.069126188E0
2.567758717E1,-8.467727304E-1,4.984295666E-1,-1.853881478E-1,9.999124237E-1
2.568756917E1,-7.710023522E-1,5.072355866E-1,-4.611975048E-3,9.229051077E-1
2.569755117E1,-6.591935754E-1,4.983524084E-1,1.821906269E-1,8.462178900E-1
2.570753317E1,-5.204886794E-1,4.602503181E-1,3.606048524E-1,7.827992592E-1
2.571751517E1,-3.672662377E-1,3.970929980E-1,5.217164159E-1,7.515020672E-1
2.572749717E1,-2.328993976E-1,3.150918484E-1,6.540928483E-1,7.624712824E-1
2.573747917E1,-1.586705446E-1,2.277458757E-1,7.740077376E-1,8.222727671E-1
2.574746117E1,-1.617922932E-1,1.448137164E-1,8.954526782E-1,9.214028747E-1
2.575744217E1,-2.246962041E-1,7.253964245E-2,1.025853038E0,1.052675087E0
2.576742417E1,-3.271442652E-1,3.122016415E-2,1.165049553E0,1.210511681E0
2.577740617E1,-4.620197415E-1,1.651237905E-2,1.329723358E0,1.407799385E0
2.578738817E1,-6.056594253E-1,3.407459334E-2,1.499729991E0,1.617768359E0
2.579737017E1,-7.488171458E-1,9.664157033E-2,1.646802306E0,1.811635876E0
2.580735217E1,-8.521682620E-1,2.114776075E-1,1.755391002E0,1.962730520E0
2.581733417E1,-9.119319916E-1,3.436386287E-1,1.812380672E0,2.057773351E0
2.582731617E1,-9.431412816E-1,4.660753310E-1,1.830054641E0,2.110886468E0
2.583729817E1,-9.434152246E-1,5.573269129E-1,1.788518071E0,2.097484795E0
2.584727917E1,-9.135652184E-1,6.321644187E-1,1.681678176E0,2.015508558E0
2.585726117E1,-8.653788567E-1,6.765800714E-1,1.532872438E0,1.885825833E0
2.586724317E1,-7.927275896E-1,6.746913195E-1,1.366612911E0,1.717922075E0
2.587722517E1,-6.812341809E-1,6.212321520E-1,1.189367056E0,1.504859924E0
2.588720717E1,-5.373776555E-1,5.274715424E-1,1.015417099E0,1.264149065E0
2.589718917E1,-3.814240992E-1,3.867286444E-1,8.506059647E-1,1.009244220E0
2.590717117E1,-2.453535795E-1,2.212557793E-1,6.878516674E-1,7.630808707E-1
2.591715317E1,-1.506433785E-1,6.219009310E-2,5.277059078E-1,5.522993394E-1
2.592713517E1,-1.342814416E-1,-5.012179911E-2,3.732026517E-1,3.997798389E-1
2.593711617E1,-1.899014711E-1,-8.811961859E-2,2.431581467E-1,3.208637098E-1
2.594709817E1,-2.980764210E-1,-4.566404223E-2,1.444472820E-1,3.343647332E-1
2.595708017E1,-4.317484200E-1,7.578618079E-2,8.154613525E-2,4.458699536E-1
2.596706217E1,-5.889819860E-1,2.482125461E-1,5.882298201E-2,6.418484176E-1
2.597704417E1,-7.526060343E-1,4.491268396E-1,5.846264213E-2,8.783784159E-1
2.598702617E1,-8.928917646E-1,6.480146646E-1,8.957208693E-2,1.106888372E0
2.599700817E1,-1.002047300E0,8.108882308E-1,1.379034668E-1,1.296401127E0
2.600699017E1,-1.082161546E0,9.168034792E-1,1.878118962E-1,1.430690581E0
2.601697117E1,-1.124297619E0,9.665645361E-1,2.311012894E-1,1.500566541E0
2.602695317E1,-1.127166390E0,9.573433399E-1,2.725238204E-1,1.503755158E0
2.603693517E1,-1.108817101E0,8.958045840E-1,3.167772889E-1,1.460235962E0
2.604691717E1,-1.063644290E0,7.955850363E-1,3.722666502E-1,1.379448145E0
2.605689917E1,-1.004428983E0,6.644203067E-1,4.454172552E-1,1.284028215E0
2.606688117E1,-9.375324249E-1,5.197201371E-1,5.371019244E-1,1.198980628E0
2.607686317E1,-8.610904813E-1,3.784804940E-1,6.503642797E-1,1.143546238E0
2.608684517E1,-7.735438943E-1,2.491419166E-1,7.870733738E-1,1.131338299E0
2.609682717E1,-6.717490554E-1,1.326795518E-1,9.421167970E-1,1.164660773E0
2.610680817E1,-5.497355461E-1,2.572248504E-2,1.096602440E0,1.226950581E0
2.611679017E1,-4.155597091E-1,-7.131775469E-2,1.243765473E0,1.313289247E0
2.612677217E1,-2.776095569E-1,-1.358141899E-1,1.367015481E0,1.401514854E0
2.613675417E1,-1.574755758E-1,-1.675694883E-1,1.473196983E0,1.491035694E0
2.614673617E1,-5.473055318E-2,-2.000030577E-1,1.571292996E0,1.584915877E0
2.615671817E1,2.983826026E-2,-2.041127533E-1,1.674247026E0,1.686907064E0
2.616670017E1,1.053673699E-1,-1.933652908E-1,1.765908241E0,1.779585439E0
2.617668217E1,1.808003336E-1,-1.839078218E-1,1.828391433E0,1.846490205E0
2.618666317E1,2.648797929E-1,-1.823727787E-1,1.815999985E0,1.844255156E0
2.619664517E1,3.744268119E-1,-1.887461841E-1,1.726287723E0,1.776482440E0
2.620662717E1,4.950784147E-1,-2.273947746E-1,1.568369389E0,1.660299238E0
2.621660917E1,6.141372919E-1,-2.911372781E-1,1.383455753E0,1.541387475E0
2.622659117E1,7.016663551E-1,-3.591799736E-1,1.208381176E0,1.442751189E0
2.623657317E1,7.593489885E-1,-4.288339615E-1,1.054852724E0,1.368657635E0
2.624655517E1,7.732133865E-1,-4.877380133E-1,9.231833816E-1,1.299236263E0
2.625653717E1,7.507258058E-1,-5.335257053E-1,7.854765654E-1,1.210459561E0
2.626651917E1,6.929447651E-1,-5.540797114E-1,6.292848587E-1,1.087739035E0
2.627650017E1,6.064574122E-1,-5.343716145E-1,4.715615213E-1,9.357958557E-1
2.628648217E1,4.891440868E-1,-4.927857816E-1,3.006867170E-1,7.566454031E-1
2.629646417E1,3.596914709E-1,-4.590794742E-1,1.119341701E-1,5.938528238E-1
2.630644617E1,2.273214459E-1,-4.280925393E-1,-8.300522715E-2,4.917602360E-1
2.631642817E1,1.087873504E-1,-3.753604591E-1,-2.338779271E-1,4.554437908E-1
2.632641017E1,1.889288425E-2,-2.677154839E-1,-3.064280450E-1,4.073409729E-1
2.633639217E1,-5.192330852E-2,-1.383432299E-1,-3.251831234E-1,3.571819465E-1
2.634637417E1,-1.041798592E-1,-3.056164831E-2,-3.376972973E-1,3.547209072E-1
2.635635617E1,-1.545267403E-1,3.065201081E-2,-3.861058950E-1,4.170081791E-1
2.636633717E1,-2.029651105E-1,4.513029009E-2,-4.892634451E-1,5.316110401E-1
2.637631917E1,-2.385492027E-1,2.874865197E-2,-6.273136735E-1,6.717549047E-1
2.638630117E1,-2.584788203E-1,-1.950334385E-2,-7.838153839E-1,8.255654045E-1
2.639628317E1,-2.479626238E-1,-7.307600230E-2,-9.394080639E-1,9.743269859E-1
2.640626517E1,-2.163287997E-1,-1.285371333E-1,-1.062549829E0,1.091939597E0
2.641624717E1,-1.743207872E-1,-1.785906702E-1,-1.156523943E0,1.183144114E0
2.642622917E1,-1.335453987E-1,-2.357988358E-1,-1.222687483E0,1.252357834E0
2.643621117E1,-8.569355309E-2,-2.965200841E-1,-1.266161561E0,1.303239289E0
2.644619217E1,-3.429640830E-2,-3.536108136E-1,-1.304101467E0,1.351627718E0
2.645617417E1,2.238335274E-2,-3.978291154E-1,-1.329687715E0,1.388106061E0
2.646615617E1,9.449429810E-2,-4.302749634E-1,-1.344573975E0,1.414901018E0
2.647613817E1,1.822714508E-1,-4.511001408E-1,-1.346733570E0,1.431923716E0
2.648612017E1,2.960123718E-1,-4.671792388E-1,-1.344118953E0,1.453456406E0
2.649610217E1,4.349974394E-1,-4.851026833E-1,-1.333291531E0,1.483985745E0
2.650608417E1,5.967890024E-1,-5.131809115E-1,-1.307563186E0,1.526182573E0
2.651606617E1,7.692292929E-1,-5.500232577E-1,-1.260612369E0,1.575875259E0
2.652604717E1,9.515381455E-1,-6.000983715E-1,-1.198041677E0,1.643425313E0
2.653602917E1,1.140636444E0,-6.666284204E-1,-1.125064135E0,1.735285065E0
2.654601117E1,1.345365405E0,-7.416512370E-1,-1.052202702E0,1.862037904E0
2.655599317E1,1.555115938E0,-8.428643942E-1,-9.948783517E-1,2.029430684E0
2.656597517E1,1.769899249E0,-9.669950008E-1,-9.466810226E-1,2.227964910E0
2.657595717E1,1.978382349E0,-1.093832016E0,-9.025943875E-1,2.434161422E0
2.658593917E1,2.163993835E0,-1.199107051E0,-8.617579937E-1,2.619800351E0
2.659592117E1,2.296096087E0,-1.279065371E0,-8.437367678E-1,2.760426995E0
2.660590317E1,2.358960867E0,-1.332734108E0,-8.799951673E-1,2.848730958E0
2.661588417E1,2.368198872E0,-1.368645430E0,-9.532300830E-1,2.896584851E0
2.662586617E1,2.326360941E0,-1.373210311E0,-1.025949240E0,2.889677080E0
2.663584817E1,2.246214390E0,-1.358091831E0,-1.084981799E0,2.840260201E0
2.664583017E1,2.123366117E0,-1.332707405E0,-1.122579813E0,2.746812359E0
2.665581217E1,1.965875149E0,-1.287437201E0,-1.141552687E0,2.612527929E0
2.666579417E1,1.783502579E0,-1.237349749E0,-1.140719414E0,2.452173858E0
2.667577617E1,1.574779272E0,-1.166503429E0,-1.122099638E0,2.258266504E0
2.668575817E1,1.350647330E0,-1.083916783E0,-1.092385530E0,2.047542417E0
2.669573917E1,1.111573219E0,-1.004116297E0,-1.046760559E0,1.827444179E0
2.670572117E1,8.650534153E-1,-9.137870073E-1,-9.947048426E-1,1.603983114E0
2.671570317E1,6.129912138E-1,-8.153359890E-1,-9.479202032E-1,1.392509862E0
2.672568517E1,3.734582365E-1,-7.074595690E-1,-9.028869271E-1,1.206306304E0
2.673566717E1,1.531144083E-1,-5.897442102E-1,-8.710674644E-1,1.063014950E0
2.674564917E1,-4.592998326E-2,-4.585132003E-1,-8.605128527E-1,9.761282128E-1
2.675563117E1,-2.428639233E-1,-3.322665095E-1,-8.708267808E-1,9.631838873E-1
2.676561317E1,-4.408124089E-1,-2.068193555E-1,-8.946269155E-1,1.018551493E0
2.677559517E1,-6.390688419E-1,-7.947404683E-2,-9.293754101E-1,1.130691718E0
2.678557629E1,-8.333672285E-1,4.494830966E-2,-9.603801966E-1,1.272340917E0
2.679555829E1,-1.027485013E0,1.839648187E-1,-9.818071723E-1,1.433008664E0
2.680554029E1,-1.214283109E0,3.332554996E-1,-9.875769019E-1,1.600265863E0
2.681552229E1,-1.369767189E0,4.816465676E-1,-9.721634388E-1,1.747382992E0
2.682550429E1,-1.482903361E0,6.175911427E-1,-9.370339513E-1,1.859691863E0
2.683548629E1,-1.563079715E0,7.197551131E-1,-8.834635615E-1,1.934366429E0
2.684546829E1,-1.616589308E0,7.677314281E-1,-8.234230876E-1,1.969974141E0
2.685545029E1,-1.667689323E0,7.738780975E-1,-7.437720895E-1,1.983247819E0
2.686543129E1,-1.763410211E0,7.764112949E-1,-6.172655225E-1,2.023226827E0
2.687541329E1,-1.917325974E0,7.902891040E-1,-4.267244935E-1,2.117259916E0
2.688539529E1,-2.101944447E0,8.764820695E-1,-1.711198688E-1,2.283784859E0
2.689537729E1,-2.284550667E0,1.011633992E0,1.111086309E-1,2.500983849E0
2.690535929E1,-2.414923191E0,1.175802112E0,3.680080473E-1,2.711050451E0
2.691534129E1,-2.448092937E0,1.381955624E0,5.971121788E-1,2.873935165E0
2.692532329E1,-2.398562431E0,1.599318266E0,7.976631522E-1,2.991184909E0
2.693530529E1,-2.293067932E0,1.771841645E0,9.500099421E-1,3.049606900E0
2.694528629E1,-2.152449846E0,1.855940342E0,1.047668934E0,3.029053497E0
2.695526829E1,-2.002897024E0,1.832822680E0,1.095861912E0,2.927754907E0
2.696525029E1,-1.864009380E0,1.686115861E0,1.103583455E0,2.745070875E0
2.697523229E1,-1.710948586E0,1.458616853E0,1.082209706E0,2.495212624E0
2.698521429E1,-1.519564748E0,1.182198048E0,1.068339109E0,2.201821450E0
2.699519629E1,-1.265572548E0,8.982464671E-1,1.066434622E0,1.883030375E0
2.700517829E1,-9.484912753E-1,6.160292029E-1,1.068995476E0,1.556238737E0
2.701516029E1,-5.965970755E-1,3.253123760E-1,1.054567695E0,1.254539451E0
2.702514129E1,-2.395038903E-1,4.114644602E-2,1.028700948E0,1.057015035E0
2.703512329E1,8.080043644E-2,-2.342020571E-1,9.753934741E-1,1.006365611E0
2.704510529E1,3.428246081E-1,-4.626744092E-1,9.057803154E-1,1.073328608E0
2.705508729E1,5.001970530E-1,-6.208904982E-1,8.266790509E-1,1.148520943E0
2.706506929E1,5.415341258E-1,-7.111375332E-1,7.440643311E-1,1.163016564E0
2.707505129E1,4.976963401E-1,-7.094419599E-1,6.595515013E-1,1.089044409E0
2.708503329E1,3.851021528E-1,-6.334697008E-1,5.868032575E-1,9.454763841E-1
2.709501529E1,2.195256501E-1,-4.922039807E-1,5.233358145E-1,7.512234317E-1
2.710499729E1,2.701239102E-2,-3.045925498E-1,4.636498988E-1,5.554075254E-1
2.711497829E1,-1.740895212E-1,-9.227105975E-2,4.147869051E-1,4.592050593E-1
2.712496029E1,-3.587347269E-1,9.948372841E-2,3.752948940E-1,5.286150527E-1
2.713494229E1,-5.054969788E-1,2.528494596E-1,3.495446742E-1,6.645611514E-1
2.714492429E1,-6.036954522E-1,3.603426218E-1,3.319638371E-1,7.774927609E-1
2.715490629E1,-6.594513655E-1,4.286772013E-1,3.283520937E-1,8.523234971E-1
2.716488829E1,-6.945992112E-1,4.535061121E-1,3.534984589E-1,9.017189243E-1
2.717487029E1,-7.149487734E-1,4.491182864E-1,3.965952694E-1,9.328165905E-1
2.718485129E1,-7.252368331E-1,4.329422712E-1,4.376441836E-1,9.512832942E-1
2.719483329E1,-7.064343095E-1,4.125997126E-1,4.657677412E-1,9.413965929E-1
2.720481529E1,-6.539801955E-1,3.769152164E-1,4.930923283E-1,9.016070212E-1
2.721479729E1,-5.811325312E-1,3.172326982E-1,5.065882802E-1,8.336565775E-1
2.722477929E1,-4.931592643E-1,2.248862386E-1,5.001647472E-1,7.375260366E-1
2.723476129E1,-3.897154629E-1,1.095942110E-1,4.817079902E-1,6.292309758E-1
2.724474329E1,-2.713648379E-1,-8.006460033E-3,4.524595439E-1,5.276576708E-1
2.725472529E1,-1.537896544E-1,-1.196151599E-1,4.234796762E-1,4.661481315E-1
2.726470729E1,-4.090678319E-2,-2.134820074E-1,4.146331847E-1,4.681544726E-1
2.727468829E1,5.732691661E-2,-2.546124756E-1,4.278458953E-1,5.011646418E-1
2.728467029E1,1.341090500E-1,-2.713381946E-1,4.473870993E-1,5.401526356E-1
2.729465229E1,1.919405013E-1,-2.747878134E-1,4.766267538E-1,5.826856450E-1
2.730463429E1,2.461163849E-1,-2.667509317E-1,5.041763186E-1,6.212270879E-1
2.731461629E1,3.251381516E-1,-2.586956620E-1,5.086073875E-1,6.567493722E-1
2.732459829E1,4.324882925E-1,-2.261832505E-1,4.718278050E-1,6.788420019E-1
2.733458029E1,5.537514687E-1,-1.588409096E-1,3.742419779E-1,6.869702917E-1
2.734456229E1,6.321144104E-1,-9.578338265E-2,2.434583902E-1,6.841162708E-1
2.735454329E1,6.570085287E-1,-5.627224967E-2,1.041814014E-1,6.675930926E-1
2.736452529E1,6.257957220E-1,-3.838406503E-2,-3.838639334E-2,6.281457930E-1
2.737450729E1,5.651997328E-1,-4.821636155E-2,-1.673222333E-1,5.914154929E-1
2.738448929E1,5.117711425E-1,-6.635195762E-2,-2.540832460E-1,5.752135086E-1
2.739447129E1,4.832763076E-1,-7.150562853E-2,-2.796761096E-1,5.629278556E-1
2.740445329E1,4.976408482E-1,-6.172143668E-2,-2.402906120E-1,5.560535295E-1
2.741443529E1,5.314277411E-1,-4.516520351E-2,-1.673933864E-1,5.589954252E-1
2.742441729E1,5.265094042E-1,-5.858300999E-2,-1.084472612E-1,5.407447921E-1
2.743439829E1,4.538169801E-1,-1.148121655E-1,-7.283168286E-2,4.737469143E-1
2.744438029E1,3.176695406E-1,-1.723068804E-1,-6.044371799E-2,3.664110276E-1
2.745436229E1,1.284627467E-1,-2.226773500E-1,-7.260399312E-2,2.671314645E-1
2.746434429E1,-6.653897464E-2,-2.462274134E-1,-1.299522370E-1,2.862568046E-1
2.747432629E1,-2.224861532E-1,-1.876084059E-1,-2.126008123E-1,3.604110261E-1
2.748430829E1,-3.295249939E-1,-7.783343643E-2,-2.645953000E-1,4.297155317E-1
2.749429029E1,-3.859981596E-1,5.887256190E-2,-3.034802973E-1,4.945309380E-1
2.750427229E1,-3.919524550E-1,1.830312610E-1,-3.329580128E-1,5.458829616E-1
2.751425329E1,-3.553696871E-1,2.588923275E-1,-3.572656214E-1,5.665258829E-1
2.752423529E1,-2.705365419E-1,2.810455561E-1,-3.713915646E-1,5.386170433E-1
2.753421729E1,-1.527510434E-1,2.587190270E-1,-3.818029761E-1,4.858414647E-1
2.754419929E1,-3.362886608E-3,1.929418743E-1,-3.707809448E-1,4.179908909E-1
2.755418129E1,1.639695019E-1,9.579226375E-2,-3.472376168E-1,3.957728109E-1
2.756416329E1,3.343361914E-1,-2.812222391E-2,-3.051679432E-1,4.535405406E-1
2.757414529E1,5.042464733E-1,-1.829795390E-1,-2.520282567E-1,5.926755096E-1
2.758412729E1,6.610582471E-1,-3.277657628E-1,-1.953884065E-1,7.632856809E-1
2.759410829E1,8.200734854E-1,-4.393037558E-1,-1.438127607E-1,9.413768753E-1
2.760409029E1,9.707173109E-1,-5.284522176E-1,-1.040283293E-1,1.110124199E0
2.761407229E1,1.123503685E0,-6.107538342E-1,-7.260202616E-2,1.280840283E0
2.762405429E1,1.264168382E0,-6.711375117E-1,-5.918874592E-2,1.432498016E0
2.763403629E1,1.376708984E0,-7.131427526E-1,-7.129222155E-2,1.552089815E0
2.764401829E1,1.454788327E0,-7.446694970E-1,-1.206869408E-1,1.638751682E0
2.765400029E1,1.496505499E0,-7.369174957E-1,-1.955452412E-1,1.679527923E0
2.766398229E1,1.498055816E0,-7.027861476E-1,-2.842170596E-1,1.678945780E0
2.767396329E1,1.466902137E0,-6.406176686E-1,-3.748246729E-1,1.643984918E0
2.768394529E1,1.401469946E0,-5.577877760E-1,-4.614613056E-1,1.577400313E0
2.769392729E1,1.302958727E0,-4.611487091E-1,-5.427976847E-1,1.484920504E0
2.770390929E1,1.186328888E0,-3.804911375E-1,-6.076283455E-1,1.386132008E0
2.771389129E1,1.051885724E0,-3.160682917E-1,-6.433607936E-1,1.272900567E0
2.772387329E1,9.146857858E-1,-2.740920782E-1,-6.560185552E-1,1.158506322E0
2.773385529E1,7.938655019E-1,-2.442848235E-1,-6.526328921E-1,1.056327223E0
2.774383729E1,6.942238212E-1,-2.119660378E-1,-6.285707355E-1,9.601965864E-1
2.775381829E1,6.108328104E-1,-1.874081939E-1,-5.938907862E-1,8.723215114E-1
2.776380029E1,5.507798791E-1,-1.594023854E-1,-5.459605455E-1,7.917326019E-1
2.777378229E1,4.896996319E-1,-1.521401703E-1,-4.971967340E-1,7.142527236E-1
2.778376383E1,4.120349288E-1,-1.582673043E-1,-4.509666562E-1,6.310247596E-1
2.779374583E1,3.229464293E-1,-1.642684191E-1,-4.133448601E-1,5.496657921E-1
2.780372783E1,2.115746289E-1,-1.650745571E-1,-3.599277139E-1,4.489558912E-1
2.781370983E1,8.822793514E-2,-1.449920088E-1,-3.145385683E-1,3.574092361E-1
2.782369183E1,-3.577284142E-2,-1.026336327E-1,-2.835071385E-1,3.036274960E-1
2.783367283E1,-1.632316709E-1,-5.339032784E-2,-2.778955698E-1,3.266818838E-1
2.784365483E1,-2.976930737E-1,9.903423488E-3,-2.925597429E-1,4.175050265E-1
2.785363683E1,-4.432575405E-1,7.784061879E-2,-3.093804419E-1,5.461251385E-1
2.786361883E1,-5.901743174E-1,1.487968117E-1,-3.047113717E-1,6.806579435E-1
2.787360083E1,-7.418811321E-1,2.180273235E-1,-2.869593799E-1,8.247843438E-1
2.788358283E1,-8.843173981E-1,2.793287635E-1,-2.496311516E-1,9.603944661E-1
2.789356483E1,-1.001328945E0,3.505015969E-1,-1.954627037E-1,1.078757014E0
2.790354683E1,-1.091193080E0,4.217800498E-1,-1.258743107E-1,1.176624447E0
2.791352783E1,-1.156307817E0,4.848847091E-1,-3.361378983E-2,1.254308907E0
2.792350983E1,-1.192675948E0,5.353238583E-1,4.329377413E-2,1.308022133E0
2.793349183E1,-1.222907066E0,5.547893047E-1,9.467045963E-2,1.346200342E0
2.794347383E1,-1.242188334E0,5.512648821E-1,1.437903345E-1,1.366601803E0
2.795345583E1,-1.250732780E0,5.567444563E-1,2.200514972E-1,1.386621627E0
2.796343783E1,-1.228695750E0,5.638601780E-1,3.120887578E-1,1.387454842E0
2.797341983E1,-1.180097580E0,5.757538676E-1,4.284407794E-1,1.381189457E0
2.798340083E1,-1.113303900E0,5.916523933E-1,5.530319810E-1,1.376714386E0
2.799338283E1,-1.020340562E0,6.131740212E-1,6.834797859E-1,1.372669611E0
2.800336483E1,-8.910525441E-1,6.265191436E-1,8.140732050E-1,1.359858837E0
2.801334683E1,-7.288076878E-1,6.047868133E-1,9.250500202E-1,1.323875098E0
2.802332883E1,-5.601451993E-1,5.587809682E-1,9.782176018E-1,1.258136913E0
2.803331083E1,-3.886068165E-1,4.906106591E-1,9.914568067E-1,1.172476301E0
2.804329283E1,-2.332041711E-1,4.090969265E-1,9.724444747E-1,1.080459503E0
2.805327483E1,-1.086998954E-1,3.248526156E-1,9.207776785E-1,9.824339277E-1
2.806325583E1,-2.644443884E-2,2.283548564E-1,8.414008021E-1,8.722388197E-1
2.807323783E1,3.156336024E-2,1.202871874E-1,7.506302595E-1,7.608620372E-1
2.808321983E1,8.564364165E-2,2.188579179E-2,6.447997093E-1,6.508306127E-1
2.809320183E1,1.551912576E-1,-6.904949993E-2,5.243696570E-1,5.511947905E-1
2.810318383E1,2.449512333E-1,-1.457290947E-1,3.843773603E-1,4.785227590E-1
2.811316583E1,3.452827632E-1,-2.104150504E-1,2.350613475E-1,4.677055881E-1
2.812314783E1,4.363841712E-1,-2.714286149E-1,8.539409190E-2,5.209575691E-1
2.813312983E1,4.950536191E-1,-3.314941525E-1,-4.926669598E-2,5.978241099E-1
2.814311083E1,5.156241655E-1,-3.782283664E-1,-1.687792391E-1,6.613708557E-1
2.815309283E1,4.855711162E-1,-4.048902392E-1,-2.718991935E-1,6.882184146E-1
2.816307483E1,4.234355688E-1,-4.077379405E-1,-3.771222830E-1,6.984047003E-1
2.817305683E1,3.271213472E-1,-3.790452182E-1,-4.710908830E-1,6.874665616E-1
2.818303883E1,2.154145390E-1,-3.202229142E-1,-5.618453026E-1,6.816276714E-1
2.819302083E1,9.707190841E-2,-2.518666089E-1,-6.404967904E-1,6.950509928E-1
2.820300283E1,-1.032778621E-2,-1.620051712E-1,-7.046062350E-1,7.230645096E-1
2.821298483E1,-9.469886124E-2,-6.660955399E-2,-7.654207945E-1,7.741277024E-1
2.822296583E1,-1.537717581E-1,3.198865801E-2,-8.041858077E-1,8.193801567E-1
2.823294783E1,-1.799263507E-1,1.256116778E-1,-8.224952221E-1,8.512638696E-1
2.824292983E1,-1.874220818E-1,1.920253187E-1,-8.131603003E-1,8.562887560E-1
2.825291183E1,-2.012056708E-1,2.270152271E-1,-7.797059417E-1,8.366367137E-1
2.826289383E1,-2.268103659E-1,2.474520504E-1,-7.314060330E-1,8.047547729E-1
2.827287583E1,-2.643199265E-1,2.528605163E-1,-6.862403750E-1,7.776434380E-1
2.828285783E1,-3.049187660E-1,2.528999448E-1,-6.391524673E-1,7.519639036E-1
2.829283983E1,-3.382065594E-1,2.595846653E-1,-5.976962447E-1,7.341721026E-1
2.830282083E1,-3.471358716E-1,2.580546737E-1,-5.713338852E-1,7.166016581E-1
2.831280283E1,-3.462321162E-1,2.559899688E-1,-5.431984067E-1,6.931609131E-1
2.832278483E1,-3.306696713E-1,2.472832799E-1,-4.948356748E-1,6.444794776E-1
2.833276683E1,-3.068472743E-1,2.279811949E-1,-4.423636198E-1,5.846505341E-1
2.834274883E1,-2.659480274E-1,2.111737132E-1,-3.954648077E-1,5.212629898E-1
2.835273083E1,-2.242770344E-1,2.065147907E-1,-3.465782404E-1,4.615896702E-1
2.836271283E1,-1.722393930E-1,2.095015198E-1,-2.867042422E-1,3.946601295E-1
2.837269383E1,-1.130401269E-1,2.128501385E-1,-2.171648294E-1,3.244130313E-1
2.838267583E1,-5.118634924E-2,2.007170469E-1,-1.597574651E-1,2.615909458E-1
2.839265783E1,-7.831981406E-3,1.796216369E-1,-1.269412637E-1,2.200894291E-1
2.840263983E1,-1.136732753E-2,1.263775826E-1,-1.267306060E-1,1.793353172E-1
2.841262183E1,-5.532920733E-2,5.706968531E-2,-1.417362690E-1,1.625036618E-1
2.842260383E1,-1.312932074E-1,-4.825642332E-3,-1.556036174E-1,2.036508750E-1
2.843258583E1,-2.099572718E-1,-4.448999465E-2,-1.663952768E-1,2.715673098E-1
2.844256783E1,-2.714099884E-1,-4.035836831E-2,-1.638085395E-1,3.195706766E-1
2.845254883E1,-2.930665910E-1,-1.255256124E-2,-1.557147354E-1,3.321034062E-1
2.846253083E1,-2.885485291E-1,1.584286056E-2,-1.389677227E-1,3.206606896E-1
2.847251283E1,-2.627972066E-1,4.524252936E-2,-1.263805330E-1,2.950954039E-1
2.848249483E1,-2.121622711E-1,6.324123591E-2,-1.165297702E-1,2.501828742E-1
2.849247683E1,-1.482592970E-1,6.472577900E-2,-1.175005212E-1,1.999415367E-1
2.850245883E1,-7.955614477E-2,5.579992756E-2,-1.251656413E-1,1.584589848E-1
2.851244083E1,-2.128755674E-2,3.430762887E-2,-1.322044134E-1,1.382323421E-1
2.852242283E1,2.877614647E-2,6.023260765E-3,-1.041083336E-1,1.081799029E-1
2.853240383E1,5.771767348E-2,-2.833661810E-2,-3.388256207E-2,7.267958289E-2
2.854238583E1,7.164227217E-2,-5.941144377E-2,7.680107653E-2,1.206678920E-1
2.855236783E1,7.709261030E-2,-7.963467389E-2,2.064571232E-1,2.343277524E-1
2.856234983E1,1.025843844E-1,-8.178251237E-2,3.594149947E-1,3.826108646E-1
2.857233183E1,1.595771611E-1,-7.673577219E-2,5.095947385E-1,5.394812754E-1
2.858231383E1,2.579399645E-1,-6.781870872E-2,6.334189773E-1,6.872786941E-1
2.859229583E1,3.841173053E-1,-7.265533507E-2,7.239046097E-1,8.227167106E-1
2.860227783E1,5.299168229E-1,-9.603361785E-2,7.771776915E-1,9.455365985E-1
2.861225883E1,6.793548465E-1,-1.441509724E-1,7.930850387E-1,1.054175692E0
2.862224083E1,8.183542490E-1,-2.111270726E-1,7.750030160E-1,1.146694376E0
2.863222283E1,9.383130670E-1,-2.781051993E-1,7.244366407E-1,1.217613387E0
2.864220483E1,1.042467713E0,-3.265118897E-1,6.541883349E-1,1.273307239E0
2.865218683E1,1.115883350E0,-3.635909855E-1,5.613087416E-1,1.300946409E0
2.866216883E1,1.159046769E0,-3.904154301E-1,4.447792172E-1,1.301400082E0
2.867215083E1,1.167528987E0,-4.069083631E-1,3.171938360E-1,1.276444390E0
2.868213183E1,1.143590093E0,-4.218537807E-1,2.025463283E-1,1.235630984E0
2.869211383E1,1.104983211E0,-4.271689951E-1,1.338541806E-1,1.192215663E0
2.870209583E1,1.066721082E0,-4.054676890E-1,1.048670039E-1,1.145990838E0
2.871207783E1,1.034316897E0,-3.793060482E-1,9.727571160E-2,1.105959803E0
2.872205983E1,1.006637096E0,-3.515710831E-1,1.108277440E-1,1.072008983E0
2.873204183E1,9.764253497E-1,-3.330682814E-1,1.233597249E-1,1.039018077E0
2.874202383E1,9.385696054E-1,-3.215234876E-1,1.241570711E-1,9.998526069E-1
2.875200583E1,8.794454932E-1,-3.001140654E-1,9.441474825E-2,9.340272868E-1
2.876198683E1,8.120360970E-1,-2.679063082E-1,2.703464217E-2,8.555158004E-1
2.877196883E1,7.368459702E-1,-2.161848396E-1,-5.435879901E-2,7.698264399E-1
2.878195092E1,6.544339657E-1,-1.505078226E-1,-1.453214735E-1,6.870624067E-1
2.879193292E1,5.570691228E-1,-8.590376377E-2,-2.423559427E-1,6.135485858E-1
2.880191492E1,4.686798751E-1,-2.982425131E-2,-3.254875839E-1,5.713952035E-1
2.881189692E1,4.011067450E-1,4.466169327E-2,-3.863516748E-1,5.587028766E-1
2.882187892E1,3.542782366E-1,9.714647382E-2,-4.346502423E-1,5.690969509E-1
2.883185992E1,3.171163499E-1,1.327687353E-1,-4.845070243E-1,5.940853247E-1
2.884184192E1,2.846835852E-1,1.464608461E-1,-5.341558456E-1,6.227503437E-1
2.885182392E1,2.396305501E-1,1.360711455E-1,-5.723596811E-1,6.352430730E-1
2.886180592E1,1.931794286E-1,1.094102412E-1,-5.836368203E-1,6.244364103E-1
2.887178792E1,1.489761621E-1,8.162578195E-2,-5.689750910E-1,5.937923200E-1
2.888176992E1,1.032366380E-1,5.221728981E-2,-5.292937160E-1,5.417898915E-1
2.889175192E1,6.111938506E-2,2.423789538E-2,-4.767322838E-1,4.812449743E-1
2.890173392E1,1.683661528E-2,-1.424744539E-2,-4.069851637E-1,4.075823656E-1
2.891171492E1,-1.579085365E-2,-4.454056546E-2,-3.393838406E-1,3.426581449E-1
2.892169692E1,-3.640318662E-2,-6.177361310E-2,-2.791279554E-1,2.881901920E-1
2.893167892E1,-4.425233975E-2,-7.792042196E-2,-2.237959653E-1,2.410694834E-1
2.894166092E1,-5.150758848E-2,-9.558729827E-2,-1.705734879E-1,2.022010832E-1
2.895164292E1,-4.831064865E-2,-1.178885624E-1,-1.326800585E-1,1.839446380E-1
2.896162492E1,-3.376632929E-2,-1.450416297E-1,-9.588182718E-2,1.771173738E-1
2.897160692E1,-1.859455183E-2,-1.728946269E-1,-8.795111626E-2,1.948684382E-1
2.898158792E1,-8.430596441E-3,-2.057622969E-1,-1.003438681E-1,2.290809675E-1
2.899156992E1,-5.575744435E-4,-2.281701863E-1,-1.150307804E-1,2.555269560E-1
2.900155192E1,1.707601361E-2,-2.349141091E-1,-1.238967180E-1,2.661327218E-1
2.901153392E1,4.114820436E-2,-2.233901769E-1,-1.278167367E-1,2.606404881E-1
2.902151592E1,7.969585806E-2,-2.085731477E-1,-1.457065195E-1,2.666169116E-1
2.903149792E1,1.215438470E-1,-1.966544092E-1,-1.592937112E-1,2.807496212E-1
2.904147992E1,1.721500307E-1,-1.799654365E-1,-1.604766846E-1,2.962700756E-1
2.905146192E1,2.226802856E-1,-1.940506846E-1,-1.553991586E-1,3.337530169E-1
2.906144292E1,2.658895254E-1,-1.995320022E-1,-1.349998713E-1,3.587969131E-1
2.907142492E1,2.888746262E-1,-2.000042200E-1,-1.002660543E-1,3.653813341E-1
2.908140692E1,3.124089837E-1,-1.862322092E-1,-5.907893553E-2,3.684726984E-1
2.909138892E1,3.328177035E-1,-1.785500199E-1,-3.278562427E-2,3.791076767E-1
2.910137092E1,3.496102691E-1,-1.789726615E-1,-2.956187166E-2,3.938685797E-1
2.911135292E1,3.755190969E-1,-1.674763262E-1,-3.990904614E-2,4.131048825E-1
2.912133492E1,4.077202678E-1,-1.512322128E-1,-5.456466228E-2,4.382742307E-1
2.913131592E1,4.394748509E-1,-1.495392025E-1,-7.125183940E-2,4.696561958E-1
2.914129792E1,4.739162028E-1,-1.556271911E-1,-1.106200144E-1,5.109336331E-1
2.915127992E1,5.102595687E-1,-1.760567427E-1,-1.482295245E-1,5.597613742E-1
2.916126192E1,5.386797190E-1,-1.958837211E-1,-2.126114517E-1,6.113508823E-1
2.917124392E1,5.680810213E-1,-2.412436754E-1,-3.030548096E-1,6.875731054E-1
2.918122592E1,5.993204117E-1,-3.066234887E-1,-4.186389446E-1,7.927556279E-1
2.919120792E1,6.408386827E-1,-3.841668367E-1,-5.460789800E-1,9.254515806E-1
2.920118992E1,7.031896710E-1,-4.617620409E-1,-6.868227720E-1,1.086013543E0
2.921117092E1,7.878670692E-1,-5.192461610E-1,-8.343757987E-1,1.259576940E0
2.922115292E1,8.794939518E-1,-5.756303072E-1,-9.855849743E-1,1.440915543E0
2.923113492E1,9.577021003E-1,-6.319550872E-1,-1.136263371E0,1.614823517E0
2.924111692E1,1.023064017E0,-6.896578074E-1,-1.280695319E0,1.778333033E0
2.925109892E1,1.065069675E0,-7.437947989E-1,-1.417533040E0,1.922759485E0
2.926108092E1,1.068692446E0,-7.878184319E-1,-1.516345978E0,2.015456908E0
2.927106292E1,1.025345087E0,-8.179025054E-1,-1.572960734E0,2.048048468E0
2.928104392E1,9.408372045E-1,-8.204612732E-1,-1.589059591E0,2.020752763E0
2.929102592E1,8.331682086E-1,-7.887443304E-1,-1.578626037E0,1.951498667E0
2.930100792E1,7.141770720E-1,-7.173042297E-1,-1.541988611E0,1.844533308E0
2.931098992E1,6.102659702E-1,-6.117592454E-1,-1.501312733E0,1.732228002E0
2.932097192E1,5.257662535E-1,-4.768310487E-1,-1.444312334E0,1.609296778E0
2.933095392E1,4.379418194E-1,-3.380371630E-1,-1.367117763E0,1.474812916E0
2.934093592E1,3.446983993E-1,-1.863035858E-1,-1.306872845E0,1.364346966E0
2.935091792E1,2.553260624E-1,-4.287127033E-2,-1.269098639E0,1.295237700E0
2.936089892E1,1.844457388E-1,6.463547796E-2,-1.249414682E0,1.264608645E0
2.937088092E1,1.259083152E-1,1.378428042E-1,-1.230937004E0,1.245013835E0
2.938086292E1,8.333715051E-2,1.867877096E-1,-1.206693172E0,1.223904874E0
2.939084492E1,4.736051336E-2,2.246671766E-1,-1.182539344E0,1.204623451E0
2.940082692E1,4.870044068E-3,2.547127008E-1,-1.155951738E0,1.183691978E0
2.941080892E1,-3.693179414E-2,2.598992288E-1,-1.127201676E0,1.157365623E0
2.942079092E1,-7.088603824E-2,2.566341758E-1,-1.079146028E0,1.111504422E0
2.943077192E1,-7.191561162E-2,2.431141138E-1,-1.014704466E0,1.045897452E0
2.944075392E1,-3.832409531E-2,2.345765531E-1,-9.631184936E-1,9.920141774E-1
2.945073592E1,2.169944532E-2,2.197689414E-1,-9.340088367E-1,9.597613040E-1
2.946071792E1,9.853670001E-2,2.027345598E-1,-9.052709341E-1,9.329127757E-1
2.947069992E1,1.776549518E-1,1.869401485E-1,-8.890541196E-1,9.257025054E-1
2.948068192E1,2.571929395E-1,1.519994885E-1,-8.932057619E-1,9.418431853E-1
2.949066392E1,3.285399973E-1,1.085959524E-1,-9.097069502E-1,9.732925285E-1
2.950064492E1,3.788918555E-1,7.580205798E-2,-9.233309031E-1,1.000922048E0
2.951062692E1,4.100673497E-1,4.698432982E-2,-9.528025985E-1,1.038361955E0
2.952060892E1,4.306642413E-1,3.348103911E-2,-9.843203425E-1,1.074932186E0
2.953059092E1,4.434198141E-1,2.951297350E-2,-9.832874537E-1,1.079048824E0
2.954057292E1,4.376455247E-1,3.983724862E-2,-9.287467003E-1,1.027468270E0
2.955055492E1,4.273863137E-1,6.402359158E-2,-8.370560408E-1,9.420301995E-1
2.956053692E1,4.153344333E-1,1.022047997E-1,-7.332675457E-1,8.488991731E-1
2.957051892E1,4.110791683E-1,1.592648476E-1,-6.507126689E-1,7.859887733E-1
2.958049992E1,4.067475498E-1,2.348552197E-1,-5.778861642E-1,7.446831287E-1
2.959048192E1,4.214294851E-1,3.238822222E-1,-5.085222721E-1,7.355932340E-1
2.960046392E1,4.519570172E-1,4.325349331E-1,-4.476240277E-1,7.692326592E-1
2.961044592E1,5.053092837E-1,5.333516598E-1,-3.837289214E-1,8.288844011E-1
2.962042792E1,5.912820101E-1,6.119780540E-1,-3.258147538E-1,9.112007506E-1
2.963040992E1,6.807971001E-1,6.589611769E-1,-2.969665527E-1,9.929268138E-1
2.964039192E1,7.497441769E-1,6.597518325E-1,-2.937510610E-1,1.040998798E0
2.965037292E1,7.627322078E-1,6.120450497E-1,-2.944089770E-1,1.021291442E0
2.966035492E1,7.116831541E-1,5.267746449E-1,-3.140969276E-1,9.394899245E-1
2.967033692E1,6.162319183E-1,4.200960696E-1,-3.357488215E-1,8.178934869E-1
2.968031892E1,5.053974986E-1,3.444127738E-1,-3.349930048E-1,6.973285479E-1
2.969030092E1,4.325966239E-1,3.156623840E-1,-2.833792269E-1,6.058765270E-1
2.970028292E1,4.202874899E-1,3.506821692E-1,-1.765185744E-1,5.751333454E-1
2.971026492E1,4.868801832E-1,4.416671991E-1,-1.638734899E-2,6.575642728E-1
2.972024592E1,6.211549044E-1,5.374597907E-1,2.174576372E-1,8.496965728E-1
2.973022792E1,7.800878286E-1,5.889137983E-1,4.713762701E-1,1.085150713E0
2.974020992E1,9.502169490E-1,6.173568964E-1,6.856632829E-1,1.324453066E0
2.975019192E1,1.131185532E0,6.242905855E-1,7.228276730E-1,1.480472657E0
2.976017392E1,1.300375342E0,5.527066588E-1,5.776717663E-1,1.526487914E0
2.977015592E1,1.398772597E0,3.570721149E-1,3.362310231E-1,1.482267376E0
2.978013792E1,1.382973671E0,9.988156706E-2,1.149961203E-1,1.391336268E0
2.979012004E1,1.253937840E0,-8.446348459E-2,-2.472276799E-2,1.257022435E0
2.980010204E1,1.033261180E0,-1.770586669E-1,-4.888269678E-2,1.049460793E0
2.981008404E1,7.888717651E-1,-1.662118584E-1,9.321810678E-3,8.062455828E-1
2.982006604E1,5.952935219E-1,-8.226768672E-2,1.030421779E-1,6.097212805E-1
2.983004804E1,4.541609883E-1,2.228593454E-3,2.174192667E-1,5.035258757E-1
2.984003004E1,3.565886021E-1,1.651618630E-2,3.317407966E-1,4.873193733E-1
2.985001204E1,2.961583436E-1,-5.155555904E-2,4.339298904E-1,5.278852999E-1
2.985999304E1,2.878580689E-1,-2.051088959E-1,4.948337078E-1,6.081055216E-1
2.986997504E1,3.231879473E-1,-4.151379168E-1,5.019583702E-1,7.271534533E-1
2.987995704E1,3.906570077E-1,-6.341757178E-1,4.649729431E-1,8.780612601E-1
2.988993904E1,4.476820230E-1,-8.190433979E-1,3.825564981E-1,1.008761992E0
2.989992104E1,4.707492590E-1,-9.329180121E-1,2.695540488E-1,1.079166469E0
2.990990304E1,4.490109980E-1,-9.585253596E-1,1.510320455E-1,1.069201768E0
2.991988504E1,3.705880940E-1,-8.859488964E-1,4.498710483E-2,9.613869263E-1
2.992986704E1,2.498286366E-1,-7.172931433E-1,-5.430296063E-2,7.614936721E-1
2.993984804E1,1.028778031E-1,-4.569089711E-1,-1.391078532E-1,4.885700001E-1
2.994983004E1,-6.985617429E-2,-1.484685093E-1,-2.058166713E-1,2.632171832E-1
2.995981204E1,-2.716484070E-1,1.520127654E-1,-2.537977695E-1,4.016391984E-1
2.996979404E1,-4.889692366E-1,4.108485579E-1,-2.924291790E-1,7.024259937E-1
2.997977604E1,-6.929281950E-1,5.913267136E-1,-3.126998246E-1,9.631188638E-1
2.998975804E1,-8.550528884E-1,6.925448179E-1,-3.223242760E-1,1.146571718E0
2.999974004E1,-9.643130302E-1,7.046023011E-1,-3.122652471E-1,1.234452756E0
3.000972104E1,-1.024837852E0,6.654047370E-1,-2.682645619E-1,1.251008378E0
3.001970304E1,-1.037705779E0,5.955971479E-1,-1.938433200E-1,1.212082703E0
3.002968504E1,-1.017074347E0,5.139486790E-1,-8.974640816E-2,1.143082626E0
3.003966704E1,-9.764693975E-1,3.938044012E-1,3.436835110E-2,1.053449370E0
3.004964904E1,-9.346171618E-1,2.556135654E-1,1.737282276E-1,9.843927219E-1
3.005963104E1,-9.067711830E-1,8.832095563E-2,3.051576018E-1,9.608099352E-1
3.006961304E1,-9.033621550E-1,-9.820021689E-2,4.347750843E-1,1.007340975E0
3.007959404E1,-9.479522705E-1,-2.751265168E-1,5.705707073E-1,1.140113608E0
3.008957604E1,-1.027173638E0,-4.377966523E-1,7.252435088E-1,1.331438973E0
3.009955804E1,-1.118055344E0,-5.836588144E-1,8.974668980E-1,1.547950967E0
3.010954004E1,-1.193178296E0,-7.168907523E-1,1.086179018E0,1.765613677E0
3.011952204E1,-1.238536119E0,-8.065324426E-1,1.253522277E0,1.937984623E0
3.012950404E1,-1.257489085E0,-8.495923877E-1,1.395043015E0,2.061366304E0
3.013948604E1,-1.248961210E0,-8.048651218E-1,1.508566380E0,2.117424022E0
3.014946704E1,-1.231036663E0,-6.515536904E-1,1.595211625E0,2.117704797E0
3.015944904E1,-1.210063696E0,-4.192317724E-1,1.672318339E0,2.106337593E0
3.016943104E1,-1.187378883E0,-1.693778038E-1,1.732263446E0,2.106963241E0
3.017941304E1,-1.148912549E0,7.145823538E-2,1.774776816E0,2.115405179E0
3.018939504E1,-1.100281119E0,2.880353630E-1,1.794892669E0,2.124905317E0
3.019937704E1,-1.065073848E0,4.654061496E-1,1.805536747E0,2.147311838E0
3.020935904E1,-1.084374189E0,5.881910324E-1,1.889659047E0,2.256689475E0
3.021934004E1,-1.161597371E0,6.412830353E-1,2.043416500E0,2.436411988E0
3.022932204E1,-1.269439697E0,6.589645743E-1,2.196540594E0,2.621164252E0
3.023930404E1,-1.375303030E0,6.725424528E-1,2.313999414E0,2.774592775E0
3.024928604E1,-1.437534094E0,6.923503876E-1,2.411104441E0,2.891241594E0
3.025926804E1,-1.453080773E0,7.361859679E-1,2.493299246E0,2.978246908E0
3.026925004E1,-1.426007867E0,7.692493200E-1,2.557480335E0,3.027531770E0
3.027923204E1,-1.354624987E0,7.984769940E-1,2.583997965E0,3.024833854E0
3.028921404E1,-1.243591070E0,8.092127442E-1,2.566699028E0,2.964673324E0
3.029919504E1,-1.124764562E0,8.020105362E-1,2.524054050E0,2.877353831E0
3.030917704E1,-1.015457392E0,7.896841168E-1,2.470804453E0,2.785611129E0
3.031915904E1,-9.498490691E-1,7.582697272E-1,2.416362524E0,2.704809435E0
3.032914104E1,-9.194705486E-1,6.944166422E-1,2.337772846E0,2.606304365E0
3.033912304E1,-9.025304317E-1,6.111630201E-1,2.227264643E0,2.479675222E0
3.034910504E1,-8.862943649E-1,5.058416724E-1,2.100451708E0,2.335228228E0
3.035908704E1,-8.517841101E-1,3.698649406E-1,1.960498810E0,2.169306762E0
3.036906804E1,-7.906000018E-1,2.239232510E-1,1.818165421E0,1.995223167E0
3.037905004E1,-7.235762477E-1,7.906166464E-2,1.694916368E0,1.844601536E0
3.038903204E1,-6.662948728E-1,-8.870396018E-2,1.611485958E0,1.746053906E0
3.039901404E1,-6.245546341E-1,-2.421190739E-1,1.546947956E0,1.685745567E0
3.040899604E1,-6.113017201E-1,-3.781169057E-1,1.496373296E0,1.660058802E0
3.041897804E1,-6.280972362E-1,-4.696324468E-1,1.450848937E0,1.649249348E0
3.042896004E1,-6.463692784E-1,-4.913664460E-1,1.384778380E0,1.605255553E0
3.043894104E1,-6.583777070E-1,-4.594724476E-1,1.279837370E0,1.510814293E0
3.044892304E1,-6.614770293E-1,-3.818055987E-1,1.159408092E0,1.388363965E0
3.045890504E1,-6.645447016E-1,-2.800810933E-1,1.021025658E0,1.250023389E0
3.046888704E1,-6.610975266E-1,-1.488927156E-1,8.529506922E-1,1.089377741E0
3.047886904E1,-6.462738514E-1,4.243571311E-3,6.814087629E-1,9.391516390E-1
3.048885104E1,-6.125311852E-1,1.550251395E-1,5.379867554E-1,8.298535989E-1
3.049883304E1,-5.911651850E-1,2.827649713E-1,4.500976503E-1,7.949969809E-1
3.050881404E1,-5.774126053E-1,3.775388896E-1,3.787064254E-1,7.869939559E-1
3.051879604E1,-5.616046190E-1,4.692696035E-1,3.551808596E-1,8.134907202E-1
3.052877804E1,-5.528824329E-1,5.205646753E-1,3.848977387E-1,8.513594042E-1
3.053876004E1,-5.449012518E-1,5.406161547E-1,4.373489618E-1,8.834349525E-1
3.054874204E1,-5.475420952E-1,5.376049876E-1,5.016226172E-1,9.167588117E-1
3.055872404E1,-5.547637939E-1,5.047410727E-1,5.508410335E-1,9.305655601E-1
3.056870604E1,-5.667794943E-1,4.426297843E-1,5.874872208E-1,9.286018284E-1
3.057868704E1,-5.710898638E-1,3.638105989E-1,6.172283888E-1,9.162274108E-1
3.058866904E1,-5.739489794E-1,2.989367247E-1,6.379821301E-1,9.087363724E-1
3.059865104E1,-5.645551682E-1,2.597357631E-1,6.588450670E-1,9.056831824E-1
3.060863304E1,-5.369504094E-1,2.492578924E-1,6.830535531E-1,9.038846140E-1
3.061861504E1,-4.867838919E-1,2.484658659E-1,7.171651721E-1,9.016760660E-1
3.062859704E1,-4.225910902E-1,2.704073787E-1,7.584941983E-1,9.094046563E-1
3.063857904E1,-3.467021585E-1,2.840635180E-1,8.007763624E-1,9.176803646E-1
3.064856004E1,-2.522460818E-1,2.757720053E-1,8.246964216E-1,9.054294410E-1
3.065854204E1,-1.569270194E-1,2.634229362E-1,8.276360035E-1,8.826092493E-1
3.066852404E1,-6.583163142E-2,2.312962115E-1,8.090057969E-1,8.439917776E-1
3.067850604E1,1.819509640E-2,1.734283864E-1,7.754033804E-1,7.947696956E-1
3.068848804E1,9.221825004E-2,1.056703553E-1,7.410215735E-1,7.541773015E-1
3.069847004E1,1.493776739E-1,4.528769851E-2,7.045224309E-1,7.216069018E-1
3.070845204E1,1.931793541E-1,-5.873784889E-3,6.535202265E-1,6.814994135E-1
3.071843304E1,2.236059606E-1,-5.846881866E-2,5.914813876E-1,6.350342198E-1
3.072841504E1,2.347117960E-1,-9.143733978E-2,5.253841281E-1,5.826481755E-1
3.073839704E1,2.171652913E-1,-1.017837152E-1,4.631436765E-1,5.215580059E-1
3.074837904E1,1.562407613E-1,-1.041568816E-1,4.123826027E-1,4.531216641E-1
3.075836104E1,6.487675011E-2,-8.814302832E-2,3.294839859E-1,3.471856609E-1
3.076834304E1,-4.999829829E-2,-6.112841889E-2,2.130668312E-1,2.272311334E-1
3.077832504E1,-1.700663865E-1,-1.147298329E-2,5.215225369E-2,1.782528056E-1
3.078830496E1,-2.971140146E-1,6.993504614E-2,-1.313676238E-1,3.323027249E-1
3.079828696E1,-4.368772507E-1,1.686080843E-1,-3.147939146E-1,5.642567030E-1
3.080826896E1,-5.774368048E-1,2.689839602E-1,-5.038751960E-1,8.122043139E-1
3.081825096E1,-7.075074315E-1,3.659887910E-1,-6.970649362E-1,1.058496144E0
3.082823296E1,-7.953678370E-1,4.521883428E-1,-8.762158155E-1,1.266822185E0
3.083821496E1,-8.316392899E-1,5.449931026E-1,-1.026403666E0,1.429036695E0
3.084819696E1,-8.178899884E-1,6.251833439E-1,-1.148791909E0,1.542569641E0
3.085817796E1,-7.747025490E-1,6.944492459E-1,-1.262745142E0,1.636138469E0
3.086815996E1,-7.023397088E-1,7.369002700E-1,-1.357612491E0,1.696883835E0
3.087814196E1,-6.030892730E-1,7.505686879E-1,-1.415869474E0,1.712237248E0
3.088812396E1,-4.809090793E-1,7.609730959E-1,-1.416125417E0,1.678024073E0
3.089810596E1,-3.215327263E-1,7.425903678E-1,-1.365822315E0,1.587543494E0
3.090808796E1,-1.397436708E-1,6.630239487E-1,-1.286264181E0,1.453824128E0
3.091806996E1,8.912492543E-2,5.437633395E-1,-1.181823730E0,1.303966699E0
3.092805096E1,3.492602408E-1,3.829691112E-1,-1.082333684E0,1.200039274E0
3.093803296E1,6.268923879E-1,1.535178125E-1,-9.794554710E-1,1.172985424E0
3.094801496E1,9.129446745E-1,-1.090394482E-1,-8.685300350E-1,1.264793264E0
3.095799696E1,1.200214744E0,-3.846095204E-1,-7.547081113E-1,1.469021527E0
3.096797896E1,1.479860544E0,-6.725929379E-1,-6.570382118E-1,1.753301943E0
3.097796096E1,1.749617696E0,-9.556733966E-1,-5.762466788E-1,2.075219014E0
3.098794296E1,1.991806746E0,-1.219110250E0,-5.184304714E-1,2.392131700E0
3.099792396E1,2.205433607E0,-1.449417233E0,-4.892635345E-1,2.684050394E0
3.100790596E1,2.378700733E0,-1.636064649E0,-4.806131124E-1,2.926758220E0
3.101788796E1,2.495480537E0,-1.780645013E0,-5.045501590E-1,3.106877957E0
3.102786996E1,2.554574966E0,-1.879083633E0,-5.668721199E-1,3.221514017E0
3.103785196E1,2.538062811E0,-1.920381069E0,-6.581159830E-1,3.250037374E0
3.104783396E1,2.438449621E0,-1.903709531E0,-7.691221237E-1,3.187741422E0
3.105781596E1,2.264019012E0,-1.831164718E0,-8.790430427E-1,3.041654646E0
3.106779696E1,2.026524782E0,-1.710855842E0,-9.818512797E-1,2.828049211E0
3.107777896E1,1.746265531E0,-1.550196648E0,-1.065502405E0,2.566680410E0
3.108776096E1,1.453515410E0,-1.345703125E0,-1.128752589E0,2.279847880E0
3.109774296E1,1.160700917E0,-1.118601203E0,-1.167919517E0,1.990610778E0
3.110772496E1,8.745920062E-1,-8.798786998E-1,-1.179293633E0,1.711674962E0
3.111770696E1,5.997173190E-1,-6.448046565E-1,-1.166855097E0,1.461842921E0
3.112768896E1,3.485904038E-1,-4.248475730E-1,-1.137402534E0,1.263208318E0
3.113766996E1,1.207327545E-1,-2.275377214E-1,-1.091633439E0,1.121611955E0
3.114765196E1,-8.271626383E-2,-7.189100236E-2,-1.040128589E0,1.045886121E0
3.115763396E1,-2.575871348E-1,3.324740380E-2,-9.916081429E-1,1.025057672E0
3.116761596E1,-3.981767595E-1,1.040074751E-1,-9.547500014E-1,1.039668145E0
3.117759796E1,-5.034949183E-1,1.342330277E-1,-9.267963767E-1,1.063238996E0
3.118757996E1,-5.657641888E-1,1.498572528E-1,-9.257588387E-1,1.095251451E0
3.119756196E1,-5.973748565E-1,1.443943083E-1,-9.310044646E-1,1.115560733E0
3.120754296E1,-5.965474248E-1,1.389697343E-1,-9.447478652E-1,1.125935143E0
3.121752496E1,-5.696641803E-1,1.517023146E-1,-9.446394444E-1,1.113496543E0
3.122750696E1,-5.497227907E-1,1.834161133E-1,-9.301694036E-1,1.095925060E0
3.123748896E1,-5.483480692E-1,2.387803048E-1,-8.930470943E-1,1.074818474E0
3.124747096E1,-5.718271732E-1,3.374677002E-1,-8.393179774E-1,1.070198782E0
3.125745296E1,-6.061755419E-1,4.464037716E-1,-7.662733197E-1,1.074197335E0
3.126743496E1,-6.369569302E-1,5.583028197E-1,-6.665284634E-1,1.077810912E0
3.127741596E1,-6.592829823E-1,6.359150410E-1,-5.602209568E-1,1.073726926E0
3.128739796E1,-6.701090336E-1,6.877250075E-1,-4.589636624E-1,1.064264744E0
3.129737996E1,-6.797356009E-1,7.296277285E-1,-3.264162838E-1,1.049259119E0
3.130736196E1,-7.015303969E-1,7.524347901E-1,-1.388747543E-1,1.038069944E0
3.131734396E1,-7.252908945E-1,8.006366491E-1,1.189645082E-1,1.086838755E0
3.132732596E1,-7.477578521E-1,8.563334346E-1,4.225569665E-1,1.212849185E0
3.133730796E1,-7.867161632E-1,8.798901439E-1,7.393096089E-1,1.392733889E0
3.134728896E1,-8.533273339E-1,8.544708490E-1,1.046030521E0,1.597644461E0
3.135727096E1,-9.431003332E-1,7.836136818E-1,1.335151553E0,1.812765377E0
3.136725296E1,-1.024264574E0,6.788259745E-1,1.611604571E0,2.026620812E0
3.137723496E1,-1.071540952E0,5.501409769E-1,1.862777948E0,2.218286904E0
3.138721696E1,-1.063829422E0,4.036168754E-1,2.059525967E0,2.352931539E0
3.139719896E1,-9.857985377E-1,2.563847899E-1,2.180066109E0,2.406287629E0
3.140718096E1,-8.412057161E-1,1.149224713E-1,2.270446539E0,2.423997054E0
3.141716196E1,-6.564057469E-1,-3.644335270E-2,2.347375154E0,2.437697015E0
3.142714396E1,-4.252690077E-1,-1.963615716E-1,2.401852608E0,2.447101866E0
3.143712596E1,-1.569352895E-1,-3.548359275E-1,2.434424162E0,2.465148722E0
3.144710796E1,1.264891624E-1,-5.130269527E-1,2.438966274E0,2.495546563E0
3.145708996E1,4.064140022E-1,-6.662724018E-1,2.408983469E0,2.532250503E0
3.146707196E1,6.467332244E-1,-7.965049744E-1,2.313044310E0,2.530386930E0
3.147705396E1,8.275924921E-1,-9.050548673E-1,2.152808666E0,2.477623619E0
3.148703496E1,9.373517632E-1,-9.792258143E-1,1.941357017E0,2.367779253E0
3.149701696E1,9.483959079E-1,-1.000553489E0,1.715319514E0,2.200655157E0
3.150699896E1,8.425409794E-1,-9.637991786E-1,1.480445743E0,1.957167278E0
3.151698096E1,6.382711530E-1,-8.611098528E-1,1.263650060E0,1.657018925E0
3.152696296E1,3.801766634E-1,-6.833839417E-1,1.078044891E0,1.331814062E0
3.153694496E1,1.152084023E-1,-4.339009225E-1,9.324311614E-1,1.034877218E0
3.154692596E1,-1.295314431E-1,-1.506045163E-1,8.204290271E-1,8.441350032E-1
3.155690796E1,-3.204904795E-1,1.482333243E-1,7.124384046E-1,7.951451101E-1
3.156688996E1,-4.548010528E-1,4.357471168E-1,6.006361246E-1,8.703351663E-1
3.157687196E1,-5.292760730E-1,6.909087896E-1,4.800489843E-1,9.939492665E-1
3.158685396E1,-5.599014759E-1,8.961125612E-1,3.587266505E-1,1.115881801E0
3.159683596E1,-5.580263734E-1,1.043345809E0,2.520830333E-1,1.209756077E0
3.160681796E1,-5.504586101E-1,1.128120780E0,1.639100909E-1,1.265909828E0
3.161679896E1,-5.426747203E-1,1.158769727E0,9.698084742E-2,1.283217993E0
3.162678096E1,-5.405740738E-1,1.141385913E0,4.721648619E-2,1.263808343E0
3.163676296E1,-5.321043730E-1,1.084002018E0,1.257408876E-2,1.207623098E0
3.164674496E1,-5.226150155E-1,9.981901050E-1,-1.335620508E-2,1.126804477E0
3.165672696E1,-5.165781379E-1,8.984994292E-1,-3.183588013E-2,1.036902946E0
3.166670896E1,-5.101138353E-1,7.588711977E-1,-4.600336403E-2,9.155424235E-1
3.167669096E1,-5.026680231E-1,6.242701411E-1,-5.503565073E-2,8.033786613E-1
3.168667196E1,-4.755938053E-1,5.059007406E-1,-5.814471096E-2,6.967824872E-1
3.169665396E1,-4.282987416E-1,4.308296442E-1,-5.292571336E-2,6.097992502E-1
3.170663596E1,-3.600200117E-1,3.975292146E-1,-3.951982409E-2,5.377784876E-1
3.171661796E1,-2.839494944E-1,3.829952776E-1,-1.618893445E-2,4.770479846E-1
3.172659996E1,-1.913568228E-1,3.950016201E-1,2.900124155E-2,4.398690550E-1
3.173658196E1,-9.453067929E-2,4.115728736E-1,8.694603294E-2,4.311471817E-1
3.174656396E1,2.070203424E-2,4.094824791E-1,1.322994232E-1,4.308220193E-1
3.175654496E1,1.400169730E-1,3.928995132E-1,1.800493747E-1,4.543044767E-1
3.176652696E1,2.611477375E-1,3.606097996E-1,2.277818620E-1,5.001221301E-1
3.177650896E1,3.885017037E-1,3.333933353E-1,2.741070092E-1,5.807059000E-1
3.178649121E1,5.032660365E-1,2.922632098E-1,3.188126385E-1,6.635781686E-1
3.179647321E1,5.982708931E-1,2.419997901E-1,3.290330470E-1,7.243995485E-1
3.180645521E1,6.683894992E-1,1.830307990E-1,3.296986222E-1,7.674281579E-1
3.181643621E1,7.055408955E-1,1.232593581E-1,3.001881540E-1,7.765911101E-1
3.182641821E1,6.999965906E-1,5.040370300E-2,2.728452086E-1,7.529809214E-1
3.183640021E1,6.511515379E-1,-3.349226341E-2,2.315220088E-1,6.918977508E-1
3.184638221E1,5.617340207E-1,-1.226309240E-1,1.983695775E-1,6.082219519E-1
3.185636421E1,4.246651232E-1,-2.049148679E-1,1.613955945E-1,4.983764720E-1
3.186634621E1,2.727595866E-1,-2.672599554E-1,1.450447738E-1,4.084894885E-1
3.187632821E1,1.268228740E-1,-3.069823384E-1,1.854827404E-1,3.804287640E-1
3.188630921E1,-1.897678012E-3,-3.146288097E-1,2.796438336E-1,4.209460331E-1
3.189629121E1,-9.000383317E-2,-3.275283575E-1,3.934780061E-1,5.198080956E-1
3.190627321E1,-1.134387851E-1,-3.560082018E-1,4.730789661E-1,6.028382088E-1
3.191625521E1,-7.900890708E-2,-3.961420357E-1,4.958135784E-1,6.395326609E-1
3.192623721E1,-3.379733115E-2,-4.991902113E-1,4.599621892E-1,6.796310338E-1
3.193621921E1,2.073195949E-2,-6.291196942E-1,3.432528973E-1,7.169685874E-1
3.194620121E1,8.205590397E-2,-7.610031962E-1,1.732366681E-1,7.847738395E-1
3.195618221E1,1.438931823E-1,-8.824041486E-1,-1.827896759E-2,8.942463028E-1
3.196616421E1,2.070081383E-1,-9.719215035E-1,-2.137490660E-1,1.016450905E0
3.197614621E1,2.606511116E-1,-1.027943850E0,-3.979867995E-1,1.132696364E0
3.198612821E1,2.967068255E-1,-1.051260471E0,-5.509828329E-1,1.223423721E0
3.199611021E1,3.050774038E-1,-1.041081667E0,-6.658971906E-1,1.272926678E0
3.200609221E1,2.781165242E-1,-1.013401031E0,-7.511667609E-1,1.291736023E0
3.201607421E1,2.278336138E-1,-9.729574323E-1,-8.113009334E-1,1.287153264E0
3.202605521E1,1.839149296E-1,-9.268983603E-1,-8.517434001E-1,1.272176124E0
3.203603721E1,1.700771451E-1,-8.907219768E-1,-8.843700290E-1,1.266657895E0
3.204601921E1,1.960772276E-1,-8.617370725E-1,-9.177085161E-1,1.274058861E0
3.205600121E1,2.551767528E-1,-8.453612924E-1,-9.524867535E-1,1.298838676E0
3.206598321E1,3.504870534E-1,-8.467460275E-1,-9.787181020E-1,1.340786759E0
3.207596521E1,4.708102643E-1,-8.470917344E-1,-9.955809712E-1,1.389391299E0
3.208594721E1,6.151511073E-1,-8.578260541E-1,-1.005254149E0,1.457673602E0
3.209592821E1,7.791030407E-1,-8.750572205E-1,-1.009371161E0,1.546465916E0
3.210591021E1,9.566461444E-1,-8.934099078E-1,-1.017720342E0,1.658043366E0
3.211589221E1,1.140193939E0,-9.182114005E-1,-1.035140991E0,1.792950436E0
3.212587421E1,1.321341991E0,-9.449163079E-1,-1.072923541E0,1.946786175E0
3.213585621E1,1.487692714E0,-9.612295032E-1,-1.133622289E0,2.102924455E0
3.214583821E1,1.605093718E0,-9.615378380E-1,-1.216423273E0,2.231718270E0
3.215581921E1,1.658213973E0,-9.372237325E-1,-1.316330433E0,2.315337495E0
3.216580121E1,1.639706969E0,-8.872676492E-1,-1.416247010E0,2.341289905E0
3.217578321E1,1.553187251E0,-8.150184751E-1,-1.491645694E0,2.302531786E0
3.218576521E1,1.403075337E0,-6.896618009E-1,-1.551197290E0,2.202377542E0
3.219574721E1,1.196147442E0,-5.236573815E-1,-1.599308610E0,2.064648587E0
3.220572921E1,9.391193390E-1,-3.422263861E-1,-1.633334279E0,1.914900754E0
3.221571121E1,6.681001186E-1,-1.692314446E-1,-1.657275319E0,1.794870060E0
3.222569221E1,3.994821906E-1,2.090049908E-3,-1.678380013E0,1.725268053E0
3.223567421E1,1.658997685E-1,1.601891369E-1,-1.691094160E0,1.706746247E0
3.224565621E1,-3.282081336E-2,2.840795517E-1,-1.692688346E0,1.716674761E0
3.225563821E1,-2.013744116E-1,3.670266271E-1,-1.690468073E0,1.741534526E0
3.226562021E1,-3.452322483E-1,4.091290832E-1,-1.672070146E0,1.755673798E0
3.227560221E1,-4.752629399E-1,3.992524743E-1,-1.645667911E0,1.758834919E0
3.228558421E1,-5.969661474E-1,3.408506811E-1,-1.622287035E0,1.761920257E0
3.229556521E1,-7.094993591E-1,2.645338178E-1,-1.599682093E0,1.769844705E0
3.230554721E1,-8.229492307E-1,1.930472106E-1,-1.575035453E0,1.787526039E0
3.231552921E1,-9.261712432E-1,1.462948918E-1,-1.523947239E0,1.789304489E0
3.232551121E1,-1.021728516E0,1.371636838E-1,-1.463977575E0,1.790523213E0
3.233549321E1,-1.105845332E0,1.360856444E-1,-1.396836400E0,1.786775064E0
3.234547521E1,-1.164811373E0,1.692210138E-1,-1.331740022E0,1.777344303E0
3.235545721E1,-1.198998928E0,2.220522761E-1,-1.254199386E0,1.749263200E0
3.236543821E1,-1.222982287E0,2.907745540E-1,-1.171011925E0,1.717994309E0
3.237542021E1,-1.234315991E0,3.762162030E-1,-1.070237398E0,1.676449429E0
3.238540221E1,-1.245039225E0,4.551102519E-1,-9.713314176E-1,1.643390622E0
3.239538421E1,-1.248490691E0,5.201198459E-1,-8.599840999E-1,1.602755849E0
3.240536621E1,-1.274365783E0,5.754150152E-1,-7.200125456E-1,1.572745578E0
3.241534821E1,-1.326989889E0,5.976185799E-1,-5.299067497E-1,1.548822552E0
3.242532921E1,-1.388257027E0,5.860744715E-1,-2.864331007E-1,1.533878998E0
3.243531121E1,-1.428733587E0,6.035666466E-1,-6.616886239E-3,1.551004882E0
3.244529321E1,-1.456851602E0,6.149989367E-1,2.891325057E-1,1.607556496E0
3.245527521E1,-1.463087559E0,6.173715591E-1,5.698515177E-1,1.687158439E0
3.246525721E1,-1.459459186E0,6.223058701E-1,8.169108033E-1,1.784552877E0
3.247523921E1,-1.434631944E0,6.296588182E-1,1.055936933E0,1.889349583E0
3.248522121E1,-1.364797235E0,6.415408254E-1,1.283971667E0,1.980613381E0
3.249520221E1,-1.249589682E0,6.458543539E-1,1.479516387E0,2.041462946E0
3.250518421E1,-1.102496505E0,6.321968436E-1,1.605475903E0,2.047614286E0
3.251516621E1,-9.300866127E-1,5.868022442E-1,1.657443523E0,1.989099549E0
3.252514821E1,-7.503354549E-1,5.057864189E-1,1.665411472E0,1.895367661E0
3.253513021E1,-5.658036470E-1,3.807507455E-1,1.650823712E0,1.786147762E0
3.254511221E1,-3.789083362E-1,2.208079994E-1,1.628880620E0,1.686884636E0
3.255509321E1,-1.733924747E-1,3.382186592E-2,1.588069797E0,1.597865623E0
3.256507521E1,3.484159335E-2,-1.587611437E-1,1.527992725E0,1.536613421E0
3.257505721E1,2.321165800E-1,-3.394355774E-1,1.436652422E0,1.494344271E0
3.258503921E1,4.011344612E-1,-4.900229871E-1,1.302534223E0,1.448318606E0
3.259502121E1,5.111121535E-1,-5.700565577E-1,1.137661934E0,1.371304047E0
3.260500321E1,5.479540825E-1,-5.710501671E-1,9.637935162E-1,1.247096593E0
3.261498521E1,5.106930137E-1,-4.835221767E-1,7.999055386E-1,1.065105591E0
3.262496621E1,3.933299184E-1,-3.079016209E-1,6.679487228E-1,8.340667414E-1
3.263494821E1,2.125886530E-1,-9.058554471E-2,5.803946257E-1,6.247060091E-1
3.264493021E1,-3.651902312E-3,1.466834396E-1,5.221438408E-1,5.423684710E-1
3.265491221E1,-2.288061976E-1,3.751850426E-1,4.918988347E-1,6.596063643E-1
3.266489421E1,-4.438072741E-1,5.813714862E-1,4.720437229E-1,8.705073106E-1
3.267487621E1,-6.145814061E-1,7.507394552E-1,4.599543214E-1,1.073721571E0
3.268485721E1,-7.404471636E-1,8.795182705E-1,4.487398565E-1,1.234172536E0
3.269483921E1,-8.158646822E-1,9.558231235E-1,4.355984926E-1,1.330029725E0
3.270482121E1,-8.574598432E-1,9.914428592E-1,4.248852432E-1,1.377941869E0
3.271480321E1,-8.856139779E-1,9.801487327E-1,4.206159413E-1,1.386333808E0
3.272478521E1,-9.281808138E-1,9.238809943E-1,4.256594777E-1,1.377048186E0
3.273476721E1,-1.006130457E0,8.375911117E-1,4.363321066E-1,1.379943142E0
3.274474921E1,-1.127620816E0,7.338230610E-1,4.613018632E-1,1.422260313E0
3.275473021E1,-1.275370836E0,6.237868667E-1,5.002748370E-1,1.505309183E0
3.276471221E1,-1.446860909E0,5.245326757E-1,5.596235394E-1,1.637595654E0
3.277469421E1,-1.632848859E0,4.439648688E-1,6.413322687E-1,1.809587599E0
3.278467646E1,-1.808358312E0,3.835260868E-1,7.435761094E-1,1.992525401E0
3.279465846E1,-1.945703626E0,3.495047390E-1,8.465967774E-1,2.150498143E0
3.280464046E1,-2.025998354E0,3.473654687E-1,9.544606805E-1,2.266346683E0
3.281462246E1,-2.056401491E0,3.799298108E-1,1.053649068E0,2.341646880E0
3.282460346E1,-2.045624495E0,4.199622869E-1,1.155519962E0,2.386665934E0
3.283458546E1,-1.993774533E0,4.759570956E-1,1.292840004E0,2.423449468E0
3.284456746E1,-1.882552385E0,5.029589534E-1,1.486101627E0,2.450605892E0
3.285454946E1,-1.693249583E0,4.482253790E-1,1.735369205E0,2.465665513E0
3.286453146E1,-1.434305310E0,3.607302904E-1,2.016017914E0,2.500337236E0
3.287451346E1,-1.148321152E0,2.654061615E-1,2.257032394E0,2.546228020E0
3.288449446E1,-8.565961719E-1,2.228599638E-1,2.362858534E0,2.523197181E0
3.289447646E1,-5.971592665E-1,2.647142112E-1,2.285383463E0,2.376899320E0
3.290445846E1,-3.480111361E-1,3.334672749E-1,2.013820887E0,2.070697162E0
3.291444046E1,-1.136628315E-1,3.833892941E-1,1.629117846E0,1.677477734E0
3.292442246E1,6.942669302E-2,3.807389736E-1,1.199454665E0,1.260346669E0
3.293440446E1,1.781830043E-1,3.162926137E-1,8.043140173E-1,8.824461677E-1
3.294438646E1,2.276315540E-1,2.178266793E-1,5.117884278E-1,6.009924970E-1
3.295436746E1,2.691265345E-1,1.470614225E-1,3.497486711E-1,4.651669447E-1
3.296434946E1,3.225723207E-1,4.496404901E-2,2.890525758E-1,4.354607438E-1
3.297433146E1,4.045004845E-1,-8.986274153E-2,2.640473545E-1,4.913419987E-1
3.298431346E1,5.251470208E-1,-2.481463850E-1,2.195382863E-1,6.209292077E-1
3.299429546E1,6.610673070E-1,-4.195900559E-1,1.347506940E-1,7.944957829E-1
3.300427746E1,8.042101860E-1,-5.843189359E-1,-2.266578143E-3,9.940763449E-1
3.301425846E1,9.335991144E-1,-7.309685349E-1,-1.805348545E-1,1.199381148E0
3.302424046E1,1.048956513E0,-8.546572924E-1,-3.786184788E-1,1.405026977E0
3.303422246E1,1.165880561E0,-9.494035244E-1,-5.957841277E-1,1.617282678E0
3.304420446E1,1.267882705E0,-1.008911133E0,-8.239317536E-1,1.817771097E0
3.305418646E1,1.348124027E0,-1.003969550E0,-1.009417534E0,1.960692992E0
3.306416846E1,1.382723808E0,-9.765137434E-1,-1.133123875E0,2.037025757E0
3.307415046E1,1.374966264E0,-9.435872436E-1,-1.237479806E0,2.076594660E0
3.308413146E1,1.338776350E0,-9.036036134E-1,-1.329997659E0,2.092299065E0
3.309411346E1,1.270606875E0,-8.838672042E-1,-1.404133081E0,2.089797305E0
3.310409546E1,1.186948419E0,-8.722816706E-1,-1.457664967E0,2.072319719E0
3.311407746E1,1.119613051E0,-8.692174554E-1,-1.491038680E0,2.057247850E0
3.312405946E1,1.081281900E0,-8.751024604E-1,-1.515743613E0,2.057292776E0
3.313404146E1,1.089923859E0,-8.800144196E-1,-1.534345984E0,2.077637359E0
3.314402246E1,1.126289248E0,-8.994796872E-1,-1.556185722E0,2.121156567E0
3.315400446E1,1.179497600E0,-9.431406260E-1,-1.578100920E0,2.184291954E0
3.316398646E1,1.250495315E0,-9.992467165E-1,-1.605124950E0,2.266860966E0
3.317396846E1,1.332530022E0,-1.058337688E0,-1.623203516E0,2.351702485E0
3.318395046E1,1.409159660E0,-1.114720345E0,-1.647118330E0,2.437484603E0
3.319393246E1,1.487400889E0,-1.153475285E0,-1.666568637E0,2.514024196E0
3.320391446E1,1.557319999E0,-1.175584197E0,-1.688215494E0,2.580177385E0
3.321389546E1,1.619139433E0,-1.180476189E0,-1.715965629E0,2.638119515E0
3.322387746E1,1.659254074E0,-1.164779305E0,-1.751169682E0,2.678885994E0
3.323385946E1,1.657656670E0,-1.132556081E0,-1.785262465E0,2.686572348E0
3.324384146E1,1.624916911E0,-1.084944129E0,-1.823305726E0,2.672433816E0
3.325382346E1,1.556718111E0,-1.005427718E0,-1.847221732E0,2.616578740E0
3.326380546E1,1.445314527E0,-8.822176456E-1,-1.847728252E0,2.506260511E0
3.327378646E1,1.282615900E0,-7.409542799E-1,-1.826606512E0,2.351724504E0
3.328376846E1,1.084413767E0,-5.574395061E-1,-1.786265254E0,2.162737982E0
3.329375046E1,8.501134515E-1,-3.351401687E-1,-1.725847244E0,1.952833972E0
3.330373246E1,5.695537925E-1,-8.075949550E-2,-1.656977892E0,1.753992404E0
3.331371446E1,2.624459863E-1,2.036594599E-1,-1.620334864E0,1.654037527E0
3.332369646E1,-3.672982752E-2,4.865893126E-1,-1.601742029E0,1.674424011E0
3.333367846E1,-3.073139191E-1,7.548079491E-1,-1.584491134E0,1.781793770E0
3.334365946E1,-5.558597445E-1,9.354698062E-1,-1.573763847E0,1.913326021E0
3.335364146E1,-7.800315619E-1,1.037310481E0,-1.561799765E0,2.030684805E0
3.336362346E1,-9.806341529E-1,1.073603153E0,-1.546193838E0,2.122494395E0
3.337360546E1,-1.152649522E0,1.039935470E0,-1.510779977E0,2.166223174E0
3.338358746E1,-1.294992447E0,9.740971923E-1,-1.457719803E0,2.179637080E0
3.339356946E1,-1.392317653E0,8.905131221E-1,-1.385543346E0,2.156685520E0
3.340355046E1,-1.449640155E0,7.998389006E-1,-1.305453300E0,2.108413424E0
3.341353246E1,-1.489116788E0,7.131199837E-1,-1.241083622E0,2.065501749E0
3.342351446E1,-1.530715585E0,6.405895352E-1,-1.185476661E0,2.039313626E0
3.343349646E1,-1.562331796E0,5.998852253E-1,-1.125390887E0,2.016741821E0
3.344347846E1,-1.569711208E0,6.031066775E-1,-1.053787470E0,1.984489600E0
3.345346046E1,-1.544970155E0,6.430324912E-1,-9.706784487E-1,1.934590451E0
3.346344146E1,-1.470048428E0,6.988703012E-1,-8.640449643E-1,1.842833627E0
3.347342346E1,-1.350742817E0,7.588776946E-1,-7.263638377E-1,1.711141706E0
3.348340546E1,-1.191113472E0,7.951602340E-1,-5.636926293E-1,1.539084300E0
3.349338746E1,-9.905103445E-1,7.918411493E-1,-4.006648660E-1,1.329908073E0
3.350336946E1,-8.040930629E-1,7.361734509E-1,-2.604635954E-1,1.120873895E0
3.351335146E1,-7.036876678E-1,6.256583929E-1,-1.688258499E-1,9.566226665E-1
3.352333346E1,-6.939818263E-1,4.908354878E-1,-7.346855104E-2,8.531868959E-1
3.353331446E1,-7.381732464E-1,3.632485271E-1,8.359243721E-2,8.269443329E-1
3.354329646E1,-8.128710985E-1,2.661302388E-1,3.256667852E-1,9.152287046E-1
3.355327846E1,-9.140381813E-1,2.128611505E-1,6.188691258E-1,1.124177326E0
3.356326046E1,-1.030367374E0,1.994426101E-1,9.386976957E-1,1.408043907E0
3.357324246E1,-1.143554449E0,1.942342669E-1,1.258633375E0,1.711607929E0
3.358322446E1,-1.217768908E0,1.779396683E-1,1.533644199E0,1.966389628E0
3.359320546E1,-1.240785837E0,1.395081282E-1,1.700881958E0,2.109979016E0
3.360318746E1,-1.227003217E0,8.951982856E-2,1.745920420E0,2.135834452E0
3.361316946E1,-1.196888208E0,3.543981537E-2,1.721051335E0,2.096619914E0
3.362315146E1,-1.172811627E0,-4.549952596E-2,1.679073334E0,2.048620165E0
3.363313346E1,-1.144500017E0,-1.433669627E-1,1.660882831E0,2.022119223E0
3.364311546E1,-1.095623732E0,-2.460187078E-1,1.672254801E0,2.014287141E0
3.365309746E1,-1.007574797E0,-3.482015431E-1,1.678294063E0,1.988246023E0
3.366307846E1,-8.646279573E-1,-4.423757195E-1,1.667300940E0,1.929551815E0
3.367306046E1,-6.837646961E-1,-5.302610993E-1,1.631483793E0,1.846740469E0
3.368304246E1,-4.999223650E-1,-6.109035611E-1,1.568945885E0,1.756336164E0
3.369302446E1,-3.583820164E-1,-6.539146900E-1,1.474904656E0,1.652690484E0
3.370300646E1,-2.921704054E-1,-6.458654404E-1,1.361975908E0,1.535410071E0
3.371298846E1,-3.143854141E-1,-5.739100575E-1,1.237950563E0,1.400261597E0
3.372296946E1,-4.191804528E-1,-4.273825884E-1,1.129773140E0,1.278575565E0
3.373295146E1,-5.983145237E-1,-2.345042229E-1,1.036362290E0,1.219434007E0
3.374293346E1,-8.096176386E-1,-1.591064408E-2,9.691243172E-1,1.262907681E0
3.375291546E1,-1.038194060E0,2.033300847E-1,9.164357781E-1,1.399658732E0
3.376289746E1,-1.244078517E0,3.973908126E-1,8.685085177E-1,1.568425280E0
3.377287946E1,-1.429134130E0,5.408486724E-1,8.239668608E-1,1.736048109E0
3.378286146E1,-1.577387691E0,6.194952726E-1,7.875894308E-1,1.868749162E0
3.379284179E1,-1.685612202E0,6.471580863E-1,7.629029751E-1,1.960133422E0
3.380282379E1,-1.764533162E0,6.148286462E-1,7.646038532E-1,2.018962753E0
3.381280579E1,-1.819028378E0,5.550739765E-1,7.910062075E-1,2.059772361E0
3.382278779E1,-1.845824003E0,4.793875217E-1,8.476548791E-1,2.086958898E0
3.383276979E1,-1.854238272E0,3.875739574E-1,9.182763100E-1,2.105147150E0
3.384275179E1,-1.838451624E0,2.793644071E-1,1.010640740E0,2.116445972E0
3.385273279E1,-1.788191676E0,1.746284217E-1,1.115270019E0,2.114698979E0
3.386271479E1,-1.718136430E0,7.248864323E-2,1.232551098E0,2.115757454E0
3.387269679E1,-1.636155367E0,-1.399617828E-2,1.353981972E0,2.123786114E0
3.388267879E1,-1.556661725E0,-9.509339929E-2,1.472599864E0,2.144944950E0
3.389266079E1,-1.486513257E0,-1.837473661E-1,1.575462818E0,2.173837126E0
3.390264279E1,-1.420815110E0,-2.478787005E-1,1.671333313E0,2.207603785E0
3.391262379E1,-1.357208729E0,-2.974622548E-1,1.760072231E0,2.242399069E0
3.392260579E1,-1.297299266E0,-3.305557668E-1,1.846846223E0,2.281029038E0
3.393258779E1,-1.240147233E0,-3.412502110E-1,1.926090717E0,2.316083400E0
3.394256979E1,-1.172531486E0,-3.366892934E-1,1.968904018E0,2.316197919E0
3.395255179E1,-1.084961176E0,-3.160260916E-1,1.962994099E0,2.265029597E0
3.396253379E1,-9.666781425E-1,-2.769974470E-1,1.929122567E0,2.175478820E0
3.397251579E1,-8.331014514E-1,-2.274054140E-1,1.876497149E0,2.065674902E0
3.398249679E1,-6.929361224E-1,-1.706789434E-1,1.824716210E0,1.959306260E0
3.399247879E1,-5.367950201E-1,-1.104869768E-1,1.754056454E0,1.837680687E0
3.400246079E1,-3.814440966E-1,-8.038397878E-2,1.676198483E0,1.720930718E0
3.401244279E1,-2.314072102E-1,-1.083120182E-1,1.584752679E0,1.605217071E0
3.402242479E1,-9.926185012E-2,-1.823572367E-1,1.495008111E0,1.509356263E0
3.403240679E1,3.790799156E-2,-2.639807165E-1,1.410398960E0,1.435391257E0
3.404238779E1,1.825152338E-1,-3.403090537E-1,1.312011957E0,1.367661302E0
3.405236979E1,3.161739707E-1,-4.106782973E-1,1.161344409E0,1.271748198E0
3.406235179E1,4.158692658E-1,-4.632077813E-1,9.182305336E-1,1.109349362E0
3.407233379E1,4.689002335E-1,-4.722433388E-1,5.588713288E-1,8.690330041E-1
3.408231579E1,4.697910845E-1,-4.337340295E-1,1.350257844E-1,6.534989165E-1
3.409229779E1,4.561394453E-1,-3.273253143E-1,-3.019850850E-1,6.374951345E-1
3.410227879E1,4.493396580E-1,-1.942993104E-1,-7.120246887E-1,8.640818871E-1
3.411226079E1,4.519895017E-1,-5.725996941E-2,-1.040654778E0,1.136017421E0
3.412224279E1,4.522321522E-1,5.031868070E-2,-1.272415400E0,1.351327806E0
3.413222479E1,4.729813635E-1,1.199536920E-1,-1.437600970E0,1.518155726E0
3.414220679E1,5.286505818E-1,1.361796111E-1,-1.528993011E0,1.623525778E0
3.415218879E1,6.129585505E-1,7.268558443E-2,-1.566140890E0,1.683389042E0
3.416217079E1,7.199798822E-1,-3.073306009E-2,-1.560913444E0,1.719234228E0
3.417215179E1,8.434703946E-1,-1.859649867E-1,-1.529099941E0,1.756181059E0
3.418213379E1,9.870504737E-1,-3.510476947E-1,-1.489718080E0,1.821198253E0
3.419211579E1,1.150147319E0,-5.430959463E-1,-1.442671299E0,1.923302508E0
3.420209779E1,1.330114007E0,-7.281838059E-1,-1.387000561E0,2.055048779E0
3.421207979E1,1.524475455E0,-9.028389454E-1,-1.333406329E0,2.217457105E0
3.422206179E1,1.726857901E0,-1.053978920E0,-1.265073538E0,2.386068069E0
3.423204279E1,1.928771257E0,-1.185871005E0,-1.185956717E0,2.555962038E0
3.424202479E1,2.121994019E0,-1.304572105E0,-1.120112658E0,2.731193761E0
3.425200679E1,2.305097580E0,-1.408457756E0,-1.083228111E0,2.910431453E0
3.426198879E1,2.470355988E0,-1.503927231E0,-1.076143980E0,3.085861579E0
3.427197079E1,2.602971792E0,-1.586806655E0,-1.102661133E0,3.241801827E0
3.428195279E1,2.691450596E0,-1.662396193E0,-1.145106316E0,3.364332903E0
3.429193379E1,2.737573147E0,-1.722257972E0,-1.214187145E0,3.454667810E0
3.430191579E1,2.738710403E0,-1.752971053E0,-1.295315027E0,3.500183310E0
3.431189779E1,2.696393490E0,-1.752089858E0,-1.388331532E0,3.502544956E0
3.432187979E1,2.610671043E0,-1.724703908E0,-1.493687272E0,3.467175873E0
3.433186179E1,2.484491587E0,-1.675445080E0,-1.604113936E0,3.398969871E0
3.434184379E1,2.315218210E0,-1.611338258E0,-1.711878777E0,3.299571986E0
3.435182479E1,2.112628460E0,-1.536804914E0,-1.807211637E0,3.176630645E0
3.436180679E1,1.890068531E0,-1.449576497E0,-1.882528186E0,3.036040751E0
3.437178879E1,1.649215102E0,-1.352257133E0,-1.934072852E0,2.879087981E0
3.438177079E1,1.403920770E0,-1.241232395E0,-1.950213075E0,2.704622418E0
3.439175279E1,1.162256241E0,-1.111370564E0,-1.931678295E0,2.513436917E0
3.440173479E1,9.279990792E-1,-9.874752164E-1,-1.894352078E0,2.329132755E0
3.441171579E1,7.156335711E-1,-8.655107021E-1,-1.845693231E0,2.160514681E0
3.442169779E1,5.279145241E-1,-7.499739528E-1,-1.806774735E0,2.026225461E0
3.443167979E1,3.504865468E-1,-6.606994867E-1,-1.778773427E0,1.929611240E0
3.444166179E1,1.857229173E-1,-5.850284696E-1,-1.778813243E0,1.881735334E0
3.445164379E1,3.468386084E-2,-5.339607000E-1,-1.792410254E0,1.870575184E0
3.446162579E1,-9.902862459E-2,-4.923336506E-1,-1.804165006E0,1.872754778E0
3.447160779E1,-2.287748903E-1,-4.500440061E-1,-1.803329468E0,1.872665140E0
3.448158879E1,-3.464692235E-1,-4.079348445E-1,-1.781140924E0,1.859815784E0
3.449157079E1,-4.551086128E-1,-3.654952645E-1,-1.726974607E0,1.822951434E0
3.450155279E1,-5.547841191E-1,-3.160691857E-1,-1.633236766E0,1.753609843E0
3.451153479E1,-6.323236227E-1,-2.600900531E-1,-1.489483356E0,1.638914479E0
3.452151679E1,-6.643322706E-1,-2.032993734E-1,-1.324389577E0,1.495551989E0
3.453149879E1,-6.517690420E-1,-1.642723382E-1,-1.153756261E0,1.335268435E0
3.454147979E1,-5.902366638E-1,-1.323268116E-1,-9.923758507E-1,1.162195996E0
3.455146179E1,-4.756469727E-1,-1.058922783E-1,-8.491822481E-1,9.790626679E-1
3.456144379E1,-3.201886117E-1,-9.429225326E-2,-7.238156796E-1,7.970702065E-1
3.457142579E1,-1.522866935E-1,-8.867218345E-2,-6.203747988E-1,6.449177343E-1
3.458140779E1,9.386066347E-3,-7.187300920E-2,-5.137559772E-1,5.188439378E-1
3.459138979E1,1.403952092E-1,-1.450612582E-2,-3.700909317E-1,3.960915805E-1
3.460137079E1,2.639803886E-1,1.043366715E-1,-1.925417781E-1,3.429928905E-1
3.461135279E1,3.559329212E-1,2.449358702E-1,1.623007841E-2,4.323716461E-1
3.462133479E1,3.844160736E-1,3.882592022E-1,2.220130116E-1,5.897547821E-1
3.463131679E1,3.551524580E-1,5.050728321E-1,4.112132788E-1,7.418410846E-1
3.464129879E1,2.792339027E-1,6.197453737E-1,5.940487385E-1,9.027457030E-1
3.465128079E1,1.606489569E-1,7.048296332E-1,7.750334740E-1,1.059844227E0
3.466126179E1,2.331242524E-2,7.548812032E-1,9.569447041E-1,1.219070247E0
3.467124379E1,-1.338138133E-1,7.756325603E-1,1.120180488E0,1.369056730E0
3.468122579E1,-3.096801639E-1,7.641375065E-1,1.247046351E0,1.494969075E0
3.469120779E1,-4.981888235E-1,7.384324074E-1,1.323859096E0,1.595643265E0
3.470118979E1,-6.862568855E-1,7.068930864E-1,1.372181535E0,1.689239034E0
3.471117179E1,-8.502700925E-1,6.734126210E-1,1.420542955E0,1.787284554E0
3.472115379E1,-9.808228016E-1,6.425439715E-1,1.477692485E0,1.886385751E0
3.473113479E1,-1.047911048E0,6.071556211E-1,1.531828046E0,1.952755150E0
3.474111679E1,-1.043749928E0,5.675954223E-1,1.575987577E0,1.973655320E0
3.475109879E1,-9.748076797E-1,5.353048444E-1,1.623824358E0,1.968148072E0
3.476108079E1,-8.588001132E-1,4.916340411E-1,1.662242770E0,1.934500631E0
3.477106279E1,-7.222265601E-1,4.390464723E-1,1.682536602E0,1.882897349E0
3.478104479E1,-5.826703906E-1,3.784009814E-1,1.674334645E0,1.812757179E0
3.479102621E1,-4.755381048E-1,3.239939213E-1,1.638812304E0,1.736897900E0
3.480100821E1,-4.051235616E-1,2.937835455E-1,1.587866664E0,1.664858677E0
3.481099021E1,-3.736495078E-1,2.790338993E-1,1.522934794E0,1.592734837E0
3.482097221E1,-3.539317548E-1,2.795539498E-1,1.452468634E0,1.520882385E0
3.483095421E1,-3.560364544E-1,3.114500940E-1,1.370015740E0,1.449381332E0
3.484093621E1,-3.786547780E-1,3.692740500E-1,1.270276666E0,1.375988943E0
3.485091721E1,-4.221420586E-1,4.089532793E-1,1.175892353E0,1.314598619E0
3.486089921E1,-4.674591124E-1,4.380638003E-1,1.093888879E0,1.267679295E0
3.487088121E1,-5.253090858E-1,4.503273964E-1,1.019798636E0,1.232369124E0
3.488086321E1,-5.938714743E-1,4.448401332E-1,9.515770674E-1,1.206675179E0
3.489084521E1,-6.511161327E-1,4.319240749E-1,8.900617957E-1,1.184365073E0
3.490082721E1,-6.967129707E-1,4.153717756E-1,8.496436477E-1,1.174664635E0
3.491080821E1,-7.292799354E-1,4.033888876E-1,8.275258541E-1,1.174466201E0
3.492079021E1,-7.607987523E-1,3.872756362E-1,8.198387027E-1,1.183610011E0
3.493077221E1,-7.849302292E-1,3.706692457E-1,8.432886600E-1,1.210225978E0
3.494075421E1,-8.041455746E-1,3.575593829E-1,8.939579725E-1,1.254455928E0
3.495073621E1,-8.220809102E-1,3.499464691E-1,9.587763548E-1,1.310546318E0
3.496071821E1,-8.310086131E-1,3.380213678E-1,1.032266617E0,1.367628651E0
3.497069921E1,-8.296098709E-1,3.225031197E-1,1.107597589E0,1.420926888E0
3.498068121E1,-8.165413141E-1,3.174766004E-1,1.171526313E0,1.462875597E0
3.499066321E1,-7.923312783E-1,3.197866082E-1,1.223166585E0,1.492041831E0
3.500064521E1,-7.532332540E-1,3.440310061E-1,1.275141954E0,1.520429108E0
3.501062721E1,-7.082892060E-1,3.930342495E-1,1.321602702E0,1.550091360E0
3.502060921E1,-6.521414518E-1,4.434359074E-1,1.361031532E0,1.573000543E0
3.503059021E1,-5.791239738E-1,5.008698702E-1,1.402799487E0,1.598155689E0
3.504057221E1,-5.073478222E-1,5.653240085E-1,1.447883964E0,1.635041596E0
3.505055421E1,-4.445232749E-1,6.177960038E-1,1.487141252E0,1.670587306E0
3.506053621E1,-3.734767437E-1,6.755146980E-1,1.507685184E0,1.693788535E0
3.507051821E1,-2.893818319E-1,7.141238451E-1,1.504166842E0,1.690039230E0
3.508050021E1,-1.912049949E-1,7.059524655E-1,1.477108955E0,1.648265482E0
3.509048221E1,-5.489296094E-2,6.260360479E-1,1.401637793E0,1.536073850E0
3.510046321E1,1.129851565E-1,5.101747513E-1,1.290326595E0,1.392115888E0
3.511044521E1,2.671478391E-1,3.476353586E-1,1.147747636E0,1.228634586E0
3.512042721E1,3.792674541E-1,1.319012642E-1,9.857127070E-1,1.064364264E0
3.513040921E1,4.518468380E-1,-1.089529023E-1,8.200342655E-1,9.425987994E-1
3.514039121E1,4.867771864E-1,-3.240880966E-1,6.739116907E-1,8.922679477E-1
3.515037221E1,4.893524647E-1,-4.501435161E-1,5.300586820E-1,8.503277169E-1
3.516035421E1,4.578532577E-1,-5.452182293E-1,3.725596368E-1,8.035503756E-1
3.517033621E1,3.786527216E-1,-6.184782982E-1,1.933637857E-1,7.505217136E-1
3.518031821E1,2.622231543E-1,-6.583397388E-1,-3.840144724E-3,7.086514948E-1
3.519030021E1,1.151181236E-1,-6.766042709E-1,-2.255379260E-1,7.224353797E-1
3.520028221E1,-2.715064771E-2,-6.509549618E-1,-4.373424053E-1,7.846960554E-1
3.521026421E1,-1.551701277E-1,-5.960283279E-1,-6.003987193E-1,8.601198512E-1
3.522024521E1,-2.476807982E-1,-5.049684048E-1,-7.354726791E-1,9.258827838E-1
3.523022721E1,-3.104656041E-1,-3.984896839E-1,-8.573786020E-1,9.951286282E-1
3.524020921E1,-3.282864094E-1,-2.780146599E-1,-9.619979858E-1,1.053804651E0
3.525019121E1,-3.127309084E-1,-1.540309191E-1,-1.055054188E0,1.111155023E0
3.526017321E1,-2.542007864E-1,-6.871020794E-2,-1.159044504E0,1.188580370E0
3.527015521E1,-1.481243968E-1,-1.860469207E-2,-1.270176888E0,1.278919973E0
3.528013621E1,1.948257908E-2,8.726119995E-3,-1.365576386E0,1.365743235E0
3.529011821E1,2.391105443E-1,-3.653052263E-3,-1.438315511E0,1.458059912E0
3.530010021E1,4.862567484E-1,-7.142470032E-2,-1.470716953E0,1.550662913E0
3.531008221E1,7.395886183E-1,-1.956196129E-1,-1.467484117E0,1.654922352E0
3.532006421E1,9.813696146E-1,-3.737071753E-1,-1.435510039E0,1.778604072E0
3.533004621E1,1.215095997E0,-5.933697224E-1,-1.391259432E0,1.940141416E0
3.534002721E1,1.440658569E0,-8.534018397E-1,-1.345026135E0,2.147763283E0
3.535000921E1,1.665147066E0,-1.135529637E0,-1.306257486E0,2.401759965E0
3.535999121E1,1.896534681E0,-1.405613542E0,-1.282294750E0,2.686423841E0
3.536997321E1,2.123991251E0,-1.642624974E0,-1.285338521E0,2.976852491E0
3.537995521E1,2.323991776E0,-1.826822639E0,-1.314075470E0,3.234967243E0
3.538993721E1,2.486461878E0,-1.971851945E0,-1.367607355E0,3.455581375E0
3.539991821E1,2.604377747E0,-2.070841312E0,-1.438165665E0,3.624843123E0
3.540990021E1,2.661145449E0,-2.111817122E0,-1.525566697E0,3.724086519E0
3.541988221E1,2.651858091E0,-2.109402657E0,-1.624889970E0,3.757951346E0
3.542986421E1,2.570804119E0,-2.058899879E0,-1.744794726E0,3.727252496E0
3.543984621E1,2.428531885E0,-1.974314928E0,-1.885718942E0,3.653987203E0
3.544982821E1,2.241899729E0,-1.864486933E0,-2.031279802E0,3.553663399E0
3.545980921E1,2.018841982E0,-1.738283277E0,-2.167163134E0,3.434231755E0
3.546979121E1,1.772014380E0,-1.590046406E0,-2.291400671E0,3.304360690E0
3.547977321E1,1.509947538E0,-1.426974535E0,-2.393919945E0,3.169708282E0
3.548975521E1,1.234125257E0,-1.253620386E0,-2.461054802E0,3.025131395E0
3.549973721E1,9.366567731E-1,-1.089917183E0,-2.488251686E0,2.873437285E0
3.550971921E1,6.481294036E-1,-9.308439493E-1,-2.466573000E0,2.714871000E0
3.551970021E1,3.867237568E-1,-7.552062869E-1,-2.387912035E0,2.534169625E0
3.552968221E1,1.721440852E-1,-5.777334571E-1,-2.261204243E0,2.340182506E0
3.553966421E1,2.262232127E-3,-4.206783473E-1,-2.090247869E0,2.132161238E0
3.554964621E1,-1.194847077E-1,-2.707631290E-1,-1.899727345E0,1.922642258E0
3.555962821E1,-2.032116950E-1,-1.398336887E-1,-1.695982695E0,1.713827808E0
3.556961021E1,-2.639482617E-1,-3.110241517E-2,-1.489990354E0,1.513508275E0
3.557959121E1,-3.068799078E-1,4.984120652E-2,-1.290912032E0,1.327822766E0
3.558957321E1,-3.286249042E-1,9.867585450E-2,-1.131612301E0,1.182487907E0
3.559955521E1,-3.494755030E-1,1.292420924E-1,-1.037850976E0,1.102710884E0
3.560953721E1,-3.862052858E-1,1.547991186E-1,-1.003416657E0,1.086260686E0
3.561951921E1,-4.635329545E-1,1.902910471E-1,-9.910041690E-1,1.110478611E0
3.562950121E1,-6.026352048E-1,2.218265980E-1,-9.727109075E-1,1.165565416E0
3.563948221E1,-7.892475128E-1,2.700828016E-1,-9.433703423E-1,1.259287084E0
3.564946421E1,-9.795469046E-1,3.588960171E-1,-8.701749444E-1,1.358500248E0
3.565944621E1,-1.159402490E0,4.874689579E-1,-7.246409059E-1,1.451531798E0
3.566942821E1,-1.304537654E0,6.383250356E-1,-5.110996366E-1,1.539642874E0
3.567941021E1,-1.387574434E0,7.934904099E-1,-2.438305467E-1,1.616923986E0
3.568939221E1,-1.389781594E0,9.023846388E-1,3.964644298E-2,1.657517046E0
3.569937321E1,-1.320185304E0,9.471331239E-1,3.100565076E-1,1.654111673E0
3.570935521E1,-1.193396807E0,9.419096112E-1,5.704965591E-1,1.623839887E0
3.571933721E1,-1.026934624E0,8.757500648E-1,8.166127801E-1,1.577462941E0
3.572931921E1,-8.109149933E-1,7.871282697E-1,1.069073558E0,1.555658160E0
3.573930121E1,-5.736063123E-1,7.159852386E-1,1.322814465E0,1.609812775E0
3.574928321E1,-3.431738913E-1,6.740540266E-1,1.541735888E0,1.717284687E0
3.575926421E1,-1.474697441E-1,6.531963348E-1,1.695300460E0,1.822760661E0
3.576924621E1,-1.517055370E-2,6.311491132E-1,1.749644637E0,1.860063360E0
3.577922821E1,2.823580988E-2,5.998684764E-1,1.716218114E0,1.818253025E0
3.578921046E1,-3.770325799E-3,5.855736732E-1,1.633641720E0,1.735423871E0
3.579919246E1,-8.462581038E-2,5.927243233E-1,1.542908788E0,1.655007909E0
3.580917446E1,-2.097336501E-1,5.894477963E-1,1.473971248E0,1.601258301E0
3.581915546E1,-3.895484805E-1,5.831497908E-1,1.408868313E0,1.573760344E0
3.582913746E1,-5.999030471E-1,5.810655951E-1,1.347611308E0,1.585426482E0
3.583911946E1,-8.038516641E-1,5.998327136E-1,1.276916385E0,1.623727882E0
3.584910146E1,-9.672980905E-1,6.430217028E-1,1.204681873E0,1.673439847E0
3.585908346E1,-1.076963425E0,7.065881491E-1,1.120293617E0,1.707095434E0
3.586906546E1,-1.133315921E0,7.650821209E-1,1.016496658E0,1.703825427E0
3.587904646E1,-1.142841697E0,8.106478453E-1,9.054281116E-1,1.668243729E0
3.588902846E1,-1.120445371E0,8.346011043E-1,8.078767657E-1,1.613884042E0
3.589901046E1,-1.071125746E0,8.223800063E-1,7.286229730E-1,1.534441486E0
3.590899246E1,-9.966664910E-1,7.931233644E-1,6.760822535E-1,1.442038827E0
3.591897446E1,-9.105944037E-1,7.478299141E-1,6.562676430E-1,1.348747185E0
3.592895646E1,-8.140247464E-1,6.885333061E-1,6.505469084E-1,1.248969848E0
3.593893746E1,-7.122198343E-1,6.179965734E-1,6.559669375E-1,1.148681627E0
3.594891946E1,-6.149177551E-1,5.382907987E-1,6.673690081E-1,1.055112422E0
3.595890146E1,-5.241582394E-1,4.527729452E-1,6.749088764E-1,9.670817914E-1
3.596888346E1,-4.476173818E-1,3.745457828E-1,6.812258959E-1,8.970588527E-1
3.597886546E1,-3.843800426E-1,2.964956760E-1,6.828914881E-1,8.378535000E-1
3.598884746E1,-3.326167166E-1,2.279528379E-1,6.884183288E-1,7.978196362E-1
3.599882846E1,-2.965671122E-1,1.628323048E-1,6.854476333E-1,7.643983709E-1
3.600881046E1,-2.849149704E-1,9.705594927E-2,6.804712415E-1,7.440682147E-1
3.601879246E1,-2.950809002E-1,2.462028898E-2,6.675780416E-1,7.303008543E-1
3.602877446E1,-3.194512129E-1,-4.661261290E-2,6.680781841E-1,7.419907501E-1
3.603875646E1,-3.521921933E-1,-8.599670231E-2,6.745639443E-1,7.658141346E-1
3.604873846E1,-3.930951357E-1,-9.724961966E-2,7.037388682E-1,8.119295960E-1
3.605871946E1,-4.302594364E-1,-8.626869321E-2,7.392897010E-1,8.597178211E-1
3.606870146E1,-4.433547258E-1,-6.291889399E-2,7.939348817E-1,9.115123677E-1
3.607868346E1,-4.431776106E-1,-3.032574430E-2,8.653072119E-1,9.726677831E-1
3.608866546E1,-4.312043190E-1,-2.932735719E-3,9.318910837E-1,1.026823625E0
3.609864746E1,-3.984432220E-1,2.420226857E-2,9.867675900E-1,1.064449636E0
3.610862946E1,-3.683002293E-1,4.576082155E-2,1.024733901E0,1.089870946E0
3.611861046E1,-3.447080255E-1,6.409609318E-2,1.048665047E0,1.105726147E0
3.612859246E1,-3.260211647E-1,7.576127350E-2,1.080283999E0,1.130947872E0
3.613857446E1,-3.008813262E-1,9.044761211E-2,1.118827701E0,1.162104026E0
3.614855646E1,-2.744316161E-1,1.011577845E-1,1.161125898E0,1.197396743E0
3.615853846E1,-2.409048378E-1,1.161259860E-1,1.203013659E0,1.232380724E0
3.616852046E1,-1.984497905E-1,1.153973490E-1,1.239087701E0,1.260173479E0
3.617850146E1,-1.511942446E-1,1.104388237E-1,1.257406831E0,1.271270377E0
3.618848346E1,-9.956699610E-2,9.059641510E-2,1.267479420E0,1.274607931E0
3.619846546E1,-4.079827666E-2,5.982616171E-2,1.279519796E0,1.281567235E0
3.620844746E1,2.651898004E-2,9.936898015E-3,1.295641422E0,1.295950884E0
3.621842946E1,9.197653085E-2,-4.143084586E-2,1.310428143E0,1.314305183E0
3.622841146E1,1.488001496E-1,-9.936232865E-2,1.312982082E0,1.325117469E0
3.623839246E1,1.890373081E-1,-1.462385803E-1,1.299283385E0,1.321082186E0
3.624837446E1,2.158582807E-1,-1.832179129E-1,1.250761628E0,1.282407210E0
3.625835646E1,2.257577330E-1,-2.058187127E-1,1.155157804E0,1.194871311E0
3.626833846E1,2.236477137E-1,-2.221614718E-1,1.041566253E0,1.088225288E0
3.627832046E1,2.065317333E-1,-2.379031330E-1,9.294555187E-1,9.813973807E-1
3.628830146E1,1.960458159E-1,-2.317592204E-1,8.137435317E-1,8.685187583E-1
3.629828346E1,1.984822452E-1,-2.252443582E-1,6.913729310E-1,7.537418340E-1
3.630826546E1,1.937910765E-1,-2.377886474E-1,5.588242412E-1,6.374817289E-1
3.631824746E1,1.545305252E-1,-2.893780768E-1,4.022160470E-1,5.190347802E-1
3.632822946E1,7.582559437E-2,-3.727115691E-1,2.267843038E-1,4.428256484E-1
3.633821146E1,-1.988378167E-2,-4.455423951E-1,5.600584298E-2,4.494886484E-1
3.634819246E1,-1.077316180E-1,-4.980000257E-1,-1.189537197E-1,5.232209042E-1
3.635817446E1,-1.831196398E-1,-5.230110288E-1,-2.960396409E-1,6.282617350E-1
3.636815646E1,-2.276101410E-1,-4.981663525E-1,-4.833328426E-1,7.304702101E-1
3.637813846E1,-2.288498431E-1,-4.316393733E-1,-6.565887928E-1,8.184092143E-1
3.638812046E1,-1.891442388E-1,-3.401376903E-1,-8.004503846E-1,8.900505658E-1
3.639810246E1,-1.124333888E-1,-2.457440794E-1,-9.086024761E-1,9.479398077E-1
3.640808346E1,-2.679460216E-3,-1.741673648E-1,-9.808564186E-1,9.962031743E-1
3.641806546E1,1.227854192E-1,-1.355544329E-1,-1.022942543E0,1.039164429E0
3.642804746E1,2.605664432E-1,-1.496934146E-1,-1.025796413E0,1.068906578E0
3.643802946E1,3.981622458E-1,-2.311201245E-1,-1.014509201E0,1.114081956E0
3.644801146E1,5.435673594E-1,-3.594762385E-1,-1.000955462E0,1.194403817E0
3.645799346E1,7.005518079E-1,-5.211300850E-1,-1.001037836E0,1.328317037E0
3.646797446E1,8.658382297E-1,-7.152558565E-1,-9.949418306E-1,1.500391958E0
3.647795646E1,1.044016242E0,-9.126974940E-1,-9.779199362E-1,1.696854157E0
3.648793846E1,1.227341652E0,-1.088491440E0,-9.745944738E-1,1.908144526E0
3.649792046E1,1.403292537E0,-1.227592468E0,-9.879086018E-1,2.110018156E0
3.650790246E1,1.559575915E0,-1.326186657E0,-1.025672436E0,2.289771174E0
3.651788446E1,1.685503602E0,-1.377985716E0,-1.090173960E0,2.434799024E0
3.652786546E1,1.773899198E0,-1.391609073E0,-1.177553535E0,2.543605021E0
3.653784746E1,1.807130814E0,-1.381929874E0,-1.281545401E0,2.611093750E0
3.654782946E1,1.779546857E0,-1.346095920E0,-1.398372889E0,2.633288434E0
3.655781146E1,1.709579349E0,-1.286383271E0,-1.514686584E0,2.621396368E0
3.656779346E1,1.601097107E0,-1.197251558E0,-1.622903824E0,2.575022342E0
3.657777546E1,1.463227630E0,-1.094157934E0,-1.726951003E0,2.514075665E0
3.658775646E1,1.312310219E0,-9.797739983E-1,-1.827950954E0,2.454286024E0
3.659773846E1,1.146208525E0,-8.675259948E-1,-1.930839777E0,2.407184575E0
3.660772046E1,9.648525715E-1,-7.570940256E-1,-2.027560711E0,2.369627457E0
3.661770246E1,7.698591352E-1,-6.625783443E-1,-2.108151197E0,2.340084319E0
3.662768446E1,5.804018378E-1,-5.659223795E-1,-2.164287090E0,2.311119435E0
3.663766646E1,4.003306329E-1,-4.734895825E-1,-2.188340902E0,2.274487394E0
3.664764746E1,2.244035602E-1,-3.779324293E-1,-2.174399137E0,2.218378121E0
3.665762946E1,4.755857587E-2,-2.759067714E-1,-2.120519400E0,2.138922366E0
3.666761146E1,-1.203278974E-1,-1.807093918E-1,-2.036368847E0,2.047909365E0
3.667759346E1,-2.713131607E-1,-8.666007221E-2,-1.930790544E0,1.951684637E0
3.668757546E1,-3.967128992E-1,2.646896988E-3,-1.801557422E0,1.844721462E0
3.669755746E1,-4.888412952E-1,8.944998682E-2,-1.667339563E0,1.739824224E0
3.670753846E1,-5.512298346E-1,1.612429470E-1,-1.553128600E0,1.655917289E0
3.671752046E1,-5.911757350E-1,2.283391207E-1,-1.459822655E0,1.591448927E0
3.672750246E1,-6.163732409E-1,2.786481082E-1,-1.384774208E0,1.541155524E0
3.673748446E1,-6.487721801E-1,3.028194308E-1,-1.315151215E0,1.497406981E0
3.674746646E1,-7.070900798E-1,3.188966811E-1,-1.240886092E0,1.463376154E0
3.675744746E1,-7.805569768E-1,3.487456143E-1,-1.145765185E0,1.429570060E0
3.676742946E1,-8.455556631E-1,4.059678912E-1,-1.018038154E0,1.384260088E0
3.677741146E1,-9.041199088E-1,4.776846766E-1,-8.463049531E-1,1.327346049E0
3.678739346E1,-9.409028292E-1,5.701199770E-1,-6.470560431E-1,1.276329286E0
3.679737558E1,-9.496641159E-1,6.568497419E-1,-4.255420864E-1,1.230609436E0
3.680735758E1,-9.252330661E-1,7.224135995E-1,-2.022959441E-1,1.191159638E0
3.681733858E1,-8.594567180E-1,7.885676026E-1,1.912683621E-2,1.166563564E0
3.682732058E1,-7.700580955E-1,8.637360930E-1,2.666825652E-1,1.187496989E0
3.683730258E1,-6.914750934E-1,9.158030152E-1,5.334232450E-1,1.265453802E0
3.684728458E1,-6.262865067E-1,9.244388342E-1,7.992458940E-1,1.373177318E0
3.685726658E1,-5.639777780E-1,9.104889035E-1,1.035031915E0,1.489413321E0
3.686724858E1,-5.314462185E-1,8.857588172E-1,1.256220222E0,1.626374191E0
3.687722958E1,-5.153671503E-1,8.189584613E-1,1.466774940E0,1.757192359E0
3.688721158E1,-5.073782206E-1,7.277579308E-1,1.665930986E0,1.887429553E0
3.689719358E1,-4.931395948E-1,6.342037916E-1,1.853459358E0,2.020077400E0
3.690717558E1,-4.632945955E-1,5.310454369E-1,1.995308280E0,2.116106394E0
3.691715758E1,-4.013770223E-1,4.393000901E-1,2.045275927E0,2.130080210E0
3.692713958E1,-3.199940026E-1,3.306870759E-1,2.000251770E0,2.052500243E0
3.693712058E1,-2.612544298E-1,1.936096698E-1,1.922182798E0,1.949493599E0
3.694710258E1,-2.257214785E-1,5.834212154E-2,1.842260003E0,1.856953394E0
3.695708458E1,-1.960744709E-1,-5.388911068E-2,1.748102665E0,1.759889815E0
3.696706658E1,-1.581113636E-1,-1.464288980E-1,1.651387095E0,1.665388833E0
3.697704858E1,-1.376132667E-1,-2.048199922E-1,1.525891542E0,1.545714605E0
3.698703058E1,-1.547573656E-1,-2.409263253E-1,1.361063719E0,1.390859369E0
3.699701158E1,-2.238518894E-1,-2.465643138E-1,1.174445271E0,1.220747855E0
3.700699358E1,-3.368532658E-1,-2.025997788E-1,9.853551984E-1,1.060868352E0
3.701697558E1,-4.836782813E-1,-1.109124497E-1,8.104528785E-1,9.503052770E-1
3.702695758E1,-6.412016153E-1,4.011275619E-2,6.631100178E-1,9.232894673E-1
3.703693958E1,-8.032802939E-1,2.452702671E-1,5.475617647E-1,1.002616886E0
3.704692158E1,-9.541598558E-1,4.576333761E-1,4.723314345E-1,1.158855609E0
3.705690258E1,-1.071947932E0,6.520036459E-1,4.154741168E-1,1.321665565E0
3.706688458E1,-1.146825552E0,8.159124255E-1,3.809108138E-1,1.458086068E0
3.707686658E1,-1.177273393E0,9.150339365E-1,3.647039533E-1,1.535014241E0
3.708684858E1,-1.180792212E0,9.477359653E-1,3.566313684E-1,1.555525520E0
3.709683058E1,-1.155458689E0,9.197149873E-1,3.524793983E-1,1.518289223E0
3.710681158E1,-1.103846669E0,8.551373482E-1,3.532474637E-1,1.440319799E0
3.711679358E1,-1.034453750E0,7.659126520E-1,3.746732175E-1,1.340558380E0
3.712677558E1,-9.672814608E-1,6.788046956E-1,4.130072892E-1,1.251792419E0
3.713675758E1,-8.990960717E-1,5.878110528E-1,4.825634658E-1,1.177609052E0
3.714673958E1,-8.314336538E-1,4.939611852E-1,5.698409081E-1,1.122496429E0
3.715672158E1,-7.588000298E-1,3.974433243E-1,6.773725152E-1,1.092049544E0
3.716670258E1,-6.818309426E-1,3.043951392E-1,7.856177688E-1,1.083856593E0
3.717668458E1,-6.072689891E-1,1.795729250E-1,8.913457394E-1,1.093398046E0
3.718666658E1,-5.216747522E-1,4.574828222E-2,9.883455038E-1,1.118509851E0
3.719664858E1,-4.270515144E-1,-8.405148983E-2,1.064549565E0,1.150088443E0
3.720663058E1,-3.369985819E-1,-2.123058736E-1,1.132158160E0,1.200176624E0
3.721661258E1,-2.511791289E-1,-3.093482256E-1,1.195217371E0,1.259893584E0
3.722659358E1,-1.826519817E-1,-3.660961986E-1,1.263277054E0,1.327876910E0
3.723657558E1,-1.393321306E-1,-4.002291560E-1,1.330707431E0,1.396559732E0
3.724655758E1,-1.118270084E-1,-4.174305201E-1,1.396151900E0,1.461503899E0
3.725653958E1,-1.024336293E-1,-4.092825949E-1,1.448223948E0,1.508428817E0
3.726652158E1,-1.058555245E-1,-3.819761276E-1,1.488947153E0,1.540803290E0
3.727650258E1,-1.212619096E-1,-3.421223760E-1,1.515236616E0,1.558105957E0
3.728648458E1,-1.294354200E-1,-2.922890484E-1,1.526643157E0,1.559751821E0
3.729646658E1,-1.277483553E-1,-2.548285723E-1,1.503372312E0,1.530158668E0
3.730644858E1,-1.126439571E-1,-2.077811658E-1,1.454707861E0,1.473783103E0
3.731643058E1,-8.030469716E-2,-1.537722498E-1,1.400378823E0,1.411083129E0
3.732641258E1,-2.593307011E-2,-1.071355119E-1,1.346908689E0,1.351411691E0
3.733639358E1,3.762579337E-2,-7.590273023E-2,1.283062816E0,1.285856568E0
3.734637558E1,1.098014563E-1,-8.331882954E-2,1.203180432E0,1.211049768E0
3.735635758E1,2.029491365E-1,-1.068940163E-1,1.106648326E0,1.130170430E0
3.736633958E1,3.144282401E-1,-1.180667728E-1,1.030821562E0,1.084157725E0
3.737632158E1,4.401375353E-1,-1.276760101E-1,9.680199027E-1,1.071020423E0
3.738630358E1,5.442878604E-1,-1.628696769E-1,8.791075945E-1,1.046711980E0
3.739628458E1,6.035857797E-1,-2.435780913E-1,7.093594074E-1,9.627236617E-1
3.740626658E1,5.830717087E-1,-3.517687321E-1,4.429913759E-1,8.123762783E-1
3.741624858E1,5.091148019E-1,-4.454824030E-1,8.839073032E-2,6.822502284E-1
3.742623058E1,4.008245766E-1,-4.728865921E-1,-3.108141720E-1,6.934605395E-1
3.743621258E1,2.845173478E-1,-4.352866709E-1,-7.184461951E-1,8.868988344E-1
3.744619458E1,1.684386730E-1,-3.506010771E-1,-1.080296874E0,1.148187283E0
3.745617558E1,5.291606486E-2,-2.183054239E-1,-1.341469169E0,1.360145911E0
3.746615758E1,-6.857547909E-2,-1.027479321E-1,-1.503473759E0,1.508540048E0
3.747613958E1,-1.587558538E-1,-1.066999789E-2,-1.623390794E0,1.631169807E0
3.748612158E1,-2.063542604E-1,4.969400913E-2,-1.683507681E0,1.696835197E0
3.749610358E1,-2.110961974E-1,6.062045693E-2,-1.707590938E0,1.721657125E0
3.750608458E1,-1.751994491E-1,1.360927429E-2,-1.702472687E0,1.711517838E0
3.751606658E1,-9.424558282E-2,-5.133295804E-2,-1.678073525E0,1.681501727E0
3.752604858E1,3.569563478E-2,-1.537237763E-1,-1.639220715E0,1.646799845E0
3.753603058E1,2.055525631E-1,-2.759325504E-1,-1.585233927E0,1.622145872E0
3.754601258E1,4.155968726E-1,-3.951995671E-1,-1.524847865E0,1.629129973E0
3.755599458E1,6.400737166E-1,-5.497611165E-1,-1.451581359E0,1.678993773E0
3.756597558E1,8.776686788E-1,-7.141489983E-1,-1.365955710E0,1.773737891E0
3.757595758E1,1.131153822E0,-8.796207905E-1,-1.280053258E0,1.921400023E0
3.758593958E1,1.385599613E0,-1.051977038E0,-1.191394567E0,2.108545231E0
3.759592158E1,1.624804497E0,-1.217061996E0,-1.113466024E0,2.315391143E0
3.760590358E1,1.838497877E0,-1.367221117E0,-1.045885682E0,2.518579935E0
3.761588558E1,2.009618998E0,-1.492094874E0,-1.000788808E0,2.695643498E0
3.762586658E1,2.131116152E0,-1.598627925E0,-9.866284728E-1,2.840898280E0
3.763584858E1,2.217739105E0,-1.687949538E0,-1.001862407E0,2.961632770E0
3.764583058E1,2.258261442E0,-1.750564098E0,-1.044250011E0,3.042150143E0
3.765581258E1,2.244115829E0,-1.788766742E0,-1.105249643E0,3.075275449E0
3.766579458E1,2.184742689E0,-1.797424912E0,-1.174426317E0,3.063186920E0
3.767577658E1,2.083983660E0,-1.772862911E0,-1.240040779E0,3.003952718E0
3.768575758E1,1.948505640E0,-1.723778963E0,-1.288187027E0,2.903018078E0
3.769573958E1,1.789922595E0,-1.656140327E0,-1.325311542E0,2.775441292E0
3.770572158E1,1.618831277E0,-1.576499343E0,-1.342935324E0,2.628581398E0
3.771570358E1,1.443515062E0,-1.497577429E0,-1.339150429E0,2.473822500E0
3.772568558E1,1.273203731E0,-1.400596023E0,-1.315951109E0,2.305307849E0
3.773566658E1,1.107866287E0,-1.296416998E0,-1.266937733E0,2.124428385E0
3.774564858E1,9.446172118E-1,-1.213412166E0,-1.205389977E0,1.953877109E0
3.775563058E1,7.843388915E-1,-1.129787683E0,-1.146252990E0,1.790392031E0
3.776561258E1,6.293557286E-1,-1.047100782E0,-1.099753976E0,1.643766251E0
3.777559458E1,4.703390896E-1,-9.594234228E-1,-1.069930792E0,1.512105837E0
3.778557658E1,3.112722039E-1,-8.550075293E-1,-1.056094170E0,1.394009740E0
3.779555679E1,1.499542594E-1,-7.377163172E-1,-1.045590758E0,1.288398882E0
3.780553879E1,-1.906219870E-2,-6.042423844E-1,-1.051827073E0,1.213182764E0
3.781552079E1,-2.008035779E-1,-4.578189552E-1,-1.066688538E0,1.178025767E0
3.782550279E1,-3.904185295E-1,-2.754592896E-1,-1.080071688E0,1.181041616E0
3.783548479E1,-5.803681016E-1,-8.843771368E-2,-1.094051123E0,1.241610334E0
3.784546579E1,-7.707058191E-1,1.161881313E-1,-1.103896856E0,1.351323577E0
3.785544779E1,-9.453505874E-1,3.484221697E-1,-1.104468584E0,1.494970433E0
3.786542979E1,-1.106593013E0,5.879615545E-1,-1.079507828E0,1.653960107E0
3.787541179E1,-1.234635234E0,8.096438050E-1,-1.025810003E0,1.797813509E0
3.788539379E1,-1.301240921E0,1.009370208E0,-9.486830235E-1,1.900540878E0
3.789537579E1,-1.308697224E0,1.180332422E0,-8.531619310E-1,1.957998552E0
3.790535679E1,-1.260500669E0,1.293967366E0,-7.473548055E-1,1.954930354E0
3.791533879E1,-1.181812406E0,1.329993844E0,-6.544951797E-1,1.895765842E0
3.792532079E1,-1.104653239E0,1.296425462E0,-5.588312149E-1,1.792559646E0
3.793530279E1,-1.048866868E0,1.205216289E0,-4.298478365E-1,1.654520224E0
3.794528479E1,-1.032489657E0,1.080530047E0,-2.634641826E-1,1.517561680E0
3.795526679E1,-1.060954809E0,9.479620457E-1,-7.012926787E-2,1.424491229E0
3.796524779E1,-1.106101990E0,8.229867816E-1,1.512065828E-1,1.386950715E0
3.797522979E1,-1.140143752E0,7.513245940E-1,4.085199237E-1,1.425238559E0
3.798521179E1,-1.146550775E0,7.369616032E-1,6.857225299E-1,1.525747840E0
3.799519379E1,-1.108329535E0,7.700916529E-1,9.621952176E-1,1.657484584E0
3.800517579E1,-1.032884598E0,8.464729786E-1,1.201757550E0,1.796548999E0
3.801515779E1,-9.232876301E-1,9.408253431E-1,1.386453867E0,1.913077808E0
3.802513879E1,-8.024557233E-1,1.016284943E0,1.531975150E0,2.005920769E0
3.803512079E1,-6.880023479E-1,1.059306741E0,1.642077804E0,2.071689531E0
3.804510279E1,-5.919328332E-1,1.055765271E0,1.713145852E0,2.097592310E0
3.805508479E1,-4.956705272E-1,1.006255627E0,1.749955893E0,2.078601762E0
3.806506679E1,-3.799993098E-1,9.070985317E-1,1.765219331E0,2.020699509E0
3.807504779E1,-2.435868829E-1,7.402147055E-1,1.760206342E0,1.924987986E0
3.808502979E1,-6.578600407E-2,5.230325460E-1,1.723716736E0,1.802523295E0
3.809501179E1,1.420487761E-1,2.662053108E-1,1.660416842E0,1.687609910E0
3.810499379E1,3.501079679E-1,-1.503275149E-2,1.575116277E0,1.613627236E0
3.811497579E1,5.150322318E-1,-2.775852680E-1,1.464442611E0,1.576992055E0
3.812495779E1,6.063248515E-1,-4.881555736E-1,1.332662225E0,1.543345164E0
3.813493879E1,6.093962193E-1,-6.251012087E-1,1.189086556E0,1.475141387E0
3.814492079E1,5.258765817E-1,-6.473841071E-1,1.049443722E0,1.340516500E0
3.815490279E1,3.430858552E-1,-5.538971424E-1,9.241151214E-1,1.130707171E0
3.816488479E1,8.697604388E-2,-3.546609879E-1,8.167148829E-1,8.946353717E-1
3.817486679E1,-2.175342888E-1,-7.713511586E-2,7.210678458E-1,7.571062219E-1
3.818484779E1,-5.249746442E-1,2.261571139E-1,6.460676193E-1,8.626405891E-1
3.819482979E1,-7.854542732E-1,5.034781098E-1,5.790851116E-1,1.098074765E0
3.820481179E1,-9.759509563E-1,7.250317931E-1,5.248495936E-1,1.324242601E0
3.821479379E1,-1.090798259E0,8.669227958E-1,4.880736172E-1,1.476350850E0
3.822477579E1,-1.123076081E0,9.403623939E-1,4.628590643E-1,1.536170508E0
3.823475779E1,-1.082196236E0,9.519687891E-1,4.535809755E-1,1.511002637E0
3.824473879E1,-9.844315648E-1,9.054793715E-1,4.655945003E-1,1.416254439E0
3.825472079E1,-8.540986776E-1,8.107399940E-1,4.982311130E-1,1.278678275E0
3.826470279E1,-7.107694745E-1,6.862640977E-1,5.497648716E-1,1.130660458E0
3.827468479E1,-5.695313811E-1,5.337824225E-1,6.149976850E-1,9.937362936E-1
3.828466679E1,-4.402972460E-1,3.708994985E-1,6.853189468E-1,8.950364024E-1
3.829464879E1,-3.141897917E-1,2.088200748E-1,7.582520247E-1,8.469162779E-1
3.830462979E1,-1.826802045E-1,6.147750095E-2,8.275490403E-1,8.496993317E-1
3.831461179E1,-5.204568058E-2,-5.005938187E-2,8.908414245E-1,8.937634688E-1
3.832459379E1,6.374536455E-2,-1.339204609E-1,9.614490271E-1,9.728218712E-1
3.833457579E1,1.661138535E-1,-1.886694729E-1,1.025821447E0,1.056172157E0
3.834455779E1,2.481642514E-1,-2.081784606E-1,1.089114070E0,1.136262832E0
3.835453879E1,3.161192834E-1,-2.153493166E-1,1.146851778E0,1.208956463E0
3.836452079E1,3.895615339E-1,-2.023482919E-1,1.198430896E0,1.276299194E0
3.837450279E1,4.486002326E-1,-1.802799404E-1,1.230138302E0,1.321734946E0
3.838448479E1,5.003188252E-1,-1.598545611E-1,1.242678046E0,1.349118651E0
3.839446679E1,5.424942970E-1,-1.493984163E-1,1.236215115E0,1.358251729E0
3.840444779E1,5.721746683E-1,-1.460577399E-1,1.202309847E0,1.339502028E0
3.841442979E1,6.009870172E-1,-1.566897929E-1,1.142987728E0,1.300829748E0
3.842441179E1,6.250191331E-1,-1.879728734E-1,1.065962434E0,1.249903448E0
3.843439379E1,6.496871710E-1,-2.278952152E-1,9.848154187E-1,1.201620180E0
3.844437579E1,6.696267724E-1,-2.763857841E-1,9.124221802E-1,1.165033627E0
3.845435779E1,6.775723100E-1,-3.148476183E-1,8.496925235E-1,1.131463938E0
3.846433879E1,6.651883721E-1,-3.401854634E-1,7.897748351E-1,1.087173404E0
3.847432079E1,6.400129199E-1,-3.357963860E-1,7.212072611E-1,1.021036563E0
3.848430279E1,6.051529050E-1,-3.049990535E-1,6.340071559E-1,9.280083700E-1
3.849428479E1,5.534375310E-1,-2.524808645E-1,5.367043614E-1,8.112282412E-1
3.850426679E1,4.811015427E-1,-2.033823133E-1,4.246310294E-1,6.731527099E-1
3.851424879E1,4.167211056E-1,-1.482304037E-1,3.369198740E-1,5.560069549E-1
3.852422979E1,3.745121360E-1,-8.348175883E-2,3.162044883E-1,4.972060161E-1
3.853421179E1,3.510492742E-1,-5.879747868E-2,3.190742433E-1,4.780178963E-1
3.854419379E1,3.246251345E-1,-6.499971449E-2,3.079283834E-1,4.521353006E-1
3.855417579E1,2.903494537E-1,-6.556980312E-2,2.880681753E-1,4.142287749E-1
3.856415779E1,2.318658978E-1,-8.741758764E-2,2.626477778E-1,3.610920719E-1
3.857413879E1,1.502981186E-1,-1.367159486E-1,1.792480350E-1,2.709439667E-1
3.858412079E1,3.170169890E-2,-2.095723152E-1,2.230396867E-2,2.131267699E-1
3.859410279E1,-1.142160222E-1,-2.668329477E-1,-1.781411171E-1,3.405574538E-1
3.860408479E1,-2.590299249E-1,-2.942323387E-1,-3.804398775E-1,5.462633719E-1
3.861406679E1,-3.526796103E-1,-2.775652111E-1,-5.879736543E-1,7.396880234E-1
3.862404879E1,-3.898501396E-1,-2.158315629E-1,-7.801976800E-1,8.984847326E-1
3.863402979E1,-3.754477799E-1,-1.654560119E-1,-9.482506514E-1,1.033206671E0
3.864401179E1,-3.250059187E-1,-1.433515102E-1,-1.092471719E0,1.148770194E0
3.865399379E1,-2.480932474E-1,-1.613595337E-1,-1.210499525E0,1.246152582E0
3.866397579E1,-1.670279652E-1,-2.167066783E-1,-1.294885993E0,1.323476430E0
3.867395779E1,-7.936134934E-2,-3.076137006E-1,-1.358711839E0,1.395357400E0
3.868393879E1,1.575610973E-2,-4.110892415E-1,-1.415002346E0,1.473592297E0
3.869392079E1,1.231605858E-1,-5.053022504E-1,-1.461095452E0,1.550902581E0
3.870390279E1,2.502663434E-1,-5.712937713E-1,-1.496036649E0,1.620844061E0
3.871388479E1,3.990589082E-1,-5.769498944E-1,-1.519373178E0,1.673503525E0
3.872386679E1,5.484792590E-1,-5.456672907E-1,-1.531279683E0,1.715633923E0
3.873384879E1,6.815595627E-1,-4.953963757E-1,-1.561091900E0,1.773964184E0
3.874382979E1,7.949194312E-1,-4.367445111E-1,-1.618302464E0,1.855140301E0
3.875381179E1,8.849243522E-1,-4.064654410E-1,-1.699096799E0,1.958375652E0
3.876379379E1,9.473616481E-1,-4.103480875E-1,-1.777578235E0,2.055641998E0
3.877377579E1,9.963160753E-1,-4.270122349E-1,-1.828746200E0,2.125864020E0
3.878375779E1,1.026654959E0,-4.457076192E-1,-1.873426318E0,2.182292798E0
3.879373929E1,1.021839380E0,-4.718662500E-1,-1.934047103E0,2.237711258E0
3.880372129E1,9.926546216E-1,-5.051426888E-1,-2.004852533E0,2.293461579E0
3.881370329E1,9.562248588E-1,-5.336465836E-1,-2.065222025E0,2.337581372E0
3.882368529E1,9.358487129E-1,-5.461556911E-1,-2.108412504E0,2.370548911E0
3.883366729E1,9.247313738E-1,-5.564764738E-1,-2.117640018E0,2.376803195E0
3.884364929E1,9.011155367E-1,-5.786041617E-1,-2.084088802E0,2.343121449E0
3.885363029E1,8.649625778E-1,-6.101911068E-1,-2.011372805E0,2.272908711E0
3.886361229E1,8.155311346E-1,-6.306242347E-1,-1.907961607E0,2.168662134E0
3.887359429E1,7.595143318E-1,-6.295648217E-1,-1.785960793E0,2.040311212E0
3.888357629E1,6.968680024E-1,-6.305347085E-1,-1.665285826E0,1.912165242E0
3.889355829E1,6.415094137E-1,-6.298164129E-1,-1.547223330E0,1.789442112E0
3.890353929E1,5.970301032E-1,-6.219065785E-1,-1.435415506E0,1.674404495E0
3.891352129E1,5.432440042E-1,-6.131035686E-1,-1.331650019E0,1.563426303E0
3.892350329E1,4.892713130E-1,-6.053953171E-1,-1.237597823E0,1.462032243E0
3.893348529E1,4.141901433E-1,-5.892315507E-1,-1.152553439E0,1.359090404E0
3.894346729E1,3.311903179E-1,-5.581010580E-1,-1.064643025E0,1.246847460E0
3.895344929E1,2.351790667E-1,-5.044809580E-1,-9.924224615E-1,1.137854372E0
3.896343029E1,1.057529002E-1,-4.284519255E-1,-9.370356202E-1,1.035755995E0
3.897341229E1,-5.743254721E-2,-3.200545907E-1,-8.783653378E-1,9.366211108E-1
3.898339429E1,-2.469827682E-1,-1.882494241E-1,-8.108763099E-1,8.683079657E-1
3.899337629E1,-4.448772669E-1,-2.606583759E-2,-7.220370770E-1,8.484885096E-1
3.900335829E1,-6.410658956E-1,1.579103917E-1,-6.022845507E-1,8.936709989E-1
3.901333929E1,-8.200224042E-1,3.507021368E-1,-4.443134069E-1,9.964151422E-1
3.902332129E1,-9.762551785E-1,5.300332308E-1,-2.631489336E-1,1.141602716E0
3.903330329E1,-1.089525342E0,6.648588181E-1,-7.866758108E-2,1.278785090E0
3.904328529E1,-1.180125475E0,7.578393221E-1,1.066378281E-1,1.406551884E0
3.905326729E1,-1.267663836E0,8.195231557E-1,2.968435585E-1,1.538410187E0
3.906324929E1,-1.355400085E0,8.434798717E-1,5.011687875E-1,1.673241716E0
3.907323029E1,-1.431201100E0,8.632525206E-1,7.280790210E-1,1.823085452E0
3.908321229E1,-1.500111699E0,9.030622840E-1,9.579239488E-1,1.995864447E0
3.909319429E1,-1.559915423E0,9.556527734E-1,1.188986778E0,2.181810695E0
3.910317629E1,-1.619833589E0,1.029165626E0,1.409480810E0,2.381108753E0
3.911315829E1,-1.665915370E0,1.109762192E0,1.646790028E0,2.592057780E0
3.912314029E1,-1.702993155E0,1.184503555E0,1.880077600E0,2.799629643E0
3.913312129E1,-1.727204323E0,1.232092500E0,2.031241417E0,2.937214394E0
3.914310329E1,-1.746133089E0,1.254823327E0,2.078140020E0,2.990355880E0
3.915308529E1,-1.763877630E0,1.234945178E0,2.058834553E0,2.979119602E0
3.916306729E1,-1.784837246E0,1.182776451E0,2.023848772E0,2.946280363E0
3.917304929E1,-1.797385931E0,1.102373004E0,1.972504973E0,2.887316799E0
3.918303029E1,-1.775381327E0,9.919415712E-1,1.900387406E0,2.783415030E0
3.919301229E1,-1.710617065E0,8.692889810E-1,1.784827709E0,2.620588489E0
3.920299429E1,-1.573581100E0,7.388569117E-1,1.659410715E0,2.403270882E0
3.921297629E1,-1.389688373E0,5.889722109E-1,1.515669942E0,2.139013186E0
3.922295829E1,-1.176698327E0,4.518817067E-1,1.344802260E0,1.843179088E0
3.923293929E1,-9.660642147E-1,3.179239929E-1,1.151345015E0,1.536213226E0
3.924292129E1,-7.846741676E-1,2.096758038E-1,9.613800645E-1,1.258542459E0
3.925290329E1,-6.600902081E-1,1.483067274E-1,7.843916416E-1,1.035849514E0
3.926288529E1,-6.083937287E-1,1.403902173E-1,6.470617652E-1,8.991892294E-1
3.927286729E1,-6.405326128E-1,1.811054349E-1,5.555218458E-1,8.669981129E-1
3.928284929E1,-7.346988320E-1,2.546784580E-1,5.047840476E-1,9.270654915E-1
3.929283029E1,-8.627192378E-1,3.370268941E-1,4.696174860E-1,1.038466270E0
3.930281229E1,-9.936173558E-1,4.223415256E-1,4.389967024E-1,1.165489562E0
3.931279429E1,-1.106126070E0,4.961888790E-1,4.165605903E-1,1.281889625E0
3.932277629E1,-1.200242162E0,5.522660017E-1,3.984031677E-1,1.379965241E0
3.933275829E1,-1.275577903E0,5.877550244E-1,3.954555690E-1,1.459088778E0
3.934274029E1,-1.328443527E0,5.967444181E-1,4.211539626E-1,1.515993656E0
3.935272129E1,-1.352527738E0,5.973926783E-1,4.712115228E-1,1.551853599E0
3.936270329E1,-1.363290906E0,5.824459791E-1,5.415256023E-1,1.578307762E0
3.937268529E1,-1.358766675E0,5.579488277E-1,6.239660978E-1,1.595897071E0
3.938266729E1,-1.336392879E0,5.223695636E-1,7.169818282E-1,1.604019586E0
3.939264929E1,-1.289122462E0,4.760164320E-1,8.166509867E-1,1.598545339E0
3.940263029E1,-1.221121788E0,4.095977247E-1,9.190697670E-1,1.582276194E0
3.941261229E1,-1.135591865E0,3.390915990E-1,1.020488381E0,1.563952855E0
3.942259429E1,-1.034929872E0,2.786279917E-1,1.117985368E0,1.548742935E0
3.943257629E1,-9.289423823E-1,2.394928187E-1,1.216322184E0,1.549106328E0
3.944255829E1,-8.176944256E-1,2.225631028E-1,1.317402124E0,1.566431252E0
3.945253929E1,-7.032884359E-1,2.225519568E-1,1.421229720E0,1.601261351E0
3.946252129E1,-5.867599845E-1,2.356799990E-1,1.523973942E0,1.649948156E0
3.947250329E1,-4.795717597E-1,2.637627721E-1,1.607756257E0,1.698363935E0
3.948248529E1,-3.897518516E-1,2.942296267E-1,1.675746202E0,1.745452066E0
3.949246729E1,-3.275079727E-1,3.349571228E-1,1.742270350E0,1.804151801E0
3.950244929E1,-2.705877125E-1,3.738571107E-1,1.795106411E0,1.853481555E0
3.951243029E1,-2.208888382E-1,4.239468277E-1,1.823044538E0,1.884678800E0
3.952241229E1,-1.859662682E-1,4.668940306E-1,1.809388161E0,1.877886846E0
3.953239429E1,-1.575610191E-1,4.897935390E-1,1.735980511E0,1.810621860E0
3.954237629E1,-1.501627564E-1,4.757387042E-1,1.608821869E0,1.684394245E0
3.955235829E1,-1.574026048E-1,4.310042858E-1,1.441137195E0,1.512420804E0
3.956233929E1,-1.953268349E-1,3.803877234E-1,1.246019006E0,1.317349899E0
3.957232129E1,-2.521958947E-1,3.176622093E-1,1.047452450E0,1.123240261E0
3.958230329E1,-3.133766651E-1,2.559767365E-1,8.532020450E-1,9.442895496E-1
3.959228529E1,-3.527852595E-1,2.114420235E-1,6.856492162E-1,7.995498835E-1
3.960226729E1,-3.659202456E-1,1.845782101E-1,5.490553975E-1,6.851485761E-1
3.961224929E1,-3.528175652E-1,1.467443258E-1,4.284494817E-1,5.740932763E-1
3.962223029E1,-3.327652812E-1,8.085292578E-2,2.914695144E-1,4.496936799E-1
3.963221229E1,-3.124183714E-1,1.085107215E-3,1.404961944E-1,3.425574359E-1
3.964219429E1,-2.680162787E-1,-8.460663259E-2,-2.917647362E-2,2.825637531E-1
3.965217629E1,-2.072829604E-1,-1.879221201E-1,-2.279072702E-1,3.608637869E-1
3.966215829E1,-1.259659976E-1,-2.896402478E-1,-4.499211609E-1,5.497162511E-1
3.967213929E1,-1.479816437E-2,-3.628906608E-1,-6.730635762E-1,7.648027164E-1
3.968212129E1,1.447241157E-1,-3.812848628E-1,-8.748872280E-1,9.652724372E-1
3.969210329E1,3.547529876E-1,-3.455882072E-1,-1.046134949E0,1.157445127E0
3.970208529E1,5.904715061E-1,-3.073244393E-1,-1.172811985E0,1.348552136E0
3.971206729E1,8.299515843E-1,-3.007418513E-1,-1.270243168E0,1.546862308E0
3.972204829E1,1.033419251E0,-3.469551504E-1,-1.330327511E0,1.719914100E0
3.973203029E1,1.207487583E0,-4.643441439E-1,-1.374782085E0,1.887767870E0
3.974201229E1,1.371696711E0,-6.300683618E-1,-1.413820863E0,2.068194246E0
3.975199429E1,1.542975307E0,-8.340494037E-1,-1.445119858E0,2.272615807E0
3.976197629E1,1.697175503E0,-1.067868233E0,-1.467010736E0,2.484525659E0
3.977195829E1,1.833097816E0,-1.289568782E0,-1.474887133E0,2.683007137E0
3.978193929E1,1.944564104E0,-1.475138426E0,-1.472164869E0,2.850374069E0
3.979192054E1,2.043833971E0,-1.629964828E0,-1.478333354E0,3.003250264E0
3.980190254E1,2.143565893E0,-1.730239987E0,-1.506312251E0,3.139678606E0
3.981188454E1,2.234968662E0,-1.785862446E0,-1.549927711E0,3.253715646E0
3.982186654E1,2.287136793E0,-1.804814577E0,-1.616685152E0,3.331969575E0
3.983184754E1,2.289831638E0,-1.794999480E0,-1.692289591E0,3.365887123E0
3.984182954E1,2.248187065E0,-1.759539962E0,-1.774601221E0,3.361478165E0
3.985181154E1,2.175100088E0,-1.699779272E0,-1.848459244E0,3.322214855E0
3.986179354E1,2.080095530E0,-1.622940660E0,-1.918014646E0,3.261826785E0
3.987177554E1,1.964894176E0,-1.533532023E0,-1.988003850E0,3.188210924E0
3.988175654E1,1.828475595E0,-1.433316112E0,-2.054304361E0,3.101271430E0
3.989173854E1,1.681706548E0,-1.323701143E0,-2.105200529E0,3.002031129E0
3.990172054E1,1.526669860E0,-1.217391729E0,-2.141723633E0,2.898231116E0
3.991170254E1,1.362996221E0,-1.103755116E0,-2.155048609E0,2.778537126E0
3.992168454E1,1.193396330E0,-9.878544807E-1,-2.146546841E0,2.647208835E0
3.993166654E1,1.037200928E0,-8.856926560E-1,-2.108950138E0,2.511554883E0
3.994164754E1,9.005195498E-1,-8.024009466E-1,-2.052746296E0,2.380871709E0
3.995162954E1,7.889955044E-1,-7.552294135E-1,-1.992785692E0,2.272461262E0
3.996161154E1,6.972290874E-1,-7.365952730E-1,-1.943771482E0,2.192475443E0
3.997159354E1,6.169547439E-1,-7.494499087E-1,-1.903764725E0,2.136967115E0
3.998157554E1,5.365704298E-1,-7.621145248E-1,-1.861768007E0,2.082043825E0
3.999155654E1,4.656425416E-1,-7.834603190E-1,-1.793059707E0,2.011391598E0
4.000153854E1,3.966267109E-1,-7.984321117E-1,-1.698567271E0,1.918316283E0
4.001152054E1,3.239241540E-1,-8.087896705E-1,-1.565797210E0,1.791867319E0
4.002150254E1,2.233919650E-1,-8.137522340E-1,-1.416467071E0,1.648780043E0
4.003148454E1,1.210965961E-1,-8.109492064E-1,-1.252727509E0,1.497207137E0
4.004146554E1,3.077469021E-2,-8.066585660E-1,-1.097699761E0,1.362567389E0
4.005144754E1,-5.960744247E-2,-7.930671573E-1,-9.634371400E-1,1.249287671E0
4.006142954E1,-1.719222665E-1,-7.599305511E-1,-8.346005678E-1,1.141757337E0
4.007141154E1,-3.220166564E-1,-7.136849165E-1,-6.793707013E-1,1.036622128E0
4.008139354E1,-5.080022812E-1,-6.534668207E-1,-5.101062655E-1,9.722621075E-1
4.009137554E1,-6.956284046E-1,-5.343493223E-1,-3.834244907E-1,9.573099893E-1
4.010135654E1,-8.695786595E-1,-3.824924529E-1,-3.123726845E-1,1.000022108E0
4.011133854E1,-1.040706873E0,-2.073269635E-1,-2.962467670E-1,1.101733821E0
4.012132054E1,-1.225915909E0,-8.246875368E-3,-3.024226427E-1,1.262694453E0
4.013130254E1,-1.458677530E0,2.274276763E-1,-2.590430975E-1,1.498855167E0
4.014128454E1,-1.714582324E0,4.520202875E-1,-1.100682467E-1,1.776578145E0
4.015126554E1,-1.961549044E0,6.579551101E-1,1.412240118E-1,2.073770431E0
4.016124754E1,-2.152717113E0,8.869656920E-1,4.544450641E-1,2.372218250E0
4.017122954E1,-2.280878305E0,1.090583801E0,8.023762703E-1,2.652468011E0
4.018121154E1,-2.332015753E0,1.281322002E0,1.140718937E0,2.895051509E0
4.019119354E1,-2.308758736E0,1.471120477E0,1.424480319E0,3.086050313E0
4.020117554E1,-2.276448965E0,1.633649945E0,1.649239421E0,3.251310920E0
4.021115654E1,-2.250797033E0,1.785393476E0,1.817687988E0,3.399662744E0
4.022113854E1,-2.191303968E0,1.926285028E0,1.902913928E0,3.483312864E0
4.023112054E1,-2.096140623E0,2.039556026E0,1.946825147E0,3.513363410E0
4.024110254E1,-1.996214986E0,2.042457581E0,1.965455532E0,3.466918327E0
4.025108454E1,-1.865632415E0,1.950687289E0,1.990858436E0,3.353995009E0
4.026106554E1,-1.703999639E0,1.827751279E0,2.055716991E0,3.235778400E0
4.027104754E1,-1.558577776E0,1.640920162E0,2.130352736E0,3.108084047E0
4.028102954E1,-1.413414001E0,1.394322038E0,2.185532808E0,2.952698214E0
4.029101154E1,-1.253719568E0,1.074672818E0,2.202207565E0,2.752535664E0
4.030099354E1,-1.092437148E0,7.360983491E-1,2.156256914E0,2.526797099E0
4.031097454E1,-9.408643246E-1,3.927415609E-1,2.050288677E0,2.289793718E0
4.032095654E1,-8.120765090E-1,9.841723740E-2,1.892652869E0,2.061865440E0
4.033093854E1,-7.247344255E-1,-1.116691977E-1,1.693877220E0,1.845787104E0
4.034092054E1,-7.039628625E-1,-2.218678892E-1,1.488597631E0,1.661539040E0
4.035090254E1,-7.636463642E-1,-2.178075016E-1,1.283832073E0,1.509576321E0
4.036088454E1,-9.003770351E-1,-1.453487575E-1,1.107636571E0,1.434804461E0
4.037086554E1,-1.095743418E0,-1.898818649E-2,9.736245871E-1,1.465932817E0
4.038084754E1,-1.312991381E0,1.355369389E-1,8.595859408E-1,1.575183995E0
4.039082954E1,-1.517986417E0,2.669891715E-1,7.760822773E-1,1.725650509E0
4.040081154E1,-1.673843145E0,3.747300506E-1,7.236686349E-1,1.861684662E0
4.041079354E1,-1.775156498E0,4.550619721E-1,6.948722601E-1,1.959874855E0
4.042077454E1,-1.814440727E0,4.896127582E-1,6.835655570E-1,1.999794409E0
4.043075654E1,-1.813442707E0,4.874712527E-1,6.853672862E-1,1.998982489E0
4.044073854E1,-1.778486371E0,4.525937140E-1,6.966393590E-1,1.962947080E0
4.045072054E1,-1.709384561E0,4.064390361E-1,7.201723456E-1,1.898904019E0
4.046070254E1,-1.617943168E0,3.506942689E-1,7.576352954E-1,1.820642141E0
4.047068354E1,-1.510388851E0,2.938586175E-1,8.185434341E-1,1.742882877E0
4.048066554E1,-1.397495627E0,2.296750844E-1,8.958742023E-1,1.675808837E0
4.049064754E1,-1.272446394E0,1.513172537E-1,9.960336685E-1,1.622991006E0
4.050062954E1,-1.133947849E0,7.153320312E-2,1.111075878E0,1.589164665E0
4.051061154E1,-9.899665713E-1,-3.723258153E-3,1.239635825E0,1.586425118E0
4.052059354E1,-8.364667892E-1,-6.637625396E-2,1.367367625E0,1.604299448E0
4.053057454E1,-6.730636954E-1,-1.081066132E-1,1.484219790E0,1.633282021E0
4.054055654E1,-5.055381060E-1,-1.300638467E-1,1.579540968E0,1.663560955E0
4.055053854E1,-3.113015592E-1,-1.211222783E-1,1.650957823E0,1.684411173E0
4.056052054E1,-1.003158167E-1,-9.816609323E-2,1.715231657E0,1.720964695E0
4.057050254E1,9.471455216E-2,-7.700113952E-2,1.767050385E0,1.771261439E0
4.058048354E1,2.872850597E-1,-9.316518903E-2,1.812981963E0,1.837965195E0
4.059046554E1,4.818680584E-1,-1.395547837E-1,1.841501355E0,1.908611958E0
4.060044754E1,6.909813285E-1,-2.190863639E-1,1.857323170E0,1.993766132E0
4.061042954E1,9.163901210E-1,-3.204444349E-1,1.847795248E0,2.087295563E0
4.062041154E1,1.115159035E0,-4.530501366E-1,1.795680881E0,2.161782580E0
4.063039254E1,1.249929428E0,-6.083348393E-1,1.676139355E0,2.177576173E0
4.064037454E1,1.336411595E0,-7.511726618E-1,1.436825037E0,2.101124106E0
4.065035654E1,1.354405403E0,-9.031997323E-1,1.100468874E0,1.964997581E0
4.066033854E1,1.344027281E0,-9.889453053E-1,7.211583853E-1,1.817826055E0
4.067032054E1,1.336401105E0,-9.633317590E-1,3.716675341E-1,1.688819927E0
4.068030154E1,1.311174035E0,-8.514603376E-1,6.320451945E-2,1.564658707E0
4.069028354E1,1.229137897E0,-6.883430481E-1,-2.098999321E-1,1.424308290E0
4.070026554E1,1.071275234E0,-4.876781106E-1,-4.435081482E-1,1.257839435E0
4.071024754E1,8.445339799E-1,-2.674118280E-1,-6.275444031E-1,1.085614437E0
4.072022954E1,5.762993693E-1,-3.046640009E-2,-7.863451838E-1,9.753911589E-1
4.073021154E1,2.869218290E-1,1.894904673E-1,-9.479109049E-1,1.008348083E0
4.074019254E1,3.626246378E-2,3.527710140E-1,-1.109888554E0,1.165167351E0
4.075017454E1,-1.358576417E-1,4.725072682E-1,-1.260130525E0,1.352645318E0
4.076015654E1,-2.119087279E-1,5.455037355E-1,-1.392282248E0,1.510274641E0
4.077013854E1,-2.037396431E-1,5.601771474E-1,-1.505298615E0,1.619021988E0
4.078012054E1,-1.206548735E-1,5.164057016E-1,-1.593663096E0,1.679581648E0
4.079010154E1,1.909416541E-2,4.287347496E-1,-1.650403023E0,1.705288307E0
4.080008354E1,1.934755594E-1,2.782213986E-1,-1.683255434E0,1.717029061E0
4.081006554E1,3.904926777E-1,1.059143916E-1,-1.701532841E0,1.748975814E0
4.082004754E1,6.024054289E-1,-7.706208527E-2,-1.706983209E0,1.811800911E0
4.083002954E1,8.345885873E-1,-2.275659591E-1,-1.709321380E0,1.915751538E0
4.084001054E1,1.107659221E0,-2.802842855E-1,-1.724305153E0,2.068501025E0
4.084999254E1,1.414968133E0,-2.866044343E-1,-1.831838012E0,2.332360911E0
4.085997454E1,1.776229143E0,-3.104658127E-1,-2.083020210E0,2.755059380E0
4.086995654E1,2.188792467E0,-4.650456011E-1,-2.429289341E0,3.302805864E0
4.087993854E1,2.631194353E0,-7.459406853E-1,-2.645863056E0,3.805286131E0
4.088991954E1,3.053706408E0,-1.138666391E0,-2.648521423E0,4.199565418E0
4.089990154E1,3.375994682E0,-1.598130345E0,-2.448660612E0,4.466239972E0
4.090988354E1,3.561347008E0,-1.948344588E0,-2.176633358E0,4.606188437E0
4.091986554E1,3.599769592E0,-2.135789871E0,-1.959218979E0,4.621523396E0
4.092984754E1,3.534922361E0,-2.123588800E0,-1.826423287E0,4.510113914E0
4.093982954E1,3.356362104E0,-1.918613553E0,-1.734783411E0,4.237418793E0
4.094981054E1,3.046404362E0,-1.616156220E0,-1.710397959E0,3.849415753E0
4.095979254E1,2.632435560E0,-1.259643316E0,-1.771864772E0,3.414077186E0
4.096977454E1,2.159274817E0,-8.876900077E-1,-1.896471500E0,3.007834011E0
4.097975654E1,1.712661147E0,-5.969127417E-1,-2.026272535E0,2.719428876E0
4.098973854E1,1.364179015E0,-4.196963906E-1,-2.076209545E0,2.519479216E0
4.099971954E1,1.126359582E0,-3.838284016E-1,-1.993124843E0,2.321326515E0
4.100970154E1,9.573030472E-1,-4.949256778E-1,-1.811367035E0,2.107707543E0
4.101968354E1,8.355484009E-1,-7.355976701E-1,-1.576479197E0,1.929904588E0
4.102966554E1,7.436636686E-1,-1.027677178E0,-1.324517727E0,1.833985617E0
4.103964754E1,6.746358871E-1,-1.310162425E0,-1.080302596E0,1.827214508E0
4.104962854E1,6.077511311E-1,-1.541770101E0,-8.686307073E-1,1.871078776E0
4.105961054E1,5.365408659E-1,-1.716866493E0,-7.231845856E-1,1.938685792E0
4.106959254E1,4.368898273E-1,-1.823407650E0,-6.268724203E-1,1.977032425E0
4.107957454E1,2.791345417E-1,-1.888062000E0,-5.466904640E-1,1.985337420E0
4.108955654E1,2.824304625E-2,-1.878897786E0,-4.822070599E-1,1.939994384E0
4.109953754E1,-3.198832572E-1,-1.789461374E0,-4.580330253E-1,1.874644382E0
4.110951954E1,-7.452929616E-1,-1.625023127E0,-4.698673189E-1,1.848495891E0
4.111950154E1,-1.220776439E0,-1.383922577E0,-5.113388896E-1,1.914942368E0
4.112948354E1,-1.695880651E0,-1.097965240E0,-5.393930674E-1,2.091048477E0
4.113946554E1,-2.112993002E0,-7.506045699E-1,-5.592299104E-1,2.311035426E0
4.114944754E1,-2.445838690E0,-3.613801599E-1,-5.719768405E-1,2.537691869E0
4.115942854E1,-2.686067820E0,5.307189375E-2,-5.780696273E-1,2.748079593E0
4.116941054E1,-2.833687544E0,4.701983035E-1,-5.783434510E-1,2.930077250E0
4.117939254E1,-2.900928259E0,8.457492590E-1,-5.690626502E-1,3.074818510E0
4.118937454E1,-2.903881073E0,1.164927483E0,-5.368691683E-1,3.174556635E0
4.119935654E1,-2.832467794E0,1.442333698E0,-4.375101030E-1,3.208522307E0
4.120933754E1,-2.699943781E0,1.657648563E0,-2.274484336E-1,3.176354509E0
4.121931954E1,-2.522360563E0,1.788956285E0,4.934535548E-2,3.092749968E0
4.122930154E1,-2.302494049E0,1.838606119E0,3.603574932E-1,2.968469105E0
4.123928354E1,-2.042863369E0,1.826725245E0,6.997365952E-1,2.828400107E0
4.124926554E1,-1.779535651E0,1.722239733E0,1.061056376E0,2.694196998E0
4.125924654E1,-1.525926828E0,1.523563743E0,1.415563583E0,2.579441688E0
4.126922854E1,-1.261055827E0,1.264754772E0,1.722631812E0,2.481396138E0
4.127921054E1,-9.909713864E-1,9.942357540E-1,1.930143237E0,2.386625639E0
4.128919254E1,-7.356374860E-1,7.350470424E-1,2.057984591E0,2.305809454E0
4.129917454E1,-5.115016103E-1,4.912522137E-1,2.149158478E0,2.263149310E0
4.130915554E1,-3.028643727E-1,3.158804178E-1,2.234734535E0,2.277179332E0
4.131913754E1,-1.036748365E-1,2.122554928E-1,2.319399357E0,2.331397487E0
4.132911954E1,7.652466744E-2,1.450649500E-1,2.392555475E0,2.398170462E0
4.133910154E1,2.453464270E-1,9.376979619E-2,2.441205740E0,2.455294913E0
4.134908354E1,4.169232547E-1,2.894050628E-2,2.452624083E0,2.487976576E0
4.135906554E1,5.848459601E-1,-6.172814220E-2,2.410333395E0,2.481040555E0
4.136904654E1,7.403618097E-1,-1.592161208E-1,2.299293756E0,2.420792672E0
4.137902854E1,8.588391542E-1,-2.734249830E-1,2.136848688E0,2.319156793E0
4.138901054E1,9.045255780E-1,-3.786599934E-1,1.934443116E0,2.168783088E0
4.139899254E1,8.647536635E-1,-4.324918091E-1,1.702783227E0,1.958141665E0
4.140897354E1,7.210643291E-1,-4.208383858E-1,1.474159956E0,1.694162415E0
4.141895554E1,4.770596921E-1,-3.244183660E-1,1.257440209E0,1.383469951E0
4.142893754E1,1.582144499E-1,-1.340010017E-1,1.063974142E0,1.083987572E0
4.143891954E1,-2.028414905E-1,1.352427155E-1,9.129459858E-1,9.449368420E-1
4.144890154E1,-5.597236156E-1,4.225687385E-1,8.194823861E-1,1.078613112E0
4.145888354E1,-8.815549612E-1,6.845126748E-1,7.566555142E-1,1.348415484E0
4.146886454E1,-1.139029384E0,8.813803196E-1,7.175213695E-1,1.609054418E0
4.147884654E1,-1.321685433E0,9.953790903E-1,6.969290376E-1,1.795366815E0
4.148882854E1,-1.432101488E0,1.032070279E0,6.809620857E-1,1.892034116E0
4.149881054E1,-1.472298980E0,1.003145099E0,6.757945418E-1,1.905429778E0
4.150879254E1,-1.442973375E0,9.218009710E-1,6.918238401E-1,1.846756459E0
4.151877354E1,-1.358914614E0,8.132718801E-1,7.358453274E-1,1.746289903E0
4.152875554E1,-1.240540981E0,6.891410947E-1,8.102332354E-1,1.634116052E0
4.153873754E1,-1.085892320E0,5.575963855E-1,9.296166301E-1,1.534360759E0
4.154871954E1,-9.037355185E-1,4.341534972E-1,1.061573267E0,1.460193462E0
4.155870154E1,-6.987538934E-1,3.044114709E-1,1.201455235E0,1.422820449E0
4.156868254E1,-4.686558843E-1,1.747040749E-1,1.344274759E0,1.434306271E0
4.157866454E1,-2.170574963E-1,4.922071844E-2,1.479996681E0,1.496638504E0
4.158864654E1,5.286980420E-2,-8.340811729E-2,1.609047532E0,1.612075088E0
4.159862854E1,3.260129094E-1,-1.899271011E-1,1.724354148E0,1.765149837E0
4.160861054E1,5.896235108E-1,-2.626202106E-1,1.826185703E0,1.936899451E0
4.161859154E1,8.292345405E-1,-3.171889186E-1,1.901105523E0,2.098199453E0
4.162857354E1,1.046593904E0,-3.622408211E-1,1.942554116E0,2.236088931E0
4.163855554E1,1.242061138E0,-4.153706133E-1,1.950935364E0,2.349765395E0
4.164853754E1,1.415199876E0,-4.779360890E-1,1.921650648E0,2.433917584E0
4.165851954E1,1.573494196E0,-5.473891497E-1,1.864917517E0,2.500687148E0
4.166850054E1,1.710993171E0,-6.308219433E-1,1.783575892E0,2.550799271E0
4.167848254E1,1.804797888E0,-7.020649910E-1,1.690701604E0,2.570731915E0
4.168846454E1,1.835103154E0,-8.141308427E-1,1.575939655E0,2.552253595E0
4.169844654E1,1.781889677E0,-9.423721433E-1,1.417806983E0,2.464421376E0
4.170842854E1,1.669955134E0,-1.062070847E0,1.200561523E0,2.314755409E0
4.171841054E1,1.487479091E0,-1.178661108E0,9.396918416E-1,2.117748052E0
4.172839154E1,1.285140634E0,-1.272670388E0,6.310909390E-1,1.915607512E0
4.173837354E1,1.074103594E0,-1.299800277E0,3.217685521E-1,1.716599630E0
4.174835554E1,8.522022963E-1,-1.216450572E0,6.693619490E-2,1.486768712E0
4.175833754E1,6.118810773E-1,-1.024965048E0,-1.350006610E-1,1.201323013E0
4.176831954E1,3.340194523E-1,-7.985837460E-1,-3.076192439E-1,9.186591278E-1
4.177830054E1,4.145949706E-2,-5.695511103E-1,-4.760814905E-1,7.434789457E-1
4.178828254E1,-2.358109653E-1,-3.387895525E-1,-6.361867189E-1,7.583658178E-1
4.179826479E1,-4.834463298E-1,-1.485391855E-1,-7.813209891E-1,9.307237676E-1
4.180824679E1,-6.949215531E-1,-2.295227349E-2,-9.308029413E-1,1.161824809E0
4.181822879E1,-8.369346261E-1,5.279361829E-2,-1.073157191E0,1.361951942E0
4.182820979E1,-9.071835876E-1,8.306259662E-2,-1.183515310E0,1.493515968E0
4.183819179E1,-9.021124244E-1,7.496844977E-2,-1.262861848E0,1.553784780E0
4.184817379E1,-8.451007009E-1,4.426405206E-2,-1.322457910E0,1.570047586E0
4.185815579E1,-7.442196608E-1,1.907808706E-3,-1.349268198E0,1.540905972E0
4.186813779E1,-6.219853163E-1,-6.218596920E-2,-1.356602788E0,1.493688037E0
4.187811879E1,-4.938376844E-1,-1.514788270E-1,-1.346118927E0,1.441824420E0
4.188810079E1,-3.563964665E-1,-2.473430336E-1,-1.326472759E0,1.395609902E0
4.189808279E1,-2.122428417E-1,-3.623431325E-1,-1.301933527E0,1.367980438E0
4.190806479E1,-4.369334131E-2,-4.828620553E-1,-1.274608254E0,1.363704908E0
4.191804679E1,1.551087052E-1,-6.011615396E-1,-1.236697078E0,1.383789568E0
4.192802779E1,3.764096200E-1,-7.214953303E-1,-1.195370793E0,1.446081273E0
4.193800979E1,6.319172382E-1,-8.351617455E-1,-1.160741091E0,1.563372770E0
4.194799179E1,9.075694084E-1,-9.534885287E-1,-1.126121998E0,1.732331769E0
4.195797379E1,1.200329423E0,-1.075524449E0,-1.089843869E0,1.945585574E0
4.196795579E1,1.488600254E0,-1.197555661E0,-1.062054753E0,2.185870668E0
4.197793779E1,1.753820419E0,-1.319601417E0,-1.045386910E0,2.431063091E0
4.198791879E1,1.960931897E0,-1.436754942E0,-1.042833567E0,2.645188182E0
4.199790079E1,2.108013868E0,-1.529678941E0,-1.050382018E0,2.808370082E0
4.200788279E1,2.195889711E0,-1.589534998E0,-1.079152942E0,2.917725862E0
4.201786479E1,2.209372044E0,-1.590396285E0,-1.117493868E0,2.942699053E0
4.202784679E1,2.152759075E0,-1.531977534E0,-1.160874844E0,2.885993279E0
4.203782779E1,2.015930414E0,-1.407233000E0,-1.218395114E0,2.743859837E0
4.204780979E1,1.798312306E0,-1.226868272E0,-1.286394358E0,2.528624794E0
4.205779179E1,1.487977386E0,-1.033066869E0,-1.369423985E0,2.270820536E0
4.206777379E1,1.101902843E0,-8.387954235E-1,-1.456913352E0,2.010065708E0
4.207775579E1,6.716177464E-1,-6.305937171E-1,-1.544713259E0,1.798571068E0
4.208773679E1,2.236821949E-1,-4.118262529E-1,-1.621784925E0,1.688141265E0
4.209771879E1,-1.995044798E-1,-1.710698605E-1,-1.692272425E0,1.712557413E0
4.210770079E1,-5.806021690E-1,9.059776366E-2,-1.741689324E0,1.838148127E0
4.211768279E1,-8.921954632E-1,3.616287410E-1,-1.771122336E0,2.015852778E0
4.212766479E1,-1.118583322E0,6.342892647E-1,-1.769230962E0,2.187173911E0
4.213764579E1,-1.248367667E0,8.710535765E-1,-1.756214738E0,2.324101196E0
4.214762779E1,-1.306622505E0,1.042929292E0,-1.736694098E0,2.410616159E0
4.215760979E1,-1.296749115E0,1.134841800E0,-1.716077566E0,2.431942925E0
4.216759179E1,-1.228389382E0,1.141060352E0,-1.707957864E0,2.393340608E0
4.217757379E1,-1.135883093E0,1.055951118E0,-1.710019112E0,2.308555507E0
4.218755479E1,-1.023158908E0,8.830642104E-1,-1.722082734E0,2.189115231E0
4.219753679E1,-9.068447948E-1,6.653729081E-1,-1.719456315E0,2.054657784E0
4.220751879E1,-7.817624807E-1,4.343569577E-1,-1.698779225E0,1.919809730E0
4.221750079E1,-6.550409794E-1,2.040608972E-1,-1.662513375E0,1.798518907E0
4.222748279E1,-5.315561295E-1,-8.825263008E-3,-1.620227814E0,1.705217867E0
4.223746379E1,-3.835394979E-1,-1.851587594E-1,-1.555865645E0,1.613103908E0
4.224744579E1,-1.884419471E-1,-3.276028931E-1,-1.454975486E0,1.503259022E0
4.225742779E1,3.260121495E-2,-4.349738359E-1,-1.337672830E0,1.406994554E0
4.226740979E1,2.703832388E-1,-5.059146285E-1,-1.244364381E0,1.370218749E0
4.227739179E1,5.485016704E-1,-5.489632487E-1,-1.172155619E0,1.405760835E0
4.228737279E1,8.468750715E-1,-5.451251864E-1,-1.118275166E0,1.504957874E0
4.229735479E1,1.104570746E0,-4.778292477E-1,-1.054167747E0,1.599895923E0
4.230733679E1,1.258895040E0,-3.704973757E-1,-9.125182629E-1,1.598366230E0
4.231731879E1,1.294669509E0,-2.251646817E-1,-6.949491501E-1,1.486547205E0
4.232730079E1,1.227995276E0,-7.622448355E-2,-4.176009595E-1,1.299297169E0
4.233728179E1,1.066387773E0,6.614517421E-2,-9.042759985E-2,1.072257066E0
4.234726379E1,8.000996113E-1,1.589649022E-1,2.767201066E-1,8.613961026E-1
4.235724579E1,4.612782001E-1,2.037337124E-1,6.568408012E-1,8.280850450E-1
4.236722779E1,1.172166690E-1,2.478184998E-1,9.999607205E-1,1.036858331E0
4.237720979E1,-1.923957765E-1,2.699458897E-1,1.273866296E0,1.316291099E0
4.238719179E1,-4.098736346E-1,2.879965901E-1,1.444740415E0,1.529121741E0
4.239717279E1,-4.929466844E-1,3.070040941E-1,1.539140105E0,1.645053255E0
4.240715479E1,-4.435064495E-1,2.923689187E-1,1.592243791E0,1.678516561E0
4.241713679E1,-2.654989064E-1,2.572447658E-1,1.587764025E0,1.630232847E0
4.242711879E1,1.382376766E-3,1.642429531E-1,1.540372610E0,1.549104721E0
4.243710079E1,3.409559131E-1,1.611714065E-2,1.468464375E0,1.507613451E0
4.244708179E1,7.203888893E-1,-1.907097846E-1,1.361322880E0,1.551944057E0
4.245706379E1,1.081063986E0,-4.695331752E-1,1.237719655E0,1.709125709E0
4.246704579E1,1.387101889E0,-7.871004939E-1,1.089695215E0,1.931583418E0
4.247702779E1,1.625122070E0,-1.086542368E0,9.133268595E-1,2.157721486E0
4.248700979E1,1.788008809E0,-1.314405084E0,7.167286277E-1,2.332024046E0
4.249699079E1,1.861568213E0,-1.424865842E0,5.009986758E-1,2.397223091E0
4.250697279E1,1.832271457E0,-1.409496427E0,2.673593163E-1,2.327096876E0
4.251695479E1,1.681827545E0,-1.269011259E0,3.659293801E-2,2.107195413E0
4.252693679E1,1.399717331E0,-1.025564790E0,-1.739001870E-1,1.743913134E0
4.253691879E1,1.004139423E0,-7.023376226E-1,-3.725637496E-1,1.280772371E0
4.254689979E1,5.299015641E-1,-3.114144206E-1,-5.285391808E-1,8.106344889E-1
4.255688179E1,1.398604177E-2,1.174333319E-1,-6.201492548E-1,6.313250312E-1
4.256686379E1,-4.885155261E-1,5.257128477E-1,-6.233958006E-1,9.506017787E-1
4.257684579E1,-9.312306046E-1,8.666887879E-1,-5.535706282E-1,1.387364528E0
4.258682779E1,-1.281603336E0,1.123311400E0,-4.392045736E-1,1.759896665E0
4.259680879E1,-1.522782326E0,1.242647171E0,-3.084571958E-1,1.989518496E0
4.260679079E1,-1.655705333E0,1.251526594E0,-1.924626976E-1,2.084399399E0
4.261677279E1,-1.684373975E0,1.220545292E0,-5.745879561E-2,2.080900769E0
4.262675479E1,-1.608110070E0,1.097804666E0,8.280725032E-2,1.948858672E0
4.263673679E1,-1.443683386E0,8.874732852E-1,2.114264816E-1,1.707785615E0
4.264671779E1,-1.215923905E0,6.368762851E-1,3.135450482E-1,1.407974731E0
4.265669979E1,-9.496628642E-1,3.491568863E-1,3.899593949E-1,1.084360833E0
4.266668179E1,-6.754559278E-1,5.006108433E-2,4.747405946E-1,8.271187671E-1
4.267666379E1,-4.188576341E-1,-2.294643074E-1,5.776759982E-1,7.495366201E-1
4.268664579E1,-1.816648841E-1,-4.361837208E-1,6.771826148E-1,8.257328032E-1
4.269662679E1,3.084337525E-2,-5.551514030E-1,7.722859979E-1,9.516144474E-1
4.270660879E1,2.060143948E-1,-5.924372673E-1,8.492723703E-1,1.055787576E0
4.271659079E1,3.546110392E-1,-5.658812523E-1,9.140511155E-1,1.132015911E0
4.272657279E1,4.720511734E-1,-4.858120382E-1,9.795395732E-1,1.190942241E0
4.273655479E1,5.608233809E-1,-3.620677292E-1,1.020140648E0,1.219140208E0
4.274653579E1,6.130754948E-1,-2.156806886E-1,1.052879453E0,1.237309526E0
4.275651779E1,6.338878274E-1,-8.075802773E-2,1.084661365E0,1.258898690E0
4.276649979E1,6.332734823E-1,5.503742397E-2,1.100836754E0,1.271182906E0
4.277648179E1,6.234152913E-1,1.857301891E-1,1.109298706E0,1.285957211E0
4.278646379E1,5.957103968E-1,3.009536862E-1,1.132330179E0,1.314387931E0
4.279644483E1,5.518569350E-1,3.818852603E-1,1.182238340E0,1.359437355E0
4.280642683E1,4.863488078E-1,4.383648038E-1,1.244765162E0,1.406463357E0
4.281640883E1,4.079146981E-1,4.948690534E-1,1.297447085E0,1.447293585E0
4.282639083E1,3.341025710E-1,5.492258668E-1,1.303396463E0,1.453312052E0
4.283637283E1,2.712069452E-1,6.267520785E-1,1.241504312E0,1.416934836E0
4.284635383E1,1.858611256E-1,6.962333918E-1,1.115383625E0,1.327917891E0
4.285633583E1,1.154450104E-1,6.890002489E-1,9.059065580E-1,1.143991077E0
4.286631783E1,8.791829646E-2,6.128279567E-1,6.576567292E-1,9.032165326E-1
4.287629983E1,9.707877040E-2,5.430411696E-1,4.505466223E-1,7.122571575E-1
4.288628183E1,1.565572768E-1,4.697845280E-1,3.279571235E-1,5.939390192E-1
4.289626283E1,2.580322623E-1,3.621627390E-1,2.934633195E-1,5.327881548E-1
4.290624483E1,3.464942873E-1,2.357465029E-1,3.514354825E-1,5.469383906E-1
4.291622683E1,3.555226624E-1,4.058393091E-2,4.879762828E-1,6.051150895E-1
4.292620883E1,2.478177547E-1,-2.953674495E-1,6.497724056E-1,7.555526116E-1
4.293619083E1,4.147179425E-2,-7.866194844E-1,6.985141039E-1,1.052811510E0
4.294617283E1,-1.580701321E-1,-1.367451787E0,5.445272923E-1,1.480344733E0
4.295615383E1,-2.808266878E-1,-1.877605557E0,3.085560203E-1,1.923401434E0
4.296613583E1,-3.492677808E-1,-2.240371943E0,8.006297797E-2,2.268846514E0
4.297611783E1,-4.098139405E-1,-2.449485540E0,-1.307794899E-1,2.486972085E0
4.298609983E1,-4.827800095E-1,-2.446974993E0,-2.735603154E-1,2.509103106E0
4.299608183E1,-5.611168742E-1,-2.205981255E0,-3.477645218E-1,2.302638835E0
4.300606283E1,-6.371482611E-1,-1.777461410E0,-3.587313592E-1,1.921982091E0
4.301604483E1,-6.959663033E-1,-1.248117447E0,-3.330214620E-1,1.467334165E0
4.302602683E1,-7.374963164E-1,-6.903659701E-1,-3.074557781E-1,1.055952198E0
4.303600883E1,-7.700145841E-1,-1.902123541E-1,-2.849158347E-1,8.427812481E-1
4.304599083E1,-7.959046364E-1,2.185432762E-1,-2.780465782E-1,8.709392938E-1
4.305597183E1,-8.212408423E-1,5.131487846E-1,-2.985366583E-1,1.013352028E0
4.306595383E1,-8.418407440E-1,7.141900063E-1,-3.623666763E-1,1.161926336E0
4.307593583E1,-8.291885853E-1,8.557604551E-1,-4.839802384E-1,1.286124620E0
4.308591783E1,-7.632810473E-1,9.729035497E-1,-6.529764533E-1,1.398398199E0
4.309589983E1,-6.586108208E-1,1.073925018E0,-8.449397683E-1,1.516906843E0
4.310588083E1,-5.298378468E-1,1.158389807E0,-1.027294278E0,1.636437784E0
4.311586283E1,-3.984870017E-1,1.221839666E0,-1.177198291E0,1.742836733E0
4.312584483E1,-2.637190521E-1,1.251370072E0,-1.305067658E0,1.827204529E0
4.313582683E1,-1.279018372E-1,1.269802094E0,-1.421449423E0,1.910307488E0
4.314580883E1,-5.166142713E-3,1.246790051E0,-1.489999652E0,1.942835836E0
4.315578983E1,8.134877682E-2,1.173462510E0,-1.519825101E0,1.921848127E0
4.316577183E1,1.201597527E-1,1.027743936E0,-1.504148245E0,1.825693815E0
4.317575383E1,1.188121960E-1,8.228395581E-1,-1.454218984E0,1.675092275E0
4.318573583E1,8.789353818E-2,5.693225265E-1,-1.369555354E0,1.485777669E0
4.319571783E1,4.587871209E-2,2.888619006E-1,-1.275700688E0,1.308800329E0
4.320569883E1,2.576952055E-2,1.882560924E-2,-1.166947961E0,1.167384262E0
4.321568083E1,3.199972212E-2,-1.968105435E-1,-1.048309803E0,1.067104407E0
4.322566283E1,7.237475365E-2,-3.384707570E-1,-9.126785994E-1,9.761059287E-1
4.323564483E1,1.447120756E-1,-4.249763787E-1,-7.744951844E-1,8.952034953E-1
4.324562683E1,2.279698402E-1,-4.616200924E-1,-6.191260219E-1,8.052207081E-1
4.325560783E1,2.948263884E-1,-4.694755971E-1,-4.450902641E-1,7.109397153E-1
4.326558983E1,3.430723548E-1,-4.537824094E-1,-2.679021060E-1,6.287993751E-1
4.327557183E1,3.748185933E-1,-4.071808159E-1,-8.841997385E-2,5.604491828E-1
4.328555383E1,3.678499460E-1,-3.375476897E-1,8.359020203E-2,5.062008964E-1
4.329553583E1,3.133997619E-1,-2.737817466E-1,2.167959213E-1,4.692295036E-1
4.330551683E1,1.973114014E-1,-2.023829818E-1,3.075240254E-1,4.176861102E-1
4.331549883E1,4.083923995E-2,-7.503434271E-2,3.979098797E-1,4.069769876E-1
4.332548083E1,-1.295845211E-1,1.151311621E-1,4.995977879E-1,5.288149792E-1
4.333546283E1,-2.996627688E-1,3.398644030E-1,6.298767328E-1,7.759189945E-1
4.334544483E1,-4.304309487E-1,5.908507705E-1,7.805634737E-1,1.069417959E0
4.335542583E1,-5.118083954E-1,8.745551705E-1,9.246373177E-1,1.371768475E0
4.336540783E1,-5.631539226E-1,1.123123527E0,1.040004253E0,1.630998971E0
4.337538983E1,-6.548457742E-1,1.231062293E0,1.106381416E0,1.780004830E0
4.338537183E1,-8.583773375E-1,1.194410920E0,1.129758358E0,1.854665212E0
4.339535383E1,-1.137155652E0,1.088970304E0,1.175804853E0,1.965069045E0
4.340533483E1,-1.445255160E0,9.574241042E-1,1.300318718E0,2.167083792E0
4.341531683E1,-1.745347381E0,9.262704849E-1,1.504667044E0,2.483593647E0
4.342529883E1,-2.046039104E0,1.051955462E0,1.723082542E0,2.874352059E0
4.343528083E1,-2.347599030E0,1.308396101E0,1.914574742E0,3.299805753E0
4.344526283E1,-2.593354940E0,1.606932402E0,2.038455486E0,3.669199144E0
4.345524383E1,-2.738114595E0,1.846060872E0,2.085130453E0,3.905506534E0
4.346522583E1,-2.714987516E0,2.007565260E0,2.052714825E0,3.951596341E0
4.347520783E1,-2.504526377E0,2.105845690E0,1.934942245E0,3.801478651E0
4.348518983E1,-2.163362980E0,2.103583813E0,1.716279984E0,3.471429276E0
4.349517183E1,-1.763351321E0,1.970957279E0,1.380853295E0,2.983426939E0
4.350515283E1,-1.370653510E0,1.714917779E0,9.260991216E-1,2.382707203E0
4.351513483E1,-1.019484043E0,1.355099916E0,3.894404769E-1,1.739915913E0
4.352511683E1,-7.301071286E-1,9.569236636E-1,-1.754191965E-1,1.216359820E0
4.353509883E1,-5.150685906E-1,6.345754266E-1,-6.927142739E-1,1.071370473E0
4.354508083E1,-3.593623638E-1,4.027818143E-1,-1.104495406E0,1.229343158E0
4.355506183E1,-2.501107156E-1,3.158953786E-1,-1.417993426E0,1.474127070E0
4.356504383E1,-1.952204555E-1,3.322134018E-1,-1.602644920E0,1.648316569E0
4.357502583E1,-2.047641575E-1,4.147642255E-1,-1.707367063E0,1.768914924E0
4.358500783E1,-2.735984921E-1,5.220472217E-1,-1.764155388E0,1.860009051E0
4.359498983E1,-3.822693229E-1,6.499124765E-1,-1.796644092E0,1.948447088E0
4.360497083E1,-5.222019553E-1,7.445141077E-1,-1.812699318E0,2.028022425E0
4.361495283E1,-6.760759354E-1,8.326296806E-1,-1.809398055E0,2.103395392E0
4.362493483E1,-8.326444030E-1,8.932111859E-1,-1.796932340E0,2.172576525E0
4.363491683E1,-1.006488323E0,9.101795554E-1,-1.781496406E0,2.239458642E0
4.364489883E1,-1.176271319E0,9.076920748E-1,-1.770799160E0,2.311546838E0
4.365487983E1,-1.324625373E0,8.996272683E-1,-1.748338342E0,2.370790703E0
4.366486183E1,-1.437723756E0,8.682957292E-1,-1.704404473E0,2.392902355E0
4.367484383E1,-1.514613986E0,8.480032682E-1,-1.625221252E0,2.377921191E0
4.368482583E1,-1.553933382E0,8.188179135E-1,-1.503635168E0,2.312161424E0
4.369480783E1,-1.561080694E0,7.653389573E-1,-1.339036584E0,2.194478441E0
4.370478883E1,-1.533754706E0,7.222428322E-1,-1.135627389E0,2.040511645E0
4.371477083E1,-1.487191916E0,6.635238528E-1,-8.979986310E-1,1.859678800E0
4.372475283E1,-1.440053582E0,5.908569098E-1,-6.467727423E-1,1.685580371E0
4.373473483E1,-1.400537372E0,5.091183782E-1,-4.063209891E-1,1.544604544E0
4.374471683E1,-1.369445682E0,4.202294946E-1,-1.738015264E-1,1.442976533E0
4.375469783E1,-1.354257107E0,3.277094364E-1,6.278491765E-2,1.394757230E0
4.376467983E1,-1.352918029E0,2.338801175E-1,3.099718690E-1,1.407540288E0
4.377466183E1,-1.342662096E0,1.453031003E-1,5.653508902E-1,1.464061516E0
4.378464383E1,-1.307283998E0,6.833484024E-2,8.473689556E-1,1.559389383E0
4.379462583E1,-1.243623853E0,-1.497655921E-2,1.150998592E0,1.694586187E0
4.380460858E1,-1.134797573E0,-1.128279790E-1,1.422700286E0,1.823340832E0
4.381458958E1,-9.777035117E-1,-2.047808170E-1,1.669888854E0,1.945859225E0
4.382457158E1,-7.822908163E-1,-2.932810783E-1,1.875510693E0,2.053176337E0
4.383455358E1,-5.618878603E-1,-3.813046813E-1,2.026578665E0,2.137318954E0
4.384453558E1,-3.113763630E-1,-4.590722919E-1,2.125985146E0,2.197160770E0
4.385451758E1,-1.613220386E-2,-5.054147243E-1,2.179934740E0,2.237815846E0
4.386449858E1,3.040555418E-1,-5.492531657E-1,2.208442450E0,2.295941390E0
4.387448058E1,6.458355188E-1,-5.884373188E-1,2.215720654E0,2.381759856E0
4.388446258E1,9.718222618E-1,-6.415840387E-1,2.190943956E0,2.481190039E0
4.389444458E1,1.233216524E0,-7.212570310E-1,2.119904280E0,2.556370250E0
4.390442658E1,1.429619074E0,-8.108382821E-1,1.991506338E0,2.582124496E0
4.391440758E1,1.558511853E0,-9.359000921E-1,1.797390342E0,2.556458531E0
4.392438958E1,1.591494203E0,-1.128792763E0,1.519120216E0,2.472802687E0
4.393437158E1,1.538151860E0,-1.361403584E0,1.208823323E0,2.383397720E0
4.394435358E1,1.448733330E0,-1.595259070E0,9.940792918E-1,2.373156843E0
4.395433558E1,1.372833490E0,-1.773972631E0,9.219433069E-1,2.425207238E0
4.396431658E1,1.336360097E0,-1.919285655E0,9.756754637E-1,2.534059657E0
4.397429858E1,1.359007955E0,-2.032402515E0,1.108418822E0,2.684428224E0
4.398428058E1,1.412169695E0,-2.092827797E0,1.203603148E0,2.796929026E0
4.399426258E1,1.397960067E0,-2.168514013E0,1.182817936E0,2.838274765E0
4.400424458E1,1.277219296E0,-2.234973669E0,9.936122298E-1,2.759286446E0
4.401422558E1,1.043961763E0,-2.265098095E0,6.599982977E-1,2.579946375E0
4.402420758E1,7.438430786E-1,-2.219963789E0,2.439565063E-1,2.353944886E0
4.403418958E1,4.592888355E-1,-2.019632816E0,-2.139308900E-1,2.082217417E0
4.404417158E1,2.390303761E-1,-1.667115331E0,-6.448701024E-1,1.803404141E0
4.405415358E1,1.080715656E-1,-1.220294118E0,-9.857576489E-1,1.572423397E0
4.406413458E1,6.081600487E-2,-7.744919658E-1,-1.201812029E0,1.431044564E0
4.407411658E1,8.640977740E-2,-4.064721465E-1,-1.293075919E0,1.358208963E0
4.408409858E1,1.823046207E-1,-1.382070929E-1,-1.318480849E0,1.338180827E0
4.409408058E1,3.219221830E-1,-9.794260375E-3,-1.294612527E0,1.334073242E0
4.410406158E1,4.990524054E-1,5.081600510E-3,-1.252663374E0,1.348423025E0
4.411404358E1,6.965835690E-1,-8.523018658E-2,-1.210086346E0,1.398857326E0
4.412402558E1,9.091283679E-1,-2.208785713E-1,-1.180147290E0,1.506004435E0
4.413400758E1,1.127482414E0,-3.658027351E-1,-1.161723256E0,1.659707552E0
4.414398958E1,1.314400315E0,-5.130318403E-1,-1.155985713E0,1.824048472E0
4.415397058E1,1.447922230E0,-6.454575062E-1,-1.177277923E0,1.974608185E0
4.416395258E1,1.531605363E0,-7.460467219E-1,-1.226032853E0,2.098941937E0
4.417393458E1,1.576259375E0,-8.094390035E-1,-1.296970606E0,2.195886579E0
4.418391658E1,1.588613868E0,-8.525894284E-1,-1.380330443E0,2.270663975E0
4.419389858E1,1.575009823E0,-8.704800010E-1,-1.469809651E0,2.323517115E0
4.420387958E1,1.537648082E0,-8.581540585E-1,-1.538300753E0,2.338195718E0
4.421386158E1,1.489575624E0,-8.343595266E-1,-1.584373951E0,2.329212781E0
4.422384358E1,1.432523251E0,-8.190599084E-1,-1.593954802E0,2.294269798E0
4.423382558E1,1.363616943E0,-7.930621505E-1,-1.559592605E0,2.218271362E0
4.424380758E1,1.281228781E0,-7.743555903E-1,-1.506273627E0,2.123684065E0
4.425378858E1,1.184140325E0,-7.926760316E-1,-1.425058961E0,2.015270861E0
4.426377058E1,1.064296246E0,-8.342463374E-1,-1.340886712E0,1.904381953E0
4.427375258E1,9.311845303E-1,-9.056891203E-1,-1.278905988E0,1.822903710E0
4.428373458E1,7.808421850E-1,-9.794424772E-1,-1.245799661E0,1.766646223E0
4.429371658E1,6.297860742E-1,-1.041560411E0,-1.229717612E0,1.730226574E0
4.430369758E1,4.936018884E-1,-1.102213860E0,-1.207853317E0,1.708047966E0
4.431367958E1,3.815611005E-1,-1.120691419E0,-1.159110308E0,1.656826736E0
4.432366158E1,2.857870758E-1,-1.089354873E0,-1.096108794E0,1.571566982E0
4.433364358E1,1.893939674E-1,-1.024114370E0,-1.000036836E0,1.443867719E0
4.434362558E1,6.634263694E-2,-9.364057183E-1,-8.845301867E-1,1.289825828E0
4.435360658E1,-7.195132971E-2,-8.350895047E-1,-7.819244862E-1,1.146279799E0
4.436358858E1,-2.162927836E-1,-7.202507854E-1,-7.089377046E-1,1.033506861E0
4.437357058E1,-3.650377691E-1,-5.801064372E-1,-6.936447620E-1,9.751508126E-1
4.438355258E1,-5.202671289E-1,-4.067077935E-1,-7.320604920E-1,9.859014549E-1
4.439353458E1,-6.754303575E-1,-2.083598077E-1,-7.918689847E-1,1.061450171E0
4.440351558E1,-8.201032877E-1,1.797040924E-2,-8.254773021E-1,1.163746155E0
4.441349758E1,-9.544624090E-1,2.741398513E-1,-8.147184253E-1,1.284491051E0
4.442347958E1,-1.071929812E0,5.441360474E-1,-7.578088641E-1,1.421053073E0
4.443346158E1,-1.159001827E0,7.736113071E-1,-6.679748297E-1,1.545299344E0
4.444344358E1,-1.191072226E0,9.489011168E-1,-5.552168489E-1,1.620904724E0
4.445342458E1,-1.210489392E0,1.075257182E0,-4.215455353E-1,1.673069997E0
4.446340658E1,-1.246514201E0,1.139169812E0,-2.692601383E-1,1.709972671E0
4.447338858E1,-1.292880416E0,1.120339394E0,-1.040722504E-1,1.713922740E0
4.448337058E1,-1.367700815E0,1.059754133E0,1.208237931E-1,1.734440178E0
4.449335258E1,-1.476917386E0,9.992239475E-1,4.506741166E-1,1.839250016E0
4.450333358E1,-1.584907174E0,9.623758197E-1,8.696379662E-1,2.048015664E0
4.451331558E1,-1.626060724E0,1.025505304E0,1.297005773E0,2.319042600E0
4.452329758E1,-1.588730812E0,1.138348818E0,1.688170791E0,2.582600287E0
4.453327958E1,-1.471458435E0,1.272541761E0,2.010122538E0,2.797346077E0
4.454326158E1,-1.298743844E0,1.409531355E0,2.237919331E0,2.946488952E0
4.455324258E1,-1.102525830E0,1.478368163E0,2.379750729E0,3.010705758E0
4.456322458E1,-9.067528248E-1,1.464633942E0,2.442404270E0,2.988760928E0
4.457320658E1,-6.813343763E-1,1.385216594E0,2.412260294E0,2.863920612E0
4.458318858E1,-4.123261273E-1,1.248097420E0,2.320938587E0,2.667304994E0
4.459317058E1,-1.220799237E-1,1.037766576E0,2.179048538E0,2.416633093E0
4.460315158E1,1.749672294E-1,7.402328253E-1,1.984454632E0,2.125233717E0
4.461313358E1,4.577278197E-1,3.581941426E-1,1.756076813E0,1.849763113E0
4.462311558E1,6.987346411E-1,-5.789946020E-2,1.501851320E0,1.657449798E0
4.463309758E1,8.741932511E-1,-4.590141475E-1,1.244379640E0,1.588517710E0
4.464307958E1,9.290391207E-1,-7.979472280E-1,9.881018400E-1,1.573587847E0
4.465306058E1,8.573383093E-1,-1.026605129E0,7.402875423E-1,1.528716034E0
4.466304258E1,6.632102728E-1,-1.105097771E0,5.351493955E-1,1.395519195E0
4.467302458E1,3.662444055E-1,-9.974805713E-1,3.812170923E-1,1.128906075E0
4.468300658E1,1.745115267E-3,-7.151036859E-1,2.753276229E-1,7.662777740E-1
4.469298858E1,-4.024761319E-1,-3.149853349E-1,2.098636478E-1,5.524903154E-1
4.470296958E1,-8.066015244E-1,1.174920425E-1,1.707425416E-1,8.328045477E-1
4.471295158E1,-1.162160516E0,5.199622512E-1,1.387220174E-1,1.280711367E0
4.472293358E1,-1.438767314E0,8.510099649E-1,9.799402952E-2,1.674476687E0
4.473291558E1,-1.623787999E0,1.086344123E0,5.532353744E-2,1.954454326E0
4.474289758E1,-1.715517879E0,1.221971035E0,1.794120483E-2,2.106308783E0
4.475287858E1,-1.711773038E0,1.269456029E0,-3.294043709E-3,2.131125617E0
4.476286058E1,-1.627074480E0,1.238990188E0,1.264291443E-2,2.045147401E0
4.477284258E1,-1.495718837E0,1.132127047E0,5.951614678E-2,1.876813432E0
4.478282458E1,-1.336421132E0,9.561598897E-1,1.344459057E-1,1.648738572E0
4.479280658E1,-1.159013033E0,7.623054385E-1,2.295481861E-1,1.406098560E0
4.480278721E1,-9.823392630E-1,5.419149995E-1,3.412989676E-1,1.172666738E0
4.481276921E1,-8.204456568E-1,3.174190819E-1,4.705607891E-1,9.976539508E-1
4.482275121E1,-6.731002927E-1,1.275244802E-1,5.973541737E-1,9.089326190E-1
4.483273321E1,-5.445282459E-1,-8.201124147E-3,7.031235099E-1,8.893598480E-1
4.484271521E1,-4.310927689E-1,-8.492339402E-2,7.958406806E-1,9.090738953E-1
4.485269621E1,-3.355441391E-1,-1.295073777E-1,8.856304884E-1,9.558783354E-1
4.486267821E1,-2.485123575E-1,-1.430753022E-1,9.603071809E-1,1.002206972E0
4.487266021E1,-1.773952991E-1,-1.097647548E-1,1.018271685E0,1.039420328E0
4.488264221E1,-1.137831882E-1,-5.767044425E-2,1.077522159E0,1.085046772E0
4.489262421E1,-6.039480120E-2,5.258720368E-3,1.134938359E0,1.136556319E0
4.490260521E1,-6.098039448E-3,6.696419418E-2,1.186663508E0,1.188567067E0
4.491258721E1,5.001103505E-2,1.084993929E-1,1.242157102E0,1.247889213E0
4.492256921E1,1.053506508E-1,1.253638715E-1,1.282887340E0,1.293296094E0
4.493255121E1,1.846116483E-1,1.018992886E-1,1.287992954E0,1.305140137E0
4.494253321E1,2.798177898E-1,6.480301917E-2,1.226506591E0,1.259688789E0
4.495251421E1,3.624586165E-1,-4.490565509E-3,1.129135013E0,1.185893035E0
4.496249621E1,3.934177756E-1,-9.585272521E-2,1.026767492E0,1.103728578E0
4.497247821E1,3.873793483E-1,-2.185975611E-1,9.220432043E-1,1.023724242E0
4.498246021E1,3.570905328E-1,-3.758873343E-1,7.986854911E-1,9.522097723E-1
4.499244221E1,3.430093229E-1,-5.547713041E-1,6.446934938E-1,9.170912149E-1
4.500242321E1,3.726376593E-1,-7.067328095E-1,4.918570518E-1,9.382182308E-1
4.501240521E1,4.517109096E-1,-8.414189816E-1,3.609735966E-1,1.020945927E0
4.502238721E1,5.525510907E-1,-9.418370128E-1,2.732388377E-1,1.125623884E0
4.503236921E1,6.213799715E-1,-1.048213482E0,2.160192132E-1,1.237549544E0
4.504235121E1,6.224146485E-1,-1.134846091E0,1.477108449E-1,1.302725658E0
4.505233221E1,5.616497993E-1,-1.205513000E0,6.440165453E-5,1.329929357E0
4.506231421E1,4.516061544E-1,-1.263665080E0,-1.936044544E-1,1.355831936E0
4.507229621E1,3.376345932E-1,-1.251793504E0,-4.578273296E-1,1.374987258E0
4.508227821E1,2.239053845E-1,-1.162297487E0,-7.458866239E-1,1.399076812E0
4.509226021E1,1.682839245E-1,-9.851659536E-1,-1.032314062E0,1.436852031E0
4.510224121E1,1.862303913E-1,-7.514938712E-1,-1.275610805E0,1.492182201E0
4.511222321E1,2.652698159E-1,-5.101265311E-1,-1.439666390E0,1.550237552E0
4.512220521E1,3.756741285E-1,-3.464526534E-1,-1.515384316E0,1.599234229E0
4.513218721E1,5.057293177E-1,-2.707794607E-1,-1.532818437E0,1.636647799E0
4.514216921E1,6.632113457E-1,-2.659155130E-1,-1.503062606E0,1.664258858E0
4.515215021E1,8.241722584E-1,-3.825063109E-1,-1.435011625E0,1.698478541E0
4.516213221E1,9.930276275E-1,-5.578990579E-1,-1.348244309E0,1.764969673E0
4.517211421E1,1.187086463E0,-7.559583783E-1,-1.254498124E0,1.885315062E0
4.518209621E1,1.394786119E0,-9.676656723E-1,-1.199571848E0,2.078648068E0
4.519207721E1,1.605558038E0,-1.120249510E0,-1.199064255E0,2.295763634E0
4.520205921E1,1.810102820E0,-1.202854753E0,-1.257562399E0,2.510935077E0
4.521204121E1,1.971360445E0,-1.243267894E0,-1.344649911E0,2.690736041E0
4.522202321E1,2.084223747E0,-1.252715826E0,-1.447504640E0,2.829939090E0
4.523200521E1,2.131972551E0,-1.231195807E0,-1.562014937E0,2.915654428E0
4.524198721E1,2.114248514E0,-1.185950041E0,-1.666721821E0,2.941850762E0
4.525196821E1,2.039797544E0,-1.118462920E0,-1.764099479E0,2.919551386E0
4.526195021E1,1.926697731E0,-1.025635958E0,-1.852562785E0,2.862880042E0
4.527193221E1,1.763337135E0,-9.271962643E-1,-1.928180099E0,2.772531200E0
4.528191421E1,1.550489664E0,-8.479936719E-1,-1.980101228E0,2.654036989E0
4.529189521E1,1.312047482E0,-7.822362185E-1,-1.995236278E0,2.512833042E0
4.530187721E1,1.052238822E0,-7.144507766E-1,-1.982027769E0,2.355011789E0
4.531185921E1,8.016039133E-1,-6.658589840E-1,-1.925227880E0,2.189164090E0
4.532184121E1,5.696517229E-1,-6.283940673E-1,-1.842661858E0,2.028493261E0
4.533182321E1,3.718904257E-1,-5.778400898E-1,-1.731732249E0,1.863088361E0
4.534180421E1,2.233214229E-1,-5.070319772E-1,-1.603177190E0,1.696210773E0
4.535178621E1,1.230491400E-1,-4.307856560E-1,-1.462218761E0,1.529313924E0
4.536176821E1,7.128006965E-2,-3.519387841E-1,-1.323150873E0,1.371010572E0
4.537175021E1,4.085371643E-2,-2.895904481E-1,-1.191089869E0,1.226469212E0
4.538173221E1,8.817789145E-3,-2.417960614E-1,-1.056079865E0,1.083442555E0
4.539171321E1,-3.574967757E-2,-2.170300037E-1,-9.330804348E-1,9.586548700E-1
4.540169521E1,-1.045778245E-1,-2.011170983E-1,-8.298503757E-1,8.602535990E-1
4.541167721E1,-2.016833425E-1,-1.878303289E-1,-7.445053458E-1,7.938794701E-1
4.542165921E1,-3.380138874E-1,-1.761778891E-1,-6.787861586E-1,7.784874345E-1
4.543164121E1,-4.952394664E-1,-1.446146369E-1,-6.451858878E-1,8.260994808E-1
4.544162221E1,-6.715587378E-1,-7.156120986E-2,-6.217152476E-1,9.179553334E-1
4.545160421E1,-8.400452137E-1,5.185873434E-2,-5.931275487E-1,1.029643423E0
4.546158621E1,-9.827960730E-1,2.081719190E-1,-5.432384610E-1,1.142073419E0
4.547156821E1,-1.106154203E0,3.810526431E-1,-4.577268064E-1,1.256300946E0
4.548155021E1,-1.191227555E0,5.580545664E-1,-3.622693717E-1,1.364436545E0
4.549153121E1,-1.229671359E0,7.224650383E-1,-2.647060752E-1,1.450557372E0
4.550151321E1,-1.204035521E0,8.573415875E-1,-1.620744318E-1,1.486944604E0
4.551149521E1,-1.105584621E0,9.593185782E-1,-6.349193305E-2,1.465141875E0
4.552147721E1,-9.312736392E-1,1.035359383E0,1.355124731E-2,1.392631781E0
4.553145921E1,-7.420142293E-1,1.074445248E0,6.684935838E-2,1.307473343E0
4.554144021E1,-6.096640825E-1,1.073791981E0,1.396383494E-1,1.242665836E0
4.555142221E1,-5.382063985E-1,1.040074229E0,2.623791695E-1,1.200109728E0
4.556140421E1,-4.676073194E-1,1.008733034E0,4.396044314E-1,1.195596502E0
4.557138621E1,-4.150780737E-1,9.680923820E-1,6.551060677E-1,1.240425986E0
4.558136821E1,-4.253921509E-1,8.808312416E-1,8.802838326E-1,1.315949005E0
4.559134921E1,-5.030759573E-1,7.641017437E-1,1.113863826E0,1.441398458E0
4.560133121E1,-6.245471239E-1,6.263316274E-1,1.334094882E0,1.600674724E0
4.561131321E1,-7.732971907E-1,4.750012457E-1,1.513271332E0,1.764540975E0
4.562129521E1,-9.180199504E-1,3.392803371E-1,1.664260626E0,1.930708473E0
4.563127721E1,-1.001800656E0,2.754547596E-1,1.786174655E0,2.066373581E0
4.564125821E1,-9.868252277E-1,2.961516082E-1,1.885866880E0,2.148958747E0
4.565124021E1,-8.969036341E-1,3.615833223E-1,1.966158509E0,2.191108831E0
4.566122221E1,-7.627540231E-1,4.184092879E-1,2.016242027E0,2.195926216E0
4.567120421E1,-6.057772040E-1,4.600038528E-1,2.007579088E0,2.146844978E0
4.568118621E1,-4.338854253E-1,4.481173754E-1,1.922702193E0,2.021348428E0
4.569116721E1,-2.422481030E-1,4.112658799E-1,1.772987008E0,1.836111843E0
4.570114921E1,-3.658949211E-2,3.484078348E-1,1.564842939E0,1.603577324E0
4.571113121E1,1.516533941E-1,2.559729517E-1,1.324125648E0,1.357140241E0
4.572111321E1,2.885853648E-1,1.649714708E-1,1.069110513E0,1.119595636E0
4.573109421E1,3.394615948E-1,7.937641442E-2,8.391185999E-1,9.086554981E-1
4.574107621E1,2.926548719E-1,1.842485741E-2,6.448061466E-1,7.083511249E-1
4.575105821E1,1.495597661E-1,-8.064808324E-3,4.884684384E-1,5.109154334E-1
4.576104021E1,-6.704341620E-2,1.030223444E-3,3.793449402E-1,3.852252129E-1
4.577102221E1,-3.342937529E-1,4.211134836E-2,3.159411848E-1,4.618923155E-1
4.578100321E1,-6.031648517E-1,1.264542043E-1,2.911425829E-1,6.815882244E-1
4.579098521E1,-8.420141935E-1,2.469164282E-1,2.875257432E-1,9.233778629E-1
4.580096642E1,-1.035576105E0,3.761790395E-1,2.981210053E-1,1.141404693E0
4.581094842E1,-1.188223720E0,4.914689064E-1,3.221626878E-1,1.325596504E0
4.582093042E1,-1.309676409E0,5.642876625E-1,3.576782644E-1,1.470240321E0
4.583091142E1,-1.395096779E0,6.119257212E-1,4.114935398E-1,1.577997162E0
4.584089342E1,-1.439835787E0,6.517063975E-1,4.899972379E-1,1.654673870E0
4.585087542E1,-1.445141077E0,6.478778720E-1,5.885024667E-1,1.689530592E0
4.586085742E1,-1.404899359E0,6.184439063E-1,7.056049109E-1,1.689406216E0
4.587083942E1,-1.330248475E0,5.660381913E-1,8.421558142E-1,1.673077002E0
4.588082042E1,-1.219761133E0,4.917488098E-1,9.898160696E-1,1.646016393E0
4.589080242E1,-1.079926729E0,4.104422331E-1,1.143163323E0,1.625277500E0
4.590078442E1,-9.043750763E-1,3.169561625E-1,1.303775191E0,1.618080726E0
4.591076642E1,-7.012797594E-1,2.101615369E-1,1.462927818E0,1.635884768E0
4.592074842E1,-4.714750051E-1,1.037797332E-1,1.608516335E0,1.679399808E0
4.593072942E1,-2.215370834E-1,-3.718495369E-3,1.734295249E0,1.748391408E0
4.594071142E1,1.968136057E-2,-9.433254600E-2,1.834140778E0,1.836670460E0
4.595069342E1,2.408536971E-1,-1.892760992E-1,1.903139353E0,1.927634649E0
4.596067542E1,4.382376969E-1,-2.995373309E-1,1.934253454E0,2.005769507E0
4.597065642E1,6.350636482E-1,-4.098476171E-1,1.948772788E0,2.090214411E0
4.598063842E1,8.336436749E-1,-5.245997906E-1,1.938300133E0,2.174206550E0
4.599062042E1,1.030332446E0,-6.405344009E-1,1.904360771E0,2.257976797E0
4.600060242E1,1.228071094E0,-7.365841866E-1,1.847795486E0,2.337747427E0
4.601058442E1,1.409146070E0,-8.214823008E-1,1.752974749E0,2.394461586E0
4.602056642E1,1.570155740E0,-9.036474824E-1,1.625960946E0,2.434279527E0
4.603054742E1,1.695546389E0,-9.736926556E-1,1.456186533E0,2.437915947E0
4.604052942E1,1.773277521E0,-9.973840117E-1,1.261057854E0,2.393648877E0
4.605051142E1,1.781133294E0,-9.625695944E-1,1.045089960E0,2.278418105E0
4.606049342E1,1.696372032E0,-8.810614944E-1,8.238202929E-1,2.081496410E0
4.607047442E1,1.509161949E0,-7.459540367E-1,5.948891044E-1,1.785471999E0
4.608045642E1,1.242031217E0,-5.608996749E-1,3.597519994E-1,1.409493345E0
4.609043842E1,9.322004318E-1,-3.674072027E-1,1.103147343E-1,1.008045157E0
4.610042042E1,6.249466538E-1,-1.694563031E-1,-1.408071667E-1,6.626465249E-1
4.611040242E1,3.652887046E-1,3.429175541E-2,-3.305957615E-1,4.938677148E-1
4.612038342E1,1.712746918E-1,2.150934339E-1,-4.643322229E-1,5.396337819E-1
4.613036542E1,2.851007506E-2,3.341087699E-1,-5.486667752E-1,6.430215585E-1
4.614034742E1,-7.588803768E-2,3.902128935E-1,-5.951882005E-1,7.157332537E-1
4.615032942E1,-1.784916520E-1,4.031172395E-1,-6.138824821E-1,7.557873248E-1
4.616031142E1,-2.961474359E-1,3.604064882E-1,-6.280673742E-1,7.823456826E-1
4.617029242E1,-4.489931762E-1,2.525884211E-1,-6.727733016E-1,8.473604299E-1
4.618027442E1,-5.961047411E-1,1.344460249E-1,-7.792319655E-1,9.902621128E-1
4.619025642E1,-6.937838793E-1,6.816793233E-2,-9.143527746E-1,1.149792996E0
4.620023842E1,-7.470719218E-1,5.321026593E-2,-1.021989465E0,1.267047850E0
4.621022042E1,-7.635558248E-1,7.551609725E-2,-1.093448162E0,1.335795292E0
4.622020142E1,-7.230933905E-1,1.170113832E-1,-1.138666749E0,1.353926763E0
4.623018342E1,-6.116667390E-1,1.565537304E-1,-1.152396917E0,1.314025846E0
4.624016542E1,-4.364396036E-1,1.616102755E-1,-1.158168554E0,1.248179398E0
4.625014742E1,-2.075084299E-1,1.120110452E-1,-1.152373552E0,1.176252960E0
4.626012942E1,7.474784553E-2,-2.463551704E-3,-1.153948069E0,1.156369082E0
4.627011042E1,3.821999431E-1,-1.903647482E-1,-1.154168844E0,1.230618241E0
4.628009242E1,7.060164213E-1,-4.258303642E-1,-1.143754482E0,1.409952128E0
4.629007442E1,1.051508784E0,-6.850414276E-1,-1.118031740E0,1.680758000E0
4.630005642E1,1.423694611E0,-9.357916117E-1,-1.076657414E0,2.015391643E0
4.631003842E1,1.802200437E0,-1.168712616E0,-1.048601747E0,2.390268022E0
4.632001942E1,2.160318375E0,-1.401565552E0,-1.068402410E0,2.787982278E0
4.633000142E1,2.458997965E0,-1.630780697E0,-1.132053852E0,3.160326343E0
4.633998342E1,2.687722445E0,-1.828900933E0,-1.178115249E0,3.457844141E0
4.634996542E1,2.824997663E0,-1.951940894E0,-1.190327764E0,3.634221407E0
4.635994642E1,2.838765383E0,-2.003389835E0,-1.219373584E0,3.682259044E0
4.636992842E1,2.721938848E0,-1.981572032E0,-1.289168835E0,3.605209439E0
4.637991042E1,2.489820242E0,-1.882419944E0,-1.374668002E0,3.410633636E0
4.638989242E1,2.164463043E0,-1.721071243E0,-1.441748738E0,3.118593580E0
4.639987442E1,1.776963592E0,-1.522606730E0,-1.491195917E0,2.774814611E0
4.640985542E1,1.338840842E0,-1.309663653E0,-1.538412690E0,2.423721785E0
4.641983742E1,8.870660067E-1,-1.123062611E0,-1.579395533E0,2.131348394E0
4.642981942E1,4.484385550E-1,-9.575093985E-1,-1.598077059E0,1.916186753E0
4.643980142E1,5.362578481E-2,-8.170925975E-1,-1.568224430E0,1.769136484E0
4.644978342E1,-3.031304777E-1,-7.130870819E-1,-1.529815435E0,1.714851754E0
4.645976442E1,-6.086575389E-1,-6.416392922E-1,-1.494807363E0,1.736840244E0
4.646974642E1,-8.509039879E-1,-5.887779593E-1,-1.455385566E0,1.785733526E0
4.647972842E1,-1.043918848E0,-5.494843125E-1,-1.413281083E0,1.840940790E0
4.648971042E1,-1.200910926E0,-5.182096958E-1,-1.360259175E0,1.887070048E0
4.649969242E1,-1.331993461E0,-4.858576953E-1,-1.310549378E0,1.930752173E0
4.650967342E1,-1.449355245E0,-4.657540321E-1,-1.262072682E0,1.977469317E0
4.651965542E1,-1.544680715E0,-4.433395267E-1,-1.228588223E0,2.022873567E0
4.652963742E1,-1.611548662E0,-3.964788020E-1,-1.213186026E0,2.055749222E0
4.653961942E1,-1.653858900E0,-3.234026730E-1,-1.221704125E0,2.081441693E0
4.654960042E1,-1.660140157E0,-2.230672538E-1,-1.239010930E0,2.083500042E0
4.655958242E1,-1.646497369E0,-7.943538576E-2,-1.266021848E0,2.078478984E0
4.656956442E1,-1.622494578E0,9.586852044E-2,-1.298608303E0,2.080399710E0
4.657954642E1,-1.578605056E0,3.084455132E-1,-1.309009910E0,2.073798327E0
4.658952842E1,-1.513193250E0,5.351538062E-1,-1.296966076E0,2.063556253E0
4.659950942E1,-1.420353651E0,7.379332781E-1,-1.262868404E0,2.038819910E0
4.660949142E1,-1.286934137E0,9.156217575E-1,-1.205036759E0,1.986624340E0
4.661947342E1,-1.114500999E0,1.050759077E0,-1.130963206E0,1.904018091E0
4.662945542E1,-9.113465548E-1,1.107623219E0,-1.058984637E0,1.782927425E0
4.663943742E1,-7.060995698E-1,1.082640052E0,-9.877050519E-1,1.626729035E0
4.664941842E1,-5.297650695E-1,1.001136422E0,-9.037513137E-1,1.449031263E0
4.665940042E1,-3.726441264E-1,8.768937588E-1,-7.979263663E-1,1.242776245E0
4.666938242E1,-2.244831473E-1,7.320194244E-1,-6.786183119E-1,1.023116775E0
4.667936442E1,-1.105803549E-1,5.749176741E-1,-5.230845809E-1,7.850960614E-1
4.668934642E1,-3.113320097E-2,4.498399198E-1,-3.055927157E-1,5.447128946E-1
4.669932742E1,-1.184582012E-3,3.605015576E-1,-3.326673061E-2,3.620351525E-1
4.670930942E1,-2.556475624E-2,3.053078353E-1,2.755278647E-1,4.120461568E-1
4.671929142E1,-8.935792744E-2,2.758117616E-1,6.044459343E-1,6.703818722E-1
4.672927342E1,-1.924603432E-1,2.637417614E-1,9.165567160E-1,9.729732340E-1
4.673925542E1,-3.278121650E-1,2.710584998E-1,1.176700354E0,1.251222302E0
4.674923642E1,-4.621737003E-1,3.367043436E-1,1.356407762E0,1.472010992E0
4.675921842E1,-5.617752075E-1,4.762033522E-1,1.464079976E0,1.638868876E0
4.676920042E1,-6.273030639E-1,6.478598118E-1,1.522480249E0,1.769513374E0
4.677918242E1,-6.506171227E-1,7.949241400E-1,1.561602831E0,1.869173729E0
4.678916342E1,-6.298540235E-1,8.841083646E-1,1.578461766E0,1.915699673E0
4.679914642E1,-5.722073317E-1,9.077611566E-1,1.591161489E0,1.919178583E0
4.680912842E1,-4.554665983E-1,8.746572733E-1,1.602197886E0,1.881359411E0
4.681911042E1,-2.779274583E-1,7.841535211E-1,1.604079962E0,1.806990022E0
4.682909242E1,-5.606963113E-2,6.495725513E-1,1.566162109E0,1.696452786E0
4.683907342E1,1.608409584E-1,4.849223197E-1,1.484086037E0,1.569563899E0
4.684905542E1,3.311671615E-1,2.906154096E-1,1.358542800E0,1.428204308E0
4.685903742E1,4.192444682E-1,1.176169813E-1,1.218908548E0,1.294348380E0
4.686901942E1,4.006681144E-1,1.349770464E-3,1.081745863E0,1.153564420E0
4.687900142E1,2.896557152E-1,-4.393137246E-2,9.759585261E-1,1.018982553E0
4.688898242E1,9.124168009E-2,-1.230500452E-2,9.131590724E-1,9.177886188E-1
4.689896442E1,-1.501033753E-1,9.217926860E-2,8.970466852E-1,9.141776612E-1
4.690894642E1,-3.978817463E-1,2.462495416E-1,9.135524631E-1,1.026414548E0
4.691892842E1,-6.172924042E-1,4.256081879E-1,9.416725636E-1,1.203719012E0
4.692891042E1,-8.071217537E-1,6.083883643E-1,9.764124155E-1,1.405333815E0
4.693889142E1,-9.791828990E-1,7.703825831E-1,1.014054418E0,1.606422994E0
4.694887342E1,-1.138118982E0,8.960406780E-1,1.037208796E0,1.781573967E0
4.695885542E1,-1.264385223E0,9.796633124E-1,1.060596585E0,1.919186108E0
4.696883742E1,-1.352837324E0,1.023547173E0,1.103084207E0,2.023514864E0
4.697881942E1,-1.399088860E0,1.021692395E0,1.155445814E0,2.082392858E0
4.698880042E1,-1.410341501E0,1.010582209E0,1.227714419E0,2.125469888E0
4.699878242E1,-1.400493860E0,9.880678058E-1,1.308003068E0,2.156045702E0
4.700876442E1,-1.361155987E0,9.358530045E-1,1.386198521E0,2.156412021E0
4.701874642E1,-1.285186648E0,8.605087996E-1,1.450297117E0,2.120269286E0
4.702872742E1,-1.167378545E0,7.499228716E-1,1.488328934E0,2.034767799E0
4.703870942E1,-9.952630401E-1,6.094117761E-1,1.493088007E0,1.895057526E0
4.704869142E1,-7.781778574E-1,4.392096400E-1,1.464900732E0,1.715925418E0
4.705867342E1,-5.116028190E-1,2.539490163E-1,1.410944819E0,1.522167149E0
4.706865542E1,-2.035365850E-1,9.817326069E-2,1.363832355E0,1.382426787E0
4.707863642E1,1.229920387E-1,-4.055473953E-2,1.303141952E0,1.309561253E0
4.708861842E1,4.064964652E-1,-2.038720250E-1,1.227966547E0,1.309467456E0
4.709860042E1,6.314138770E-1,-3.865183592E-1,1.123900294E0,1.345820121E0
4.710858242E1,7.960633039E-1,-5.706138611E-1,9.984328747E-1,1.398636896E0
4.711856442E1,9.158659577E-1,-7.190077901E-1,8.833090067E-1,1.461512044E0
4.712854542E1,9.786739349E-1,-8.276460767E-1,7.680130601E-1,1.494203721E0
4.713852742E1,9.952619672E-1,-8.967549205E-1,6.528481245E-1,1.490277305E0
4.714850942E1,9.680615067E-1,-9.296092391E-1,5.320008397E-1,1.443724805E0
4.715849142E1,9.007716775E-1,-9.137190580E-1,4.063119888E-1,1.345868331E0
4.716847342E1,7.983198166E-1,-8.836508989E-1,2.611055374E-1,1.219151157E0
4.717845442E1,6.883837581E-1,-8.569787145E-1,1.046867445E-1,1.104193837E0
4.718843642E1,6.116011143E-1,-8.212787509E-1,-3.104791790E-2,1.024460191E0
4.719841842E1,5.858078599E-1,-7.872510552E-1,-1.285358518E-1,9.896749658E-1
4.720840042E1,5.844896436E-1,-7.749933004E-1,-2.167421430E-1,9.945953528E-1
4.721838142E1,5.508145094E-1,-8.071240783E-1,-3.432642817E-1,1.035700859E0
4.722836342E1,4.708927572E-1,-8.649168015E-1,-5.122786164E-1,1.110067765E0
4.723834542E1,3.647615016E-1,-9.013726115E-1,-6.803202033E-1,1.186743071E0
4.724832742E1,2.518604994E-1,-8.823850751E-1,-8.376323581E-1,1.242443198E0
4.725830942E1,1.395488828E-1,-7.943305373E-1,-9.839868546E-1,1.272267670E0
4.726829042E1,2.716586925E-2,-6.392431855E-1,-1.113169074E0,1.283945179E0
4.727827242E1,-5.109024048E-2,-4.158402383E-1,-1.248528957E0,1.316950217E0
4.728825442E1,-6.994596124E-2,-1.690206081E-1,-1.382367730E0,1.394417780E0
4.729823642E1,-4.292853177E-2,5.853592604E-2,-1.515363336E0,1.517100970E0
4.730821842E1,1.367615629E-2,2.474943846E-1,-1.630133033E0,1.648870587E0
4.731819942E1,1.196948960E-1,3.773623407E-1,-1.716231823E0,1.761300904E0
4.732818142E1,2.777670920E-1,4.597232640E-1,-1.778729320E0,1.858057596E0
4.733816342E1,4.881002605E-1,4.765512943E-1,-1.844819903E0,1.966902000E0
4.734814542E1,7.419567704E-1,4.045900404E-1,-1.910070300E0,2.088674580E0
4.735812742E1,1.019448996E0,2.652067840E-1,-1.931504846E0,2.200073149E0
4.736810842E1,1.293837428E0,5.125800148E-2,-1.883520246E0,2.285670840E0
4.737809042E1,1.549100876E0,-2.194728404E-1,-1.764523029E0,2.358267027E0
4.738807242E1,1.778172374E0,-5.152328610E-1,-1.579213858E0,2.433367687E0
4.739805442E1,1.961973906E0,-7.848033309E-1,-1.338896871E0,2.501580042E0
4.740803542E1,2.082434416E0,-9.952612519E-1,-1.100333095E0,2.556914346E0
4.741801742E1,2.134868622E0,-1.109392643E0,-9.300267100E-1,2.579411900E0
4.742799942E1,2.140852213E0,-1.116591930E0,-8.168314695E-1,2.548968298E0
4.743798142E1,2.079370499E0,-1.059297919E0,-7.135480642E-1,2.440296005E0
4.744796342E1,1.950251818E0,-9.509035945E-1,-6.561361551E-1,2.266762990E0
4.745794442E1,1.775860310E0,-7.955572009E-1,-6.655685902E-1,2.056592485E0
4.746792642E1,1.585105062E0,-6.326133013E-1,-7.137544751E-1,1.849919754E0
4.747790842E1,1.427089214E0,-4.992304444E-1,-7.624690533E-1,1.693273079E0
4.748789042E1,1.289480686E0,-4.226118326E-1,-7.963833809E-1,1.573400041E0
4.749787242E1,1.183491826E0,-3.897294998E-1,-7.974863648E-1,1.479366921E0
4.750785342E1,1.099941492E0,-3.876807392E-1,-7.634152174E-1,1.393904744E0
4.751783542E1,1.028343439E0,-4.019558132E-1,-7.070041895E-1,1.311073464E0
4.752781742E1,9.502489567E-1,-4.162599146E-1,-6.499360800E-1,1.224198638E0
4.753779942E1,8.610104322E-1,-4.122377932E-1,-6.034496427E-1,1.129349562E0
4.754778142E1,7.587112188E-1,-3.841126859E-1,-5.743393898E-1,1.026182734E0
4.755776242E1,6.485306025E-1,-3.455112278E-1,-5.545092821E-1,9.205707441E-1
4.756774442E1,5.326178670E-1,-2.849317491E-1,-5.452460051E-1,8.137328185E-1
4.757772642E1,4.010687768E-1,-2.217740417E-1,-5.482028723E-1,7.145392071E-1
4.758770842E1,2.814398408E-1,-1.579625756E-1,-5.604246259E-1,6.467119301E-1
4.759768942E1,1.782649904E-1,-8.528623730E-2,-5.748206377E-1,6.078411919E-1
4.760767142E1,6.760585308E-2,-3.639273345E-2,-6.019398570E-1,6.068167548E-1
4.761765342E1,-5.905126780E-2,-1.806650497E-2,-6.256763935E-1,6.287164705E-1
4.762763542E1,-1.934607476E-1,-1.475486439E-2,-6.346629262E-1,6.636578914E-1
4.763761742E1,-3.235846162E-1,5.659919232E-3,-6.385771036E-1,7.159048511E-1
4.764759842E1,-4.581807852E-1,3.853318095E-2,-6.191895604E-1,7.712393595E-1
4.765758042E1,-5.955336094E-1,8.177677542E-2,-5.893487334E-1,8.418311294E-1
4.766756242E1,-7.203405499E-1,1.409274489E-1,-5.520050526E-1,9.184011279E-1
4.767754442E1,-8.345285058E-1,2.071434855E-1,-5.047141910E-1,9.970369427E-1
4.768752542E1,-9.307775497E-1,2.759361267E-1,-4.431234896E-1,1.067167288E0
4.769750742E1,-1.009311318E0,3.488670588E-1,-3.720607460E-1,1.130861071E0
4.770748942E1,-1.065362096E0,4.140154421E-1,-2.811782658E-1,1.177058367E0
4.771747142E1,-1.084857225E0,4.592784643E-1,-1.587402970E-1,1.188717960E0
4.772745342E1,-1.065436363E0,4.716185033E-1,-9.473047219E-3,1.165190283E0
4.773743442E1,-9.988923669E-1,4.689008296E-1,1.687666625E-1,1.116304678E0
4.774741642E1,-8.925693631E-1,4.659039676E-1,3.590132892E-1,1.068942055E0
4.775739842E1,-7.936942577E-1,4.398118854E-1,5.518888831E-1,1.062057630E0
4.776738042E1,-7.546983957E-1,3.667914569E-1,7.113240361E-1,1.100039784E0
4.777736242E1,-7.967851758E-1,2.528941929E-1,8.444089890E-1,1.188212367E0
4.778734342E1,-9.019406438E-1,1.403242201E-1,9.844169021E-1,1.342484431E0
4.779732542E1,-1.050417423E0,5.154905096E-2,1.137506723E0,1.549179013E0
4.780730729E1,-1.237071991E0,-6.994950585E-3,1.299847960E0,1.794436056E0
4.781728929E1,-1.423032165E0,-3.465076536E-2,1.472321272E0,2.047913852E0
4.782727129E1,-1.586606741E0,-1.266503893E-2,1.650296092E0,2.289313990E0
4.783725229E1,-1.689268589E0,6.802317500E-2,1.820035696E0,2.484106570E0
4.784723429E1,-1.708441496E0,1.747506857E-1,1.971442461E0,2.614554556E0
4.785721629E1,-1.648521662E0,2.724516988E-1,2.084309101E0,2.671366322E0
4.786719829E1,-1.540297508E0,3.211289644E-1,2.145550966E0,2.660644504E0
4.787717929E1,-1.402543545E0,3.078658581E-1,2.159538269E0,2.593359851E0
4.788716129E1,-1.244884729E0,2.389991730E-1,2.122844934E0,2.472514754E0
4.789714329E1,-1.061742067E0,1.322024465E-1,2.045441389E0,2.308376958E0
4.790712529E1,-8.679406643E-1,-5.795631092E-3,1.948367715E0,2.132953665E0
4.791710729E1,-6.594464779E-1,-1.662875712E-1,1.823083758E0,1.945804616E0
4.792708829E1,-4.533260763E-1,-3.336760402E-1,1.650437713E0,1.743785788E0
4.793707029E1,-2.761608958E-1,-5.015562177E-1,1.436805964E0,1.546685119E0
4.794705229E1,-1.553734988E-1,-6.138339639E-1,1.202602983E0,1.359112576E0
4.795703429E1,-9.929309040E-2,-6.700431108E-1,9.379723072E-1,1.156982687E0
4.796701629E1,-1.008470431E-1,-6.259890795E-1,6.716290116E-1,9.236438616E-1
4.797699729E1,-1.605411768E-1,-4.595298767E-1,4.208791554E-1,6.434908239E-1
4.798697929E1,-2.765375674E-1,-2.144143879E-1,2.142849416E-1,4.103225464E-1
4.799696129E1,-4.243509471E-1,7.532156259E-2,8.334270120E-2,4.389681879E-1
4.800694329E1,-5.970500112E-1,3.659003973E-1,2.879637107E-2,7.008430977E-1
4.801692429E1,-7.539064884E-1,6.131136417E-1,7.894687355E-3,9.717744888E-1
4.802690629E1,-8.583572507E-1,8.115553260E-1,-9.234498255E-3,1.181306265E0
4.803688829E1,-9.140738249E-1,9.577365518E-1,-1.796693914E-2,1.324051763E0
4.804687029E1,-9.405232668E-1,1.032641172E0,-3.083932959E-2,1.397098018E0
4.805685229E1,-9.423779249E-1,1.054722190E0,-4.441691935E-2,1.415092899E0
4.806683329E1,-9.349964261E-1,1.042040229E0,-4.780659080E-2,1.400839614E0
4.807681529E1,-9.279438257E-1,9.766021371E-1,-4.360965267E-2,1.347862485E0
4.808679729E1,-9.195016026E-1,8.991600275E-1,-1.552395802E-2,1.286162099E0
4.809677929E1,-9.050791860E-1,8.138927817E-1,3.347627819E-2,1.217665986E0
4.810676129E1,-8.923865557E-1,7.293363214E-1,7.759154588E-2,1.155121501E0
4.811674229E1,-8.714351654E-1,6.528697610E-1,1.289752424E-1,1.096482004E0
4.812672429E1,-8.542093039E-1,5.859610438E-1,1.951872855E-1,1.054097698E0
4.813670629E1,-8.574166894E-1,5.212426186E-1,2.820983529E-1,1.042322756E0
4.814668829E1,-8.765413761E-1,4.643824697E-1,3.751561344E-1,1.060527221E0
4.815666929E1,-8.912827969E-1,4.270569384E-1,4.829242527E-1,1.099990221E0
4.816665129E1,-8.890353441E-1,4.025369585E-1,6.013579965E-1,1.146320760E0
4.817663329E1,-8.519641757E-1,3.942361474E-1,7.147547603E-1,1.179889598E0
4.818661529E1,-7.903692722E-1,3.982439339E-1,8.123745322E-1,1.201346827E0
4.819659729E1,-7.026150227E-1,4.092329443E-1,9.026346207E-1,1.214861610E0
4.820657829E1,-5.992521644E-1,4.180546403E-1,9.995675087E-1,1.238147020E0
4.821656029E1,-4.854864478E-1,4.141342342E-1,1.091241956E0,1.264125493E0
4.822654229E1,-3.537244201E-1,3.860554397E-1,1.180197358E0,1.291133445E0
4.823652429E1,-2.061378360E-1,3.324936926E-1,1.248478770E0,1.308336387E0
4.824650629E1,-3.422014415E-2,2.493157089E-1,1.283969879E0,1.308399018E0
4.825648729E1,1.663181782E-1,1.607759893E-1,1.292577505E0,1.313113575E0
4.826646929E1,3.833990693E-1,7.344906777E-2,1.286209941E0,1.344144942E0
4.827645129E1,5.938669443E-1,-1.882817969E-2,1.260791183E0,1.393781494E0
4.828643329E1,7.859191895E-1,-1.025643572E-1,1.213480353E0,1.449387108E0
4.829641429E1,9.328849316E-1,-1.770529002E-1,1.145591974E0,1.487952619E0
4.830639629E1,1.026486278E0,-2.517668307E-1,1.058825374E0,1.496052067E0
4.831637829E1,1.059816599E0,-3.267468810E-1,9.483024478E-1,1.459195765E0
4.832636029E1,1.041811228E0,-4.128234386E-1,8.338879943E-1,1.396840368E0
4.833634229E1,9.967796803E-1,-5.195348263E-1,7.299723625E-1,1.340278261E0
4.834632329E1,9.615628123E-1,-6.124714613E-1,6.331081390E-1,1.304051475E0
4.835630529E1,9.356604815E-1,-7.002927065E-1,5.612072945E-1,1.296465981E0
4.836628729E1,9.029440880E-1,-7.807878256E-1,5.095323920E-1,1.297906358E0
4.837626929E1,8.488174677E-1,-8.473854661E-1,4.525831342E-1,1.281945676E0
4.838625129E1,7.683796287E-1,-9.037166238E-1,3.399766982E-1,1.233975342E0
4.839623229E1,6.621429920E-1,-9.417266250E-1,1.632025242E-1,1.162719847E0
4.840621429E1,5.138480067E-1,-9.674698114E-1,-5.066422746E-2,1.096633245E0
4.841619629E1,3.206544816E-1,-9.819698930E-1,-2.979749739E-1,1.075115460E0
4.842617829E1,1.340238899E-1,-9.278156161E-1,-5.684689879E-1,1.096339916E0
4.843615929E1,-2.458878234E-2,-7.898918390E-1,-8.236200809E-1,1.141439338E0
4.844614129E1,-1.277252883E-1,-5.953886509E-1,-1.042072535E0,1.206945136E0
4.845612329E1,-1.709806323E-1,-3.572527468E-1,-1.202555060E0,1.266097380E0
4.846610529E1,-1.765122861E-1,-1.381358504E-1,-1.307459593E0,1.326532581E0
4.847608729E1,-1.666875631E-1,1.807766408E-2,-1.372678518E0,1.382880277E0
4.848606829E1,-1.448251456E-1,8.668575436E-2,-1.413603425E0,1.423644403E0
4.849605029E1,-9.832833707E-2,7.911925018E-2,-1.437710166E0,1.443239010E0
4.850603229E1,-2.418060601E-2,8.974785917E-3,-1.457268953E0,1.457497187E0
4.851601429E1,8.808407933E-2,-1.043851078E-1,-1.462402463E0,1.468766836E0
4.852599629E1,2.335155904E-1,-2.482059300E-1,-1.455597520E0,1.494958145E0
4.853597729E1,4.078067243E-1,-4.099231660E-1,-1.427939177E0,1.540569251E0
4.854595929E1,6.077976227E-1,-5.740367770E-1,-1.376607895E0,1.610585443E0
4.855594129E1,8.207448125E-1,-7.250630260E-1,-1.308832169E0,1.706569683E0
4.856592329E1,1.047837496E0,-8.621479273E-1,-1.227631927E0,1.829847702E0
4.857590429E1,1.268375993E0,-9.876619577E-1,-1.158904552E0,1.981745080E0
4.858588629E1,1.464353800E0,-1.115376472E0,-1.119596481E0,2.154505281E0
4.859586829E1,1.630755782E0,-1.226615310E0,-1.114638448E0,2.325159867E0
4.860585029E1,1.772296309E0,-1.316219687E0,-1.122699618E0,2.476675778E0
4.861583229E1,1.862896204E0,-1.384889603E0,-1.146561265E0,2.588996758E0
4.862581329E1,1.878451824E0,-1.433152676E0,-1.205728650E0,2.652600502E0
4.863579529E1,1.825104237E0,-1.458055139E0,-1.306534290E0,2.676557885E0
4.864577729E1,1.740242362E0,-1.440345407E0,-1.422023892E0,2.669305213E0
4.865575929E1,1.639893293E0,-1.375301719E0,-1.504378676E0,2.616077222E0
4.866574129E1,1.498045087E0,-1.304754853E0,-1.549659848E0,2.519517802E0
4.867572229E1,1.312211752E0,-1.219607711E0,-1.583897948E0,2.391249749E0
4.868570429E1,1.102275372E0,-1.113351107E0,-1.590792298E0,2.232752073E0
4.869568629E1,8.824424744E-1,-9.878435135E-1,-1.579784393E0,2.061615448E0
4.870566829E1,6.539475322E-1,-8.491229415E-1,-1.549191117E0,1.883786151E0
4.871564929E1,4.276415706E-1,-7.003400922E-1,-1.511198282E0,1.719614435E0
4.872563129E1,2.106107175E-1,-5.479393601E-1,-1.459386826E0,1.573023942E0
4.873561329E1,5.403951276E-3,-3.901741803E-1,-1.395053864E0,1.448599453E0
4.874559529E1,-1.871489882E-1,-2.359606326E-1,-1.329569936E0,1.363252867E0
4.875557729E1,-3.679166436E-1,-8.642663062E-2,-1.264522672E0,1.319791577E0
4.876555829E1,-5.321463346E-1,6.854191422E-2,-1.209933400E0,1.323562068E0
4.877554029E1,-6.841893792E-1,2.094103694E-1,-1.152009606E0,1.356131978E0
4.878552229E1,-8.114583492E-1,3.271633685E-1,-1.084388256E0,1.393340738E0
4.879550429E1,-8.991385698E-1,4.478853047E-1,-1.009243846E0,1.423946823E0
4.880548571E1,-9.446488023E-1,5.505957007E-1,-9.126696587E-1,1.424248185E0
4.881546671E1,-9.467832446E-1,6.349529624E-1,-8.002599478E-1,1.392831562E0
4.882544871E1,-9.185143709E-1,7.032345533E-1,-6.851458549E-1,1.344482179E0
4.883543071E1,-8.825826645E-1,7.515021563E-1,-5.588924289E-1,1.286883211E0
4.884541271E1,-8.424152732E-1,7.615875006E-1,-4.240864217E-1,1.212241027E0
4.885539371E1,-7.956569791E-1,7.517639399E-1,-2.770263255E-1,1.129142433E0
4.886537571E1,-7.448100448E-1,7.414903045E-1,-1.152646020E-1,1.057277543E0
4.887535771E1,-6.959688663E-1,7.306679487E-1,5.288066715E-2,1.010467555E0
4.888533971E1,-6.445655823E-1,7.032384872E-1,2.381959409E-1,9.832326612E-1
4.889532171E1,-5.681066513E-1,6.734398603E-1,4.309853613E-1,9.808235287E-1
4.890530271E1,-4.880989194E-1,6.272214651E-1,6.146957874E-1,1.004737892E0
4.891528471E1,-3.846273422E-1,5.529839993E-1,7.593277693E-1,1.015040963E0
4.892526671E1,-2.494556904E-1,4.713820517E-1,8.503298759E-1,1.003738053E0
4.893524871E1,-1.109733209E-1,3.880307078E-1,8.915992975E-1,9.786890290E-1
4.894522971E1,-3.010856919E-2,2.917819619E-1,9.137607813E-1,9.596884936E-1
4.895521171E1,-3.296172246E-2,2.175148726E-1,9.427335262E-1,9.680628577E-1
4.896519371E1,-9.843660146E-2,1.610396057E-1,1.031753182E0,1.048874706E0
4.897517571E1,-2.007245421E-1,1.159081459E-1,1.177668571E0,1.200261765E0
4.898515771E1,-3.433107138E-1,9.280627966E-2,1.350998044E0,1.397022178E0
4.899513871E1,-5.260863304E-1,8.871943504E-2,1.556848764E0,1.645726600E0
4.900512071E1,-7.205484509E-1,1.348595023E-1,1.779701710E0,1.924763708E0
4.901510271E1,-8.810337782E-1,2.315958738E-1,2.000771523E0,2.198395745E0
4.902508471E1,-9.803646207E-1,3.709143698E-1,2.162055016E0,2.402743047E0
4.903506671E1,-1.008310318E0,5.272914171E-1,2.249875784E0,2.521243142E0
4.904504771E1,-9.733453393E-1,6.561354399E-1,2.278796911E0,2.563363070E0
4.905502971E1,-8.779562116E-1,7.170634866E-1,2.263347626E0,2.531349369E0
4.906501171E1,-7.236465812E-1,7.258114219E-1,2.203203440E0,2.429932508E0
4.907499371E1,-5.027058721E-1,6.658743024E-1,2.088557959E0,2.249038934E0
4.908497471E1,-2.156407982E-1,5.306046605E-1,1.921924591E0,2.005451668E0
4.909495671E1,1.338384449E-1,3.408224583E-1,1.669909000E0,1.709581454E0
4.910493871E1,5.009594560E-1,1.080776230E-1,1.344918847E0,1.439252533E0
4.911492071E1,8.271290064E-1,-1.514840871E-1,9.222484827E-1,1.248051315E0
4.912490271E1,1.041736960E0,-4.182531834E-1,4.368226826E-1,1.204560366E0
4.913488371E1,1.103614926E0,-6.627098322E-1,-2.319406159E-2,1.287512405E0
4.914486571E1,1.025687695E0,-8.064209223E-1,-3.902293146E-1,1.361847594E0
4.915484771E1,8.459351659E-1,-8.094436526E-1,-6.540123224E-1,1.341095615E0
4.916482971E1,5.903087258E-1,-6.753116846E-1,-7.975748181E-1,1.200264910E0
4.917481071E1,2.942904234E-1,-4.342918694E-1,-8.393282890E-1,9.897920276E-1
4.918479271E1,6.260580849E-4,-1.261010170E-1,-8.054898977E-1,8.153010694E-1
4.919477471E1,-2.667213678E-1,1.957723647E-1,-7.458651662E-1,8.159546268E-1
4.920475671E1,-4.989423454E-1,4.826155901E-1,-6.924690604E-1,9.804971553E-1
4.921473871E1,-6.794183254E-1,7.031762600E-1,-6.570107937E-1,1.178019226E0
4.922471971E1,-8.077249527E-1,8.548477888E-1,-6.404653788E-1,1.339171476E0
4.923470171E1,-8.939307332E-1,9.436508417E-1,-6.177048683E-1,1.439148488E0
4.924468371E1,-9.443755150E-1,9.688251615E-1,-5.768826008E-1,1.470802788E0
4.925466571E1,-9.626842141E-1,9.366014600E-1,-5.218752623E-1,1.440950027E0
4.926464671E1,-9.586578012E-1,8.666998744E-1,-4.356886744E-1,1.363824796E0
4.927462871E1,-9.416829348E-1,7.724769115E-1,-3.312954903E-1,1.262237708E0
4.928461071E1,-9.053877592E-1,6.659776568E-1,-2.065255940E-1,1.142762467E0
4.929459271E1,-8.588960767E-1,5.566288233E-1,-7.320889086E-2,1.026108015E0
4.930457471E1,-7.915591002E-1,4.550385177E-1,6.204720214E-2,9.151369935E-1
4.931455571E1,-6.999794245E-1,3.716714978E-1,1.906884760E-1,8.151521280E-1
4.932453771E1,-5.960738063E-1,2.893342972E-1,3.005204201E-1,7.275512634E-1
4.933451971E1,-4.843626618E-1,2.115814239E-1,4.023191035E-1,6.642548819E-1
4.934450171E1,-3.722009659E-1,1.482133716E-1,4.895434678E-1,6.325769276E-1
4.935448371E1,-2.684049010E-1,9.922238439E-2,5.680260062E-1,6.360344458E-1
4.936446471E1,-1.879359037E-1,6.844636053E-2,6.498604417E-1,6.799436755E-1
4.937444671E1,-1.399971396E-1,5.261094123E-2,7.295752168E-1,7.447463375E-1
4.938442871E1,-1.110524163E-1,5.358670279E-2,8.190172315E-1,8.282471849E-1
4.939441071E1,-8.299556375E-2,7.099419832E-2,9.159300923E-1,9.224187627E-1
4.940439171E1,-3.686588630E-2,9.180440009E-2,1.011553288E0,1.016379454E0
4.941437371E1,1.784035377E-2,8.415392786E-2,1.086937428E0,1.090336248E0
4.942435571E1,7.492733747E-2,5.422345549E-2,1.128538966E0,1.132322607E0
4.943433771E1,1.414047033E-1,-1.999842934E-3,1.150336027E0,1.158996232E0
4.944431971E1,2.124924660E-1,-7.465647161E-2,1.174937725E0,1.196329927E0
4.945430071E1,2.858787179E-1,-1.420370936E-1,1.203377843E0,1.244997755E0
4.946428271E1,3.492595553E-1,-2.044469416E-1,1.231547952E0,1.296337590E0
4.947426471E1,4.025721550E-1,-2.628695071E-1,1.243867755E0,1.333556039E0
4.948424671E1,4.369301498E-1,-3.080822527E-1,1.240499616E0,1.350800476E0
4.949422771E1,4.493931532E-1,-3.380002677E-1,1.206762552E0,1.331343023E0
4.950420971E1,4.539737999E-1,-3.698039949E-1,1.131664038E0,1.274170593E0
4.951419171E1,4.468459487E-1,-4.090839624E-1,1.027295589E0,1.192626185E0
4.952417371E1,4.237142801E-1,-4.547939301E-1,9.022101164E-1,1.095606866E0
4.953415571E1,3.935983777E-1,-4.983629882E-1,7.683035731E-1,9.967826902E-1
4.954413671E1,3.776689470E-1,-5.103727579E-1,6.581277847E-1,9.144650713E-1
4.955411871E1,3.800793588E-1,-4.991358519E-1,5.933424234E-1,8.635115223E-1
4.956410071E1,3.925108016E-1,-4.824921489E-1,5.370470881E-1,8.217560331E-1
4.957408271E1,3.799803555E-1,-4.927503765E-1,4.600968957E-1,7.738715381E-1
4.958406371E1,3.336437643E-1,-5.326296687E-1,3.542306721E-1,7.214512419E-1
4.959404571E1,2.610738277E-1,-5.902204514E-1,2.065394670E-1,6.776269447E-1
4.960402771E1,1.885503232E-1,-6.388633251E-1,2.439948916E-2,6.665530044E-1
4.961400971E1,1.280635446E-1,-6.646406054E-1,-1.817398220E-1,7.008400451E-1
4.962399171E1,9.692108631E-2,-6.386345625E-1,-3.960119188E-1,7.576762113E-1
4.963397271E1,1.057528481E-1,-5.650756359E-1,-5.962482095E-1,8.282548318E-1
4.964395471E1,1.446571052E-1,-4.587412477E-1,-7.728160620E-1,9.102823057E-1
4.965393671E1,2.122162879E-1,-3.382401466E-1,-9.185927510E-1,1.001626074E0
4.966391871E1,2.887446284E-1,-2.509667575E-1,-1.030770421E0,1.099475072E0
4.967390071E1,3.618388772E-1,-2.239373326E-1,-1.098868847E0,1.178383658E0
4.968388171E1,4.343106747E-1,-2.362280935E-1,-1.135735989E0,1.238679018E0
4.969386371E1,5.185391307E-1,-2.829071283E-1,-1.151187181E0,1.293889949E0
4.970384571E1,6.141205430E-1,-3.663077354E-1,-1.142847419E0,1.348119290E0
4.971382771E1,7.287107110E-1,-4.832764566E-1,-1.110322952E0,1.413291368E0
4.972380871E1,8.510528207E-1,-6.162214279E-1,-1.060992479E0,1.493226303E0
4.973379071E1,9.783894420E-1,-7.576832771E-1,-9.936449528E-1,1.587028715E0
4.974377271E1,1.122061968E0,-9.137298465E-1,-9.206655622E-1,1.715094857E0
4.975375471E1,1.279632688E0,-1.066248775E0,-8.574386835E-1,1.873378595E0
4.976373571E1,1.441383004E0,-1.195065379E0,-8.256613612E-1,2.046334017E0
4.977371771E1,1.590559006E0,-1.305847287E0,-8.200374842E-1,2.215305072E0
4.978369971E1,1.720966101E0,-1.402246714E0,-8.328456879E-1,2.371002342E0
4.979368171E1,1.838315010E0,-1.492535591E0,-8.544260859E-1,2.517361417E0
4.980366367E1,1.915437460E0,-1.564770103E0,-8.886221647E-1,2.628127753E0
4.981364467E1,1.950495481E0,-1.622207880E0,-9.301935434E-1,2.702082726E0
4.982362667E1,1.938285470E0,-1.661990762E0,-9.832530618E-1,2.736046498E0
4.983360867E1,1.894082189E0,-1.678238988E0,-1.042299747E0,2.736863570E0
4.984359067E1,1.805709720E0,-1.671408057E0,-1.109629750E0,2.699161104E0
4.985357267E1,1.679198146E0,-1.641303420E0,-1.174361110E0,2.625396607E0
4.986355367E1,1.516531706E0,-1.577831745E0,-1.220729113E0,2.505913206E0
4.987353567E1,1.328631401E0,-1.493555903E0,-1.247363091E0,2.356243900E0
4.988351767E1,1.127572298E0,-1.390325904E0,-1.259514332E0,2.188790022E0
4.989349967E1,9.231539965E-1,-1.271629930E0,-1.254426003E0,2.010681619E0
4.990348067E1,7.126238942E-1,-1.145626903E0,-1.230841041E0,1.826270375E0
4.991346267E1,4.985055923E-1,-1.014964104E0,-1.204542756E0,1.652145033E0
4.992344467E1,2.860330343E-1,-8.762527704E-1,-1.156811476E0,1.479137115E0
4.993342667E1,9.377000481E-2,-7.386413813E-1,-1.110650063E0,1.337134049E0
4.994340867E1,-7.336705178E-2,-6.028188467E-1,-1.080006361E0,1.239026645E0
4.995338967E1,-2.231515348E-1,-4.679846168E-1,-1.059731603E0,1.179761535E0
4.996337167E1,-3.553255498E-1,-3.357658684E-1,-1.056599975E0,1.164215818E0
4.997335367E1,-4.808113277E-1,-2.208231986E-1,-1.049517870E0,1.175342579E0
4.998333567E1,-5.937908292E-1,-1.225291267E-1,-1.049464583E0,1.212013551E0
4.999331667E1,-6.885111332E-1,-2.407127246E-2,-1.044159889E0,1.250958385E0
5.000329867E1,-7.617555261E-1,6.709139049E-2,-1.033521056E0,1.285666562E0
5.001328067E1,-8.079003692E-1,1.526619494E-1,-1.013902187E0,1.305375932E0
5.002326267E1,-8.361493349E-1,2.332276404E-1,-9.946810603E-1,1.320201217E0
5.003324467E1,-8.441771269E-1,2.952826619E-1,-9.638445377E-1,1.314847202E0
5.004322567E1,-8.312214017E-1,3.456108272E-1,-9.434830546E-1,1.304046064E0
5.005320767E1,-8.041788340E-1,3.616864979E-1,-9.168519378E-1,1.272060610E0
5.006318967E1,-7.936327457E-1,3.627741337E-1,-8.696172833E-1,1.231946519E0
5.007317167E1,-8.007423282E-1,3.865497708E-1,-7.961870432E-1,1.193533749E0
5.008315267E1,-8.349772692E-1,4.454796612E-1,-6.592733860E-1,1.153377894E0
5.009313467E1,-8.554669023E-1,5.775080323E-1,-4.720997512E-1,1.134996618E0
5.010311667E1,-8.454768062E-1,7.432032824E-1,-2.596633732E-1,1.155252014E0
5.011309867E1,-7.955414057E-1,9.292261004E-1,-4.557659850E-2,1.224101507E0
5.012308067E1,-7.146361470E-1,1.155980229E0,1.702134758E-1,1.369659717E0
5.013306167E1,-6.355703473E-1,1.365812421E0,4.025162756E-1,1.559298749E0
5.014304367E1,-5.650770068E-1,1.486670971E0,6.297121644E-1,1.710567160E0
5.015302567E1,-4.860814810E-1,1.551338911E0,8.115622401E-1,1.817019783E0
5.016300767E1,-3.786676824E-1,1.585251927E0,9.320569634E-1,1.877536436E0
5.017298867E1,-2.575250864E-1,1.551026821E0,1.001784325E0,1.864289463E0
5.018297067E1,-1.535672545E-1,1.427104115E0,1.018954039E0,1.760248957E0
5.019295267E1,-8.729767799E-2,1.209658265E0,9.850612283E-1,1.562446680E0
5.020293467E1,-8.478738368E-2,9.297515750E-1,9.168345332E-1,1.308515362E0
5.021291667E1,-1.465233266E-1,6.160523891E-1,8.298512101E-1,1.043859503E0
5.022289767E1,-2.420272082E-1,3.268176913E-1,7.584105730E-1,8.605658430E-1
5.023287967E1,-3.567202091E-1,1.020799577E-1,7.154741883E-1,8.059608797E-1
5.024286167E1,-4.714569151E-1,-3.880418837E-2,7.084618211E-1,8.518776554E-1
5.025284367E1,-5.977010727E-1,-8.408131450E-2,7.149754763E-1,9.356848676E-1
5.026282467E1,-7.409825921E-1,-6.983313709E-2,7.314931750E-1,1.043558400E0
5.027280667E1,-9.048304558E-1,-1.409349218E-2,7.443200946E-1,1.171720608E0
5.028278867E1,-1.085473180E0,7.255937904E-2,7.482953668E-1,1.320402531E0
5.029277067E1,-1.281247735E0,1.723003089E-1,7.358394861E-1,1.487529127E0
5.030275267E1,-1.462531090E0,2.950446010E-1,7.379774451E-1,1.664529728E0
5.031273367E1,-1.597661734E0,4.496280849E-1,7.493222952E-1,1.821036060E0
5.032271567E1,-1.666672230E0,6.191145778E-1,7.501646876E-1,1.929726986E0
5.033269767E1,-1.669730663E0,7.923441529E-1,7.367080450E-1,1.989610135E0
5.034267967E1,-1.621915221E0,9.449509978E-1,7.014778852E-1,2.003899348E0
5.035266067E1,-1.537701249E0,1.051938176E0,6.481150389E-1,1.972600355E0
5.036264267E1,-1.433503389E0,1.095452666E0,5.944075584E-1,1.899544381E0
5.037262467E1,-1.313511968E0,1.082208991E0,5.523457527E-1,1.789294783E0
5.038260667E1,-1.197848558E0,1.006397009E0,5.366802216E-1,1.653995698E0
5.039258867E1,-1.076353669E0,8.883537650E-1,5.415488482E-1,1.496991913E0
5.040256967E1,-9.492343068E-1,7.429875135E-1,5.681421161E-1,1.332614602E0
5.041255167E1,-8.249657154E-1,5.878586769E-1,6.031552553E-1,1.178958234E0
5.042253367E1,-6.935418844E-1,4.267105162E-1,6.446134448E-1,1.038560881E0
5.043251567E1,-5.576103330E-1,2.798465788E-1,6.891567111E-1,9.296130182E-1
5.044249667E1,-4.182263613E-1,1.536305696E-1,7.433208823E-1,8.666265489E-1
5.045247867E1,-2.743803859E-1,6.221700087E-2,7.998926640E-1,8.479291393E-1
5.046246067E1,-1.456269175E-1,2.459159121E-2,8.609927893E-1,8.735677012E-1
5.047244267E1,-4.506846517E-2,1.864500530E-2,9.250311852E-1,9.263160887E-1
5.048242467E1,2.823850513E-2,2.705420181E-2,9.857643247E-1,9.865397340E-1
5.049240567E1,8.078178763E-2,3.920784220E-2,1.032256126E0,1.036154266E0
5.050238767E1,1.263055950E-1,7.181132585E-2,1.059259534E0,1.069177595E0
5.051236967E1,1.657317132E-1,1.064995155E-1,1.065434575E0,1.083494338E0
5.052235167E1,2.007775903E-1,1.243267208E-1,1.056065321E0,1.082147280E0
5.053233267E1,2.304956913E-1,1.201631203E-1,1.031411052E0,1.063661693E0
5.054231467E1,2.561445832E-1,8.612045646E-2,1.005371690E0,1.041056682E0
5.055229667E1,2.814789116E-1,2.836233377E-2,9.888224006E-1,1.028496252E0
5.056227867E1,3.122128546E-1,-6.043012068E-2,9.758943319E-1,1.026400708E0
5.057226067E1,3.384049535E-1,-1.632209420E-1,9.654508829E-1,1.035979921E0
5.058224167E1,3.660072982E-1,-2.728587687E-1,9.486514330E-1,1.052783354E0
5.059222367E1,3.886822760E-1,-3.661992848E-1,9.227892160E-1,1.066168732E0
5.060220567E1,4.083941877E-1,-4.274953902E-1,8.818801045E-1,1.061720604E0
5.061218767E1,4.259850085E-1,-4.542183876E-1,8.288055658E-1,1.036675570E0
5.062216867E1,4.313323796E-1,-4.567622244E-1,7.524167895E-1,9.802093534E-1
5.063215067E1,4.156489372E-1,-4.387688935E-1,6.582810283E-1,8.936532287E-1
5.064213267E1,3.738759458E-1,-4.050593972E-1,5.624836683E-1,7.875558490E-1
5.065211467E1,3.142897785E-1,-3.708862364E-1,4.628633857E-1,6.712504592E-1
5.066209567E1,2.491754889E-1,-3.491010666E-1,3.570397496E-1,5.580657325E-1
5.067207767E1,2.002649754E-1,-3.517886698E-1,2.674554884E-1,4.851739553E-1
5.068205967E1,1.697091907E-1,-3.665769398E-1,2.190178931E-1,4.595091944E-1
5.069204167E1,1.591169983E-1,-3.521149457E-1,2.199741900E-1,4.446254585E-1
5.070202367E1,1.459783018E-1,-3.374326825E-1,2.334654927E-1,4.355187896E-1
5.071200467E1,1.257058978E-1,-3.176115751E-1,2.385488600E-1,4.166349049E-1
5.072198667E1,8.744932711E-2,-3.098345995E-1,2.154456675E-1,3.873779801E-1
5.073196867E1,2.255353332E-2,-3.157449663E-1,1.609938294E-1,3.551373800E-1
5.074195067E1,-5.819563940E-2,-3.237144649E-1,6.563241035E-2,3.353884323E-1
5.075193167E1,-1.292296201E-1,-3.336722851E-1,-7.405643910E-2,3.654064103E-1
5.076191367E1,-1.706396341E-1,-3.238300383E-1,-2.191454619E-1,4.266245562E-1
5.077189567E1,-1.729010344E-1,-2.866626978E-1,-3.469854593E-1,4.821505771E-1
5.078187767E1,-1.465325505E-1,-2.384067625E-1,-4.494811893E-1,5.294741847E-1
5.079185967E1,-1.008665264E-1,-1.797724515E-1,-5.262946486E-1,5.652240685E-1
5.080184054E1,-4.517157376E-2,-1.283542663E-1,-5.880919695E-1,6.036285723E-1
5.081182254E1,2.396617457E-2,-1.126701012E-1,-6.446163058E-1,6.548275429E-1
5.082180454E1,8.996888995E-2,-1.180907041E-1,-7.127413154E-1,7.280384593E-1
5.083178654E1,1.623325795E-1,-1.702636480E-1,-7.862518430E-1,8.206908899E-1
5.084176754E1,2.466250807E-1,-2.444489300E-1,-8.563688993E-1,9.240924746E-1
5.085174954E1,3.576750755E-1,-3.321977258E-1,-9.096602798E-1,1.032360699E0
5.086173154E1,4.875419736E-1,-4.314119220E-1,-9.426717758E-1,1.145619265E0
5.087171354E1,6.350858212E-1,-5.238243341E-1,-9.512258768E-1,1.257997060E0
5.088169454E1,7.965338230E-1,-6.101310253E-1,-9.370690584E-1,1.372889078E0
5.089167654E1,9.738595486E-1,-7.096219659E-1,-9.069669843E-1,1.508162745E0
5.090165854E1,1.158891201E0,-8.149976134E-1,-8.706233501E-1,1.662899559E0
5.091164054E1,1.344975710E0,-9.356710315E-1,-8.330299854E-1,1.838036696E0
5.092162254E1,1.517676353E0,-1.069850922E0,-7.995348573E-1,2.021677149E0
5.093160354E1,1.678481102E0,-1.214440346E0,-7.720187306E-1,2.210922225E0
5.094158554E1,1.824495316E0,-1.353498578E0,-7.439900637E-1,2.390452420E0
5.095156754E1,1.950911641E0,-1.478472829E0,-7.222141623E-1,2.552162110E0
5.096154954E1,2.061569214E0,-1.585939050E0,-7.073071003E-1,2.695469092E0
5.097153054E1,2.152008533E0,-1.686121345E0,-7.072785497E-1,2.823896043E0
5.098151254E1,2.216522932E0,-1.763949037E0,-7.211533189E-1,2.923106605E0
5.099149454E1,2.247403383E0,-1.828958392E0,-7.550629973E-1,2.994333131E0
5.100147654E1,2.255854607E0,-1.882152319E0,-8.056811690E-1,3.046391226E0
5.101145854E1,2.234101057E0,-1.914556384E0,-8.655943274E-1,3.066918196E0
5.102143954E1,2.175585747E0,-1.926688910E0,-9.297230244E-1,3.051178198E0
5.103142154E1,2.082276344E0,-1.919886351E0,-9.942498803E-1,3.001728035E0
5.104140354E1,1.946899652E0,-1.883343458E0,-1.052523017E0,2.906063581E0
5.105138554E1,1.781206369E0,-1.825459719E0,-1.101293802E0,2.778101394E0
5.106136654E1,1.579128146E0,-1.740182161E0,-1.151250958E0,2.616726662E0
5.107134854E1,1.342993736E0,-1.620020032E0,-1.194363356E0,2.419628258E0
5.108133054E1,1.087302327E0,-1.462193131E0,-1.224470019E0,2.195350071E0
5.109131254E1,8.164700866E-1,-1.266493440E0,-1.245169520E0,1.954757317E0
5.110129454E1,5.529918671E-1,-1.024707913E0,-1.261205196E0,1.716526976E0
5.111127554E1,3.090991676E-1,-7.371709943E-1,-1.274575710E0,1.504495467E0
5.112125754E1,7.828408480E-2,-4.421225488E-1,-1.277285695E0,1.353905275E0
5.113123954E1,-1.394632757E-1,-1.524491906E-1,-1.281080723E0,1.297635765E0
5.114122154E1,-3.397188783E-1,1.287276298E-1,-1.292436481E0,1.342524404E0
5.115120254E1,-5.153049827E-1,3.745394647E-1,-1.291959763E0,1.440478762E0
5.116118454E1,-6.382921338E-1,5.898520350E-1,-1.285439730E0,1.551675730E0
5.117116654E1,-7.003503442E-1,7.457732558E-1,-1.258288145E0,1.621714343E0
5.118114854E1,-6.854110360E-1,8.167379498E-1,-1.219593525E0,1.619956028E0
5.119112954E1,-5.966810584E-1,8.169166446E-1,-1.173466682E0,1.549324093E0
5.120111154E1,-4.682559669E-1,7.558072209E-1,-1.098631263E0,1.413328998E0
5.121109354E1,-3.286224604E-1,6.511152387E-1,-1.002835393E0,1.240009113E0
5.122107554E1,-1.894736439E-1,5.083668828E-1,-8.853712678E-1,1.038373455E0
5.123105754E1,-6.603288651E-2,3.500184715E-1,-7.353258133E-1,8.170540522E-1
5.124103854E1,4.637434706E-2,2.128374428E-1,-5.449981689E-1,5.869185303E-1
5.125102054E1,1.444454938E-1,1.016882285E-1,-3.277986944E-1,3.723667286E-1
5.126100254E1,2.306368351E-1,1.743433625E-2,-9.448422492E-2,2.498491035E-1
5.127098454E1,2.990803421E-1,-3.807630017E-2,1.363567859E-1,3.308957973E-1
5.128096554E1,3.496947587E-1,-7.310405374E-2,3.364762664E-1,4.907615559E-1
5.129094754E1,3.958862126E-1,-5.686945096E-2,4.938439429E-1,6.354855370E-1
5.130092954E1,4.279517531E-1,4.119133577E-2,6.295503378E-1,7.623470712E-1
5.131091154E1,4.307475090E-1,2.001543790E-1,7.514340281E-1,8.889647297E-1
5.132089354E1,3.933761716E-1,3.937861621E-1,8.463943601E-1,1.013013211E0
5.133087454E1,2.891470492E-1,5.607876778E-1,8.993809223E-1,1.098624084E0
5.134085654E1,1.263301820E-1,6.919550300E-1,9.198561311E-1,1.157970803E0
5.135083854E1,-7.968666404E-2,8.157263994E-1,9.512716532E-1,1.255658107E0
5.136082054E1,-3.008946776E-1,9.314695001E-1,1.020247579E0,1.413887605E0
5.137080154E1,-5.128309131E-1,1.070107579E0,1.133190870E0,1.640806913E0
5.138078354E1,-7.114627957E-1,1.197638392E0,1.296634316E0,1.903096839E0
5.139076554E1,-9.093950391E-1,1.289690614E0,1.464605689E0,2.152991185E0
5.140074754E1,-1.091427445E0,1.330990076E0,1.586227775E0,2.340697974E0
5.141072854E1,-1.243789434E0,1.307380080E0,1.631301403E0,2.432570472E0
5.142071054E1,-1.369287252E0,1.238971829E0,1.630857229E0,2.463674913E0
5.143069254E1,-1.450258017E0,1.146942496E0,1.560816169E0,2.419684384E0
5.144067454E1,-1.465827942E0,1.086947083E0,1.442404866E0,2.326077668E0
5.145065654E1,-1.417077303E0,1.050834656E0,1.276962280E0,2.177841643E0
5.146063754E1,-1.342016339E0,1.004960060E0,1.100473762E0,2.005491231E0
5.147061954E1,-1.270434141E0,9.414583445E-1,9.082644582E-1,1.823538058E0
5.148060154E1,-1.204052925E0,8.443776369E-1,7.201582193E-1,1.637481267E0
5.149058354E1,-1.141283989E0,7.147453427E-1,5.471453667E-1,1.453532972E0
5.150056454E1,-1.068958402E0,5.663899183E-1,4.016198814E-1,1.274663930E0
5.151054654E1,-9.883012176E-1,4.025748372E-1,2.741547227E-1,1.101801528E0
5.152052854E1,-9.007418156E-1,2.297495455E-1,1.737002879E-1,9.456703770E-1
5.153051054E1,-8.053166270E-1,5.427150056E-2,8.584912866E-2,8.116959643E-1
5.154049254E1,-7.045519352E-1,-9.963071346E-2,1.965999417E-2,7.118330028E-1
5.155047354E1,-5.993639231E-1,-2.085739821E-1,-2.654944733E-2,6.351732767E-1
5.156045554E1,-5.005750060E-1,-2.573335171E-1,-5.852309242E-2,5.658805775E-1
5.157043754E1,-4.133943021E-1,-2.472492307E-1,-7.639749348E-2,4.877126287E-1
5.158041954E1,-3.416841626E-1,-1.909891516E-1,-9.076604992E-2,4.018250849E-1
5.159040054E1,-2.904336751E-1,-1.097619757E-1,-1.081268638E-1,3.287716983E-1
5.160038254E1,-2.613479793E-1,-3.027061373E-2,-1.156228632E-1,2.873807976E-1
5.161036454E1,-2.592095733E-1,3.953891993E-2,-1.256166399E-1,2.907446806E-1
5.162034654E1,-2.772146761E-1,1.067302078E-1,-1.315496415E-1,3.248763182E-1
5.163032754E1,-2.961998582E-1,1.576772481E-1,-1.405483186E-1,3.637998082E-1
5.164030954E1,-3.164918125E-1,1.999730468E-1,-1.442258805E-1,4.011949544E-1
5.165029154E1,-3.325386643E-1,2.353794724E-1,-1.490320861E-1,4.338156544E-1
5.166027354E1,-3.377555311E-1,2.503885329E-1,-1.397850513E-1,4.430723155E-1
5.167025554E1,-3.312945664E-1,2.486300468E-1,-1.314429790E-1,4.345690355E-1
5.168023654E1,-3.086790144E-1,2.406259179E-1,-1.209644973E-1,4.096534828E-1
5.169021854E1,-2.852444053E-1,2.286275625E-1,-1.179706380E-1,3.841249855E-1
5.170020054E1,-2.598429024E-1,2.200330049E-1,-1.114272475E-1,3.582581313E-1
5.171018254E1,-2.389189154E-1,2.159820944E-1,-1.009054407E-1,3.375091424E-1
5.172016354E1,-2.157467455E-1,2.194881439E-1,-8.854197711E-2,3.202520651E-1
5.173014554E1,-1.916271895E-1,2.239814401E-1,-7.693086565E-2,3.046424516E-1
5.174012754E1,-1.680614054E-1,2.244224548E-1,-5.706287920E-2,2.861227821E-1
5.175010954E1,-1.460996121E-1,2.260041088E-1,-3.440677375E-2,2.713056946E-1
5.176009054E1,-1.225463450E-1,2.362514287E-1,-4.028358962E-3,2.661739505E-1
5.177007254E1,-9.072186798E-2,2.480031550E-1,3.823054954E-2,2.668287787E-1
5.178005454E1,-4.652085155E-2,2.579231560E-1,8.167389780E-2,2.745162466E-1
5.179003654E1,6.863739807E-3,2.521229982E-1,1.158127636E-1,2.775350669E-1
5.180001854E1,5.971177667E-2,2.379451543E-1,1.339880377E-1,2.795285084E-1
5.181000067E1,1.153001115E-1,2.234192491E-1,1.413116604E-1,2.884081516E-1
5.181998267E1,1.787565798E-1,2.046564817E-1,1.509051770E-1,3.108223975E-1
5.182996467E1,2.478510141E-1,2.033999860E-1,1.635943949E-1,3.599511155E-1
5.183994667E1,3.058847487E-1,2.192796171E-1,1.712640375E-1,4.134977636E-1
5.184992767E1,3.138593435E-1,2.913125157E-1,1.903005093E-1,4.685989257E-1
5.185990967E1,2.412160188E-1,4.412144125E-1,2.230123729E-1,5.500816702E-1
5.186989167E1,6.299274415E-2,5.965259075E-1,2.529865205E-1,6.510095420E-1
5.187987367E1,-1.847877502E-1,7.649373412E-1,2.652964592E-1,8.304564166E-1
5.188985467E1,-4.096302390E-1,9.111889005E-1,2.521830499E-1,1.030368107E0
5.189983667E1,-5.883728266E-1,9.503453374E-1,2.100164294E-1,1.137297562E0
5.190981867E1,-6.965096593E-1,8.341936469E-1,1.679206342E-1,1.099637252E0
5.191980067E1,-7.213478684E-1,6.426353455E-1,1.515816003E-1,9.779058830E-1
5.192978267E1,-6.768816710E-1,4.180616736E-1,1.815681309E-1,8.160339120E-1
5.193976367E1,-5.940904021E-1,1.707333624E-1,2.610035539E-1,6.709814767E-1
5.194974567E1,-4.625046253E-1,-6.951193511E-2,3.755138814E-1,5.997942253E-1
5.195972767E1,-3.196529150E-1,-1.840499640E-1,4.909288883E-1,6.140550046E-1
5.196970967E1,-2.009149641E-1,-1.687634289E-1,5.488108397E-1,6.083101639E-1
5.197969067E1,-1.110726967E-1,-1.036840379E-1,5.640257001E-1,5.841339864E-1
5.198967267E1,-3.131860495E-2,-8.028822392E-2,5.361086726E-1,5.429913100E-1
5.199965467E1,5.589858815E-2,-6.942732632E-2,4.617207050E-1,4.702454840E-1
5.200963667E1,1.648310125E-1,-1.510502100E-1,3.351953924E-1,4.029160951E-1
5.201961867E1,2.650002241E-1,-2.147468925E-1,2.380118370E-1,4.159218450E-1
5.202959967E1,3.461414278E-1,-1.780850440E-1,1.661200076E-1,4.232304666E-1
5.203958167E1,3.833412826E-1,-2.007818371E-1,7.695630938E-2,4.395294741E-1
5.204956367E1,3.768871427E-1,-2.434960008E-1,8.156068623E-3,4.487769403E-1
5.205954567E1,3.461939394E-1,-2.941921949E-1,-6.077053398E-2,4.583583195E-1
5.206952667E1,2.927505374E-1,-3.737344444E-1,-1.354102045E-1,4.936762457E-1
5.207950867E1,2.238891721E-1,-4.673743844E-1,-2.123886198E-1,5.600661589E-1
5.208949067E1,1.533200741E-1,-5.574043989E-1,-2.990451455E-1,6.508722671E-1
5.209947267E1,8.851631731E-2,-6.226212382E-1,-3.888501525E-1,7.393894683E-1
5.210945367E1,3.314333782E-2,-6.602780223E-1,-4.751512110E-1,8.141463142E-1
5.211943567E1,-2.806882560E-2,-6.682319045E-1,-5.508759022E-1,8.664790804E-1
5.212941767E1,-9.000720829E-2,-6.505993009E-1,-6.004920006E-1,8.899277446E-1
5.213939967E1,-1.594685614E-1,-5.952526927E-1,-6.326318383E-1,8.831642164E-1
5.214938167E1,-2.135121077E-1,-5.127748847E-1,-6.376315951E-1,8.456355915E-1
5.215936267E1,-2.653798163E-1,-4.008719921E-1,-6.227962375E-1,7.867655015E-1
5.216934467E1,-3.158462346E-1,-2.679664493E-1,-5.846388340E-1,7.164966350E-1
5.217932667E1,-3.686631024E-1,-1.266279519E-1,-5.481564403E-1,6.726236721E-1
5.218930867E1,-4.212184548E-1,-7.560975850E-3,-5.392788649E-1,6.843272968E-1
5.219928967E1,-4.605413377E-1,7.173038274E-2,-5.400788784E-1,7.133924351E-1
5.220927167E1,-4.857522249E-1,1.273936480E-1,-5.510064363E-1,7.455148949E-1
5.221925367E1,-4.895549417E-1,1.505591571E-1,-5.730139613E-1,7.685552033E-1
5.222923567E1,-4.745168090E-1,1.475852281E-1,-5.950050950E-1,7.752281372E-1
5.223921667E1,-4.505925775E-1,1.405134648E-1,-6.098319888E-1,7.711502832E-1
5.224919867E1,-4.204293191E-1,1.335852742E-1,-6.089506745E-1,7.519486431E-1
5.225918067E1,-3.908831477E-1,1.366439015E-1,-5.962503552E-1,7.259309038E-1
5.226916267E1,-3.694717884E-1,1.567414403E-1,-5.730816126E-1,6.996426346E-1
5.227914467E1,-3.648227155E-1,1.751955450E-1,-5.439495444E-1,6.779898227E-1
5.228912567E1,-3.717932105E-1,1.892678887E-1,-5.239865184E-1,6.697868292E-1
5.229910767E1,-3.905634284E-1,1.921776682E-1,-5.063939691E-1,6.677626073E-1
5.230908967E1,-4.133488536E-1,1.934262216E-1,-4.972067773E-1,6.748967013E-1
5.231907167E1,-4.311406314E-1,1.910605282E-1,-4.850590229E-1,6.765121028E-1
5.232905267E1,-4.434085488E-1,1.956078708E-1,-4.684688151E-1,6.740449622E-1
5.233903467E1,-4.455577135E-1,2.065782249E-1,-4.394171834E-1,6.590020487E-1
5.234901667E1,-4.341899157E-1,2.228048742E-1,-3.983243406E-1,6.299406124E-1
5.235899867E1,-4.083812237E-1,2.567511201E-1,-3.512188792E-1,5.967001447E-1
5.236897967E1,-3.788652420E-1,2.987507582E-1,-2.948898375E-1,5.654652097E-1
5.237896167E1,-3.596180379E-1,3.488083184E-1,-2.340579033E-1,5.529696902E-1
5.238894367E1,-3.570142090E-1,4.116245806E-1,-1.646927297E-1,5.692254703E-1
5.239892567E1,-3.864804804E-1,4.949450195E-1,-8.903738856E-2,6.342439520E-1
5.240890667E1,-4.489243627E-1,5.887072086E-1,-2.976048738E-2,7.409419326E-1
5.241888867E1,-5.385256410E-1,7.002196312E-1,5.656093359E-3,8.833738672E-1
5.242887067E1,-6.445809603E-1,8.072251678E-1,2.427431755E-2,1.033289083E0
5.243885267E1,-7.653201222E-1,9.265049696E-1,3.008640185E-2,1.202094647E0
5.244883467E1,-8.915161490E-1,1.026101589E0,2.714414150E-2,1.359566960E0
5.245881567E1,-1.021767616E0,1.091149569E0,2.967707254E-2,1.495157908E0
5.246879767E1,-1.140803933E0,1.128312945E0,4.566256702E-2,1.605181855E0
5.247877967E1,-1.229756951E0,1.131252289E0,7.393361628E-2,1.672572892E0
5.248876167E1,-1.272508979E0,1.118928909E0,1.212764308E-1,1.698819878E0
5.249874267E1,-1.256150007E0,1.103119969E0,1.797536016E-1,1.681397593E0
5.250872467E1,-1.177905917E0,1.082625508E0,2.468162477E-1,1.618783062E0
5.251870667E1,-1.051387310E0,1.066664219E0,3.305290043E-1,1.533765710E0
5.252868867E1,-8.781639338E-1,1.051244855E0,4.279100299E-1,1.435059104E0
5.253866967E1,-6.739082336E-1,1.043743491E0,5.410807729E-1,1.355109289E0
5.254865167E1,-4.492087662E-1,1.029855609E0,6.461325288E-1,1.296101206E0
5.255863367E1,-2.268412113E-1,1.039023280E0,7.521958947E-1,1.302622346E0
5.256861567E1,-5.733613670E-2,1.050755024E0,8.452041745E-1,1.349719841E0
5.257859767E1,3.924606368E-2,1.027142882E0,9.387908578E-1,1.392081545E0
5.258857867E1,6.325902790E-2,9.383230209E-1,1.006591201E0,1.377562210E0
5.259856067E1,9.389673360E-3,7.709255219E-1,1.028316259E0,1.285242645E0
5.260854267E1,-1.061691567E-1,5.145787001E-1,9.905002713E-1,1.121228753E0
5.261852467E1,-2.676704228E-1,1.777220666E-1,8.999868631E-1,9.556196639E-1
5.262850567E1,-4.355284870E-1,-1.785779297E-1,7.959729433E-1,9.247421621E-1
5.263848767E1,-5.863034129E-1,-5.184774399E-1,7.090303302E-1,1.056075072E0
5.264846967E1,-7.094315290E-1,-7.846923470E-1,6.558182836E-1,1.244641633E0
5.265845167E1,-8.131076097E-1,-9.437398314E-1,6.631968021E-1,1.411247269E0
5.266843267E1,-9.152480364E-1,-9.996627569E-1,7.071313858E-1,1.528737843E0
5.267841467E1,-1.010731459E0,-9.677618146E-1,7.594723105E-1,1.592149240E0
5.268839667E1,-1.082345605E0,-8.556568623E-1,7.998442054E-1,1.594795105E0
5.269837867E1,-1.131191969E0,-6.970565319E-1,8.083237410E-1,1.555271793E0
5.270835967E1,-1.149631858E0,-4.942496121E-1,7.767111659E-1,1.472825965E0
5.271834167E1,-1.141673803E0,-2.656286955E-1,7.064612508E-1,1.368599714E0
5.272832367E1,-1.110599518E0,-3.133444488E-2,6.007107496E-1,1.263038614E0
5.273830567E1,-1.064692140E0,1.981038004E-1,4.702800214E-1,1.180668356E0
5.274828767E1,-1.007105112E0,3.805135190E-1,3.232785463E-1,1.124081965E0
5.275826867E1,-9.380533099E-1,5.172418356E-1,1.822796017E-1,1.086604336E0
5.276825067E1,-8.606575727E-1,5.971979499E-1,6.234613806E-2,1.049411211E0
5.277823267E1,-7.791046500E-1,6.123870015E-1,-3.546164930E-2,9.916044695E-1
5.278821467E1,-7.025830150E-1,5.707047582E-1,-1.298216432E-1,9.144290421E-1
5.279819567E1,-6.313543916E-1,4.788081348E-1,-2.333501577E-1,8.260253591E-1
5.280817758E1,-5.606603622E-1,3.518126905E-1,-3.563912213E-1,7.517492358E-1
5.281815958E1,-5.099577904E-1,2.045079023E-1,-4.804383218E-1,7.298639676E-1
5.282814158E1,-4.958748817E-1,4.256131873E-2,-5.939725041E-1,7.749236736E-1
5.283812258E1,-5.065836906E-1,-8.821453154E-2,-6.878684163E-1,8.588200029E-1
5.284810458E1,-5.299959183E-1,-1.789209843E-1,-7.638370395E-1,9.467604844E-1
5.285808658E1,-5.573529601E-1,-2.170619965E-1,-8.204196095E-1,1.015306145E0
5.286806858E1,-5.937261581E-1,-2.095665336E-1,-8.523074985E-1,1.059649449E0
5.287804958E1,-6.531854868E-1,-1.501133144E-1,-8.682305813E-1,1.096817956E0
5.288803158E1,-7.199038267E-1,-5.327492207E-2,-8.627215624E-1,1.124894765E0
5.289801358E1,-7.788680792E-1,8.060511202E-2,-8.416066766E-1,1.149536631E0
5.290799558E1,-8.266839981E-1,2.416115850E-1,-8.215779066E-1,1.190282675E0
5.291797758E1,-8.867348433E-1,4.122759998E-1,-8.032236695E-1,1.265479532E0
5.292795858E1,-9.907745719E-1,5.742028952E-1,-7.854922414E-1,1.388647284E0
5.293794058E1,-1.153490782E0,6.946046352E-1,-7.748230696E-1,1.553501649E0
5.294792258E1,-1.327831149E0,8.054262400E-1,-7.622735500E-1,1.730002299E0
5.295790458E1,-1.493360758E0,9.257411957E-1,-7.300884128E-1,1.902669757E0
5.296788558E1,-1.624904156E0,1.035605669E0,-6.699643731E-1,2.040011000E0
5.297786758E1,-1.702130198E0,1.107205272E0,-5.942970514E-1,2.115736210E0
5.298784958E1,-1.708880186E0,1.130802393E0,-5.141366720E-1,2.112657582E0
5.299783158E1,-1.635705233E0,1.119005203E0,-4.338975251E-1,2.028785675E0
5.300781258E1,-1.492321968E0,1.052986383E0,-3.529009819E-1,1.860200065E0
5.301779458E1,-1.297076941E0,9.405182600E-1,-2.721443474E-1,1.625129451E0
5.302777658E1,-1.066807747E0,8.000596762E-1,-1.886192411E-1,1.346755907E0
5.303775858E1,-8.103975654E-1,6.313716173E-1,-8.194126934E-2,1.030576880E0
5.304773958E1,-5.476582050E-1,4.520282447E-1,4.798078164E-2,7.117311283E-1
5.305772158E1,-2.898615301E-1,2.651073635E-1,1.943707466E-1,4.382711580E-1
5.306770358E1,-5.029780045E-2,9.521068633E-2,3.502835333E-1,3.664607718E-1
5.307768558E1,1.680449247E-1,-7.339590043E-2,5.063868165E-1,5.385663031E-1
5.308766758E1,3.581059873E-1,-2.246476859E-1,6.376628280E-1,7.650623263E-1
5.309764858E1,5.324293375E-1,-3.365867436E-1,7.427881956E-1,9.739126957E-1
5.310763058E1,6.704052687E-1,-4.057881832E-1,8.186290264E-1,1.133252292E0
5.311761258E1,7.714272141E-1,-4.379935265E-1,8.771261573E-1,1.247512955E0
5.312759458E1,8.381441832E-1,-4.545549154E-1,9.264476895E-1,1.329440170E0
5.313757558E1,8.724627495E-1,-4.355540574E-1,9.626792073E-1,1.370273638E0
5.314755758E1,8.667353988E-1,-3.986040652E-1,9.911156297E-1,1.375654624E0
5.315753958E1,8.333055377E-1,-3.614657521E-1,1.005417347E0,1.354961125E0
5.316752158E1,7.693653107E-1,-3.164886832E-1,1.014663100E0,1.312108713E0
5.317750258E1,6.946852207E-1,-2.688194215E-1,1.017709494E0,1.261183591E0
5.318748458E1,6.240615249E-1,-2.236040682E-1,1.022254229E0,1.218382236E0
5.319746658E1,5.462591648E-1,-1.854532212E-1,1.022554636E0,1.174057050E0
5.320744858E1,4.661579728E-1,-1.508432776E-1,1.023877859E0,1.135069522E0
5.321742958E1,3.880352080E-1,-1.291321218E-1,1.015023112E0,1.094311814E0
5.322741158E1,3.214389384E-1,-1.096108630E-1,9.961838722E-1,1.052482703E0
5.323739358E1,2.562854886E-1,-1.012895554E-1,9.623396397E-1,1.001019185E0
5.324737558E1,1.953645051E-1,-9.592012316E-2,9.123778939E-1,9.379772818E-1
5.325735658E1,1.478545219E-1,-9.770417213E-2,8.534357548E-1,8.716419290E-1
5.326733858E1,1.102701351E-1,-9.790866822E-2,7.969633341E-1,8.104913114E-1
5.327732058E1,8.605028689E-2,-9.908524901E-2,7.399793863E-1,7.515264670E-1
5.328730258E1,7.928393036E-2,-9.206459671E-2,6.940004826E-1,7.045555346E-1
5.329728358E1,8.112816513E-2,-7.982257754E-2,6.497714520E-1,6.596638256E-1
5.330726558E1,1.006758437E-1,-6.933590025E-2,6.067174077E-1,6.189096100E-1
5.331724758E1,1.277000010E-1,-5.469383672E-2,5.606303811E-1,5.775856043E-1
5.332722958E1,1.581973732E-1,-4.352557659E-2,5.047406554E-1,5.307391204E-1
5.333721158E1,1.750429273E-1,-4.973340780E-2,4.336915314E-1,4.703209358E-1
5.334719258E1,1.919293553E-1,-6.155572087E-2,3.676815629E-1,4.193038467E-1
5.335717458E1,2.080569118E-1,-6.953934580E-2,3.133120537E-1,3.824759367E-1
5.336715658E1,2.278991193E-1,-7.328504324E-2,2.771332860E-1,3.662124579E-1
5.337713858E1,2.575281262E-1,-6.199377403E-2,2.544578016E-1,3.673046918E-1
5.338711958E1,2.768366635E-1,-4.684254527E-2,2.177840024E-1,3.553345382E-1
5.339710158E1,2.773786187E-1,-4.539857805E-2,1.686944813E-1,3.278074999E-1
5.340708358E1,2.588594258E-1,-4.383695871E-2,1.050636396E-1,2.827865796E-1
5.341706558E1,2.242646664E-1,-3.601365536E-2,3.166266158E-2,2.293341408E-1
5.342704658E1,1.920307875E-1,-1.505401824E-2,-4.278014973E-2,1.973134258E-1
5.343702858E1,1.673363596E-1,1.861048862E-3,-1.175609082E-1,2.045128062E-1
5.344701058E1,1.572053134E-1,1.118292287E-2,-1.790756136E-1,2.385511344E-1
5.345699258E1,1.608754247E-1,1.200424135E-2,-2.234574556E-1,2.756052223E-1
5.346697358E1,1.753754467E-1,-1.203770563E-2,-2.518311739E-1,3.071162545E-1
5.347695558E1,1.864619255E-1,-4.383105412E-2,-2.803893089E-1,3.395693972E-1
5.348693758E1,1.875772327E-1,-8.343254030E-2,-3.183836937E-1,3.788329228E-1
5.349691958E1,1.701766700E-1,-1.427762955E-1,-3.637224138E-1,4.261914638E-1
5.350690058E1,1.378940046E-1,-1.993836761E-1,-4.155276120E-1,4.810735943E-1
5.351688258E1,9.631513059E-2,-2.319046110E-1,-4.834249020E-1,5.447531448E-1
5.352686458E1,4.526150972E-2,-2.248088419E-1,-5.718137622E-1,6.160832722E-1
5.353684658E1,-2.436771989E-3,-1.832840294E-1,-6.825823188E-1,7.067655872E-1
5.354682758E1,-4.349672422E-2,-1.096953377E-1,-8.160987496E-1,8.245860788E-1
5.355680958E1,-5.961310863E-2,-2.331463993E-2,-9.744590521E-1,9.765591325E-1
5.356679158E1,-3.412298486E-2,5.024616048E-2,-1.130777359E0,1.132407387E0
5.357677358E1,2.561571635E-2,8.868010342E-2,-1.261283636E0,1.264656766E0
5.358675558E1,1.077286229E-1,5.418875068E-2,-1.369109869E0,1.374410314E0
5.359673658E1,2.136310935E-1,-4.678499699E-2,-1.477091193E0,1.493193046E0
5.360671858E1,3.443583846E-1,-1.622759253E-1,-1.563803196E0,1.609470910E0
5.361670058E1,4.609361291E-1,-3.122760653E-1,-1.607883573E0,1.701548718E0
5.362668258E1,5.440713763E-1,-4.566202164E-1,-1.602908850E0,1.753234857E0
5.363666358E1,5.922378302E-1,-5.647283196E-1,-1.553303719E0,1.755681111E0
5.364664558E1,5.950673819E-1,-6.320647597E-1,-1.467025638E0,1.704633471E0
5.365662758E1,5.518453121E-1,-6.526278257E-1,-1.355325937E0,1.602299823E0
5.366660958E1,4.799702764E-1,-6.388959885E-1,-1.218612313E0,1.457249299E0
5.367659058E1,3.827382624E-1,-5.931341052E-1,-1.082353354E0,1.292201775E0
5.368657258E1,2.679754198E-1,-5.185456276E-1,-9.548501372E-1,1.119124291E0
5.369655458E1,1.517686695E-1,-4.377243221E-1,-8.508803248E-1,9.688310680E-1
5.370653658E1,4.137700796E-2,-3.581852317E-1,-7.558551431E-1,8.374519176E-1
5.371651758E1,-5.377054587E-2,-2.982486784E-1,-6.564636230E-1,7.230408247E-1
5.372649958E1,-1.404163837E-1,-2.799198031E-1,-5.533300042E-1,6.358033899E-1
5.373648158E1,-2.097501755E-1,-2.785543799E-1,-4.591505229E-1,5.765473800E-1
5.374646358E1,-2.591102421E-1,-2.792510092E-1,-3.742747307E-1,5.340419625E-1
5.375644458E1,-2.955758274E-1,-2.894722223E-1,-2.910456061E-1,5.058327610E-1
5.376642658E1,-3.118740618E-1,-3.065143228E-1,-2.132122070E-1,4.864934796E-1
5.377640858E1,-3.052169383E-1,-3.126742244E-1,-1.509927809E-1,4.623000864E-1
5.378639058E1,-2.920525074E-1,-3.044435084E-1,-9.996673465E-2,4.335595287E-1
5.379637158E1,-2.638344467E-1,-2.972556353E-1,-7.114121318E-2,4.037704796E-1
5.380635296E1,-2.170751542E-1,-2.767255604E-1,-7.778560370E-2,3.602072438E-1
5.381633496E1,-1.634670645E-1,-2.456022650E-1,-1.159700081E-1,3.170031491E-1
5.382631696E1,-1.128753573E-1,-2.015826106E-1,-1.774898320E-1,2.913400687E-1
5.383629896E1,-6.202070042E-2,-1.390348226E-1,-2.548751533E-1,2.968814459E-1
5.384627996E1,-1.683564857E-3,-6.834810972E-2,-3.396016359E-1,3.464153138E-1
5.385626196E1,5.632460862E-2,2.549556270E-2,-4.158937633E-1,4.204641573E-1
5.386624396E1,1.054717973E-1,1.291571856E-1,-4.653725624E-1,4.943455274E-1
5.387622596E1,1.267310083E-1,2.438587248E-1,-4.898043871E-1,5.616370392E-1
5.388620696E1,1.032524630E-1,3.536680639E-1,-4.853770733E-1,6.093710477E-1
5.389618896E1,3.543320671E-2,4.521866441E-1,-4.634563327E-1,6.484751696E-1
5.390617096E1,-5.808978155E-2,5.614276528E-1,-4.357838929E-1,7.130799628E-1
5.391615296E1,-1.776968837E-1,6.811197400E-1,-4.105208814E-1,8.148789338E-1
5.392613396E1,-3.184281290E-1,7.892127037E-1,-3.832516670E-1,9.333461337E-1
5.393611596E1,-4.770742357E-1,8.839559555E-1,-3.511320651E-1,1.064082555E0
5.394609796E1,-6.415766478E-1,9.806314111E-1,-3.151227832E-1,1.213491215E0
5.395607996E1,-7.920106649E-1,1.062992573E0,-2.723713219E-1,1.353299760E0
5.396606096E1,-9.113956094E-1,1.127400279E0,-2.193168402E-1,1.466210497E0
5.397604296E1,-1.003609419E0,1.194331646E0,-1.512570828E-1,1.567334888E0
5.398602496E1,-1.078632474E0,1.244518280E0,-5.497396365E-2,1.647815493E0
5.399600696E1,-1.131096005E0,1.281935096E0,5.767136067E-2,1.710573515E0
5.400598796E1,-1.157411933E0,1.295780540E0,1.870712191E-1,1.747468234E0
5.401596996E1,-1.153872371E0,1.276344180E0,3.330896795E-1,1.752548045E0
5.402595196E1,-1.120823741E0,1.233396769E0,4.768688381E-1,1.733469739E0
5.403593396E1,-1.046954870E0,1.173927069E0,6.021806598E-1,1.684292377E0
5.404591496E1,-9.209811091E-1,1.117545605E0,7.113153934E-1,1.613407565E0
5.405589696E1,-7.372565866E-1,1.057268143E0,8.107346296E-1,1.522712658E0
5.406587896E1,-5.204965472E-1,1.004809022E0,9.291732311E-1,1.464213345E0
5.407586096E1,-3.169133365E-1,9.835408330E-1,1.058299780E0,1.479116310E0
5.408584296E1,-1.730962843E-1,9.730453491E-1,1.178938031E0,1.538399966E0
5.409582396E1,-1.051856875E-1,9.216063619E-1,1.249360442E0,1.556060355E0
5.410580596E1,-8.800471574E-2,8.126428723E-1,1.250166774E0,1.493670054E0
5.411578796E1,-1.001220942E-1,6.175681949E-1,1.215815902E0,1.367341660E0
5.412576896E1,-1.343105733E-1,3.283936083E-1,1.175770998E0,1.228136447E0
5.413575096E1,-1.984280348E-1,-2.395590022E-2,1.134809971E0,1.152276547E0
5.414573296E1,-3.003993630E-1,-4.194121659E-1,1.082875252E0,1.199485370E0
5.415571496E1,-4.261642098E-1,-8.162521720E-1,1.032517552E0,1.383465228E0
5.416569696E1,-5.508961678E-1,-1.161816001E0,9.812270999E-1,1.617439220E0
5.417567796E1,-6.347077489E-1,-1.410652757E0,9.471021295E-1,1.813779912E0
5.418565996E1,-6.860924959E-1,-1.553452849E0,9.360257387E-1,1.939093307E0
5.419564196E1,-7.421727777E-1,-1.591370940E0,9.511290193E-1,1.996979798E0
5.420562396E1,-8.048110008E-1,-1.538679004E0,9.763646722E-1,1.992119925E0
5.421560496E1,-8.727716804E-1,-1.386888742E0,9.717574120E-1,1.905125523E0
5.422558696E1,-9.354346991E-1,-1.151804328E0,9.303528666E-1,1.751355973E0
5.423556896E1,-9.846059680E-1,-8.464819789E-1,8.581218123E-1,1.556391242E0
5.424555096E1,-1.015556574E0,-4.962762892E-1,7.609612942E-1,1.362610510E0
5.425553196E1,-1.024809718E0,-1.290857643E-1,6.706191301E-1,1.231514560E0
5.426551396E1,-1.019542813E0,2.279631495E-1,6.043856144E-1,1.206945200E0
5.427549596E1,-9.960615635E-1,5.361337662E-1,5.788381696E-1,1.270681581E0
5.428547796E1,-9.751847982E-1,7.462095618E-1,6.104336977E-1,1.371292602E0
5.429545896E1,-9.516714811E-1,8.453835249E-1,6.532570720E-1,1.430767876E0
5.430544096E1,-9.023606181E-1,8.594362140E-1,6.904641390E-1,1.424649437E0
5.431542296E1,-8.187202811E-1,8.143143058E-1,7.176661491E-1,1.359579122E0
5.432540496E1,-7.054055333E-1,7.179584503E-1,7.366154194E-1,1.247262434E0
5.433538596E1,-5.857824683E-1,5.811297894E-1,7.512060404E-1,1.115868920E0
5.434536796E1,-4.650562108E-1,4.148690999E-1,7.566968799E-1,9.802978207E-1
5.435534996E1,-3.483844697E-1,2.411721796E-1,7.397629023E-1,8.525168095E-1
5.436533196E1,-2.412506938E-1,9.528983384E-2,6.997466683E-1,7.462757195E-1
5.437531296E1,-1.750282645E-1,-2.827817947E-2,6.365711689E-1,6.608005765E-1
5.438529496E1,-1.434510052E-1,-1.024836749E-1,5.524612665E-1,5.799090838E-1
5.439527696E1,-1.452100128E-1,-1.300079674E-1,4.544036686E-1,4.944397976E-1
5.440525896E1,-1.622987688E-1,-1.090737060E-1,3.513459861E-1,4.020969605E-1
5.441523996E1,-1.998077929E-1,-4.574373364E-2,2.473692596E-1,3.212587647E-1
5.442522196E1,-2.411788702E-1,4.126787931E-2,1.326314211E-1,2.783188444E-1
5.443520396E1,-2.932335436E-1,1.454411596E-1,6.247115787E-3,3.273806171E-1
5.444518596E1,-3.516518772E-1,2.393215448E-1,-1.301071346E-1,4.448164913E-1
5.445516796E1,-4.135405421E-1,3.177271485E-1,-2.613788545E-1,5.833397179E-1
5.446514896E1,-4.640102983E-1,3.724005222E-1,-3.913947940E-1,7.121640195E-1
5.447513096E1,-5.109831095E-1,3.991889954E-1,-5.145579576E-1,8.277834765E-1
5.448511296E1,-5.589242578E-1,4.082874358E-1,-6.414632797E-1,9.437002148E-1
5.449509496E1,-6.034366488E-1,3.974901736E-1,-7.652747035E-1,1.052511092E0
5.450507596E1,-6.433012486E-1,3.724378347E-1,-8.769072890E-1,1.149570716E0
5.451505796E1,-6.796523333E-1,3.659706116E-1,-9.865405560E-1,1.252646818E0
5.452503996E1,-7.030271888E-1,3.768953681E-1,-1.091980815E0,1.352301537E0
5.453502196E1,-7.296186090E-1,4.052628279E-1,-1.187645316E0,1.451579371E0
5.454500296E1,-7.618545294E-1,4.418312609E-1,-1.264850616E0,1.541260610E0
5.455498496E1,-7.938430905E-1,5.020328164E-1,-1.324751973E0,1.623943223E0
5.456496696E1,-8.270496726E-1,5.679641962E-1,-1.358238578E0,1.688610827E0
5.457494896E1,-8.591343760E-1,6.384657621E-1,-1.359167457E0,1.730053924E0
5.458492996E1,-8.729024529E-1,7.033030391E-1,-1.338009000E0,1.745526265E0
5.459491196E1,-8.628961444E-1,7.620100379E-1,-1.305191755E0,1.740337488E0
5.460489396E1,-8.215373158E-1,7.862113118E-1,-1.266797304E0,1.702300560E0
5.461487596E1,-7.439509034E-1,7.857226133E-1,-1.228256583E0,1.636898655E0
5.462485696E1,-6.176293492E-1,7.609791756E-1,-1.197040439E0,1.547081488E0
5.463483896E1,-4.553480148E-1,7.161635160E-1,-1.159260511E0,1.436703494E0
5.464482096E1,-2.766259015E-1,6.300938725E-1,-1.122275233E0,1.316450484E0
5.465480296E1,-9.129305184E-2,5.219919086E-1,-1.072285056E0,1.196079101E0
5.466478396E1,8.297329396E-2,4.039414227E-1,-1.011335135E0,1.092177639E0
5.467476596E1,2.479002178E-1,2.815254927E-1,-9.380482435E-1,1.010270077E0
5.468474796E1,3.981436491E-1,1.551672816E-1,-8.566936255E-1,9.573501024E-1
5.469472996E1,5.162726641E-1,3.819059208E-2,-7.636941671E-1,9.226184292E-1
5.470471096E1,6.059131622E-1,-6.024142355E-2,-6.532447338E-1,8.930221002E-1
5.471469296E1,6.693813205E-1,-1.326849908E-1,-5.281805396E-1,8.629318289E-1
5.472467496E1,7.191203237E-1,-1.938516796E-1,-3.927424848E-1,8.419971336E-1
5.473465696E1,7.538625598E-1,-2.353783548E-1,-2.635240555E-1,8.325603022E-1
5.474463796E1,7.806980014E-1,-2.661269307E-1,-1.267406344E-1,8.344915224E-1
5.475461996E1,7.964742780E-1,-2.881022692E-1,6.875224877E-3,8.470073563E-1
5.476460196E1,8.038464785E-1,-3.000217974E-1,1.342027485E-1,8.684426392E-1
5.477458396E1,8.037788272E-1,-3.058740795E-1,2.699475288E-1,9.013828398E-1
5.478456596E1,8.079932928E-1,-3.144883513E-1,4.058658183E-1,9.573312628E-1
5.479454696E1,8.207037449E-1,-3.291751444E-1,5.374579430E-1,1.034781114E0
5.480452896E1,8.458158374E-1,-3.459837139E-1,6.609125137E-1,1.127791874E0
5.481451154E1,8.813155293E-1,-3.607807457E-1,7.727458477E-1,1.226383282E0
5.482449354E1,9.158396721E-1,-3.726947010E-1,8.650725484E-1,1.313778581E0
5.483447454E1,9.490208030E-1,-3.859542906E-1,9.506769180E-1,1.397636505E0
5.484445654E1,9.800125360E-1,-3.951376677E-1,1.024419188E0,1.471731301E0
5.485443854E1,1.001872778E0,-4.118444920E-1,1.088429928E0,1.535592608E0
5.486442054E1,1.013652802E0,-4.380939007E-1,1.139619708E0,1.586868409E0
5.487440154E1,1.012270093E0,-4.746380746E-1,1.175862193E0,1.622536268E0
5.488438354E1,1.002986789E0,-5.094767809E-1,1.201110363E0,1.645665577E0
5.489436554E1,9.808737636E-1,-5.526950955E-1,1.202775359E0,1.647499248E0
5.490434754E1,9.505926371E-1,-6.149597764E-1,1.189064860E0,1.641851738E0
5.491432854E1,9.044941664E-1,-6.803504825E-1,1.158170581E0,1.619365793E0
5.492431054E1,8.592785597E-1,-7.434871197E-1,1.119316101E0,1.594992562E0
5.493429254E1,8.262859583E-1,-7.903582454E-1,1.071043134E0,1.566699727E0
5.494427454E1,7.946924567E-1,-8.325858116E-1,1.026894093E0,1.542480701E0
5.495425554E1,7.766607404E-1,-8.736216426E-1,9.820148349E-1,1.526685893E0
5.496423754E1,7.609501481E-1,-9.097903371E-1,9.337653518E-1,1.509530164E0
5.497421954E1,7.565460801E-1,-9.306607246E-1,8.786205649E-1,1.486763415E0
5.498420154E1,7.543649077E-1,-9.472687244E-1,8.224349022E-1,1.463824996E0
5.499418254E1,7.434616685E-1,-9.429504275E-1,7.656108141E-1,1.424096443E0
5.500416454E1,7.320436835E-1,-9.221263528E-1,7.036334276E-1,1.371606710E0
5.501414654E1,7.114390731E-1,-8.907540441E-1,6.260526180E-1,1.300588406E0
5.502412854E1,6.793820858E-1,-8.549713492E-1,5.269467831E-1,1.212521727E0
5.503410954E1,6.338811517E-1,-8.086808324E-1,4.001629949E-1,1.102678750E0
5.504409154E1,5.868728161E-1,-7.594725490E-1,2.597848475E-1,9.943371772E-1
5.505407354E1,5.330817699E-1,-7.032313347E-1,1.204192266E-1,8.906240922E-1
5.506405554E1,4.947163761E-1,-6.392003894E-1,-8.952209726E-3,8.083325879E-1
5.507403654E1,4.599344134E-1,-5.880935192E-1,-1.205980405E-1,7.562655217E-1
5.508401854E1,4.279808402E-1,-5.529701710E-1,-2.017108053E-1,7.277574174E-1
5.509400054E1,3.945517838E-1,-5.344849229E-1,-2.395932078E-1,7.062224495E-1
5.510398254E1,3.666419089E-1,-5.431504846E-1,-2.510050535E-1,7.017423139E-1
5.511396354E1,3.460082412E-1,-5.590975285E-1,-2.522215843E-1,7.042211846E-1
5.512394554E1,3.332121670E-1,-5.837264657E-1,-2.556866109E-1,7.191262601E-1
5.513392754E1,3.316334188E-1,-5.962569118E-1,-2.660319507E-1,7.323086973E-1
5.514390954E1,3.343154788E-1,-6.088470221E-1,-2.784998417E-1,7.483473107E-1
5.515389054E1,3.440634310E-1,-6.082267761E-1,-2.894827425E-1,7.563859557E-1
5.516387254E1,3.456807137E-1,-5.994127989E-1,-2.996130586E-1,7.540284107E-1
5.517385454E1,3.586806655E-1,-5.751373172E-1,-3.067444861E-1,7.439939067E-1
5.518383654E1,3.783542514E-1,-5.422637463E-1,-3.275438547E-1,7.378935471E-1
5.519381754E1,4.150238633E-1,-5.041941404E-1,-3.561707139E-1,7.438508693E-1
5.520379954E1,4.677569866E-1,-4.629822373E-1,-3.934604526E-1,7.667856795E-1
5.521378154E1,5.407600403E-1,-4.240705371E-1,-4.355434775E-1,8.136063928E-1
5.522376354E1,6.349810362E-1,-3.956907988E-1,-4.818571806E-1,8.899204835E-1
5.523374454E1,7.467722893E-1,-3.738150597E-1,-5.245633125E-1,9.861912693E-1
5.524372654E1,8.656815886E-1,-3.693097830E-1,-5.441957116E-1,1.087172158E0
5.525370854E1,9.822761416E-1,-3.947267234E-1,-5.437946916E-1,1.190121116E0
5.526369054E1,1.087823391E0,-4.490072727E-1,-5.270184875E-1,1.289463356E0
5.527367154E1,1.188751698E0,-5.184550285E-1,-5.112571120E-1,1.394026560E0
5.528365354E1,1.294024348E0,-6.027339697E-1,-4.952679873E-1,1.510985649E0
5.529363554E1,1.403345585E0,-7.070361376E-1,-4.683761895E-1,1.639711921E0
5.530361754E1,1.500547528E0,-8.264107108E-1,-4.192616940E-1,1.763626354E0
5.531359954E1,1.578631401E0,-9.452628493E-1,-3.484786153E-1,1.872708279E0
5.532358054E1,1.628055334E0,-1.052901745E0,-2.641300559E-1,1.956765428E0
5.533356254E1,1.640835285E0,-1.143713355E0,-1.769299060E-1,2.007915552E0
5.534354454E1,1.640076637E0,-1.208960056E0,-1.112557501E-1,2.040542486E0
5.535352654E1,1.639289618E0,-1.260789871E0,-8.064830303E-2,2.069629363E0
5.536350754E1,1.627650619E0,-1.268972516E0,-7.840645313E-2,2.065353566E0
5.537348954E1,1.600553513E0,-1.250019312E0,-9.751915932E-2,2.033182189E0
5.538347154E1,1.546693444E0,-1.223026037E0,-1.291929334E-1,1.976042538E0
5.539345354E1,1.468960762E0,-1.172517300E0,-1.628454477E-1,1.886573926E0
5.540343454E1,1.370874166E0,-1.103347540E0,-2.132177204E-1,1.772606434E0
5.541341654E1,1.259454966E0,-1.013152957E0,-2.727020979E-1,1.639229136E0
5.542339854E1,1.126837969E0,-8.977847695E-1,-3.349662721E-1,1.479183458E0
5.543338054E1,9.948879480E-1,-7.646171451E-1,-3.910668194E-1,1.314296262E0
5.544336154E1,8.615671396E-1,-6.147770882E-1,-4.440357089E-1,1.147787661E0
5.545334354E1,7.272263765E-1,-4.624051154E-1,-4.949484169E-1,9.938061324E-1
5.546332554E1,6.002286673E-1,-3.010529876E-1,-5.322387218E-1,8.568462005E-1
5.547330754E1,4.837459922E-1,-1.603121161E-1,-5.533701181E-1,7.522822922E-1
5.548328854E1,3.915902972E-1,-3.631793335E-2,-5.582900643E-1,6.828980518E-1
5.549327054E1,3.414347172E-1,6.825002283E-2,-5.493836403E-1,6.504291783E-1
5.550325254E1,3.279971480E-1,1.517435610E-1,-5.301921368E-1,6.416478312E-1
5.551323454E1,3.414367735E-1,2.070241272E-1,-5.039879680E-1,6.429945034E-1
5.552321554E1,3.864649832E-1,2.344367951E-1,-4.701487422E-1,6.521929423E-1
5.553319754E1,4.616358876E-1,2.436204553E-1,-4.302945137E-1,6.764702414E-1
5.554317954E1,5.579901934E-1,2.282532156E-1,-3.896438181E-1,7.178265050E-1
5.555316154E1,6.763197780E-1,1.813759804E-1,-3.537942171E-1,7.845228081E-1
5.556314254E1,8.166326880E-1,1.120675057E-1,-3.146456182E-1,8.822981005E-1
5.557312454E1,9.767395854E-1,3.360918164E-2,-2.732827365E-1,1.014807001E0
5.558310654E1,1.144257665E0,-4.847446084E-2,-2.234608978E-1,1.166880521E0
5.559308854E1,1.311960578E0,-1.346919090E-1,-1.746984273E-1,1.330376642E0
5.560306954E1,1.458293438E0,-2.085571587E-1,-1.368198246E-1,1.479471360E0
5.561305154E1,1.570709705E0,-2.761020958E-1,-1.157971025E-1,1.598990405E0
5.562303354E1,1.649649978E0,-3.422563076E-1,-1.077199951E-1,1.688220373E0
5.563301554E1,1.691191673E0,-3.845244050E-1,-1.002815217E-1,1.737252048E0
5.564299654E1,1.691028476E0,-3.953427374E-1,-8.394063264E-2,1.738654427E0
5.565297854E1,1.631143093E0,-3.877633810E-1,-6.113092601E-2,1.677714284E0
5.566296054E1,1.534851432E0,-3.630681634E-1,-3.593721986E-2,1.577618107E0
5.567294254E1,1.413964629E0,-3.390027583E-1,-1.547748782E-2,1.454117738E0
5.568292354E1,1.273787141E0,-3.058597147E-1,3.560709301E-4,1.309993882E0
5.569290554E1,1.117841482E0,-2.706641853E-1,1.843999885E-2,1.150290708E0
5.570288754E1,9.608637094E-1,-2.336829901E-1,4.286118969E-2,9.897999240E-1
5.571286954E1,8.061207533E-1,-1.831732243E-1,7.260549814E-2,8.298521901E-1
5.572285054E1,6.613405347E-1,-1.303784400E-1,1.023373008E-1,6.817937838E-1
5.573283254E1,5.413009524E-1,-6.301191449E-2,1.338368952E-1,5.611501911E-1
5.574281454E1,4.488353133E-1,9.746721014E-3,1.666689366E-1,4.788806443E-1
5.575279654E1,3.957681060E-1,6.552876532E-2,1.816204637E-1,4.403548633E-1
5.576277754E1,3.894962370E-1,9.566589445E-2,1.785749495E-1,4.390310862E-1
5.577275954E1,4.243796468E-1,1.011964828E-1,1.626127511E-1,4.655982384E-1
5.578274154E1,4.769805372E-1,8.485665917E-2,1.487512738E-1,5.067918970E-1
5.579272354E1,5.380396247E-1,4.936311394E-2,1.488639116E-1,5.604318147E-1
5.580270454E1,6.053862572E-1,2.517308667E-2,1.491183192E-1,6.239891648E-1
5.581268629E1,6.465869546E-1,2.798005939E-2,1.497399062E-1,6.642888025E-1
5.582266829E1,6.341896653E-1,3.826360777E-2,1.358881444E-1,6.497124157E-1
5.583265029E1,5.624698997E-1,3.887373954E-2,1.118746772E-1,5.748038788E-1
5.584263129E1,4.400808513E-1,3.267150372E-2,9.299839288E-2,4.509847935E-1
5.585261329E1,2.783153951E-1,1.634446345E-2,7.225076854E-2,2.880048163E-1
5.586259529E1,1.211411431E-1,4.818801768E-3,5.821930245E-2,1.344912064E-1
5.587257729E1,2.997989533E-3,1.625255123E-2,3.981978819E-2,4.311321020E-2
5.588255929E1,-6.084341183E-2,3.815624118E-2,2.350313403E-2,7.556597656E-2
5.589254029E1,-8.203018457E-2,5.352800339E-2,1.762606949E-2,9.952324680E-2
5.590252229E1,-7.174467295E-2,5.105099082E-2,2.298268676E-2,9.100387712E-2
5.591250429E1,-2.982305735E-2,2.628572285E-2,4.590637609E-2,6.072684202E-2
5.592248529E1,3.448585793E-2,-2.348871529E-2,8.927076310E-2,9.854066819E-2
5.593246729E1,1.194574758E-1,-9.916031361E-2,1.441481262E-1,2.118526342E-1
5.594244929E1,2.287016511E-1,-1.895072311E-1,2.061449885E-1,3.615427944E-1
5.595243129E1,3.649449944E-1,-2.997253239E-1,2.615725696E-1,5.398521353E-1
5.596241329E1,5.116866827E-1,-4.242249727E-1,2.991174161E-1,7.288767505E-1
5.597239429E1,6.689934731E-1,-5.568780899E-1,3.203696907E-1,9.275247774E-1
5.598237629E1,8.256597519E-1,-6.920332313E-1,3.248608708E-1,1.125237133E0
5.599235829E1,9.729930162E-1,-8.235918283E-1,3.254052103E-1,1.315639563E0
5.600233929E1,1.108215690E0,-9.307067990E-1,3.324039876E-1,1.484873588E0
5.601232129E1,1.224524140E0,-1.017445683E0,3.242350221E-1,1.624741037E0
5.602230329E1,1.317850709E0,-1.089495659E0,3.044935465E-1,1.736792331E0
5.603228529E1,1.393079400E0,-1.147062778E0,2.734498680E-1,1.825156997E0
5.604226729E1,1.445111513E0,-1.188254118E0,2.384984046E-1,1.886047885E0
5.605224829E1,1.456176400E0,-1.199790955E0,1.887228638E-1,1.896197343E0
5.606223029E1,1.404412270E0,-1.124803543E0,1.272606999E-1,1.803815988E0
5.607221229E1,1.268805742E0,-9.580507874E-1,5.172652006E-2,1.590724664E0
5.608219429E1,1.035182834E0,-7.382656932E-1,-6.550942361E-2,1.273157970E0
5.609217529E1,7.426250577E-1,-5.800856352E-1,-1.872174889E-1,9.607505965E-1
5.610215729E1,4.648425579E-1,-4.732577503E-1,-3.036301732E-1,7.295497131E-1
5.611213929E1,2.687183321E-1,-4.199058414E-1,-4.022814035E-1,6.405940877E-1
5.612212129E1,1.780752242E-1,-3.815488219E-1,-4.717663825E-1,6.323399470E-1
5.613210229E1,1.690878570E-1,-3.688692451E-1,-5.173554420E-1,6.575042789E-1
5.614208429E1,2.328874618E-1,-3.794090152E-1,-5.547750592E-1,7.113108582E-1
5.615206629E1,3.629328012E-1,-3.959573507E-1,-5.825542212E-1,7.923836586E-1
5.616204829E1,5.296222568E-1,-4.126181006E-1,-6.032601595E-1,9.025941789E-1
5.617202929E1,6.967790127E-1,-4.502238035E-1,-6.176458001E-1,1.034257608E0
5.618201129E1,8.613786697E-1,-5.135111213E-1,-6.602851152E-1,1.200684520E0
5.619199329E1,1.057902098E0,-5.574293137E-1,-7.134322524E-1,1.392433074E0
5.620197529E1,1.259749413E0,-6.029297113E-1,-7.536712289E-1,1.586982401E0
5.621195629E1,1.441257477E0,-6.752718687E-1,-7.701053023E-1,1.768128216E0
5.622193829E1,1.586154222E0,-7.551844716E-1,-7.608786821E-1,1.914451664E0
5.623192029E1,1.698444486E0,-8.261225820E-1,-7.278320789E-1,2.024087875E0
5.624190229E1,1.785722852E0,-8.750773072E-1,-6.946012378E-1,2.106427610E0
5.625188329E1,1.856535316E0,-9.008226395E-1,-6.584193110E-1,2.166038041E0
5.626186529E1,1.901489854E0,-9.295736551E-1,-6.172310710E-1,2.204709740E0
5.627184729E1,1.933319926E0,-9.338546395E-1,-5.733128786E-1,2.222273179E0
5.628182929E1,1.936902046E0,-9.219819903E-1,-5.290400386E-1,2.209417047E0
5.629181029E1,1.923776627E0,-9.024615288E-1,-4.754015207E-1,2.177466401E0
5.630179229E1,1.893038154E0,-8.661128879E-1,-4.134283960E-1,2.122420322E0
5.631177429E1,1.849596977E0,-8.246221542E-1,-3.457137942E-1,2.054392539E0
5.632175629E1,1.806218028E0,-7.802187800E-1,-2.684638798E-1,1.985758738E0
5.633173729E1,1.767086029E0,-7.309734225E-1,-1.873080283E-1,1.921457644E0
5.634171929E1,1.734929562E0,-6.958304048E-1,-1.108932868E-1,1.872553833E0
5.635170129E1,1.722110987E0,-6.727285385E-1,-4.974071681E-2,1.849514551E0
5.636168329E1,1.729158401E0,-6.570699215E-1,-5.068720318E-3,1.849798733E0
5.637166429E1,1.753667235E0,-6.514061689E-1,2.296531200E-2,1.870883795E0
5.638164629E1,1.778082371E0,-6.534570456E-1,3.415584564E-2,1.894663466E0
5.639162829E1,1.801154971E0,-6.621309519E-1,4.400821030E-2,1.919508622E0
5.640161029E1,1.819049001E0,-6.765349507E-1,4.317058250E-2,1.941263121E0
5.641159129E1,1.828762531E0,-6.868509650E-1,4.059344158E-2,1.953915165E0
5.642157329E1,1.821819663E0,-6.872070432E-1,3.623025119E-2,1.947458096E0
5.643155529E1,1.798802018E0,-6.647408605E-1,2.013756894E-2,1.917804639E0
5.644153729E1,1.771805286E0,-6.445128322E-1,-1.517135650E-2,1.885449796E0
5.645151829E1,1.734918714E0,-6.311627030E-1,-5.541304871E-2,1.846992124E0
5.646150029E1,1.690625906E0,-6.187801361E-1,-8.484297991E-2,1.802304953E0
5.647148229E1,1.633537292E0,-5.935197473E-1,-1.153292507E-1,1.741841156E0
5.648146429E1,1.556459665E0,-5.703954697E-1,-1.383660585E-1,1.663449082E0
5.649144529E1,1.452729821E0,-5.362241864E-1,-1.449067891E-1,1.555300064E0
5.650142729E1,1.344719291E0,-4.857026339E-1,-1.307706535E-1,1.435715147E0
5.651140929E1,1.236791253E0,-4.306689501E-1,-1.036418229E-1,1.313723706E0
5.652139129E1,1.145601273E0,-3.724224865E-1,-5.931198597E-2,1.206075742E0
5.653137229E1,1.069385886E0,-3.068280220E-1,5.109882914E-3,1.112544705E0
5.654135429E1,1.000225663E0,-2.658267617E-1,8.148315549E-2,1.038149676E0
5.655133629E1,9.402188063E-1,-2.685645223E-1,1.499173343E-1,9.892489643E-1
5.656131829E1,9.095864892E-1,-3.041930497E-1,1.962490082E-1,9.789763358E-1
5.657129929E1,9.155051112E-1,-3.672953248E-1,2.167010307E-1,1.009957821E0
5.658128129E1,9.570446014E-1,-4.482629299E-1,2.010738552E-1,1.075780981E0
5.659126329E1,1.017005444E0,-5.487852097E-1,1.711849421E-1,1.168233522E0
5.660124529E1,1.091565490E0,-6.349470019E-1,1.434068382E-1,1.270920310E0
5.661122629E1,1.167713761E0,-6.859825253E-1,1.320290118E-1,1.360720072E0
5.662120829E1,1.221570849E0,-7.297289371E-1,1.360822916E-1,1.429425777E0
5.663119029E1,1.241785526E0,-7.848308086E-1,1.574650705E-1,1.477425443E0
5.664117229E1,1.235923290E0,-8.005762100E-1,2.018254697E-1,1.486325055E0
5.665115329E1,1.208638668E0,-8.112632036E-1,2.386058569E-1,1.475089208E0
5.666113529E1,1.169762969E0,-8.251507878E-1,2.646875978E-1,1.455774279E0
5.667111729E1,1.129003763E0,-8.319924474E-1,2.773916721E-1,1.429617805E0
5.668109929E1,1.089152455E0,-8.339322805E-1,2.698101699E-1,1.398032062E0
5.669108029E1,1.054574251E0,-8.325852752E-1,2.515126467E-1,1.366961486E0
5.670106229E1,1.016377330E0,-8.170561194E-1,2.305088490E-1,1.324287698E0
5.671104429E1,9.663858414E-1,-7.917443514E-1,2.057526410E-1,1.266133825E0
5.672102629E1,9.113973379E-1,-7.545800209E-1,1.790725589E-1,1.196705100E0
5.673100729E1,8.414270282E-1,-7.063326240E-1,1.470515132E-1,1.108390440E0
5.674098929E1,7.649142742E-1,-6.438510418E-1,1.070289835E-1,1.005531309E0
5.675097129E1,6.820073724E-1,-5.746397376E-1,5.630429462E-2,8.935966974E-1
5.676095329E1,5.932767391E-1,-5.004094839E-1,-1.530572772E-4,7.761359186E-1
5.677093429E1,4.972210526E-1,-4.249421358E-1,-6.781945378E-2,6.575743854E-1
5.678091629E1,4.109658599E-1,-3.457785845E-1,-1.444354653E-1,5.561630796E-1
5.679089829E1,3.372029364E-1,-2.709025145E-1,-2.227563709E-1,4.865330343E-1
5.680088029E1,2.787103653E-1,-1.976173669E-1,-2.926030457E-1,4.498317839E-1
5.681086146E1,2.328182608E-1,-1.263913959E-1,-3.477959931E-1,4.371969583E-1
5.682084346E1,2.082179487E-1,-6.264941394E-2,-3.969041109E-1,4.525621907E-1
5.683082546E1,2.048698217E-1,-1.321102399E-2,-4.333430827E-1,4.795126717E-1
5.684080746E1,2.110998333E-1,3.146296740E-2,-4.609186649E-1,5.079360920E-1
5.685078846E1,2.298037410E-1,6.587473303E-2,-4.858658314E-1,5.414931633E-1
5.686077046E1,2.505282164E-1,8.648040891E-2,-5.112513304E-1,5.758655843E-1
5.687075246E1,2.733240724E-1,1.002111360E-1,-5.348264575E-1,6.089233613E-1
5.688073446E1,2.895339429E-1,1.065848172E-1,-5.564659834E-1,6.362740118E-1
5.689071546E1,3.058721721E-1,1.093909889E-1,-5.825710893E-1,6.670181768E-1
5.690069746E1,3.129614294E-1,1.125511378E-1,-6.031926274E-1,6.888061851E-1
5.691067946E1,3.198635578E-1,1.299759448E-1,-6.088070869E-1,6.998946427E-1
5.692066146E1,3.210433125E-1,1.373393387E-1,-6.012625694E-1,6.953039478E-1
5.693064246E1,3.213975132E-1,1.509171873E-1,-5.850961208E-1,6.844047264E-1
5.694062446E1,3.216537237E-1,1.553785056E-1,-5.631277561E-1,6.668706529E-1
5.695060646E1,3.232841194E-1,1.589159817E-1,-5.364170671E-1,6.461502773E-1
5.696058846E1,3.256125450E-1,1.527898908E-1,-5.016126037E-1,6.172385960E-1
5.697056946E1,3.307958543E-1,1.433905214E-1,-4.449916184E-1,5.727165785E-1
5.698055146E1,3.408859074E-1,1.346940100E-1,-3.825850487E-1,5.298273282E-1
5.699053346E1,3.503566682E-1,1.217550337E-1,-3.168523610E-1,4.878211782E-1
5.700051546E1,3.617518544E-1,1.156255156E-1,-2.499626130E-1,4.546591822E-1
5.701049646E1,3.808376789E-1,1.198697984E-1,-1.882680953E-1,4.414192813E-1
5.702047846E1,3.999313414E-1,1.170122176E-1,-1.261019260E-1,4.353603480E-1
5.703046046E1,4.220963120E-1,1.213582307E-1,-6.712729484E-2,4.442962869E-1
5.704044246E1,4.405913651E-1,1.354330331E-1,-1.380908024E-2,4.611437391E-1
5.705042346E1,4.502085745E-1,1.526216120E-1,3.914628178E-2,4.769838031E-1
5.706040546E1,4.526196718E-1,1.724602580E-1,9.678946435E-2,4.939385674E-1
5.707038746E1,4.325378239E-1,1.892482936E-1,1.541763246E-1,4.966630899E-1
5.708036946E1,3.961324990E-1,1.913040131E-1,2.034602612E-1,4.846795437E-1
5.709035046E1,3.367461562E-1,1.906776428E-1,2.486983091E-1,4.600073762E-1
5.710033246E1,2.633845508E-1,1.806838661E-1,2.862274945E-1,4.288872342E-1
5.711031446E1,1.743814349E-1,1.615860760E-1,3.186908960E-1,3.975963179E-1
5.712029646E1,7.525342703E-2,1.248267069E-1,3.457941711E-1,3.752577698E-1
5.713027746E1,-2.836218663E-2,7.669673115E-2,3.626879156E-1,3.717920471E-1
5.714025946E1,-1.403644979E-1,3.193644062E-2,3.707271516E-1,3.976942915E-1
5.715024146E1,-2.489623576E-1,-4.773371387E-3,3.785485923E-1,4.531049297E-1
5.716022346E1,-3.432125747E-1,-2.115629055E-2,3.820796013E-1,5.140304289E-1
5.717020446E1,-4.327818751E-1,-1.695302315E-2,3.839129210E-1,5.787717057E-1
5.718018646E1,-5.177935958E-1,-1.903508790E-3,3.876306415E-1,6.468163150E-1
5.719016846E1,-6.007215381E-1,2.808608487E-2,3.891837895E-1,7.163234021E-1
5.720015046E1,-6.844189763E-1,6.185679883E-2,3.882368505E-1,7.892930069E-1
5.721013146E1,-7.549679875E-1,1.013437584E-1,3.900384605E-1,8.557904067E-1
5.722011346E1,-8.143377900E-1,1.399390996E-1,3.957653344E-1,9.161654805E-1
5.723009546E1,-8.686189651E-1,1.824415475E-1,3.998427391E-1,9.734772935E-1
5.724007746E1,-9.132533669E-1,2.111419141E-1,4.018054307E-1,1.019833430E0
5.725005846E1,-9.342923164E-1,2.241922021E-1,3.954460621E-1,1.039010040E0
5.726004046E1,-9.359329343E-1,2.228132188E-1,3.851098716E-1,1.036303914E0
5.727002246E1,-9.156199098E-1,2.210395485E-1,3.707858026E-1,1.012274870E0
5.728000446E1,-8.747662306E-1,2.172533274E-1,3.567919433E-1,9.693892186E-1
5.728998546E1,-8.255097270E-1,2.138450146E-1,3.372195661E-1,9.170131054E-1
5.729996746E1,-7.696175575E-1,2.090880722E-1,3.183068037E-1,8.586898323E-1
5.730994946E1,-7.123052478E-1,2.147289217E-1,3.134675920E-1,8.073098581E-1
5.731993146E1,-6.674497128E-1,2.210616171E-1,3.232590258E-1,7.738564178E-1
5.732991246E1,-6.230303049E-1,2.369625568E-1,3.371822834E-1,7.470006067E-1
5.733989446E1,-5.843425989E-1,2.512232661E-1,3.515676260E-1,7.267525012E-1
5.734987646E1,-5.373756289E-1,2.623108029E-1,3.706262708E-1,7.035221080E-1
5.735985846E1,-4.806036055E-1,2.704294324E-1,3.807471991E-1,6.701345634E-1
5.736983946E1,-4.182265103E-1,2.745964825E-1,3.852151930E-1,6.314328049E-1
5.737982146E1,-3.501691222E-1,2.690959871E-1,3.928331137E-1,5.910574588E-1
5.738980346E1,-2.794722915E-1,2.504514754E-1,4.028670788E-1,5.505747782E-1
5.739978446E1,-2.095463425E-1,2.266865522E-1,4.086432457E-1,5.121384235E-1
5.740976646E1,-1.378537714E-1,1.966887116E-1,4.181824327E-1,4.822516548E-1
5.741974846E1,-6.043995917E-2,1.584997475E-1,4.241765141E-1,4.568379076E-1
5.742973046E1,1.466224715E-2,1.182330325E-1,4.279808402E-1,4.442540164E-1
5.743971246E1,9.261512011E-2,8.127951622E-2,4.251754284E-1,4.426715093E-1
5.744969346E1,1.574604362E-1,4.862862825E-2,4.189111292E-1,4.501611563E-1
5.745967546E1,2.123618275E-1,9.855146520E-3,4.106512666E-1,4.624166221E-1
5.746965746E1,2.553854585E-1,-2.325912938E-2,3.986694515E-1,4.740253696E-1
5.747963846E1,2.852273881E-1,-4.354230687E-2,3.887137175E-1,4.840960128E-1
5.748962046E1,3.104360700E-1,-4.588083178E-2,3.700556159E-1,4.851976537E-1
5.749960246E1,3.291063011E-1,-4.015981779E-2,3.454914391E-1,4.788403730E-1
5.750958446E1,3.471633196E-1,-3.227712587E-2,3.127138019E-1,4.683525437E-1
5.751956546E1,3.593331873E-1,-2.080634236E-2,2.727164328E-1,4.515833214E-1
5.752954746E1,3.661386371E-1,-1.820523292E-2,2.233922780E-1,4.292936546E-1
5.753952946E1,3.769716620E-1,-1.799034141E-2,1.752828807E-1,4.161194235E-1
5.754951146E1,3.835142553E-1,-1.890087500E-2,1.231080964E-1,4.032319810E-1
5.755949346E1,3.895667195E-1,-1.933737844E-2,7.121612877E-2,3.964945147E-1
5.756947446E1,3.985311985E-1,-2.575187013E-2,1.915372908E-2,3.998213855E-1
5.757945646E1,4.048776627E-1,-2.969811484E-2,-3.639321402E-2,4.075933829E-1
5.758943846E1,4.180770814E-1,-2.877586335E-2,-9.607226402E-2,4.299376423E-1
5.759941946E1,4.353886247E-1,-2.935138717E-2,-1.556428522E-1,4.633027691E-1
5.760940146E1,4.542595446E-1,-2.556144074E-2,-2.211057544E-1,5.058585531E-1
5.761938346E1,4.776383042E-1,-1.996535622E-2,-2.774887979E-1,5.527540123E-1
5.762936546E1,5.063074827E-1,-1.796505600E-2,-3.240275383E-1,6.013849482E-1
5.763934646E1,5.334715247E-1,-2.184363455E-2,-3.650885522E-1,6.468065113E-1
5.764932846E1,5.711550117E-1,-2.021164820E-2,-4.084192514E-1,7.024477511E-1
5.765931046E1,6.090483069E-1,-2.806188352E-2,-4.349935353E-1,7.489637409E-1
5.766929246E1,6.330468655E-1,-4.938847944E-2,-4.466286302E-1,7.763148131E-1
5.767927346E1,6.448429823E-1,-7.979749143E-2,-4.477404952E-1,7.890891347E-1
5.768925546E1,6.325796843E-1,-1.147096679E-1,-4.458371401E-1,7.823593294E-1
5.769923746E1,6.094741225E-1,-1.502098888E-1,-4.251918793E-1,7.581621535E-1
5.770921946E1,5.701485276E-1,-1.837393641E-1,-3.878189623E-1,7.136056649E-1
5.771920046E1,5.062747598E-1,-2.135454416E-1,-3.312300444E-1,6.415832996E-1
5.772918246E1,4.380685687E-1,-2.324839830E-1,-2.583238780E-1,5.591816335E-1
5.773916446E1,3.590001464E-1,-2.444168180E-1,-1.819600612E-1,4.708823100E-1
5.774914646E1,2.764282823E-1,-2.537152171E-1,-1.113716587E-1,3.913919429E-1
5.775912746E1,2.028736621E-1,-2.487604320E-1,-6.335033476E-2,3.271891505E-1
5.776910946E1,1.342898160E-1,-2.419011891E-1,-2.527138963E-2,2.778283339E-1
5.777909146E1,7.704511285E-2,-2.259776145E-1,5.858500022E-3,2.388224313E-1
5.778907346E1,3.351335227E-2,-2.061727494E-1,3.527524322E-2,2.118364703E-1
5.779905446E1,-4.946586676E-3,-1.785861552E-1,6.567049772E-2,1.903420548E-1
5.780903646E1,-3.024208918E-2,-1.491542310E-1,9.553305805E-2,1.796889917E-1
5.781901792E1,-4.302719235E-2,-1.248738915E-1,1.267162859E-1,1.830350927E-1
5.782899992E1,-3.626994789E-2,-1.095287576E-1,1.524248421E-1,1.911684868E-1
5.783898092E1,-1.476082765E-2,-9.550431371E-2,1.732558906E-1,1.983848774E-1
5.784896292E1,2.246457338E-2,-8.648232371E-2,1.920530051E-1,2.118211655E-1
5.785894492E1,7.912592590E-2,-8.728341758E-2,2.030122429E-1,2.347195729E-1
5.786892692E1,1.451137364E-1,-9.533415735E-2,2.102749497E-1,2.726942473E-1
5.787890792E1,2.126352340E-1,-1.142921150E-1,2.192757130E-1,3.261261544E-1
5.788888992E1,2.696255445E-1,-1.301104873E-1,2.201630771E-1,3.716160030E-1
5.789887192E1,3.092924356E-1,-1.449733377E-1,2.150135785E-1,4.036210083E-1
5.790885392E1,3.370047510E-1,-1.683305800E-1,2.092757970E-1,4.309335744E-1
5.791883492E1,3.483645618E-1,-1.947980970E-1,1.981338710E-1,4.456020616E-1
5.792881692E1,3.492948115E-1,-2.189556360E-1,1.798584610E-1,4.497749458E-1
5.793879892E1,3.353075981E-1,-2.409376651E-1,1.583727449E-1,4.422262658E-1
5.794878092E1,3.071478605E-1,-2.641668022E-1,1.378232688E-1,4.279242468E-1
5.795876192E1,2.690413594E-1,-2.861248255E-1,1.157162860E-1,4.094397730E-1
5.796874392E1,2.205542326E-1,-2.920181453E-1,9.311803430E-2,3.776105600E-1
5.797872592E1,1.661562324E-1,-2.849562764E-1,7.140381634E-2,3.375003378E-1
5.798870792E1,1.108490303E-1,-2.668358684E-1,4.529551789E-2,2.924731990E-1
5.799868892E1,5.712655559E-2,-2.489069104E-1,1.642771810E-2,2.559061612E-1
5.800867092E1,-2.599891042E-3,-2.206334621E-1,-1.060070377E-2,2.209032796E-1
5.801865292E1,-5.553923547E-2,-1.876341999E-1,-3.155338764E-2,1.982090207E-1
5.802863492E1,-1.072743386E-1,-1.405942440E-1,-3.699688613E-2,1.806745548E-1
5.803861592E1,-1.461201608E-1,-8.986133337E-2,-3.740189224E-2,1.755706757E-1
5.804859792E1,-1.706332266E-1,-4.045649245E-2,-3.785835579E-2,1.794036814E-1
5.805857992E1,-1.807233989E-1,-6.057340652E-4,-4.015412927E-2,1.851314882E-1
5.806856192E1,-1.771638095E-1,2.888291702E-2,-4.340717942E-2,1.846765322E-1
5.807854292E1,-1.641889215E-1,4.795140028E-2,-4.703640938E-2,1.773971886E-1
5.808852492E1,-1.410012990E-1,6.290344894E-2,-4.717888683E-2,1.614436669E-1
5.809850692E1,-1.124885157E-1,6.770060956E-2,-4.859315604E-2,1.399940481E-1
5.810848892E1,-7.960300148E-2,5.741867796E-2,-4.997746646E-2,1.101421335E-1
5.811846992E1,-4.171580821E-2,3.497142345E-2,-5.117056519E-2,7.471034637E-2
5.812845192E1,-6.582321599E-3,1.123712398E-3,-5.149466917E-2,5.192581863E-2
5.813843392E1,3.258556500E-2,-3.603565693E-2,-5.288844183E-2,7.181625788E-2
5.814841492E1,7.673092932E-2,-7.165090740E-2,-5.371721461E-2,1.179280594E-1
5.815839692E1,1.233221516E-1,-1.057737023E-1,-5.982024595E-2,1.731325821E-1
5.816837892E1,1.749877483E-1,-1.369047314E-1,-7.002894580E-2,2.329542246E-1
5.817836092E1,2.190712392E-1,-1.593239903E-1,-8.318202943E-2,2.833647681E-1
5.818834292E1,2.596117556E-1,-1.730118394E-1,-9.425784647E-2,3.259078119E-1
5.819832392E1,2.950325906E-1,-1.794561595E-1,-1.069081277E-1,3.614942468E-1
5.820830592E1,3.215262294E-1,-1.896081269E-1,-1.255127043E-1,3.938068015E-1
5.821828792E1,3.331477642E-1,-2.061514556E-1,-1.469417661E-1,4.184229177E-1
5.822826892E1,3.247824907E-1,-2.207770050E-1,-1.737832427E-1,4.294493773E-1
5.823825092E1,2.995351851E-1,-2.275390327E-1,-1.887353510E-1,4.208519588E-1
5.824823292E1,2.663971782E-1,-2.283520997E-1,-2.002766877E-1,4.040085267E-1
5.825821492E1,2.312101871E-1,-2.228747606E-1,-2.066345960E-1,3.818758513E-1
5.826819592E1,1.925911605E-1,-2.133060247E-1,-2.256224006E-1,3.653714315E-1
5.827817792E1,1.526079774E-1,-2.111672163E-1,-2.503516972E-1,3.613263903E-1
5.828815992E1,1.006888598E-1,-1.970790923E-1,-2.880122662E-1,3.632209803E-1
5.829814192E1,4.232259840E-2,-1.854347140E-1,-3.285250068E-1,3.796128496E-1
5.830812292E1,-1.729919016E-2,-1.605733037E-1,-3.657903373E-1,3.998569978E-1
5.831810492E1,-8.180049807E-2,-1.289495826E-1,-3.945390582E-1,4.230607342E-1
5.832808692E1,-1.427000612E-1,-8.443059772E-2,-4.257952571E-1,4.569392019E-1
5.833806892E1,-2.066561431E-1,-3.276685253E-2,-4.494751394E-1,4.957906100E-1
5.834804992E1,-2.751078904E-1,1.309038326E-2,-4.699412584E-1,5.447022084E-1
5.835803192E1,-3.413696885E-1,6.108425558E-2,-4.844365716E-1,5.957712165E-1
5.836801392E1,-4.011382163E-1,8.967781812E-2,-4.964985549E-1,6.445655860E-1
5.837799592E1,-4.526956975E-1,1.209638119E-1,-5.101991296E-1,6.927256240E-1
5.838797692E1,-4.879868627E-1,1.404477656E-1,-5.143773556E-1,7.228006758E-1
5.839795892E1,-5.129126310E-1,1.621586680E-1,-5.128977895E-1,7.432623649E-1
5.840794092E1,-5.373982787E-1,1.920260191E-1,-5.068377852E-1,7.632531969E-1
5.841792292E1,-5.507795811E-1,2.214507312E-1,-4.912851453E-1,7.705580233E-1
5.842790392E1,-5.548409224E-1,2.623781860E-1,-4.760500193E-1,7.767331475E-1
5.843788592E1,-5.760061145E-1,3.487187028E-1,-4.541401863E-1,8.121767581E-1
5.844786792E1,-6.718447804E-1,5.095390081E-1,-4.311568439E-1,9.470489079E-1
5.845784992E1,-8.542047739E-1,7.701575160E-1,-3.958517909E-1,1.216349882E0
5.846783092E1,-1.128257513E0,1.121414661E0,-3.440655470E-1,1.627549372E0
5.847781292E1,-1.454250932E0,1.475229979E0,-2.867681682E-1,2.091264030E0
5.848779492E1,-1.754729509E0,1.780718446E0,-2.542414069E-1,2.512901217E0
5.849777692E1,-1.986056089E0,2.025722980E0,-2.502516210E-1,2.847911210E0
5.850775792E1,-2.146025658E0,2.167863607E0,-2.799157798E-1,3.063235477E0
5.851773992E1,-2.243807316E0,2.216038942E0,-3.372524977E-1,3.171630355E0
5.852772192E1,-2.296055079E0,2.219991207E0,-4.001808763E-1,3.218753581E0
5.853770392E1,-2.331652164E0,2.189735651E0,-4.704058468E-1,3.233083002E0
5.854768492E1,-2.333307028E0,2.109937906E0,-5.299661160E-1,3.190144783E0
5.855766692E1,-2.293980360E0,2.020365715E0,-5.701742172E-1,3.109553369E0
5.856764892E1,-2.253303051E0,1.927395582E0,-6.000056267E-1,3.025266124E0
5.857763092E1,-2.200463057E0,1.833614230E0,-6.315974593E-1,2.933103162E0
5.858761192E1,-2.140407085E0,1.745507836E0,-6.784262061E-1,2.844011641E0
5.859759392E1,-2.037297010E0,1.683318734E0,-7.658746839E-1,2.751491432E0
5.860757592E1,-1.899434328E0,1.584235311E0,-8.912408948E-1,2.629061167E0
5.861755792E1,-1.697636247E0,1.517574787E0,-1.052268386E0,2.508439917E0
5.862753892E1,-1.520282984E0,1.452492476E0,-1.226967573E0,2.434428920E0
5.863752092E1,-1.385170698E0,1.521822214E0,-1.289030194E0,2.428217362E0
5.864750292E1,-1.337123513E0,1.629026651E0,-1.350454211E0,2.503068856E0
5.865748392E1,-1.381959081E0,1.803691149E0,-1.501141667E0,2.723332328E0
5.866746592E1,-1.450341344E0,2.130838156E0,-1.725949168E0,3.102073789E0
5.867744792E1,-1.507694125E0,2.535833120E0,-1.995317221E0,3.561584198E0
5.868742992E1,-1.584045649E0,2.874225378E0,-2.233410358E0,3.969696962E0
5.869741092E1,-1.665519238E0,3.106363773E0,-2.420794010E0,4.275943622E0
5.870739292E1,-1.706551075E0,3.269937277E0,-2.521121740E0,4.467757961E0
5.871737492E1,-1.690512776E0,3.319870234E0,-2.526552200E0,4.501426200E0
5.872735692E1,-1.622061014E0,3.261291027E0,-2.480691195E0,4.406918413E0
5.873733792E1,-1.495476723E0,3.140018702E0,-2.436325788E0,4.246392754E0
5.874731992E1,-1.333355427E0,2.988080978E0,-2.410060406E0,4.063847412E0
5.875730192E1,-1.145862222E0,2.824033022E0,-2.369433641E0,3.860359895E0
5.876728392E1,-9.612830281E-1,2.634563923E0,-2.289450407E0,3.620300442E0
5.877726492E1,-8.055823445E-1,2.459758997E0,-2.187907696E0,3.389146990E0
5.878724692E1,-6.832055449E-1,2.286043644E0,-2.069303036E0,3.158287576E0
5.879722892E1,-5.825240612E-1,2.146779776E0,-1.940983772E0,2.952188289E0
5.880721092E1,-5.002430677E-1,2.011904955E0,-1.817383766E0,2.756970879E0
5.881719229E1,-4.316426218E-1,1.868628383E0,-1.690394998E0,2.556466826E0
5.882717429E1,-3.778414428E-1,1.733176589E0,-1.559610367E0,2.362001215E0
5.883715629E1,-3.418939710E-1,1.616109848E0,-1.441202641E0,2.192206099E0
5.884713829E1,-3.206576705E-1,1.504747629E0,-1.315431952E0,2.024215401E0
5.885711929E1,-3.147782981E-1,1.385374188E0,-1.198127866E0,1.858455650E0
5.886710129E1,-2.983947992E-1,1.264393449E0,-1.090602994E0,1.696214945E0
5.887708329E1,-2.600257695E-1,1.168211102E0,-9.962790012E-1,1.557209822E0
5.888706529E1,-1.966465265E-1,1.102996945E0,-9.004856348E-1,1.437409648E0
5.889704629E1,-1.164513379E-1,1.070752501E0,-7.776557207E-1,1.328465375E0
5.890702829E1,-3.905908018E-2,1.036726117E0,-6.502698064E-1,1.224409031E0
5.891701029E1,2.250386029E-2,9.834429026E-1,-5.331278443E-1,1.118879647E0
5.892699229E1,8.595713973E-2,9.377949834E-1,-4.466867447E-1,1.042294156E0
5.893697329E1,1.363693923E-1,8.883150816E-1,-3.945329189E-1,9.815072692E-1
5.894695529E1,1.753056049E-1,8.339040279E-1,-3.960477412E-1,9.396711107E-1
5.895693729E1,2.251558155E-1,8.034742475E-1,-4.224470854E-1,9.352687034E-1
5.896691929E1,2.849387228E-1,8.278826475E-1,-4.567062557E-1,9.875020799E-1
5.897690029E1,3.280255795E-1,9.031789303E-1,-4.696161449E-1,1.069519651E0
5.898688229E1,3.371735513E-1,1.041046381E0,-4.506107569E-1,1.183432983E0
5.899686429E1,3.182540536E-1,1.235568404E0,-3.898086846E-1,1.334116087E0
5.900684529E1,2.633836269E-1,1.417510748E0,-3.037776649E-1,1.473427475E0
5.901682729E1,2.117638439E-1,1.589349151E0,-2.426453829E-1,1.621650835E0
5.902680929E1,8.253501356E-2,1.920656443E0,-2.923410237E-1,1.944529885E0
5.903679129E1,7.153566927E-2,1.811244011E0,-3.114368916E-1,1.839215908E0
5.904677229E1,1.593028009E-1,1.662628889E0,-2.680800855E-1,1.691620270E0
5.905675429E1,2.024734318E-1,1.532103300E0,-3.195058703E-1,1.578106465E0
5.906673629E1,2.521733344E-1,1.387249470E0,-4.046777785E-1,1.466907150E0
5.907671829E1,3.264279664E-1,1.255118847E0,-4.280097187E-1,1.365675970E0
5.908669929E1,4.134009480E-1,1.130608439E0,-4.151365459E-1,1.273386877E0
5.909668129E1,4.912818968E-1,1.066761494E0,-3.934056759E-1,1.238590333E0
5.910666329E1,5.656954050E-1,1.021068573E0,-3.557451069E-1,1.220306069E0
5.911664529E1,6.437494159E-1,9.917176962E-1,-3.211202323E-1,1.225167541E0
5.912662629E1,7.223851085E-1,9.433400035E-1,-3.186629415E-1,1.230153111E0
5.913660829E1,7.892074585E-1,9.041473269E-1,-3.340688944E-1,1.245765960E0
5.914659029E1,8.293354511E-1,8.609718680E-1,-3.457889557E-1,1.244443590E0
5.915657229E1,8.440650105E-1,8.023668528E-1,-3.495318294E-1,1.215899177E0
5.916655329E1,8.561350107E-1,7.507480979E-1,-3.639512658E-1,1.195428955E0
5.917653529E1,8.941838145E-1,7.098771334E-1,-3.844148517E-1,1.204684613E0
5.918651729E1,9.522170424E-1,6.950635910E-1,-4.074027240E-1,1.247320196E0
5.919649929E1,9.911763668E-1,7.116135359E-1,-4.148772061E-1,1.288777526E0
5.920648029E1,9.960497022E-1,6.998365521E-1,-4.040796757E-1,1.282640477E0
5.921646229E1,9.798591733E-1,7.087626457E-1,-3.856392801E-1,1.269325073E0
5.922644429E1,9.429610372E-1,7.251352072E-1,-3.897573352E-1,1.251761705E0
5.923642629E1,9.227715731E-1,7.595770955E-1,-4.046682417E-1,1.261832448E0
5.924640729E1,9.126728773E-1,8.175442815E-1,-4.180362523E-1,1.294644639E0
5.925638929E1,8.927168250E-1,8.801873922E-1,-4.456416368E-1,1.330514804E0
5.926637129E1,8.770728707E-1,9.034271836E-1,-4.838827550E-1,1.348918091E0
5.927635329E1,9.024025202E-1,8.853113055E-1,-5.275449753E-1,1.369821199E0
5.928633429E1,9.344395399E-1,8.244295716E-1,-5.681855679E-1,1.369560591E0
5.929631629E1,9.727359414E-1,7.416478992E-1,-6.315540671E-1,1.376632615E0
5.930629829E1,1.040450692E0,6.457184553E-1,-6.942515373E-1,1.407648807E0
5.931628029E1,1.150133252E0,5.750477314E-1,-7.495256066E-1,1.488380001E0
5.932626129E1,1.301666021E0,5.210297704E-1,-8.010167480E-1,1.614755177E0
5.933624329E1,1.465219855E0,4.862153232E-1,-8.444038630E-1,1.759628497E0
5.934622529E1,1.594537973E0,4.692962468E-1,-8.662402034E-1,1.874343193E0
5.935620629E1,1.661506295E0,4.633875191E-1,-8.731518388E-1,1.933319760E0
5.936618829E1,1.692719817E0,5.174089074E-1,-9.030793905E-1,1.987099580E0
5.937617029E1,1.725753546E0,6.050503850E-1,-9.393890500E-1,2.055909302E0
5.938615229E1,1.742161036E0,6.711636186E-1,-9.499583244E-1,2.094756906E0
5.939613329E1,1.738030076E0,6.351280808E-1,-9.167269468E-1,2.065072522E0
5.940611529E1,1.723352313E0,5.397951603E-1,-8.881581426E-1,2.012497676E0
5.941609729E1,1.716464996E0,4.084182680E-1,-8.760732412E-1,1.969914183E0
5.942607929E1,1.714772582E0,3.054887056E-1,-8.909091949E-1,1.956396573E0
5.943606029E1,1.706349730E0,2.657109201E-1,-9.110984802E-1,1.952519433E0
5.944604229E1,1.674817920E0,2.740271688E-1,-9.228172302E-1,1.931760232E0
5.945602429E1,1.595524549E0,3.524554074E-1,-9.195839763E-1,1.874982158E0
5.946600629E1,1.476251602E0,4.467094541E-1,-9.083549976E-1,1.789965623E0
5.947598729E1,1.322028518E0,5.477478504E-1,-8.922923207E-1,1.686408223E0
5.948596929E1,1.131064415E0,6.235353351E-1,-8.845968246E-1,1.565443888E0
5.949595129E1,9.354608655E-1,7.035979629E-1,-8.812304735E-1,1.465163565E0
5.950593329E1,7.443958521E-1,8.309625983E-1,-8.763233423E-1,1.418649578E0
5.951591429E1,5.244514942E-1,9.324476123E-1,-8.713335991E-1,1.379757283E0
5.952589629E1,2.683685720E-1,1.018319607E0,-8.803545237E-1,1.372596299E0
5.953587829E1,6.724338513E-3,1.148170352E0,-9.356816411E-1,1.481161878E0
5.954586029E1,-2.682382464E-1,1.288273931E0,-1.061631083E0,1.690757828E0
5.955584129E1,-4.920273721E-1,1.562215209E0,-1.206284642E0,2.034141080E0
5.956582329E1,-7.048687935E-1,1.997731566E0,-1.231476545E0,2.450368525E0
5.957580529E1,-8.254187107E-1,2.147115707E0,-1.169692159E0,2.580620401E0
5.958578729E1,-9.072374105E-1,2.208568573E0,-1.092527628E0,2.625732560E0
5.959576829E1,-9.203540683E-1,2.270235062E0,-1.031136394E0,2.657867775E0
5.960575029E1,-8.525291681E-1,2.301483393E0,-9.985077977E-1,2.649650847E0
5.961573229E1,-7.318270802E-1,2.255822420E0,-9.196100831E-1,2.543617183E0
5.962571329E1,-5.843092799E-1,2.130345345E0,-8.118532896E-1,2.353485582E0
5.963569529E1,-4.116114676E-1,1.992359996E0,-7.178266048E-1,2.157358892E0
5.964567729E1,-2.157210559E-1,1.867753267E0,-6.533008814E-1,1.990437109E0
5.965565929E1,-1.355902757E-2,1.718716145E0,-5.953711867E-1,1.818965608E0
5.966564029E1,2.047778368E-1,1.571416497E0,-5.458998084E-1,1.676093783E0
5.967562229E1,4.041682780E-1,1.475148559E0,-4.869203568E-1,1.605150056E0
5.968560429E1,5.393745303E-1,1.348383665E0,-4.003939927E-1,1.506445731E0
5.969558629E1,6.454496384E-1,1.235315084E0,-3.087738752E-1,1.427567827E0
5.970556729E1,7.429969311E-1,1.145185709E0,-2.177536935E-1,1.382357196E0
5.971554929E1,8.384863734E-1,1.009921670E0,-1.232837737E-1,1.318408156E0
5.972553129E1,9.123816490E-1,8.448003531E-1,-4.837650806E-2,1.244374621E0
5.973551329E1,9.355750680E-1,6.128685474E-1,1.363692712E-2,1.118523370E0
5.974549429E1,9.279347658E-1,2.939782441E-1,6.306466460E-2,9.754297973E-1
5.975547629E1,9.349238276E-1,-1.762040518E-2,1.156813428E-1,9.422182418E-1
5.976545829E1,1.014916420E0,-1.834485233E-1,1.375719905E-1,1.040497358E0
5.977544029E1,1.177064300E0,-1.957371533E-1,1.193269417E-1,1.199179852E0
5.978542129E1,1.352247834E0,-1.191981658E-1,7.535981387E-2,1.359581373E0
5.979540329E1,1.428681135E0,-9.500706196E-2,4.833365977E-2,1.432652181E0
5.980538529E1,1.360990524E0,-1.105229035E-1,8.756574988E-2,1.368275659E0
5.981536696E1,1.165366411E0,-1.652697474E-1,1.797958165E-1,1.190680267E0
5.982534796E1,8.959082365E-1,-2.558254898E-1,2.536913455E-1,9.656384148E-1
5.983532996E1,6.461861730E-1,-2.767744660E-1,3.025126755E-1,7.652937959E-1
5.984531196E1,5.015805364E-1,-3.074532747E-1,3.334575295E-1,6.762429110E-1
5.985529296E1,4.685988128E-1,-3.743327558E-1,2.848935723E-1,6.639835894E-1
5.986527496E1,5.040015578E-1,-4.511756003E-1,1.771311760E-1,6.992513469E-1
5.987525696E1,5.305053592E-1,-5.126562715E-1,7.366111130E-2,7.414029593E-1
5.988523896E1,4.866960943E-1,-5.420820713E-1,-1.330946945E-2,7.286310467E-1
5.989521996E1,3.424445689E-1,-5.102631450E-1,-6.798882037E-2,6.182711699E-1
5.990520196E1,1.366125792E-1,-4.172721803E-1,-6.381911039E-2,4.436800064E-1
5.991518396E1,-7.167647034E-2,-2.532536983E-1,-2.170061879E-2,2.640944319E-1
5.992516596E1,-2.172099799E-1,-1.214676946E-1,2.884617820E-2,2.505327887E-1
5.993514696E1,-2.788408101E-1,2.962673455E-2,5.636295304E-2,2.860187463E-1
5.994512896E1,-2.734204829E-1,2.722772062E-1,8.683191240E-2,3.955166475E-1
5.995511096E1,-3.101507723E-1,6.739583015E-1,1.533265859E-1,7.575766204E-1
5.996509296E1,-3.995363116E-1,1.027581811E0,8.065104485E-2,1.105467428E0
5.997507396E1,-5.670035481E-1,1.330370545E0,-5.047871731E-3,1.446168833E0
5.998505596E1,-6.677080393E-1,1.079777718E0,1.843502820E-1,1.282863583E0
5.999503796E1,-6.677911282E-1,8.965016603E-1,3.304948509E-1,1.165713114E0
6.000501996E1,-6.036573648E-1,8.392633796E-1,3.614785969E-1,1.095185834E0
6.001500096E1,-5.081859827E-1,8.255030513E-1,3.943543136E-1,1.046529314E0
6.002498296E1,-4.594857991E-1,8.318935633E-1,4.023038745E-1,1.031999277E0
6.003496496E1,-4.939022064E-1,8.241763115E-1,3.911635280E-1,1.037407773E0
6.004494696E1,-5.596264005E-1,7.190464735E-1,3.746306300E-1,9.851688424E-1
6.005492796E1,-6.102582216E-1,6.596254110E-1,3.079859912E-1,9.499348139E-1
6.006490996E1,-6.078693867E-1,6.284014583E-1,2.095497102E-1,8.990576539E-1
6.007489196E1,-5.566953421E-1,6.171703935E-1,9.653341025E-2,8.367363371E-1
6.008487296E1,-5.219152570E-1,6.721598506E-1,2.462593094E-2,8.513523575E-1
6.009485496E1,-5.175346732E-1,7.555440068E-1,-1.816114224E-2,9.159796457E-1
6.010483696E1,-5.757558942E-1,8.327900767E-1,2.562388778E-2,1.012763914E0
6.011481896E1,-7.033916116E-1,9.242469668E-1,1.264421046E-1,1.168323509E0
6.012479996E1,-8.834990859E-1,9.049776793E-1,2.607679367E-1,1.291338512E0
6.013478196E1,-1.062060952E0,8.261622787E-1,2.597454190E-1,1.370396023E0
6.014476396E1,-1.103135347E0,7.408511043E-1,1.179579422E-1,1.334047237E0
6.015474596E1,-1.025378108E0,7.109346986E-1,-3.708869964E-2,1.248280410E0
6.016472696E1,-8.922701478E-1,7.030962110E-1,-1.491635740E-1,1.145748694E0
6.017470896E1,-7.772619128E-1,6.246751547E-1,-2.057118118E-1,1.018171145E0
6.018469096E1,-7.335565090E-1,6.031475067E-1,-1.907642782E-1,9.686501312E-1
6.019467296E1,-7.492514253E-1,5.823860765E-1,-7.429219782E-2,9.518773928E-1
6.020465396E1,-8.030656576E-1,5.578197241E-1,7.097418606E-2,9.803645394E-1
6.021463596E1,-8.903411627E-1,4.613413811E-1,1.808562130E-1,1.018946626E0
6.022461796E1,-1.005091786E0,4.177222848E-1,2.201122791E-1,1.110473242E0
6.023459996E1,-1.062417269E0,2.187202424E-1,1.682421565E-1,1.097667719E0
6.024458096E1,-1.059323668E0,5.049207434E-2,2.951462939E-2,1.060936943E0
6.025456296E1,-9.635288119E-1,-9.912956506E-3,-1.350072026E-1,9.729917692E-1
6.026454496E1,-8.317369819E-1,2.054508403E-2,-2.145971060E-1,8.592208246E-1
6.027452696E1,-7.417289615E-1,5.871646479E-2,-2.574727833E-1,7.873383705E-1
6.028450796E1,-7.183301449E-1,9.277323633E-2,-2.003320158E-1,7.514905102E-1
6.029448996E1,-7.505594492E-1,8.395362645E-2,-1.111880913E-1,7.633809598E-1
6.030447196E1,-8.072022200E-1,1.473925114E-1,-2.585082687E-2,8.209556879E-1
6.031445396E1,-8.288182020E-1,5.977373198E-2,9.017557651E-2,8.358493558E-1
6.032443496E1,-8.176619411E-1,1.250155829E-2,1.931949109E-1,8.402687739E-1
6.033441696E1,-8.000613451E-1,-1.164569631E-1,1.292054057E-1,8.187517432E-1
6.034439896E1,-7.161177397E-1,-3.426669240E-1,8.104612678E-2,7.980060855E-1
6.035437996E1,-5.909520388E-1,-4.287488163E-1,-1.602638215E-1,7.474853524E-1
6.036436196E1,-4.586078823E-1,-4.415474534E-1,-4.433269501E-1,7.757732452E-1
6.037434396E1,-4.016372859E-1,-4.289834499E-1,-6.633458734E-1,8.862093756E-1
6.038432596E1,-4.134390950E-1,-3.866964281E-1,-7.720569372E-1,9.573598733E-1
6.039430696E1,-5.408675075E-1,-2.826943994E-1,-9.101638794E-1,1.095833962E0
6.040428896E1,-6.937212348E-1,-3.749763966E-1,-9.661940932E-1,1.247151745E0
6.041427096E1,-7.963151336E-1,-5.817067027E-1,-6.972262263E-1,1.207735439E0
6.042425296E1,-7.943539619E-1,-6.757229567E-1,-2.396706939E-1,1.070066247E0
6.043423396E1,-6.736161113E-1,-6.277021170E-1,1.671706438E-1,9.357962584E-1
6.044421596E1,-4.272622466E-1,-4.549191594E-1,3.716588020E-1,7.263847012E-1
6.045419796E1,-1.103646606E-1,-2.673762143E-1,3.143209815E-1,4.271628234E-1
6.046417996E1,1.468804479E-1,-1.135975569E-1,4.702084512E-2,1.915443311E-1
6.047416096E1,2.912809849E-1,5.634252727E-2,-1.392416954E-1,3.277305940E-1
6.048414296E1,2.909771204E-1,1.967925876E-1,-1.560355872E-1,3.843723606E-1
6.049412496E1,1.497215778E-1,2.235847861E-1,-6.783621758E-2,2.775039816E-1
6.050410696E1,-5.391676351E-2,1.685867906E-1,2.093812451E-2,1.782327927E-1
6.051408796E1,-2.386221737E-1,1.138510928E-1,3.866665438E-2,2.672035240E-1
6.052406996E1,-3.400920928E-1,8.043667674E-2,5.854110233E-3,3.495239064E-1
6.053405196E1,-3.508234024E-1,3.580421582E-2,-4.006730765E-2,3.549146245E-1
6.054403396E1,-2.818451226E-1,2.354169264E-2,-6.967207789E-2,2.912817929E-1
6.055401496E1,-1.618787497E-1,3.643726557E-2,-9.175327420E-2,1.896076667E-1
6.056399696E1,-1.978126168E-2,9.167788178E-2,-9.522177279E-2,1.336537255E-1
6.057397896E1,8.024002612E-2,1.597828865E-1,-1.296771020E-1,2.208736820E-1
6.058395996E1,1.484640837E-1,1.848171353E-1,-9.664110839E-2,2.560048075E-1
6.059394196E1,1.497358680E-1,1.689324528E-1,-4.032284021E-2,2.293140537E-1
6.060392396E1,9.529818594E-2,1.494453102E-1,-1.041261014E-2,1.775501829E-1
6.061390596E1,2.455647290E-2,1.390563250E-1,-5.656735040E-3,1.413211963E-1
6.062388696E1,-5.639696494E-2,1.141855940E-1,-2.242559567E-2,1.293130886E-1
6.063386896E1,-1.220233515E-1,9.746120125E-2,-5.331540480E-2,1.650179277E-1
6.064385096E1,-1.754575372E-1,6.132316217E-2,-6.789807230E-2,1.978788159E-1
6.065383296E1,-2.386764437E-1,2.101700380E-2,-7.182364166E-2,2.501335538E-1
6.066381396E1,-2.616446018E-1,3.029971942E-2,-4.544157162E-2,2.672843188E-1
6.067379596E1,-2.412485182E-1,6.588995457E-2,-3.791134804E-2,2.529418984E-1
6.068377796E1,-1.761014611E-1,9.292316437E-2,-5.387939513E-2,2.062751276E-1
6.069375996E1,-8.594854176E-2,1.053683758E-1,-7.350456715E-2,1.545722091E-1
6.070374096E1,9.791835211E-3,1.226725355E-1,-9.706848115E-2,1.567377460E-1
6.071372296E1,7.356464863E-2,1.481285840E-1,-1.211040393E-1,2.049878612E-1
6.072370496E1,9.807026386E-2,1.385547966E-1,-1.049351916E-1,1.995660360E-1
6.073368696E1,9.257157147E-2,1.274451613E-1,-6.244232878E-2,1.694426434E-1
6.074366796E1,9.013291448E-2,1.269801855E-1,-2.456098981E-2,1.576424816E-1
6.075364996E1,7.874473929E-2,1.075002551E-1,-4.105245229E-3,1.333187603E-1
6.076363196E1,6.683535129E-2,1.323885620E-1,6.478955969E-3,1.484441726E-1
6.077361296E1,7.377992570E-2,1.809760630E-1,2.062400058E-2,1.965226761E-1
6.078359496E1,8.203226328E-2,2.162626833E-1,1.525853015E-2,2.318009127E-1
6.079357696E1,8.886092156E-2,2.182712406E-1,4.381448030E-3,2.357070108E-1
6.080355896E1,7.290645689E-2,2.154259235E-1,-2.221154608E-2,2.285104653E-1
6.081354054E1,5.559211969E-2,1.890443712E-1,-1.347498223E-2,1.975090712E-1
6.082352254E1,2.529040910E-2,1.604502797E-1,5.004691891E-3,1.625082890E-1
6.083350454E1,3.916326910E-3,1.366410851E-1,3.191553801E-2,1.403735208E-1
6.084348654E1,5.975216627E-3,1.305048913E-1,3.925281391E-2,1.364111918E-1
6.085346754E1,1.775568351E-2,1.355015337E-1,3.349272907E-2,1.407042744E-1
6.086344954E1,4.177606478E-2,1.414116174E-1,1.692706905E-2,1.484217329E-1
6.087343154E1,6.194349378E-2,1.377199292E-1,-5.224242806E-3,1.510995302E-1
6.088341354E1,7.868891954E-2,1.194554344E-1,-1.438525133E-2,1.437653725E-1
6.089339454E1,7.442461699E-2,1.275453269E-1,-4.612540454E-2,1.547074238E-1
6.090337654E1,4.564570636E-2,1.233428493E-1,-8.637056500E-2,1.573431393E-1
6.091335854E1,-4.967638291E-3,9.972143918E-2,-8.633007109E-2,1.319921363E-1
6.092334054E1,-6.817723066E-2,8.990316093E-2,-9.865970910E-2,1.498814576E-1
6.093332154E1,-1.015886515E-1,9.431067854E-2,-1.083443016E-1,1.759353458E-1
6.094330354E1,-1.119022742E-1,9.995844215E-2,-1.169870570E-1,1.902623994E-1
6.095328554E1,-1.098029241E-1,1.219976768E-1,-1.284696758E-1,2.084336174E-1
6.096326654E1,-1.054025814E-1,1.234360561E-1,-9.031430632E-2,1.857493958E-1
6.097324854E1,-8.635397255E-2,1.012692302E-1,-1.579120010E-2,1.340217429E-1
6.098323054E1,-4.510506988E-2,6.493252516E-2,1.201353129E-2,7.996890074E-2
6.099321254E1,3.003419377E-3,3.086616285E-2,1.527497172E-2,3.456971649E-2
6.100319354E1,3.441646695E-2,-3.788485192E-3,2.079916745E-2,4.039122658E-2
6.101317554E1,4.605480656E-2,-8.266970515E-2,7.168412209E-2,1.187178955E-1
6.102315754E1,3.220024332E-2,-1.415540576E-1,1.059800386E-1,1.797391874E-1
6.103313954E1,2.256350406E-2,-1.686857790E-1,1.802623421E-1,2.479082809E-1
6.104312054E1,3.196073323E-2,-1.586091816E-1,3.104176819E-1,3.500535648E-1
6.105310254E1,7.058643550E-2,-1.492902637E-1,3.850608170E-1,4.189771599E-1
6.106308454E1,1.217486933E-1,-1.420352906E-1,3.178756535E-1,3.688383104E-1
6.107306654E1,1.535278708E-1,-1.356599480E-1,2.074175179E-1,2.915415156E-1
6.108304754E1,1.298960447E-1,-1.489752084E-1,1.281756908E-1,2.355750472E-1
6.109302954E1,8.379868418E-2,-1.495419443E-1,9.816998988E-2,1.975407793E-1
6.110301154E1,9.921531193E-3,-1.264664531E-1,9.511800855E-2,1.585548362E-1
6.111299354E1,-5.428477004E-2,-7.738756388E-2,9.794189036E-2,1.361186438E-1
6.112297454E1,-8.726402372E-2,-2.963628806E-2,8.583116531E-2,1.259377161E-1
6.113295654E1,-1.136409491E-1,3.003609180E-2,4.842320830E-2,1.271268627E-1
6.114293854E1,-1.379028857E-1,7.045142353E-2,2.153540403E-2,1.563469942E-1
6.115291954E1,-1.608556211E-1,8.672465384E-2,1.807422377E-2,1.836365268E-1
6.116290154E1,-1.937824190E-1,8.780457079E-2,1.448960789E-2,2.132398117E-1
6.117288354E1,-2.113211602E-1,7.981721312E-2,-3.836602205E-3,2.259250756E-1
6.118286554E1,-2.140293270E-1,7.232467085E-2,-2.293652669E-2,2.270803715E-1
6.119284654E1,-2.060317397E-1,5.670205504E-2,-2.520580590E-2,2.151732638E-1
6.120282854E1,-1.896604896E-1,4.315721244E-2,-2.808521502E-2,1.965258904E-1
6.121281054E1,-1.621501595E-1,4.118807986E-2,-4.388488457E-2,1.729595769E-1
6.122279254E1,-1.392099559E-1,4.612451419E-2,-4.896912351E-2,1.546119585E-1
6.123277354E1,-1.175659373E-1,6.402866542E-2,-5.008485541E-2,1.429332444E-1
6.124275554E1,-9.461747855E-2,8.075837791E-2,-6.235190853E-2,1.391479189E-1
6.125273754E1,-7.115015388E-2,1.005749479E-1,-7.334797084E-2,1.433791804E-1
6.126271954E1,-4.793750495E-2,1.030575484E-1,-8.663234860E-2,1.429126533E-1
6.127270054E1,-3.421205282E-2,9.171037376E-2,-1.076032072E-1,1.454637667E-1
6.128268254E1,-1.773693599E-2,8.204309642E-2,-1.324667484E-1,1.568218989E-1
6.129266454E1,4.060551524E-3,8.495974541E-2,-1.590193957E-1,1.803380565E-1
6.130264554E1,3.368315846E-2,1.027408764E-1,-1.613275707E-1,1.942082076E-1
6.131262754E1,6.015441567E-2,1.287187338E-1,-1.529631019E-1,2.087696738E-1
6.132260954E1,1.011127681E-1,1.582199037E-1,-1.462045312E-1,2.379770887E-1
6.133259154E1,1.388300955E-1,1.848376542E-1,-1.525334567E-1,2.769570531E-1
6.134257254E1,1.829165965E-1,1.881226748E-1,-1.753937751E-1,3.156130517E-1
6.135255454E1,2.248672843E-1,1.794658005E-1,-1.966204345E-1,3.484721859E-1
6.136253654E1,2.526384592E-1,1.560728550E-1,-2.098643333E-1,3.636316344E-1
6.137251854E1,2.516566813E-1,1.259282678E-1,-2.204299718E-1,3.574610277E-1
6.138249954E1,2.658838332E-1,1.040346846E-1,-2.223921865E-1,3.619056686E-1
6.139248154E1,2.861948907E-1,9.793764353E-2,-2.101286501E-1,3.683114811E-1
6.140246354E1,2.986105382E-1,8.443249017E-2,-1.845990568E-1,3.610732761E-1
6.141244554E1,3.090724945E-1,7.582247257E-2,-1.650696993E-1,3.585008505E-1
6.142242654E1,3.242157698E-1,6.677464396E-2,-1.441889107E-1,3.610611588E-1
6.143240854E1,3.400801122E-1,4.680576921E-2,-1.175468490E-1,3.628533098E-1
6.144239054E1,3.562753499E-1,7.572743297E-2,-1.372694224E-1,3.892424223E-1
6.145237154E1,3.723175228E-1,2.062419802E-2,-7.438613474E-2,3.802354433E-1
6.146235354E1,3.724208474E-1,2.746532485E-2,-6.690558791E-2,3.793784250E-1
6.147233554E1,3.751762211E-1,8.796046488E-3,-2.852496691E-2,3.763618486E-1
6.148231754E1,3.402632475E-1,-1.753489301E-2,-3.219506890E-2,3.422324832E-1
6.149229854E1,3.151675165E-1,-4.875751585E-2,-4.012709484E-2,3.214312407E-1
6.150228054E1,2.816503048E-1,-7.553959638E-2,-8.614997566E-2,3.040640444E-1
6.151226254E1,2.400991172E-1,-8.858880401E-2,-1.514599472E-1,2.973813677E-1
6.152224454E1,1.969974488E-1,-1.039408669E-1,-2.122673690E-1,3.076834974E-1
6.153222554E1,1.342785954E-1,-1.116704643E-1,-2.466308624E-1,3.022049239E-1
6.154220754E1,7.202534378E-2,-1.147874221E-1,-2.733104229E-1,3.050612884E-1
6.155218954E1,5.814179778E-3,-1.058815494E-1,-2.725193202E-1,2.924234722E-1
6.156217154E1,-5.381186679E-2,-8.170111477E-2,-2.634480596E-1,2.810261007E-1
6.157215254E1,-1.068942025E-1,-4.811970517E-2,-2.407636046E-1,2.677853429E-1
6.158213454E1,-1.483449638E-1,-1.578834839E-3,-2.054735124E-1,2.534326051E-1
6.159211654E1,-1.914137155E-1,4.582546651E-2,-1.721239984E-1,2.614686495E-1
6.160209754E1,-2.295195609E-1,9.338073432E-2,-1.354559958E-1,2.823960290E-1
6.161207954E1,-2.622697055E-1,1.333915144E-1,-9.018412977E-2,3.077529396E-1
6.162206154E1,-2.744337022E-1,1.701559275E-1,-3.769669309E-2,3.250968121E-1
6.163204354E1,-2.596954405E-1,2.038864642E-1,2.558181435E-2,3.311583328E-1
6.164202454E1,-2.423188388E-1,2.276216149E-1,9.030488133E-2,3.445068807E-1
6.165200654E1,-2.296906114E-1,2.232580036E-1,1.479240954E-1,3.528221239E-1
6.166198854E1,-2.220505327E-1,2.148756981E-1,1.912529320E-1,3.633946734E-1
6.167197054E1,-2.163337171E-1,2.068782300E-1,2.193219811E-1,3.710808680E-1
6.168195154E1,-2.034498751E-1,1.912007332E-1,2.336364686E-1,3.640543525E-1
6.169193354E1,-1.934006810E-1,1.747858226E-1,2.457265556E-1,3.582393716E-1
6.170191554E1,-1.921231598E-1,1.616343260E-1,2.528979182E-1,3.563626256E-1
6.171189754E1,-1.994408071E-1,1.401170641E-1,2.587547600E-1,3.554763748E-1
6.172187854E1,-2.111808062E-1,1.240701973E-1,2.661985755E-1,3.617353015E-1
6.173186054E1,-2.157606632E-1,1.195792854E-1,2.614089847E-1,3.594252725E-1
6.174184254E1,-2.247373760E-1,1.184826046E-1,2.584217191E-1,3.623903981E-1
6.175182354E1,-2.418374717E-1,1.245071813E-1,2.539968789E-1,3.721583204E-1
6.176180554E1,-2.660884559E-1,1.307238042E-1,2.393931597E-1,3.810523118E-1
6.177178754E1,-2.933771312E-1,1.417383850E-1,2.188256383E-1,3.924851218E-1
6.178176954E1,-3.087827265E-1,1.581722200E-1,1.900384575E-1,3.955753262E-1
6.179175054E1,-3.196392059E-1,1.845287383E-1,1.623661667E-1,4.032156362E-1
6.180173254E1,-3.360645175E-1,1.944918931E-1,1.320069283E-1,4.101125279E-1
6.181171454E1,-3.589008749E-1,2.043884397E-1,1.107813939E-1,4.276178077E-1
6.182169667E1,-3.904595971E-1,2.031112015E-1,9.451400489E-2,4.501619201E-1
6.183167767E1,-4.185805321E-1,2.081986666E-1,8.063462377E-2,4.744030872E-1
6.184165967E1,-4.314148426E-1,2.420234680E-1,7.757198811E-2,5.007110333E-1
6.185164167E1,-4.421706796E-1,2.719693780E-1,7.632827759E-2,5.246982546E-1
6.186162367E1,-4.693245590E-1,2.923971415E-1,7.101127505E-2,5.574981894E-1
6.187160467E1,-5.188177824E-1,2.904511690E-1,5.116812885E-2,5.967846767E-1
6.188158667E1,-5.719161630E-1,2.802880108E-1,2.356340177E-2,6.373419023E-1
6.189156867E1,-6.091049314E-1,2.754969895E-1,-4.383613355E-3,6.685257098E-1
6.190154967E1,-6.257262230E-1,2.815937400E-1,-1.487087645E-2,6.863304477E-1
6.191153167E1,-6.255970597E-1,2.828414440E-1,-1.735666953E-2,6.867839672E-1
6.192151367E1,-6.108149290E-1,2.768985927E-1,-1.396460272E-2,6.707926045E-1
6.193149567E1,-5.837497115E-1,2.648898959E-1,4.689113237E-3,6.410556687E-1
6.194147667E1,-5.360993743E-1,2.519413233E-1,2.773477696E-2,5.929976285E-1
6.195145867E1,-4.798782468E-1,2.415105104E-1,5.527032912E-2,5.400604296E-1
6.196144067E1,-4.270296693E-1,2.271920294E-1,8.432168514E-2,4.909996978E-1
6.197142267E1,-3.899856508E-1,2.036739439E-1,1.035396606E-1,4.519871066E-1
6.198140367E1,-3.667016327E-1,1.592697203E-1,1.091261730E-1,4.144218296E-1
6.199138567E1,-3.472357094E-1,1.034306586E-1,1.037888601E-1,3.768854820E-1
6.200136767E1,-3.309693933E-1,4.393536970E-2,8.669376373E-2,3.449447270E-1
6.201134967E1,-3.178975582E-1,-6.957338192E-3,7.573533058E-2,3.268686317E-1
6.202133067E1,-3.080340028E-1,-4.972104728E-2,6.463660300E-2,3.186456023E-1
6.203131267E1,-3.013474643E-1,-7.194352150E-2,6.437700987E-2,3.164341384E-1
6.204129467E1,-2.921592891E-1,-7.429242879E-2,6.490431726E-2,3.083650201E-1
6.205127567E1,-3.003794849E-1,-7.744108140E-2,4.731001332E-2,3.137884533E-1
6.206125767E1,-3.232981265E-1,-8.387128264E-2,2.508673258E-2,3.349409124E-1
6.207123967E1,-3.542627990E-1,-9.207435697E-2,1.105153933E-2,3.661993371E-1
6.208122167E1,-3.865376711E-1,-1.013991535E-1,3.051403910E-3,3.996279151E-1
6.209120267E1,-4.168283343E-1,-9.934265167E-2,-1.136182249E-2,4.286536058E-1
6.210118467E1,-4.298717082E-1,-9.532687068E-2,-3.169718757E-2,4.414539721E-1
6.211116667E1,-4.248534441E-1,-8.195729554E-2,-4.589756951E-2,4.351138175E-1
6.212114867E1,-4.001510143E-1,-5.234774575E-2,-4.651462287E-2,4.062323607E-1
6.213112967E1,-3.576238751E-1,-1.053581666E-2,-3.422426060E-2,3.594122139E-1
6.214111167E1,-2.966875434E-1,2.691009082E-2,-2.181898989E-2,2.987033976E-1
6.215109367E1,-2.401384264E-1,6.219750643E-2,-1.658414863E-2,2.486162256E-1
6.216107467E1,-1.885737777E-1,9.097269177E-2,-1.145782974E-2,2.096840054E-1
6.217105667E1,-1.245122775E-1,1.244017631E-1,-8.897000924E-3,1.762335455E-1
6.218103867E1,-3.155649826E-2,1.407493055E-1,3.889368614E-3,1.442959000E-1
6.219102067E1,7.982024550E-2,1.395649761E-1,2.815435454E-2,1.632247586E-1
6.220100167E1,1.802957207E-1,1.295858473E-1,4.645000771E-2,2.268405650E-1
6.221098367E1,2.800144553E-1,1.123386994E-1,4.802327231E-2,3.055066501E-1
6.222096567E1,3.711070716E-1,9.659568965E-2,4.045590013E-2,3.856006558E-1
6.223094767E1,4.589230716E-1,8.833562583E-2,4.094132408E-2,4.691372512E-1
6.224092867E1,5.480002165E-1,9.038413316E-2,3.857191280E-2,5.567417007E-1
6.225091067E1,6.415340900E-1,1.099706069E-1,3.274231777E-2,6.517143411E-1
6.226089267E1,7.312120795E-1,1.543023884E-1,4.204713553E-2,7.484973573E-1
6.227087467E1,7.822187543E-1,2.030531764E-1,7.115104049E-2,8.112701416E-1
6.228085567E1,7.927119136E-1,2.489019036E-1,9.072154760E-2,8.358078336E-1
6.229083767E1,7.797201872E-1,2.840026021E-1,9.859083593E-2,8.356681167E-1
6.230081967E1,7.574849725E-1,3.193288743E-1,8.196419477E-2,8.261189640E-1
6.231080067E1,7.241634727E-1,3.469453454E-1,4.070623219E-2,8.040154259E-1
6.232078267E1,6.588401198E-1,3.678026795E-1,-4.001315683E-3,7.545628702E-1
6.233076467E1,5.667195320E-1,3.686748743E-1,-5.044977367E-2,6.779656116E-1
6.234074667E1,4.291385412E-1,3.290305138E-1,-1.225259677E-1,5.544669326E-1
6.235072767E1,2.511745095E-1,2.456022203E-1,-2.130532563E-1,4.108537147E-1
6.236070967E1,4.394542053E-2,1.631611437E-1,-3.046590686E-1,3.483818406E-1
6.237069167E1,-1.259882152E-1,1.540472507E-1,-3.749789596E-1,4.245147888E-1
6.238067367E1,-2.380239367E-1,2.289649099E-1,-3.817934692E-1,5.048233132E-1
6.239065467E1,-3.033685982E-1,3.633602560E-1,-3.019731939E-1,5.614721648E-1
6.240063667E1,-3.000156879E-1,5.341207981E-1,-1.477008313E-1,6.301666252E-1
6.241061867E1,-2.084908783E-1,7.046180367E-1,5.184637755E-2,7.366431096E-1
6.242060067E1,-2.600415796E-2,8.560272455E-1,2.604808211E-1,8.951587119E-1
6.243058167E1,2.126375288E-1,9.333142638E-1,4.363176525E-1,1.051980669E0
6.244056367E1,4.264845550E-1,8.937743306E-1,5.572680235E-1,1.136340301E0
6.245054567E1,6.016596556E-1,7.779339552E-1,6.395511627E-1,1.173116051E0
6.246052667E1,7.156589031E-1,6.417079568E-1,6.913475394E-1,1.184026261E0
6.247050867E1,7.606666684E-1,5.115481019E-1,7.215370536E-1,1.166580885E0
6.248049067E1,7.539935708E-1,4.396286607E-1,7.265552282E-1,1.135632935E0
6.249047267E1,6.998640299E-1,4.348416626E-1,7.054462433E-1,1.084689510E0
6.250045367E1,6.055255532E-1,5.301529765E-1,6.639813781E-1,1.043357391E0
6.251043567E1,4.607107341E-1,7.006759644E-1,6.128061414E-1,1.038620506E0
6.252041767E1,2.943883538E-1,8.961405754E-1,5.675998330E-1,1.100864208E0
6.253039967E1,1.404018104E-1,1.082877398E0,5.252028108E-1,1.211682351E0
6.254038067E1,3.789913282E-2,1.242022872E0,4.925998747E-1,1.336679391E0
6.255036267E1,3.901882470E-2,1.351879120E0,4.839009047E-1,1.436405134E0
6.256034467E1,1.717446446E-1,1.410141826E0,5.193046927E-1,1.512505721E0
6.257032667E1,3.853321970E-1,1.409611106E0,5.833832622E-1,1.573473992E0
6.258030767E1,6.238406897E-1,1.339702845E0,6.580010653E-1,1.617697846E0
6.259028967E1,8.268699050E-1,1.220451832E0,7.085949183E-1,1.635641547E0
6.260027167E1,9.787214398E-1,1.033205509E0,7.154118419E-1,1.592866405E0
6.261025267E1,1.111105680E0,8.016736507E-1,7.093712091E-1,1.542868753E0
6.262023467E1,1.186133027E0,5.746644735E-1,7.442319393E-1,1.513615537E0
6.263021667E1,1.176524043E0,4.002687633E-1,8.156023622E-1,1.486482802E0
6.264019867E1,1.066934466E0,3.186862767E-1,8.661760688E-1,1.410734235E0
6.265017967E1,9.188787937E-1,3.112967908E-1,8.492503762E-1,1.289368113E0
6.266016167E1,7.526773214E-1,3.118645847E-1,7.688543797E-1,1.120231997E0
6.267014367E1,5.884424448E-1,2.757398784E-1,6.364511847E-1,9.095972196E-1
6.268012567E1,4.356244206E-1,2.203967422E-1,4.760564566E-1,6.818893676E-1
6.269010667E1,3.018356264E-1,1.692339629E-1,2.998440862E-1,4.578770092E-1
6.270008867E1,1.680421233E-1,8.465251327E-2,1.921279877E-1,2.689188853E-1
6.271007067E1,6.934665143E-2,9.475411847E-3,6.490984559E-2,9.545695129E-2
6.272005167E1,7.635348476E-3,-6.218253076E-2,-8.248520643E-2,1.035797999E-1
6.273003367E1,-2.383278683E-2,-1.403524280E-1,-2.484365702E-1,2.863346559E-1
6.274001567E1,-2.136243880E-2,-2.156708837E-1,-4.075188935E-1,4.615646568E-1
6.274999767E1,6.147540174E-3,-2.819803953E-1,-5.392429233E-1,6.085504629E-1
6.275997867E1,5.082126707E-2,-3.366553485E-1,-6.394019723E-1,7.243994113E-1
6.276996067E1,1.125906259E-1,-3.917950392E-1,-6.966649890E-1,8.071691946E-1
6.277994267E1,1.924681515E-1,-4.304039478E-1,-7.102471590E-1,8.524919791E-1
6.278992467E1,2.956213057E-1,-4.641619027E-1,-6.922245026E-1,8.843149836E-1
6.279990567E1,4.079441428E-1,-4.947051704E-1,-6.295520663E-1,8.986030456E-1
6.280988767E1,5.289971828E-1,-4.881623089E-1,-5.539510250E-1,9.082963159E-1
6.281986908E1,6.301677227E-1,-4.838959277E-1,-4.645662606E-1,9.203740750E-1
6.282985108E1,7.003468871E-1,-4.886867106E-1,-3.677829206E-1,9.298197353E-1
6.283983208E1,7.289736867E-1,-4.823158979E-1,-2.599534094E-1,9.119249072E-1
6.284981408E1,7.317939997E-1,-4.453682303E-1,-1.492716223E-1,8.695730767E-1
6.285979608E1,7.206342816E-1,-3.897923231E-1,-5.167635530E-2,8.209276879E-1
6.286977708E1,6.802662015E-1,-3.127878308E-1,2.147628553E-2,7.490390930E-1
6.287975908E1,6.035067439E-1,-2.207282037E-1,7.699973136E-2,6.472018916E-1
6.288974108E1,4.837961793E-1,-1.483616084E-1,1.567033529E-1,5.297413055E-1
6.289972308E1,3.495145440E-1,-7.630924881E-2,2.373289466E-1,4.293117129E-1
6.290970408E1,2.047165781E-1,-3.918398172E-2,3.087279797E-1,3.725013117E-1
6.291968608E1,5.683390051E-2,1.152606960E-2,3.611472547E-1,3.657735394E-1
6.292966808E1,-7.452597469E-2,9.025120735E-2,4.053637683E-1,4.219231992E-1
6.293965008E1,-1.973056942E-1,1.777965128E-1,4.450312853E-1,5.182605347E-1
6.294963108E1,-3.091435432E-1,2.822169363E-1,4.722047746E-1,6.310257353E-1
6.295961308E1,-4.041052163E-1,3.807581663E-1,4.923588037E-1,7.420882688E-1
6.296959508E1,-4.848876595E-1,4.476552010E-1,4.938574731E-1,8.242611389E-1
6.297957708E1,-5.602644086E-1,4.543242753E-1,4.874504209E-1,8.705829469E-1
6.298955808E1,-6.231547594E-1,4.077668786E-1,4.770839512E-1,8.844234156E-1
6.299954008E1,-6.726192236E-1,3.416539133E-1,4.651612639E-1,8.862951077E-1
6.300952208E1,-7.054768205E-1,2.802912295E-1,4.367431998E-1,8.757884106E-1
6.301950308E1,-7.067519426E-1,2.273821980E-1,4.008174241E-1,8.437153429E-1
6.302948508E1,-6.763696671E-1,1.978594959E-1,3.695836067E-1,7.957489233E-1
6.303946708E1,-6.102321744E-1,1.866462529E-1,3.440007269E-1,7.249528471E-1
6.304944908E1,-5.293349624E-1,1.944197416E-1,3.232414424E-1,6.499842832E-1
6.305943008E1,-4.371962547E-1,1.982869208E-1,3.024088740E-1,5.673705978E-1
6.306941208E1,-3.341407478E-1,1.779033393E-1,2.822861075E-1,4.722129646E-1
6.307939408E1,-2.631890774E-1,2.009103894E-1,2.691559196E-1,4.267064378E-1
6.308937608E1,-1.835242361E-1,2.052212358E-1,2.570304871E-1,3.766451541E-1
6.309935708E1,-1.184384450E-1,1.966778189E-1,2.474175394E-1,3.375281744E-1
6.310933908E1,-7.011424005E-2,1.820754409E-1,2.443422526E-1,3.126829213E-1
6.311932108E1,-3.351095319E-2,1.563684791E-1,2.439582199E-1,2.917013855E-1
6.312930208E1,-1.161847636E-2,1.276944876E-1,2.433581501E-1,2.750710097E-1
6.313928408E1,8.231926709E-3,1.038522720E-1,2.340070009E-1,2.561490494E-1
6.314926608E1,2.509748563E-2,9.173195064E-2,2.223393470E-1,2.418251843E-1
6.315924808E1,3.053646162E-2,7.696418464E-2,2.089625597E-1,2.247694654E-1
6.316922908E1,2.842713892E-2,6.426334381E-2,1.887529641E-1,2.014089399E-1
6.317921108E1,2.088586614E-2,4.945749417E-2,1.715132594E-1,1.797193960E-1
6.318919308E1,1.316009276E-2,4.397694394E-2,1.488631964E-1,1.557800079E-1
6.319917508E1,3.262453945E-3,4.344244674E-2,1.269818693E-1,1.342471040E-1
6.320915608E1,-1.984141301E-3,4.889527708E-2,1.048914865E-1,1.157450166E-1
6.321913808E1,-1.621500775E-2,5.629540235E-2,7.713042200E-2,9.685659915E-2
6.322912008E1,-3.402129561E-2,5.390415341E-2,5.250184610E-2,8.258056765E-2
6.323910108E1,-6.411501765E-2,4.106399417E-2,2.762099728E-2,8.099325031E-2
6.324908308E1,-9.945251048E-2,1.366431452E-2,-6.957622711E-3,1.006276495E-1
6.325906508E1,-1.384302676E-1,-1.029481459E-2,-4.422376677E-2,1.456868688E-1
6.326904708E1,-1.759350002E-1,-2.760190144E-2,-7.763598859E-2,1.942738685E-1
6.327902808E1,-2.076050341E-1,-4.438700527E-2,-1.145742983E-1,2.412412200E-1
6.328901008E1,-2.348132581E-1,-4.902169108E-2,-1.463694423E-1,2.810060604E-1
6.329899208E1,-2.629421055E-1,-5.060600489E-2,-1.742300987E-1,3.194614936E-1
6.330897408E1,-2.879650891E-1,-4.759185761E-2,-1.992281228E-1,3.533846663E-1
6.331895508E1,-3.067523539E-1,-5.190031976E-2,-2.166025937E-1,3.790875010E-1
6.332893708E1,-3.228759766E-1,-5.469530448E-2,-2.238504589E-1,3.966730398E-1
6.333891908E1,-3.261828423E-1,-5.610677972E-2,-2.327211797E-1,4.046014889E-1
6.334890108E1,-3.201276958E-1,-5.047418922E-2,-2.389291376E-1,4.026369558E-1
6.335888208E1,-3.078561127E-1,-5.115968734E-2,-2.325444818E-1,3.891910016E-1
6.336886408E1,-2.860380411E-1,-4.722537845E-2,-2.167797536E-1,3.619964902E-1
6.337884608E1,-2.674659491E-1,-4.588154703E-2,-1.971005946E-1,3.353979646E-1
6.338882708E1,-2.582854927E-1,-4.287724942E-2,-1.787464768E-1,3.170175976E-1
6.339880908E1,-2.443377376E-1,-6.383073330E-2,-1.640959084E-1,3.011689886E-1
6.340879108E1,-2.513420284E-1,-4.469832405E-2,-1.512351036E-1,2.967200903E-1
6.341877308E1,-2.543660402E-1,-3.385100141E-2,-1.438208669E-1,2.941639245E-1
6.342875408E1,-2.449790835E-1,-2.073572390E-2,-1.306149811E-1,2.783971891E-1
6.343873608E1,-2.444685549E-1,7.053855807E-4,-1.272500753E-1,2.756047052E-1
6.344871808E1,-2.479919642E-1,8.739865385E-3,-1.282750666E-1,2.793401015E-1
6.345870008E1,-2.591719329E-1,7.597901858E-3,-1.298695058E-1,2.899894954E-1
6.346868108E1,-2.583949268E-1,3.650039434E-3,-1.353225112E-1,2.917078042E-1
6.347866308E1,-2.527729869E-1,1.982900314E-3,-1.333999783E-1,2.858210437E-1
6.348864508E1,-2.348089963E-1,2.288901247E-3,-1.214494482E-1,2.643680621E-1
6.349862608E1,-2.033402920E-1,-3.199316561E-4,-9.758805484E-2,2.255455722E-1
6.350860808E1,-1.691950113E-1,-9.296373464E-3,-6.698193401E-2,1.822085450E-1
6.351859008E1,-1.298595816E-1,-2.242309414E-2,-3.094510734E-2,1.353658219E-1
6.352857208E1,-8.203035593E-2,-4.272543266E-2,5.127010401E-3,9.263221970E-2
6.353855308E1,-2.917619422E-2,-4.850635678E-2,3.702528775E-2,6.763866416E-2
6.354853508E1,1.982765086E-2,-5.977978557E-2,6.348872185E-2,8.942916920E-2
6.355851708E1,7.342749834E-2,-5.918670073E-2,9.225512296E-2,1.319305528E-1
6.356849908E1,1.292707026E-1,-5.218284950E-2,1.115727574E-1,1.785565583E-1
6.357848008E1,1.794108301E-1,-4.278375581E-2,1.188109666E-1,2.193963115E-1
6.358846208E1,2.204769850E-1,-5.011599511E-2,1.169397607E-1,2.545518052E-1
6.359844408E1,2.430102527E-1,-7.709674537E-2,1.092181876E-1,2.773562755E-1
6.360842608E1,2.522643507E-1,-1.173679978E-1,8.936785161E-2,2.922313508E-1
6.361840708E1,2.451036274E-1,-1.616017669E-1,6.960745901E-2,3.017219210E-1
6.362838908E1,2.266881019E-1,-2.017292082E-1,3.995282948E-2,3.060692692E-1
6.363837108E1,2.120857239E-1,-2.867088318E-1,3.076832509E-4,3.566264196E-1
6.364835208E1,1.915283054E-1,-3.491714001E-1,-3.176296502E-2,3.995155120E-1
6.365833408E1,1.196005866E-1,-3.307308555E-1,-6.447163969E-2,3.575525016E-1
6.366831608E1,7.004421949E-2,-3.100543320E-1,-1.108647063E-1,3.366464980E-1
6.367829808E1,9.094580077E-3,-2.438817173E-1,-1.586562097E-1,2.910889835E-1
6.368827908E1,-4.530278593E-2,-1.674668640E-1,-2.063367069E-1,2.695780584E-1
6.369826108E1,-8.927876502E-2,-1.031728312E-1,-2.461680174E-1,2.814498601E-1
6.370824308E1,-1.170480847E-1,-7.194165140E-2,-2.675196826E-1,3.007368217E-1
6.371822508E1,-1.490553021E-1,-5.888843164E-2,-2.805345654E-1,3.230866337E-1
6.372820608E1,-1.725935042E-1,-4.953353852E-2,-2.867396772E-1,3.383219349E-1
6.373818808E1,-1.808157563E-1,-4.643202201E-2,-2.827326655E-1,3.388038231E-1
6.374817008E1,-1.767964363E-1,-4.027694091E-2,-2.725543380E-1,3.273607781E-1
6.375815208E1,-1.574749351E-1,-3.805666417E-2,-2.485241145E-1,2.966663114E-1
6.376813308E1,-1.345262229E-1,-3.359987587E-2,-2.212153971E-1,2.610795056E-1
6.377811508E1,-1.036191732E-1,-3.359881043E-2,-1.924207658E-1,2.211143691E-1
6.378809708E1,-7.180493325E-2,-3.678446263E-2,-1.614320725E-1,1.804698290E-1
6.379807808E1,-3.624667600E-2,-3.856425360E-2,-1.248812601E-1,1.356331534E-1
6.380806008E1,-5.049131345E-3,-3.743907809E-2,-9.126597643E-2,9.877579030E-2
6.381804167E1,2.120031603E-2,-3.923138604E-2,-5.545258895E-2,7.115858817E-2
6.382802367E1,4.021332413E-2,-4.305729270E-2,-3.036853857E-2,6.628189819E-2
6.383800467E1,5.858833343E-2,-4.120133445E-2,-5.656536669E-3,7.184802837E-2
6.384798667E1,6.714854389E-2,-3.723001480E-2,1.273885276E-2,7.782852510E-2
6.385796867E1,7.375665009E-2,-2.774889581E-2,2.395342290E-2,8.236389452E-2
6.386794967E1,7.782728970E-2,-1.909814961E-2,3.276821971E-2,8.657703254E-2
6.387793167E1,7.305517048E-2,-1.475080568E-2,4.096729308E-2,8.504683007E-2
6.388791367E1,6.319390982E-2,-8.912871592E-3,4.342666268E-2,7.719316389E-2
6.389789567E1,4.755076393E-2,-8.726982400E-3,4.425597191E-2,6.554255428E-2
6.390787667E1,3.212562576E-2,-7.476117928E-3,3.905814141E-2,5.112227088E-2
6.391785867E1,2.268711664E-2,-4.234784748E-3,3.726902977E-2,4.383627770E-2
6.392784067E1,7.943799719E-3,-3.695505206E-3,3.819720447E-2,3.918912020E-2
6.393782267E1,4.388479982E-3,-5.168499425E-3,4.225799069E-2,4.279848035E-2
6.394780367E1,4.425866064E-4,-6.288869306E-3,4.230739921E-2,4.277454603E-2
6.395778567E1,-1.973699313E-3,-5.673146341E-3,4.205599800E-2,4.248278529E-2
6.396776767E1,-6.800188217E-3,-6.589272060E-3,4.325914383E-2,4.428334440E-2
6.397774867E1,-1.373079792E-2,-1.483308710E-2,4.333131760E-2,4.781378849E-2
6.398773067E1,-1.267226227E-2,-2.293897420E-2,4.871349409E-2,5.531534394E-2
6.399771267E1,-1.457003132E-2,-1.880255342E-2,5.460973084E-2,5.956546424E-2
6.400769467E1,-2.106775157E-2,-1.682516187E-2,6.174560636E-2,6.737548615E-2
6.401767567E1,-3.563178331E-2,-2.749138884E-2,5.690477788E-2,7.255035622E-2
6.402765767E1,-4.428315908E-2,-2.908818796E-2,4.416029528E-2,6.897283912E-2
6.403763967E1,-5.059458315E-2,-2.412085980E-2,3.544083983E-2,6.631501225E-2
6.404762167E1,-4.759274051E-2,-1.412923541E-2,2.881135978E-2,5.740033706E-2
6.405760267E1,-4.829155281E-2,-6.423911545E-3,2.121016569E-2,5.313390482E-2
6.406758467E1,-3.942857683E-2,-4.395635426E-2,1.335737202E-2,6.054083860E-2
6.407756667E1,-5.361816660E-2,-3.638019785E-2,1.155228168E-2,6.581703273E-2
6.408754867E1,-5.323803797E-2,-3.537777439E-2,2.276760992E-3,6.396138873E-2
6.409752967E1,-4.715937376E-2,-2.778350562E-2,-1.990422141E-3,5.477126526E-2
6.410751167E1,-4.073243961E-2,-2.133011632E-2,-5.903665442E-3,4.635686318E-2
6.411749367E1,-3.150485083E-2,-9.144023061E-3,-3.159278072E-3,3.295678719E-2
6.412747467E1,-2.809074521E-2,-2.673896495E-3,3.134101862E-4,2.821945986E-2
6.413745667E1,-1.955211908E-2,1.871853136E-3,4.960626364E-3,2.025825778E-2
6.414743867E1,-1.540282834E-2,3.255893476E-3,9.518492036E-3,1.839700122E-2
6.415742067E1,-1.574957184E-2,2.973992378E-5,1.500673406E-2,2.175435508E-2
6.416740167E1,-1.152857579E-2,-9.401645511E-4,2.098893188E-2,2.396512530E-2
6.417738367E1,-8.648900315E-3,-4.460064229E-3,3.059868328E-2,3.210880048E-2
6.418736567E1,-5.773146637E-3,1.490516588E-4,3.392576799E-2,3.441379334E-2
6.419734767E1,-2.951261355E-3,5.581900477E-3,4.032667354E-2,4.081798813E-2
6.420732867E1,-4.729240201E-3,6.237343885E-3,4.340583459E-2,4.410597066E-2
6.421731067E1,-4.387822933E-3,1.028534863E-2,4.757554457E-2,4.887201477E-2
6.422729267E1,-1.050584950E-2,1.379056089E-2,5.159930140E-2,5.443381622E-2
6.423727467E1,-1.710809208E-2,1.195724122E-2,5.799701437E-2,6.163859269E-2
6.424725567E1,-2.644715458E-2,1.325258333E-2,5.854355544E-2,6.559291756E-2
6.425723767E1,-3.150982410E-2,1.723960042E-2,6.009351462E-2,7.000930893E-2
6.426721967E1,-3.529446572E-2,2.425118722E-2,6.011329219E-2,7.380668865E-2
6.427720067E1,-4.751464725E-2,2.549807914E-2,5.665011704E-2,7.821144100E-2
6.428718267E1,-6.189420447E-2,2.449061163E-2,5.392717198E-2,8.566692758E-2
6.429716467E1,-6.685940921E-2,3.032639436E-2,5.569231510E-2,9.214936113E-2
6.430714667E1,-7.498867065E-2,4.735303298E-2,5.902678892E-2,1.065353100E-1
6.431712767E1,-9.034419060E-2,5.543386191E-2,5.834794790E-2,1.209936727E-1
6.432710967E1,-1.102190465E-1,5.359469354E-2,5.844135955E-2,1.357793132E-1
6.433709167E1,-1.257852167E-1,4.551999271E-2,5.812231451E-2,1.458499020E-1
6.434707367E1,-1.331492215E-1,4.738793522E-2,5.200117454E-2,1.505936710E-1
6.435705467E1,-1.394047141E-1,6.536054611E-2,4.038446397E-2,1.591746846E-1
6.436703667E1,-1.417103112E-1,9.438845515E-2,3.469461575E-2,1.737662485E-1
6.437701867E1,-1.406162828E-1,1.100521088E-1,2.695280872E-2,1.805847711E-1
6.438699967E1,-1.503358334E-1,1.153813601E-1,1.086079143E-2,1.898201197E-1
6.439698167E1,-1.532024592E-1,1.151235700E-1,-5.769317970E-3,1.917230161E-1
6.440696367E1,-1.542310566E-1,1.187739670E-1,-2.754638530E-2,1.966043677E-1
6.441694567E1,-1.457808465E-1,1.210352629E-1,-4.433095455E-2,1.945939968E-1
6.442692667E1,-1.501384079E-1,1.261754334E-1,-6.344379485E-2,2.061234985E-1
6.443690867E1,-1.520430893E-1,1.239277273E-1,-7.884884626E-2,2.114055892E-1
6.444689067E1,-1.590045094E-1,1.145065278E-1,-9.488587081E-2,2.177096861E-1
6.445687267E1,-1.643079221E-1,1.136481911E-1,-1.045475528E-1,2.254843573E-1
6.446685367E1,-1.557669044E-1,1.189007312E-1,-1.096116975E-1,2.245338206E-1
6.447683567E1,-1.398867518E-1,1.307542026E-1,-1.105323508E-1,2.210935671E-1
6.448681767E1,-1.197828650E-1,1.543993354E-1,-1.052991673E-1,2.219797382E-1
6.449679867E1,-1.019719094E-1,1.689641625E-1,-9.385529906E-2,2.185314066E-1
6.450678067E1,-8.069831133E-2,1.762159467E-1,-8.854761720E-2,2.130843913E-1
6.451676267E1,-5.720949546E-2,1.695774794E-1,-8.102818578E-2,1.964561396E-1
6.452674467E1,-2.823854983E-2,1.643289328E-1,-6.491512805E-2,1.789284429E-1
6.453672567E1,-1.035691705E-3,1.615059823E-1,-4.506871849E-2,1.676795884E-1
6.454670767E1,1.675050892E-2,1.597956717E-1,-2.447975986E-2,1.625253669E-1
6.455668967E1,1.040659193E-2,1.516868919E-1,-1.951815095E-3,1.520559763E-1
6.456667167E1,-1.324184239E-2,1.286188811E-1,2.467880584E-2,1.316328471E-1
6.457665267E1,-4.677636921E-2,9.634509683E-2,5.825354159E-2,1.219175193E-1
6.458663467E1,-8.391079307E-2,6.055006385E-2,8.799691498E-2,1.358336794E-1
6.459661667E1,-1.200600117E-1,4.278038442E-2,1.129094586E-1,1.702736431E-1
6.460659767E1,-1.468430758E-1,4.046343267E-2,1.314952523E-1,2.012242024E-1
6.461657967E1,-1.736051738E-1,6.538423151E-2,1.435252875E-1,2.345492747E-1
6.462656167E1,-2.167962044E-1,9.624390304E-2,1.462142915E-1,2.786433243E-1
6.463654367E1,-2.261516303E-1,3.985226899E-2,1.615783274E-1,2.807851832E-1
6.464652467E1,-3.097673059E-1,3.412620351E-2,1.686252505E-1,3.543372075E-1
6.465650667E1,-4.008772373E-1,6.537280232E-2,1.657040268E-1,4.386729843E-1
6.466648867E1,-4.807190895E-1,1.050626636E-1,1.637780368E-1,5.186060659E-1
6.467647067E1,-5.532795787E-1,1.671747714E-1,1.666630358E-1,6.015332608E-1
6.468645167E1,-6.404158473E-1,2.575353384E-1,1.707169116E-1,7.110563774E-1
6.469643367E1,-7.171851993E-1,3.221630752E-1,1.816816777E-1,8.069398299E-1
6.470641567E1,-7.845674157E-1,3.562573791E-1,2.069685906E-1,8.861723012E-1
6.471639667E1,-8.465895057E-1,3.709585369E-1,2.342662513E-1,9.535222618E-1
6.472637867E1,-8.955759406E-1,3.664138615E-1,2.565020025E-1,1.001053775E0
6.473636067E1,-9.201055169E-1,3.561548293E-1,2.628856003E-1,1.021053017E0
6.474634267E1,-9.175670743E-1,3.419173062E-1,2.623989582E-1,1.013750459E0
6.475632367E1,-8.755282760E-1,3.324833214E-1,2.584817111E-1,9.715491321E-1
6.476630567E1,-7.910428047E-1,3.502018750E-1,2.601613402E-1,9.033681393E-1
6.477628767E1,-6.820806265E-1,3.733823001E-1,2.533119619E-1,8.178112699E-1
6.478626967E1,-5.508432388E-1,3.899005651E-1,2.398816645E-1,7.162359510E-1
6.479625067E1,-4.107502997E-1,4.068217576E-1,2.254108489E-1,6.205076969E-1
6.480623267E1,-2.787490189E-1,4.066779017E-1,2.207088917E-1,5.401854739E-1
6.481621467E1,-1.596854478E-1,3.763120174E-1,2.228780389E-1,4.656015431E-1
6.482619833E1,-5.345948413E-2,3.151312172E-1,2.279796004E-1,3.926070539E-1
6.483617933E1,4.512514547E-2,2.373695970E-1,2.325165570E-1,3.353275318E-1
6.484616133E1,1.328658462E-1,1.529825181E-1,2.318277806E-1,3.078978788E-1
6.485614333E1,2.084554136E-1,7.695912570E-2,2.354685962E-1,3.237619902E-1
6.486612433E1,2.604421079E-1,1.230426040E-2,2.387454808E-1,3.535263653E-1
6.487610633E1,3.001477122E-1,-2.844876423E-2,2.411372662E-1,3.860636767E-1
6.488608833E1,3.235595822E-1,-5.424280837E-2,2.399210036E-1,4.064420912E-1
6.489607033E1,3.200343251E-1,-7.117679715E-2,2.283835262E-1,3.995586825E-1
6.490605133E1,2.967471778E-1,-8.604308963E-2,2.166964561E-1,3.773852871E-1
6.491603333E1,2.569608986E-1,-9.848963469E-2,2.067295611E-1,3.441892256E-1
6.492601533E1,1.626078039E-1,-1.429556608E-1,2.057211548E-1,2.986617023E-1
6.493599733E1,8.102798462E-2,-1.477432251E-1,2.129463106E-1,2.715505958E-1
6.494597833E1,3.986360505E-2,-2.125749439E-1,2.124014199E-1,3.031362350E-1
6.495596033E1,-2.864168212E-2,-2.515974641E-1,2.186617255E-1,3.345662567E-1
6.496594233E1,-1.091145724E-1,-2.623739243E-1,2.378488779E-1,3.705646432E-1
6.497592333E1,-1.729622632E-1,-2.029744983E-1,2.654495835E-1,3.762686179E-1
6.498590533E1,-2.439688146E-1,-8.303582668E-2,2.878231704E-1,3.863391107E-1
6.499588733E1,-3.457604349E-1,8.341546357E-2,3.104200959E-1,4.720900908E-1
6.500586933E1,-4.212641716E-1,2.324334383E-1,3.304889798E-1,5.837052092E-1
6.501585033E1,-4.743883610E-1,3.270627260E-1,3.503004909E-1,6.743328389E-1
6.502583233E1,-5.161287785E-1,3.737098277E-1,3.724002242E-1,7.380581808E-1
6.503581433E1,-5.461285114E-1,3.819880188E-1,3.952874243E-1,7.748698893E-1
6.504579633E1,-5.620187521E-1,3.781954050E-1,4.160643518E-1,7.949882936E-1
6.505577733E1,-5.590048432E-1,3.597666025E-1,4.338971376E-1,7.938420177E-1
6.506575933E1,-5.302981138E-1,3.465935588E-1,4.428020120E-1,7.729274263E-1
6.507574133E1,-4.906268716E-1,3.387630582E-1,4.337155819E-1,7.372817255E-1
6.508572233E1,-4.498080313E-1,3.184317052E-1,4.271737933E-1,6.972829165E-1
6.509570433E1,-4.045281708E-1,2.927410007E-1,4.079303443E-1,6.447848481E-1
6.510568633E1,-3.528776467E-1,2.516686320E-1,3.795018792E-1,5.760914946E-1
6.511566833E1,-2.836232185E-1,1.846669465E-1,3.447838426E-1,4.831354979E-1
6.512564933E1,-1.825215518E-1,1.357492357E-1,2.905979156E-1,3.690381017E-1
6.513563133E1,-5.166632310E-2,8.801686764E-2,2.197370529E-1,2.422823773E-1
6.514561333E1,1.017312333E-1,6.309502572E-2,1.517906189E-1,1.933148160E-1
6.515559533E1,2.556086779E-1,6.498613209E-2,1.007660553E-1,2.823345382E-1
6.516557633E1,3.950061500E-1,6.186545268E-2,7.851848006E-2,4.074583960E-1
6.517555833E1,5.001679659E-1,5.936714634E-2,8.120481670E-2,5.101829813E-1
6.518554033E1,5.713154674E-1,4.112736508E-2,1.034670919E-1,5.820637959E-1
6.519552233E1,6.043676734E-1,2.665148675E-2,1.344878525E-1,6.197237843E-1
6.520550333E1,6.012173295E-1,1.009650901E-2,1.677727103E-1,6.242690919E-1
6.521548533E1,5.544833541E-1,-7.454855368E-4,2.060021162E-1,5.915143427E-1
6.522546733E1,4.757488072E-1,-1.890932210E-3,2.465073466E-1,5.358230819E-1
6.523544833E1,3.604120910E-1,3.093172796E-2,2.784799039E-1,4.565136406E-1
6.524543033E1,1.940407157E-1,8.351770788E-2,2.930144668E-1,3.612263620E-1
6.525541233E1,4.630238563E-2,3.132507950E-2,2.784456313E-1,2.840020090E-1
6.526539433E1,-1.613074690E-1,1.698637381E-2,2.277753353E-1,2.796251774E-1
6.527537533E1,-3.661077321E-1,6.521569192E-2,1.424934566E-1,3.982365417E-1
6.528535733E1,-5.154670477E-1,1.896329522E-1,6.079312786E-2,5.525963610E-1
6.529533933E1,-5.743189454E-1,3.792265952E-1,2.126276307E-2,6.885544035E-1
6.530532133E1,-5.503034592E-1,5.255681276E-1,4.007121176E-2,7.620114540E-1
6.531530233E1,-4.966084957E-1,6.419379115E-1,1.107373983E-1,8.191257850E-1
6.532528433E1,-4.356991351E-1,7.038072944E-1,2.136063129E-1,8.548719792E-1
6.533526633E1,-3.765729666E-1,7.044536471E-1,3.365215957E-1,8.667807823E-1
6.534524733E1,-3.181974590E-1,6.517670155E-1,4.695258439E-1,8.640048515E-1
6.535522933E1,-2.580603361E-1,5.663858056E-1,5.800585151E-1,8.507972137E-1
6.536521133E1,-1.986290663E-1,4.720824957E-1,6.709289551E-1,8.440740794E-1
6.537519333E1,-1.520224214E-1,3.842485249E-1,7.488072515E-1,8.552602208E-1
6.538517433E1,-1.397201717E-1,2.955663502E-1,8.101148605E-1,8.735944603E-1
6.539515633E1,-1.697169542E-1,1.968155205E-1,8.426320553E-1,8.817987153E-1
6.540513833E1,-2.420749962E-1,1.059838980E-1,8.538103104E-1,8.937700692E-1
6.541512033E1,-3.458448052E-1,1.590780541E-2,8.313034177E-1,9.005148860E-1
6.542510133E1,-4.640885293E-1,-5.347689241E-2,7.563790679E-1,8.890147555E-1
6.543508333E1,-5.713694096E-1,-9.354574978E-2,6.344062686E-1,8.588859780E-1
6.544506533E1,-6.685717106E-1,-9.727259725E-2,4.857211113E-1,8.320907933E-1
6.545504633E1,-7.508580685E-1,-5.749110132E-2,3.232765198E-1,8.195125221E-1
6.546502833E1,-8.154772520E-1,4.452724010E-3,1.776071638E-1,8.346060627E-1
6.547501033E1,-8.595198393E-1,5.696866289E-2,6.645401567E-2,8.639652301E-1
6.548499233E1,-8.955134153E-1,8.930077404E-2,7.096251938E-4,8.999552260E-1
6.549497333E1,-9.018703699E-1,1.093682274E-1,-4.421417415E-2,9.095528937E-1
6.550495533E1,-8.855109215E-1,1.230129302E-1,-6.715916842E-2,8.965333942E-1
6.551493733E1,-8.491998315E-1,1.144913435E-1,-6.805904955E-2,8.595816749E-1
6.552491933E1,-7.866009474E-1,7.445366681E-2,-4.100579768E-2,7.911800518E-1
6.553490033E1,-6.891939640E-1,3.190007433E-2,1.224011555E-2,6.900404011E-1
6.554488233E1,-5.777351260E-1,-5.984715652E-3,8.170767128E-2,5.835150694E-1
6.555486433E1,-4.557496011E-1,-4.031792283E-2,1.702865362E-1,4.881912927E-1
6.556484533E1,-3.334468007E-1,-7.807621360E-2,2.547699213E-1,4.268376469E-1
6.557482733E1,-2.266537845E-1,-1.084953696E-1,3.404640555E-1,4.231535848E-1
6.558480933E1,-1.364785582E-1,-1.381994933E-1,4.069048762E-1,4.508847692E-1
6.559479133E1,-6.975783408E-2,-1.751492471E-1,4.570268989E-1,4.943854776E-1
6.560477233E1,-2.108933777E-2,-2.008010894E-1,4.906433821E-1,5.305626881E-1
6.561475433E1,-6.472577341E-3,-2.081958950E-1,5.080042481E-1,5.490498530E-1
6.562473633E1,-2.036791667E-2,-1.965437531E-1,5.172822475E-1,5.537375033E-1
6.563471833E1,-6.219632179E-2,-1.708711535E-1,5.159341693E-1,5.470405840E-1
6.564469933E1,-1.335229874E-1,-1.511445940E-1,5.002338886E-1,5.393579700E-1
6.565468133E1,-2.172698081E-1,-1.196207553E-1,4.839438498E-1,5.437986248E-1
6.566466333E1,-2.990258634E-1,-8.091834188E-2,4.713719487E-1,5.640529754E-1
6.567464433E1,-3.752718866E-1,-3.691120073E-2,4.548760653E-1,5.908499474E-1
6.568462633E1,-4.300480783E-1,2.659635991E-2,4.402016997E-1,6.159758538E-1
6.569460833E1,-4.442275465E-1,8.473396301E-2,4.476132691E-1,6.362983547E-1
6.570459033E1,-4.002535939E-1,1.377729625E-1,4.704782069E-1,6.328776120E-1
6.571457133E1,-2.157514095E-1,2.186291963E-1,3.820133209E-1,4.901852441E-1
6.572455333E1,7.094533183E-3,1.953350455E-1,3.044998944E-1,3.618373917E-1
6.573453533E1,1.199031025E-1,1.660450697E-1,3.755255938E-1,4.277466432E-1
6.574451733E1,1.987566352E-1,1.141584665E-1,4.585892558E-1,5.126796866E-1
6.575449833E1,2.862129807E-1,6.227263436E-2,5.872516036E-1,6.562470551E-1
6.576448033E1,3.598143160E-1,3.775129467E-2,7.013934255E-1,7.892048147E-1
6.577446233E1,4.253864288E-1,4.257321358E-2,7.759798169E-1,8.859518997E-1
6.578444333E1,4.714737535E-1,5.456409231E-2,8.089454770E-1,9.379005945E-1
6.579442533E1,4.815596640E-1,9.149520844E-2,8.444557786E-1,9.764100804E-1
6.580440733E1,4.593698382E-1,1.633313298E-1,8.173621893E-1,9.517240777E-1
6.581438933E1,4.338977635E-1,2.202020586E-1,6.973295212E-1,8.503085774E-1
6.582436879E1,3.805092275E-1,2.552061379E-1,5.460031033E-1,7.127670263E-1
6.583435079E1,3.061673343E-1,2.494798303E-1,3.811063170E-1,5.488357197E-1
6.584433279E1,2.250119746E-1,2.271563858E-1,2.276221365E-1,3.924821643E-1
6.585431479E1,1.699993312E-1,2.020734102E-1,1.171949655E-1,2.889084555E-1
6.586429579E1,1.400515735E-1,1.963281482E-1,5.509423465E-2,2.473753418E-1
6.587427779E1,1.392893642E-1,2.177492827E-1,1.729119569E-2,2.590661355E-1
6.588425979E1,1.874213815E-1,2.545674741E-1,-3.166423365E-2,3.177011124E-1
6.589424079E1,2.934729755E-1,3.098674715E-1,-9.864833206E-2,4.380362207E-1
6.590422279E1,4.546203017E-1,3.547929227E-1,-1.792480201E-1,6.038936077E-1
6.591420479E1,6.514452696E-1,3.848088682E-1,-2.462646067E-1,7.956789936E-1
6.592418679E1,8.452889919E-1,3.764422536E-1,-2.899591625E-1,9.696899330E-1
6.593416779E1,1.004274607E0,3.417463303E-1,-3.131579459E-1,1.106085864E0
6.594414979E1,1.129440069E0,2.824537158E-1,-3.132092357E-1,1.205618097E0
6.595413179E1,1.202374458E0,2.251883000E-1,-3.066884875E-1,1.261139143E0
6.596411379E1,1.209686756E0,1.392435580E-1,-2.829949260E-1,1.250126771E0
6.597409479E1,1.162713647E0,2.185462415E-2,-2.777405083E-1,1.195625543E0
6.598407679E1,1.100837111E0,-2.277432382E-1,-1.767270863E-1,1.137955092E0
6.599405879E1,9.722712040E-1,-4.857662618E-1,-1.187474746E-2,1.086931996E0
6.600403979E1,8.117082119E-1,-7.368740439E-1,1.563777179E-1,1.107387723E0
6.601402179E1,6.269351244E-1,-8.934471607E-1,2.602412701E-1,1.122061049E0
6.602400379E1,3.869996071E-1,-9.938182831E-1,3.454446495E-1,1.121059981E0
6.603398579E1,2.053696364E-1,-1.065132618E0,3.317075372E-1,1.134334197E0
6.604396679E1,1.795823872E-2,-9.700269103E-1,2.453625798E-1,1.000738478E0
6.605394879E1,-1.811271757E-1,-8.054744601E-1,1.833428890E-1,8.457013507E-1
6.606393079E1,-4.207674861E-1,-5.828421712E-1,1.437252462E-1,7.330806369E-1
6.607391279E1,-7.273620367E-1,-3.146368265E-1,9.966510534E-2,7.987396311E-1
6.608389379E1,-9.009104967E-1,-2.234265208E-2,1.128757820E-1,9.082289686E-1
6.609387579E1,-9.760851860E-1,2.209738642E-1,1.066399887E-1,1.006451105E0
6.610385779E1,-1.024214625E0,4.197165072E-1,7.152760029E-2,1.109186072E0
6.611383879E1,-1.083318472E0,5.648377538E-1,4.693677276E-2,1.222629813E0
6.612382079E1,-1.125427008E0,6.284377575E-1,1.667360961E-2,1.289107433E0
6.613380279E1,-1.145242691E0,6.111623645E-1,-2.120000310E-2,1.298287217E0
6.614378479E1,-1.119086623E0,5.903484225E-1,-5.241271481E-2,1.266338510E0
6.615376579E1,-1.061272860E0,5.799921751E-1,-6.641295552E-2,1.211239731E0
6.616374779E1,-9.468859434E-1,4.917294681E-1,-6.502524763E-2,1.068933647E0
6.617372979E1,-7.540488243E-1,3.128547668E-1,-4.645449668E-2,8.176953925E-1
6.618371179E1,-5.195051432E-1,1.264675856E-1,-1.628826559E-2,5.349251832E-1
6.619369279E1,-2.991315126E-1,-7.013309002E-2,2.159626596E-2,3.080011540E-1
6.620367479E1,-1.079143286E-1,-2.570401132E-1,4.070271552E-2,2.817300715E-1
6.621365679E1,6.544760615E-2,-4.489749372E-1,2.938614413E-2,4.546706818E-1
6.622363779E1,2.127860487E-1,-6.101901531E-1,-2.900355496E-3,6.462339650E-1
6.623361979E1,3.615742028E-1,-7.506700754E-1,-3.694221005E-2,8.340300913E-1
6.624360179E1,4.774472713E-1,-8.386712670E-1,-4.934335873E-2,9.663126606E-1
6.625358379E1,5.562509894E-1,-8.504917026E-1,-6.705604494E-2,1.018453638E0
6.626356479E1,6.059377789E-1,-8.393727541E-1,-9.849838167E-2,1.039908238E0
6.627354679E1,6.175243855E-1,-8.023018241E-1,-2.353712767E-1,1.039434568E0
6.628352879E1,5.561568141E-1,-6.593047976E-1,-2.364396155E-1,8.943695600E-1
6.629351079E1,4.447754025E-1,-6.650354266E-1,-1.602609605E-1,8.159539526E-1
6.630349179E1,3.212125003E-1,-5.948080420E-1,-6.665243953E-2,6.792765453E-1
6.631347379E1,2.332764864E-1,-4.791704118E-1,-9.425371885E-3,5.330206753E-1
6.632345579E1,1.473640203E-1,-2.764236629E-1,3.606462479E-2,3.153202389E-1
6.633343679E1,4.450287297E-2,-2.610942721E-2,8.392003179E-2,9.851283991E-2
6.634341879E1,-7.413581014E-2,2.077137083E-1,2.081221901E-3,2.205571002E-1
6.635340079E1,-1.170252189E-1,4.288705885E-1,-1.569057703E-1,4.714279418E-1
6.636338279E1,-8.973488212E-2,6.139019728E-1,-2.937526405E-1,6.864536365E-1
6.637336379E1,-7.900872827E-2,7.780892849E-1,-3.822475970E-1,8.705047615E-1
6.638334579E1,-1.179461777E-1,8.465466499E-1,-4.602198899E-1,9.707496476E-1
6.639332779E1,-1.760329157E-1,8.004825115E-1,-5.444793701E-1,9.839804994E-1
6.640330979E1,-1.930698901E-1,6.818572879E-1,-6.569588184E-1,9.663333962E-1
6.641329079E1,-1.688154191E-1,5.753630996E-1,-7.905232310E-1,9.922037698E-1
6.642327279E1,-9.421327710E-2,4.947683811E-1,-9.346303344E-1,1.061699465E0
6.643325479E1,2.202677727E-2,4.228891134E-1,-1.073427916E0,1.153935818E0
6.644323579E1,1.226625964E-1,3.652524650E-1,-1.148331523E0,1.211247606E0
6.645321779E1,2.041257620E-1,3.501459360E-1,-1.102847338E0,1.174964575E0
6.646319979E1,2.592139542E-1,3.506050706E-1,-1.005342722E0,1.095823790E0
6.647318179E1,2.957400084E-1,2.947021127E-1,-8.404119611E-1,9.384048977E-1
6.648316279E1,3.325661719E-1,2.759116590E-1,-6.152358055E-1,7.518261758E-1
6.649314479E1,3.427024484E-1,2.945988178E-1,-3.680001795E-1,5.828014788E-1
6.650312679E1,3.393100202E-1,2.977282703E-1,-1.097020358E-1,4.645513420E-1
6.651310879E1,3.033317626E-1,3.023217022E-1,1.092857048E-1,4.419863517E-1
6.652308979E1,2.205600739E-1,2.999008596E-1,2.790668607E-1,4.652586211E-1
6.653307179E1,9.276136011E-2,3.297200203E-1,3.723299801E-1,5.059145934E-1
6.654305379E1,-5.965984240E-2,3.757490516E-1,3.608531058E-1,5.243678199E-1
6.655303479E1,-2.303780615E-1,3.994498551E-1,2.531905472E-1,5.260605395E-1
6.656301679E1,-4.013050199E-1,3.700408041E-1,1.222913116E-1,5.594024317E-1
6.657299879E1,-5.816391110E-1,3.103263676E-1,2.016228251E-2,6.595551740E-1
6.658298079E1,-7.495591044E-1,2.688828111E-1,-2.731341310E-2,7.967953562E-1
6.659296179E1,-9.019060135E-1,2.563771307E-1,-1.315072179E-2,9.377295089E-1
6.660294379E1,-1.027030945E0,2.633817792E-1,3.183765337E-2,1.060743211E0
6.661292579E1,-1.050552487E0,3.131977916E-1,-9.206111729E-2,1.100103920E0
6.662290779E1,-9.743987918E-1,3.682527840E-1,-2.737482488E-1,1.077033529E0
6.663288879E1,-8.523333073E-1,3.886510134E-1,-4.653288424E-1,1.045969698E0
6.664287079E1,-7.201107144E-1,3.796325028E-1,-6.234120727E-1,1.025340378E0
6.665285279E1,-5.828980207E-1,3.159246147E-1,-7.413307428E-1,9.945600711E-1
6.666283379E1,-4.507087171E-1,2.140171379E-1,-8.160465956E-1,9.564903184E-1
6.667281579E1,-3.277716041E-1,5.195659772E-2,-8.477552533E-1,9.103969914E-1
6.668279779E1,-1.788181514E-1,-1.654633433E-1,-8.214154243E-1,8.567831398E-1
6.669277979E1,-7.803528104E-3,-3.963420987E-1,-7.293999791E-1,8.301640102E-1
6.670276079E1,1.987639219E-1,-5.692515373E-1,-5.881789327E-1,8.423234926E-1
6.671274279E1,4.371882081E-1,-6.479879022E-1,-4.189779162E-1,8.868846289E-1
6.672272479E1,6.664452553E-1,-7.205079198E-1,-2.168878019E-1,1.005147382E0
6.673270679E1,8.550884128E-1,-7.426102757E-1,-7.360601425E-2,1.134929099E0
6.674268779E1,9.937564135E-1,-7.117692232E-1,2.030630037E-2,1.222529992E0
6.675266979E1,1.081551552E0,-6.921707988E-1,9.099112451E-2,1.287296997E0
6.676265179E1,1.083551526E0,-7.228595018E-1,1.746053994E-1,1.314190555E0
6.677263279E1,1.034510255E0,-7.412648797E-1,2.422462255E-1,1.295518554E0
6.678261479E1,9.585470557E-1,-7.513043880E-1,3.043330908E-1,1.255344324E0
6.679259679E1,8.637728691E-1,-7.317781448E-1,3.469372988E-1,1.184047428E0
6.680257879E1,7.452602386E-1,-6.672595739E-1,3.582196236E-1,1.062529746E0
6.681255979E1,5.755497813E-1,-5.746784806E-1,3.707577884E-1,8.938535923E-1
6.682254146E1,3.500415087E-1,-4.285652936E-1,3.930651546E-1,6.787469958E-1
6.683252346E1,9.359693527E-2,-2.406196296E-1,4.352954328E-1,5.061030589E-1
6.684250546E1,-1.576690078E-1,-2.158392407E-2,4.848242402E-1,5.102743631E-1
6.685248646E1,-3.871487975E-1,2.261984497E-1,5.182804465E-1,6.853207653E-1
6.686246846E1,-5.746330619E-1,4.570170045E-1,5.107765794E-1,8.944050605E-1
6.687245046E1,-7.073807120E-1,5.936217904E-1,4.414656460E-1,1.023555674E0
6.688243146E1,-7.624104619E-1,6.262118816E-1,3.263001144E-1,1.039174094E0
6.689241346E1,-7.537099123E-1,6.089112163E-1,1.845552325E-1,9.863630848E-1
6.690239546E1,-6.939361691E-1,5.596083403E-1,5.094549805E-2,8.929190026E-1
6.691237746E1,-6.037175655E-1,5.390617847E-1,-5.805155635E-2,8.114385312E-1
6.692235846E1,-5.037630796E-1,5.572754741E-1,-1.536974609E-1,7.667829575E-1
6.693234046E1,-4.244093895E-1,5.646894574E-1,-2.240011841E-1,7.410627799E-1
6.694232246E1,-3.481412232E-1,4.471081793E-1,-2.690711319E-1,6.273016096E-1
6.695230446E1,-2.481025010E-1,2.254026830E-1,-2.797328234E-1,4.365909676E-1
6.696228546E1,-1.008413956E-1,2.468958870E-2,-2.554173470E-1,2.757110516E-1
6.697226746E1,4.516215250E-2,-6.859429181E-2,-2.103550583E-1,2.258186162E-1
6.698224946E1,1.447227895E-1,-4.492571950E-2,-1.657126993E-1,2.245522318E-1
6.699223046E1,2.356665432E-1,1.293358579E-2,-1.404313147E-1,2.746396756E-1
6.700221246E1,3.621544540E-1,8.283225447E-2,-1.402708590E-1,3.971057099E-1
6.701219446E1,5.286882520E-1,1.781792790E-1,-1.503405422E-1,5.778074090E-1
6.702217646E1,6.934581399E-1,2.684550881E-1,-1.780057102E-1,7.646164784E-1
6.703215746E1,8.339646459E-1,2.927995920E-1,-2.123746127E-1,9.090278366E-1
6.704213946E1,9.512614012E-1,2.806127071E-1,-2.547807992E-1,1.023989746E0
6.705212146E1,1.021283627E0,2.436224520E-1,-3.027027845E-1,1.092703583E0
6.706210346E1,1.035130858E0,1.488253772E-1,-3.209365904E-1,1.093912785E0
6.707208446E1,9.926475883E-1,-3.448585421E-2,-2.796961963E-1,1.031876190E0
6.708206646E1,8.480730057E-1,-3.376097977E-1,-7.466942072E-2,9.158513640E-1
6.709204846E1,5.973321199E-1,-6.220092773E-1,3.676914871E-1,9.374957239E-1
6.710202946E1,3.531982601E-1,-7.940774560E-1,6.924352050E-1,1.111204090E0
6.711201146E1,1.650014520E-1,-9.076407552E-1,9.220700264E-1,1.304319881E0
6.712199346E1,1.423058286E-2,-9.095963240E-1,1.000710726E0,1.352401545E0
6.713197546E1,-1.183628812E-1,-8.371855021E-1,9.941703081E-1,1.305091544E0
6.714195646E1,-2.187400311E-1,-6.840289831E-1,9.230257869E-1,1.169495384E0
6.715193846E1,-3.006713688E-1,-4.318500161E-1,8.167794943E-1,9.716102360E-1
6.716192046E1,-3.916698992E-1,-1.460480690E-1,7.191902995E-1,8.318473630E-1
6.717190246E1,-4.473778903E-1,1.113128960E-1,7.907550335E-1,9.153311207E-1
6.718188346E1,-5.089728236E-1,3.146132827E-1,9.332617521E-1,1.108608295E0
6.719186546E1,-5.558372736E-1,4.618338943E-1,1.085269928E0,1.303862124E0
6.720184746E1,-6.134415865E-1,5.683243275E-1,1.204361916E0,1.466216473E0
6.721182846E1,-6.745656729E-1,6.204195023E-1,1.282108188E0,1.575995118E0
6.722181046E1,-7.031418681E-1,6.139107347E-1,1.330355048E0,1.625158279E0
6.723179246E1,-7.065027356E-1,5.987224579E-1,1.333825231E0,1.623793227E0
6.724177446E1,-6.716327071E-1,5.775684714E-1,1.316022873E0,1.586377015E0
6.725175546E1,-5.826650262E-1,5.584850311E-1,1.271743059E0,1.506231878E0
6.726173746E1,-4.582797885E-1,5.259491801E-1,1.210840702E0,1.397418373E0
6.727171946E1,-3.219227493E-1,4.623292089E-1,1.152987480E0,1.283262515E0
6.728170146E1,-1.710453779E-1,3.730606139E-1,1.095191360E0,1.169561823E0
6.729168246E1,-1.377800014E-2,2.366407216E-1,9.942956567E-1,1.022160710E0
6.730166446E1,1.470799893E-1,2.666404471E-2,8.300403953E-1,8.433922885E-1
6.731164646E1,2.599695027E-1,-2.552467287E-1,7.170296907E-1,8.042801827E-1
6.732162746E1,3.185644150E-1,-5.932037234E-1,6.063784361E-1,9.061284411E-1
6.733160946E1,3.439158499E-1,-9.466052055E-1,4.661749899E-1,1.109801175E0
6.734159146E1,3.332571685E-1,-1.291897416E0,2.964586318E-1,1.366728574E0
6.735157346E1,3.098202944E-1,-1.593277216E0,1.222058907E-1,1.627714711E0
6.736155446E1,2.786730528E-1,-1.817711592E0,-3.487446532E-2,1.839279840E0
6.737153646E1,2.442906052E-1,-1.871820092E0,-1.958697438E-1,1.897828579E0
6.738151846E1,1.994805783E-1,-1.739943027E0,-3.127838373E-1,1.779052548E0
6.739150046E1,1.131454334E-1,-1.462447762E0,-4.009792209E-1,1.520637920E0
6.740148146E1,-8.981348015E-3,-1.099667192E0,-4.716984034E-1,1.196598504E0
6.741146346E1,-1.474750340E-1,-7.224704027E-1,-5.431739092E-1,9.158330984E-1
6.742144546E1,-2.714920044E-1,-4.026239514E-1,-6.207423806E-1,7.881212203E-1
6.743142646E1,-3.378697038E-1,-2.007068098E-1,-7.367747426E-1,8.350306471E-1
6.744140846E1,-3.451004624E-1,-1.275947839E-1,-8.535966873E-1,9.295171126E-1
6.745139046E1,-3.134043813E-1,-1.703915149E-1,-9.501681328E-1,1.014926133E0
6.746137246E1,-2.753232121E-1,-2.763331234E-1,-9.849686027E-1,1.059398893E0
6.747135346E1,-2.220187187E-1,-3.754272163E-1,-9.392120242E-1,1.035546780E0
6.748133546E1,-1.789502501E-1,-4.336191714E-1,-8.407861590E-1,9.627928869E-1
6.749131746E1,-1.655817181E-1,-3.827874064E-1,-7.266705036E-1,8.378505384E-1
6.750129946E1,-2.311231345E-1,-2.672272325E-1,-6.413798332E-1,7.322543189E-1
6.751128046E1,-2.936834693E-1,-1.860993505E-1,-7.320684791E-1,8.104364296E-1
6.752126246E1,-3.217463195E-1,-1.512678862E-1,-9.154277444E-1,9.820441043E-1
6.753124446E1,-3.442420363E-1,-1.618315876E-1,-1.107295632E0,1.170809831E0
6.754122546E1,-3.663355112E-1,-2.503899336E-1,-1.301196694E0,1.374776223E0
6.755120746E1,-3.583923876E-1,-3.473132849E-1,-1.500453711E0,1.581275738E0
6.756118946E1,-3.336172402E-1,-3.876223564E-1,-1.642937779E0,1.720696400E0
6.757117146E1,-2.943643630E-1,-3.503828347E-1,-1.703262329E0,1.763666939E0
6.758115246E1,-2.269718498E-1,-2.651861906E-1,-1.681151628E0,1.717006329E0
6.759113446E1,-1.619169563E-1,-2.037443966E-1,-1.600909591E0,1.621924905E0
6.760111646E1,-1.026607677E-1,-1.357136667E-1,-1.454341888E0,1.464263556E0
6.761109746E1,-5.937401578E-2,-8.451972157E-2,-1.272737145E0,1.276921571E0
6.762107946E1,-3.342979401E-2,-4.875695705E-2,-1.098865151E0,1.100454185E0
6.763106146E1,-4.067652300E-2,-4.482027516E-2,-9.506154656E-1,9.525403929E-1
6.764104346E1,-8.221112937E-2,-5.480152741E-2,-8.178939223E-1,8.238399999E-1
6.765102446E1,-1.417362392E-1,-5.615867302E-2,-7.168754339E-1,7.329074606E-1
6.766100646E1,-2.252956033E-1,-8.040142059E-2,-6.567571759E-1,6.989652963E-1
6.767098846E1,-3.070299029E-1,-1.204763949E-1,-6.359451413E-1,7.163854729E-1
6.768097046E1,-3.895432651E-1,-1.618755311E-1,-6.231417060E-1,7.524979925E-1
6.769095146E1,-4.786030948E-1,-1.859742105E-1,-5.944839716E-1,7.855307262E-1
6.770093346E1,-5.677328706E-1,-2.159219682E-1,-5.536230803E-1,8.218524343E-1
6.771091546E1,-6.498149633E-1,-1.938776523E-1,-5.759180188E-1,8.896794901E-1
6.772089646E1,-7.134978771E-1,-1.412597448E-1,-6.563108563E-1,9.796823344E-1
6.773087846E1,-7.652606964E-1,-8.627558500E-2,-7.688935995E-1,1.088239302E0
6.774086046E1,-7.937505245E-1,-1.981557906E-2,-8.982127309E-1,1.198840549E0
6.775084246E1,-7.904303670E-1,3.130885586E-2,-1.026874661E0,1.296237625E0
6.776082346E1,-7.549222708E-1,8.842355013E-2,-1.132128000E0,1.363612910E0
6.777080546E1,-7.119542956E-1,1.260265708E-1,-1.199535012E0,1.400587684E0
6.778078746E1,-6.576609015E-1,1.278697401E-1,-1.227862120E0,1.398754416E0
6.779076946E1,-5.788635612E-1,1.007417142E-1,-1.217289090E0,1.351674755E0
6.780075046E1,-4.808812737E-1,5.137151480E-2,-1.167713523E0,1.263899008E0
6.781073246E1,-3.503408432E-1,1.466777176E-4,-1.089599013E0,1.144536910E0
6.782071542E1,-1.878609359E-1,-5.637678131E-2,-9.773902297E-1,9.968759872E-1
6.783069642E1,-3.430360928E-2,-1.300677806E-1,-8.498149514E-1,8.603951516E-1
6.784067842E1,1.120759919E-1,-2.182974815E-1,-7.172705531E-1,7.580843388E-1
6.785066042E1,2.493811101E-1,-3.026898801E-1,-5.555109382E-1,6.800033118E-1
6.786064242E1,3.707669973E-1,-3.676084578E-1,-4.008647799E-1,6.582527754E-1
6.787062342E1,4.726217091E-1,-4.326585829E-1,-2.599973977E-1,6.914935835E-1
6.788060542E1,5.481694341E-1,-4.797368348E-1,-1.373865902E-1,7.412909242E-1
6.789058742E1,6.013016701E-1,-5.121613741E-1,-3.542906791E-2,7.906504856E-1
6.790056942E1,6.185610294E-1,-5.230063200E-1,3.857924044E-2,8.109511179E-1
6.791055042E1,5.789294839E-1,-5.029609203E-1,9.042619169E-2,7.722084763E-1
6.792053242E1,4.933516383E-1,-4.385345280E-1,1.242826954E-1,6.716803999E-1
6.793051442E1,3.779091835E-1,-3.313558996E-1,1.537308693E-1,5.255903950E-1
6.794049542E1,2.643276751E-1,-1.816287041E-1,2.030508816E-1,3.795889441E-1
6.795047742E1,1.815265715E-1,-1.861368492E-2,2.844773233E-1,3.379729470E-1
6.796045942E1,1.117865816E-1,1.347838640E-1,3.787169158E-1,4.172402571E-1
6.797044142E1,6.659140438E-2,2.446158230E-1,4.571355581E-1,5.227276868E-1
6.798042242E1,5.976561829E-2,3.175046444E-1,5.064885616E-1,6.007593457E-1
6.799040442E1,1.160624474E-1,3.861002326E-1,5.210651159E-1,6.588267878E-1
6.800038642E1,2.050211877E-1,4.660579264E-1,4.819711149E-1,7.010990185E-1
6.801036842E1,3.231734037E-1,5.433681607E-1,3.936947882E-1,7.447721754E-1
6.802034942E1,4.454492331E-1,6.086392999E-1,2.643105984E-1,7.992039220E-1
6.803033142E1,5.072723627E-1,6.431693435E-1,1.141295955E-1,8.270535768E-1
6.804031342E1,5.107337236E-1,6.009102464E-1,-4.686468467E-2,7.900242777E-1
6.805029442E1,5.009823442E-1,4.971439242E-1,-2.484766245E-1,7.482486375E-1
6.806027642E1,4.794374108E-1,3.510628939E-1,-4.467530251E-1,7.434336902E-1
6.807025842E1,4.173596501E-1,2.008254677E-1,-5.969334841E-1,7.555458493E-1
6.808024042E1,3.309485018E-1,6.422846019E-2,-6.875665784E-1,7.657675925E-1
6.809022142E1,2.642141879E-1,-4.178079963E-2,-7.166754603E-1,7.649695992E-1
6.810020342E1,2.600612342E-1,-7.907196879E-2,-6.971967816E-1,7.483098116E-1
6.811018542E1,3.367772996E-1,1.008401066E-2,-6.260139346E-1,7.109248084E-1
6.812016742E1,4.778757989E-1,1.851223856E-1,-5.296148658E-1,7.369718332E-1
6.813014842E1,6.695107222E-1,3.793224990E-1,-4.288161099E-1,8.809162398E-1
6.814013042E1,8.723587394E-1,5.666569471E-1,-3.295927644E-1,1.091210913E0
6.815011242E1,1.037657380E0,6.756577492E-1,-2.296411544E-1,1.259357492E0
6.816009342E1,1.121238947E0,6.563351750E-1,-1.395175159E-1,1.306681972E0
6.817007542E1,1.112735987E0,5.286105275E-1,-4.452788830E-2,1.232717810E0
6.818005742E1,1.018903971E0,3.352096379E-1,5.109191313E-2,1.073844116E0
6.819003942E1,8.529927731E-1,9.035114944E-2,1.394260377E-1,8.690222213E-1
6.820002042E1,6.371828914E-1,-1.443172991E-1,2.072888315E-1,6.854182515E-1
6.821000242E1,3.905704319E-1,-3.280194998E-1,2.430769205E-1,5.650030476E-1
6.821998442E1,1.105124429E-1,-4.418909550E-1,2.541604042E-1,5.216110881E-1
6.822996642E1,-1.872065961E-1,-4.400762618E-1,2.700216472E-1,5.492040748E-1
6.823994742E1,-4.696638584E-1,-3.466022015E-1,3.124141991E-1,6.620572919E-1
6.824992942E1,-7.407661676E-1,-1.823368371E-1,3.832252622E-1,8.537229286E-1
6.825991142E1,-9.556275606E-1,-3.198435903E-2,4.760201573E-1,1.068102160E0
6.826989242E1,-1.089235783E0,5.891784653E-2,5.726084709E-1,1.231984725E0
6.827987442E1,-1.166465044E0,1.015127152E-1,6.609295607E-1,1.344534646E0
6.828985642E1,-1.163507819E0,2.311183661E-1,7.005723119E-1,1.377667488E0
6.829983842E1,-1.113099813E0,2.477051020E-1,7.703697681E-1,1.376160816E0
6.830981942E1,-1.084609151E0,1.830169111E-1,8.779215217E-1,1.407344449E0
6.831980142E1,-9.568706751E-1,8.619873226E-2,9.636133313E-1,1.360728615E0
6.832978342E1,-7.546094656E-1,1.079296023E-1,1.050919533E0,1.298274281E0
6.833976542E1,-4.977949858E-1,1.742186099E-1,1.149093032E0,1.264344402E0
6.834974642E1,-2.117450982E-1,2.242958993E-1,1.244897366E0,1.282542041E0
6.835972842E1,6.887189299E-2,2.489301264E-1,1.343237400E0,1.367843653E0
6.836971042E1,3.399803638E-1,2.555664480E-1,1.436734319E0,1.498367899E0
6.837969142E1,5.744217634E-1,2.169165313E-1,1.520303726E0,1.639614761E0
6.838967342E1,7.708176374E-1,9.332002699E-2,1.571193576E0,1.752574595E0
6.839965542E1,9.376403689E-1,-1.146595180E-1,1.571822762E0,1.833832889E0
6.840963742E1,1.083765626E0,-3.654773831E-1,1.545577884E0,1.922740920E0
6.841961842E1,1.200849414E0,-6.074215770E-1,1.496069074E0,2.012268113E0
6.842960042E1,1.294847369E0,-8.164304495E-1,1.439378142E0,2.101189621E0
6.843958242E1,1.364618301E0,-9.771625996E-1,1.360757709E0,2.160715482E0
6.844956442E1,1.416482091E0,-1.117609143E0,1.243378639E0,2.191223894E0
6.845954542E1,1.401682734E0,-1.248842835E0,1.082222700E0,2.166916909E0
6.846952742E1,1.304969788E0,-1.332418203E0,8.978091478E-1,2.069866102E0
6.847950942E1,1.137061477E0,-1.370830417E0,7.083916664E-1,1.916742963E0
6.848949042E1,9.237025976E-1,-1.341035604E0,5.218561292E-1,1.709952280E0
6.849947242E1,6.978777647E-1,-1.309603930E0,3.759437501E-1,1.530826421E0
6.850945442E1,5.068201423E-1,-1.286673546E0,2.745497525E-1,1.409884051E0
6.851943642E1,3.896065652E-1,-1.187456727E0,1.863661706E-1,1.263558113E0
6.852941742E1,3.361678421E-1,-9.493075609E-1,1.112501100E-1,1.013198031E0
6.853939942E1,3.596740663E-1,-5.821058154E-1,9.676826186E-3,6.843290548E-1
6.854938142E1,4.483378828E-1,-1.549406499E-1,-1.199637279E-1,4.892900552E-1
6.855936242E1,5.529657602E-1,1.789342612E-1,-2.456516773E-1,6.309780886E-1
6.856934442E1,5.907930732E-1,3.783589602E-1,-3.535653651E-1,7.856210444E-1
6.857932642E1,5.268970728E-1,4.200986922E-1,-4.535492063E-1,8.122870915E-1
6.858930842E1,3.571112454E-1,3.122667670E-1,-5.701253414E-1,7.416750503E-1
6.859928942E1,1.143130809E-1,1.215237081E-1,-7.389215827E-1,7.575226713E-1
6.860927142E1,-1.504892856E-1,-1.730740070E-2,-9.466729164E-1,9.587159026E-1
6.861925342E1,-4.153743386E-1,-1.071113199E-1,-1.167554855E0,1.243862137E0
6.862923542E1,-6.773092747E-1,-1.478736699E-1,-1.352647543E0,1.519957187E0
6.863921642E1,-8.721492290E-1,-1.469660848E-1,-1.472351313E0,1.717574364E0
6.864919842E1,-8.949946165E-1,-9.615057707E-2,-1.488915682E0,1.739864996E0
6.865918042E1,-7.661429644E-1,1.613150910E-2,-1.416972518E0,1.610914766E0
6.866916142E1,-5.356514454E-1,1.815276593E-1,-1.264071822E0,1.384829352E0
6.867914342E1,-3.045599759E-1,3.115037382E-1,-1.057860255E0,1.144054054E0
6.868912542E1,-9.133157879E-2,3.787517548E-1,-8.366058469E-1,9.228779400E-1
6.869910742E1,9.862942249E-2,4.193111956E-1,-6.114751697E-1,7.479649222E-1
6.870908842E1,2.338655293E-1,3.777041137E-1,-3.868859410E-1,5.890960997E-1
6.871907042E1,3.000979125E-1,2.451598942E-1,-1.810205579E-1,4.277038382E-1
6.872905242E1,3.319024444E-1,5.212678760E-2,6.833234802E-3,3.360403661E-1
6.873903442E1,3.166712523E-1,-1.467846930E-1,1.506055295E-1,3.801426754E-1
6.874901542E1,2.630501091E-1,-2.997425497E-1,2.327475399E-1,4.617492537E-1
6.875899742E1,1.834128946E-1,-4.013496339E-1,2.572418749E-1,5.107790136E-1
6.876897942E1,8.750768006E-2,-4.417463243E-1,2.415776998E-1,5.110354138E-1
6.877896042E1,-2.298294194E-2,-4.397803545E-1,1.997047067E-1,4.835462188E-1
6.878894242E1,-1.430741996E-1,-4.337975681E-1,1.200167909E-1,4.722865515E-1
6.879892442E1,-2.658531368E-1,-4.158827662E-1,1.055500284E-2,4.937081868E-1
6.880890642E1,-3.618624806E-1,-3.679362833E-1,-1.140026376E-1,5.285055959E-1
6.881888742E1,-4.285654128E-1,-2.767160833E-1,-2.502338588E-1,5.682051459E-1
6.882886892E1,-4.899603426E-1,-1.895351112E-1,-3.919790089E-1,6.554633774E-1
6.883885092E1,-5.554804206E-1,-1.255372316E-1,-5.148624778E-1,7.677248630E-1
6.884883292E1,-6.180418134E-1,-9.682890028E-2,-6.106065512E-1,8.741806903E-1
6.885881392E1,-6.449145079E-1,-1.195768043E-1,-6.845289469E-1,9.480470525E-1
6.886879592E1,-6.430662274E-1,-1.580528319E-1,-7.426835895E-1,9.950345645E-1
6.887877792E1,-6.033819914E-1,-1.958846003E-1,-7.608600259E-1,9.906303968E-1
6.888875892E1,-4.930701554E-1,-9.321654588E-2,-7.960669994E-1,9.410261262E-1
6.889874092E1,-3.967007995E-1,-1.274578869E-1,-7.216383815E-1,8.332940603E-1
6.890872292E1,-2.978887260E-1,-1.463250518E-1,-6.137430668E-1,6.977315142E-1
6.891870492E1,-1.669558287E-1,-2.178357095E-1,-5.485758185E-1,6.134020490E-1
6.892868592E1,-8.593475074E-2,-1.096743494E-1,-4.987653494E-1,5.178610992E-1
6.893866792E1,-2.103837207E-2,-1.521073133E-1,-4.412949383E-1,4.672477613E-1
6.894864992E1,4.894157406E-3,-2.012770027E-1,-4.412778914E-1,4.850387222E-1
6.895863192E1,3.665704979E-3,-3.121164143E-1,-4.693294466E-1,5.636490246E-1
6.896861292E1,-2.647675201E-2,-2.962940335E-1,-5.297869444E-1,6.075898116E-1
6.897859492E1,-1.048420966E-1,-1.919575185E-1,-6.146302223E-1,6.523878174E-1
6.898857692E1,-2.377985418E-1,-6.234173477E-2,-6.565486789E-1,7.010640528E-1
6.899855792E1,-3.756374717E-1,1.134575307E-1,-6.451764703E-1,7.551349543E-1
6.900853992E1,-4.688193202E-1,2.236724496E-1,-5.930506587E-1,7.883717419E-1
6.901852192E1,-4.912718534E-1,2.943338454E-1,-5.160767436E-1,7.709187064E-1
6.902850392E1,-4.623943865E-1,3.134369552E-1,-4.064676762E-1,6.908453266E-1
6.903848492E1,-4.180986285E-1,2.533792257E-1,-2.383575290E-1,5.438950329E-1
6.904846692E1,-3.521680832E-1,1.673948020E-1,-2.476509847E-2,3.907130515E-1
6.905844892E1,-2.494519800E-1,6.836807728E-2,1.975013167E-1,3.254339478E-1
6.906843092E1,-1.436685473E-1,-5.484307557E-2,3.536925018E-1,3.856770673E-1
6.907841192E1,2.015281096E-2,-3.044263646E-2,3.942589760E-1,3.959457413E-1
6.908839392E1,1.835185587E-1,1.080904752E-1,4.491757751E-1,4.971131553E-1
6.909837592E1,2.935937643E-1,2.693983912E-1,4.520497322E-1,6.025958447E-1
6.910835692E1,3.167536855E-1,3.500897884E-1,4.280754328E-1,6.372945421E-1
6.911833892E1,2.825462520E-1,4.340030551E-1,3.726751506E-1,6.380264918E-1
6.912832092E1,2.281117737E-1,5.070924759E-1,2.367327511E-1,6.043344735E-1
6.913830292E1,1.378238797E-1,3.898411691E-1,1.230242252E-1,4.314006478E-1
6.914828392E1,3.180931136E-2,1.697484851E-1,6.400483847E-2,1.841819748E-1
6.915826592E1,-5.802278966E-2,-1.009136289E-1,1.014000848E-1,1.543767529E-1
6.916824792E1,-9.752891958E-2,-3.493817747E-1,1.652325988E-1,3.985992051E-1
6.917822992E1,-8.932060748E-2,-4.361435473E-1,1.842684746E-1,4.818238636E-1
6.918821092E1,-4.241248965E-2,-4.014382958E-1,1.744070649E-1,4.397378184E-1
6.919819292E1,2.257333882E-2,-3.200396001E-1,1.941168308E-1,3.749883269E-1
6.920817492E1,1.090914533E-1,-1.776147932E-1,2.514299452E-1,3.265960460E-1
6.921815592E1,1.994578838E-1,3.030433320E-2,3.092554808E-1,3.692434866E-1
6.922813792E1,2.856092751E-1,1.637726426E-1,3.331885040E-1,4.684108407E-1
6.923811992E1,3.503554165E-1,2.072726935E-1,3.446836472E-1,5.334020097E-1
6.924810192E1,4.031531215E-1,1.956109852E-1,3.302794099E-1,5.566691885E-1
6.925808292E1,4.099877775E-1,2.713355720E-1,3.054032028E-1,5.787780979E-1
6.926806492E1,3.981233835E-1,3.063231111E-1,2.424229234E-1,5.577678287E-1
6.927804692E1,3.773668408E-1,2.385890782E-1,1.711356193E-1,4.781400224E-1
6.928802892E1,3.101204336E-1,1.440380663E-1,1.031480506E-1,3.571570638E-1
6.929800992E1,1.681304127E-1,1.023428291E-1,3.736990690E-2,2.003457019E-1
6.930799192E1,4.850140773E-3,1.029492635E-2,-2.061350085E-2,2.354624793E-2
6.931797392E1,-1.381831914E-1,-6.548506767E-2,-6.469906867E-2,1.660387243E-1
6.932795492E1,-2.647539079E-1,-1.331895441E-1,-1.232571900E-1,3.209772909E-1
6.933793692E1,-3.720772564E-1,-1.957405359E-1,-1.858850121E-1,4.596836737E-1
6.934791892E1,-4.884081483E-1,-2.313161194E-1,-2.302852422E-1,5.874359192E-1
6.935790092E1,-6.029558778E-1,-2.537726760E-1,-2.442411929E-1,6.982908577E-1
6.936788192E1,-7.090072632E-1,-2.972296178E-1,-2.299384177E-1,8.024390450E-1
6.937786392E1,-7.822134495E-1,-3.613332212E-1,-2.034888566E-1,8.853402126E-1
6.938784592E1,-8.169721961E-1,-3.688502610E-1,-1.858339608E-1,9.154388812E-1
6.939782692E1,-7.947671413E-1,-3.190200925E-1,-1.590639800E-1,8.710510766E-1
6.940780892E1,-7.197251320E-1,-2.722033262E-1,-1.239715144E-1,7.794022407E-1
6.941779092E1,-5.971983075E-1,-2.074642777E-1,-5.624471605E-2,6.347052175E-1
6.942777292E1,-4.566484094E-1,-1.577340066E-1,1.903671958E-2,4.834978628E-1
6.943775392E1,-3.042386472E-1,-1.455402225E-1,8.538389951E-2,3.478987225E-1
6.944773592E1,-1.667649299E-1,-1.421588063E-1,1.382252723E-1,2.590866534E-1
6.945771792E1,-3.879092261E-2,-1.574421674E-1,2.038855106E-1,2.605034993E-1
6.946769992E1,9.672882408E-2,-2.227753699E-1,3.055753708E-1,3.903352893E-1
6.947768092E1,2.259523869E-1,-2.478881478E-1,3.668586612E-1,4.970797645E-1
6.948766292E1,3.531540334E-1,-2.449874282E-1,3.904598653E-1,5.806853862E-1
6.949764492E1,4.596240222E-1,-2.672687769E-1,4.128304124E-1,6.731387601E-1
6.950762592E1,5.585228801E-1,-2.994871438E-1,4.081592560E-1,7.538131964E-1
6.951760792E1,6.388141513E-1,-3.434149623E-1,3.280418813E-1,7.960080603E-1
6.952758992E1,6.848088503E-1,-3.981237411E-1,2.273730636E-1,8.241141819E-1
6.953757192E1,6.803022027E-1,-4.472878277E-1,1.130968258E-1,8.219904986E-1
6.954755292E1,6.335099339E-1,-4.873806536E-1,-8.120148443E-3,7.993376475E-1
6.955753492E1,5.648964047E-1,-4.387139976E-1,-1.274798214E-1,7.265184269E-1
6.956751692E1,4.918056726E-1,-2.779371142E-1,-2.282533050E-1,6.092794354E-1
6.957749792E1,4.283155501E-1,-1.066806912E-1,-2.897425592E-1,5.280016391E-1
6.958747992E1,3.837185204E-1,-3.331433237E-2,-2.734703720E-1,4.723725140E-1
6.959746192E1,3.744266331E-1,-2.839761227E-2,-1.942113191E-1,4.227526043E-1
6.960744392E1,4.002507925E-1,-1.753697544E-2,-8.149889112E-2,4.088402031E-1
6.961742492E1,4.269820154E-1,-2.016259916E-2,2.569593489E-2,4.282294396E-1
6.962740692E1,4.603506327E-1,-5.944049731E-2,1.327928305E-1,4.827937588E-1
6.963738892E1,4.960011244E-1,-3.460491449E-2,1.505816877E-1,5.195088644E-1
6.964737092E1,5.265768766E-1,2.207141370E-2,9.077241272E-2,5.347990139E-1
6.965735192E1,5.244283676E-1,8.527567983E-2,3.224058822E-2,5.322936312E-1
6.966733392E1,5.074712038E-1,1.317092180E-1,-5.649620295E-2,5.273197908E-1
6.967731592E1,4.579509497E-1,1.683705598E-1,-1.430976093E-1,5.084728542E-1
6.968729692E1,3.539052308E-1,1.837441921E-1,-2.125664353E-1,4.518797738E-1
6.969727892E1,2.394719273E-1,1.579533517E-1,-2.934762537E-1,4.103953908E-1
6.970726092E1,1.237149611E-1,7.722681761E-2,-4.009068310E-1,4.266094937E-1
6.971724292E1,4.021097347E-2,-2.398501337E-2,-5.314992666E-1,5.335575636E-1
6.972722392E1,1.029994711E-2,-1.017517149E-1,-6.671617627E-1,6.749550489E-1
6.973720592E1,2.973688021E-2,-1.430810690E-1,-7.866018414E-1,8.000618297E-1
6.974718792E1,6.690075994E-2,-1.397752911E-1,-8.828167915E-1,8.963137459E-1
6.975716892E1,9.126012772E-2,-9.904035181E-2,-9.445463419E-1,9.540991532E-1
6.976715092E1,1.204864606E-1,-3.800682724E-2,-9.677536488E-1,9.759654865E-1
6.977713292E1,1.591455340E-1,2.326452732E-2,-9.493855834E-1,9.629130414E-1
6.978711492E1,2.052435279E-1,6.986558437E-2,-8.826164007E-1,9.088552230E-1
6.979709592E1,2.559103072E-1,7.196068764E-2,-7.722881436E-1,8.167603092E-1
6.980707792E1,3.020088077E-1,6.503380835E-2,-6.115626693E-1,6.851624731E-1
6.981705992E1,3.366735280E-1,1.113807410E-2,-4.197824597E-1,5.382289797E-1
6.982704221E1,3.491922319E-1,-5.283558369E-2,-2.268186063E-1,4.197302632E-1
6.983702321E1,3.367848992E-1,-1.331943125E-1,-5.531761423E-2,3.663670723E-1
6.984700521E1,2.954601049E-1,-2.007400692E-1,1.000496075E-1,3.709490166E-1
6.985698721E1,2.397849560E-1,-2.381599098E-1,2.222148627E-1,4.044705341E-1
6.986696821E1,1.446696222E-1,-2.462647110E-1,2.936781347E-1,4.096613898E-1
6.987695021E1,1.490270533E-2,-2.364389300E-1,3.105405867E-1,3.905904687E-1
6.988693221E1,-1.404562593E-1,-2.204919308E-1,2.868784070E-1,3.881286806E-1
6.989691421E1,-3.037025034E-1,-1.880626380E-1,2.080229372E-1,4.133718771E-1
6.990689521E1,-4.671366811E-1,-1.443710774E-1,7.192928344E-2,4.941998671E-1
6.991687721E1,-6.162772775E-1,-1.051917225E-1,-9.802912921E-2,6.328291170E-1
6.992685921E1,-7.379097342E-1,-6.286370754E-2,-2.799859047E-1,7.917415793E-1
6.993684021E1,-8.155660629E-1,-3.047941998E-2,-4.564783573E-1,9.351200397E-1
6.994682221E1,-8.468254805E-1,1.948361285E-2,-6.215639710E-1,1.050635415E0
6.995680421E1,-8.435366154E-1,9.393787384E-2,-7.670740485E-1,1.144019642E0
6.996678621E1,-8.059785962E-1,1.323936582E-1,-8.884606957E-1,1.206852098E0
6.997676721E1,-7.603949904E-1,1.354605705E-1,-9.807311893E-1,1.248352423E0
6.998674921E1,-6.965430379E-1,1.406731755E-1,-1.020938277E0,1.243895539E0
6.999673121E1,-6.093266010E-1,1.795273572E-1,-1.009134889E0,1.192418635E0
7.000671321E1,-4.864623249E-1,1.416681260E-1,-9.737148881E-1,1.097650279E0
7.001669421E1,-3.395139277E-1,2.019778192E-1,-8.935845494E-1,9.770148891E-1
7.002667621E1,-1.506774426E-1,1.278929412E-1,-7.895817161E-1,8.139407733E-1
7.003665821E1,4.404305667E-2,1.021026298E-1,-6.444295049E-1,6.539526929E-1
7.004663921E1,1.931739450E-1,1.590135843E-1,-4.610857666E-1,5.245965851E-1
7.005662121E1,3.010443747E-1,1.717567742E-1,-2.471620291E-1,4.256961048E-1
7.006660321E1,3.383038640E-1,1.008099020E-1,-3.235198557E-2,3.544838384E-1
7.007658521E1,3.470849097E-1,-4.130332544E-2,1.770969629E-1,3.918382747E-1
7.008656621E1,3.408941329E-1,-1.788148433E-1,3.758537471E-1,5.380052019E-1
7.009654821E1,3.265066445E-1,-2.650069594E-1,5.403611660E-1,6.847083081E-1
7.010653021E1,2.946669459E-1,-2.941355705E-1,6.687843800E-1,7.877924154E-1
7.011651121E1,2.212781459E-1,-2.537497580E-1,7.531436086E-1,8.249716678E-1
7.012649321E1,1.183539033E-1,-1.886352003E-1,8.047431707E-1,8.349865005E-1
7.013647521E1,1.344548352E-2,-1.134789586E-1,8.341827393E-1,8.419733354E-1
7.014645721E1,-6.152356789E-2,-4.507646710E-2,8.501436114E-1,8.535579637E-1
7.015643821E1,-1.034310609E-1,1.605427638E-2,8.733407259E-1,8.795906705E-1
7.016642021E1,-1.022305042E-1,7.079102844E-2,9.123759866E-1,9.208107224E-1
7.017640221E1,-5.950744078E-2,1.390878111E-1,9.476659894E-1,9.596652448E-1
7.018638321E1,7.136833854E-3,1.900646985E-1,9.674287438E-1,9.859482230E-1
7.019636521E1,9.552139789E-2,2.263209522E-1,9.400318861E-1,9.715994328E-1
7.020634721E1,2.038180381E-1,2.574080229E-1,8.532029986E-1,9.141969371E-1
7.021632921E1,3.122048080E-1,2.699307501E-1,7.077938914E-1,8.193330487E-1
7.022631021E1,4.122832119E-1,2.846721411E-1,5.212962031E-1,7.230251767E-1
7.023629221E1,4.895413816E-1,3.081487119E-1,3.026664257E-1,6.528501805E-1
7.024627421E1,5.301471353E-1,2.881718278E-1,7.664448023E-2,6.082543577E-1
7.025625521E1,5.263347030E-1,2.047371417E-1,-1.353958547E-1,5.807560195E-1
7.026623721E1,4.991621673E-1,6.230915338E-2,-3.172540963E-1,5.947230124E-1
7.027621921E1,4.722806811E-1,-9.694711864E-2,-4.290778935E-1,6.454112056E-1
7.028620121E1,4.311188459E-1,-2.307922691E-1,-4.589548409E-1,6.706475056E-1
7.029618221E1,3.757304847E-1,-3.096138239E-1,-4.416412711E-1,6.573287834E-1
7.030616421E1,3.053114414E-1,-3.141955435E-1,-4.306211174E-1,6.143032334E-1
7.031614621E1,2.327352017E-1,-2.435578555E-1,-4.679306149E-1,5.765805785E-1
7.032612821E1,2.000118792E-1,-1.335738301E-1,-5.484031439E-1,5.988261251E-1
7.033610921E1,2.273673713E-1,4.159268923E-3,-6.321932077E-1,6.718492933E-1
7.034609121E1,2.991512716E-1,1.292934865E-1,-6.797605157E-1,7.538452412E-1
7.035607321E1,3.934594989E-1,2.386972159E-1,-6.969909668E-1,8.352144311E-1
7.036605421E1,4.799248874E-1,3.298532367E-1,-6.812474728E-1,8.962305364E-1
7.037603621E1,5.287319422E-1,4.080612063E-1,-6.327800751E-1,9.200445849E-1
7.038601821E1,5.140989423E-1,4.416843951E-1,-5.834817290E-1,8.943342526E-1
7.039600021E1,4.388463199E-1,4.005519152E-1,-5.502446890E-1,8.098130321E-1
7.040598121E1,3.346852958E-1,3.007997572E-1,-5.286650658E-1,6.942488696E-1
7.041596321E1,2.299397737E-1,1.827641875E-1,-5.132861137E-1,5.913862378E-1
7.042594521E1,1.227342337E-1,5.762571841E-2,-4.851713777E-1,5.037615321E-1
7.043592621E1,6.880481727E-3,-6.982228905E-2,-4.233449101E-1,4.291193377E-1
7.044590821E1,-1.338513494E-1,-1.747995764E-1,-3.239064813E-1,3.916458659E-1
7.045589021E1,-2.944770455E-1,-2.391617745E-1,-2.057361454E-1,4.315581609E-1
7.046587221E1,-4.654200077E-1,-2.263905853E-1,-8.145121485E-2,5.239301300E-1
7.047585321E1,-6.277047396E-1,-2.279578596E-1,2.657465264E-2,6.683444007E-1
7.048583521E1,-7.680000663E-1,-1.930976063E-1,1.068615019E-1,7.990808269E-1
7.049581721E1,-8.832505345E-1,-1.531520635E-1,1.600549966E-1,9.106067555E-1
7.050579921E1,-9.599306583E-1,-9.761103988E-2,1.858218908E-1,9.826110925E-1
7.051578021E1,-9.886134267E-1,-3.294978663E-2,1.848883033E-1,1.006293138E0
7.052576221E1,-9.528881907E-1,5.521016568E-2,1.875501424E-1,9.727379515E-1
7.053574421E1,-8.607064486E-1,1.637875289E-1,1.926726103E-1,8.970867739E-1
7.054572521E1,-7.497192025E-1,2.522684038E-1,2.019406706E-1,8.163934496E-1
7.055570721E1,-6.336077452E-1,3.296137750E-1,2.141196430E-1,7.456213764E-1
7.056568921E1,-5.108869076E-1,3.653848171E-1,2.327412665E-1,6.698357963E-1
7.057567121E1,-3.739621937E-1,3.804098666E-1,2.571104467E-1,5.921698833E-1
7.058565221E1,-2.160875946E-1,3.797467351E-1,2.755073011E-1,5.165323846E-1
7.059563421E1,-3.306565806E-2,3.591751158E-1,2.989619374E-1,4.684851562E-1
7.060561621E1,1.481810957E-1,3.132781982E-1,3.183782697E-1,4.706013060E-1
7.061559721E1,3.100786507E-1,2.247031033E-1,3.376420438E-1,5.105314917E-1
7.062557921E1,4.568726122E-1,1.118620411E-1,3.687136769E-1,5.976583268E-1
7.063556121E1,5.598427057E-1,-2.026324719E-2,4.081870019E-1,6.931457876E-1
7.064554321E1,6.408294439E-1,-1.355762631E-1,4.541656673E-1,7.970632049E-1
7.065552421E1,6.827200651E-1,-2.256651372E-1,4.921861589E-1,8.713659716E-1
7.066550621E1,6.649754047E-1,-3.231965005E-1,5.159990788E-1,9.016115107E-1
7.067548821E1,5.799829960E-1,-4.163272381E-1,5.297771096E-1,8.890289257E-1
7.068547021E1,4.705563486E-1,-4.960785508E-1,5.322402716E-1,8.664853792E-1
7.069545121E1,3.417649567E-1,-5.422976613E-1,5.319498181E-1,8.329829819E-1
7.070543321E1,1.836368442E-1,-5.712036490E-1,5.160012245E-1,7.913617143E-1
7.071541521E1,-8.955025114E-3,-6.032246351E-1,4.685433507E-1,7.638671510E-1
7.072539621E1,-2.208435684E-1,-6.273797750E-1,3.637189269E-1,7.580690745E-1
7.073537821E1,-4.141898453E-1,-5.985633731E-1,1.901519895E-1,7.523224832E-1
7.074536021E1,-6.019738317E-1,-4.890552461E-1,-2.248570696E-2,7.759208302E-1
7.075534221E1,-7.562075853E-1,-3.047831357E-1,-2.467088252E-1,8.518262243E-1
7.076532321E1,-8.210081458E-1,-7.356029749E-2,-4.843128324E-1,9.560462397E-1
7.077530521E1,-7.659146190E-1,1.768338382E-1,-7.469900846E-1,1.084384432E0
7.078528721E1,-6.066206098E-1,3.909943402E-1,-1.010554671E0,1.241807506E0
7.079526821E1,-4.256147146E-1,5.406581163E-1,-1.245988488E0,1.423357438E0
7.080525021E1,-2.698000669E-1,5.630140305E-1,-1.417554855E0,1.548947592E0
7.081523221E1,-1.655537188E-1,4.266711175E-1,-1.522966504E0,1.590246286E0
7.082521429E1,-1.212086231E-1,1.641643941E-1,-1.594046235E0,1.607054722E0
7.083519529E1,-1.007933393E-1,-8.761966228E-2,-1.699303865E0,1.704543965E0
7.084517729E1,-8.607750386E-2,-2.099431753E-1,-1.827020645E0,1.841056738E0
7.085515929E1,-1.035808548E-1,-2.008530051E-1,-1.911596775E0,1.924908609E0
7.086514029E1,-1.498484761E-1,-1.278730631E-1,-1.920273900E0,1.930351765E0
7.087512229E1,-2.064687014E-1,-3.695114329E-2,-1.855605364E0,1.867422282E0
7.088510429E1,-2.394916266E-1,4.840512760E-3,-1.714851975E0,1.731501362E0
7.089508629E1,-2.250633389E-1,1.076658629E-2,-1.500576615E0,1.517398960E0
7.090506729E1,-1.707668155E-1,-3.738320898E-3,-1.238404870E0,1.250128754E0
7.091504929E1,-1.141936928E-1,6.439917535E-2,-9.367917776E-1,9.459208677E-1
7.092503129E1,-2.471653931E-2,9.896939993E-2,-6.208944917E-1,6.292184193E-1
7.093501229E1,6.215040386E-2,9.255731106E-2,-2.965112031E-1,3.167781906E-1
7.094499429E1,1.079112366E-1,1.081304103E-1,3.158075269E-3,1.527972318E-1
7.095497629E1,1.437667608E-1,1.038547326E-2,2.660997510E-1,3.026314872E-1
7.096495829E1,1.049383879E-1,-1.309133321E-1,4.829937220E-1,5.113054872E-1
7.097493929E1,4.073185474E-2,-2.551785409E-1,6.202492714E-1,6.719258370E-1
7.098492129E1,-4.081014171E-2,-3.572044969E-1,6.797972918E-1,7.690155253E-1
7.099490329E1,-1.219976619E-1,-4.274235368E-1,6.650252342E-1,7.998955378E-1
7.100488529E1,-2.016496062E-1,-4.787692726E-1,5.620916486E-1,7.653950623E-1
7.101486629E1,-2.616755664E-1,-4.994029403E-1,3.814521730E-1,6.807225272E-1
7.102484829E1,-2.972383499E-1,-4.584579170E-1,1.531327218E-1,5.674362773E-1
7.103483029E1,-3.166776299E-1,-3.761558235E-1,-8.607717603E-2,4.991865434E-1
7.104481129E1,-3.356902003E-1,-2.991776764E-1,-3.231781423E-1,5.537502184E-1
7.105479329E1,-3.580715358E-1,-2.299413681E-1,-5.429372191E-1,6.898326474E-1
7.106477529E1,-3.620937169E-1,-1.762238145E-1,-7.309843302E-1,8.345686212E-1
7.107475729E1,-3.447754979E-1,-1.379909366E-1,-8.602741957E-1,9.370076490E-1
7.108473829E1,-3.067460954E-1,-1.181631759E-1,-9.030438066E-1,9.610118728E-1
7.109472029E1,-2.435079068E-1,-1.168089509E-1,-8.703646660E-1,9.113040565E-1
7.110470229E1,-1.485646218E-1,-1.222567111E-1,-7.805916071E-1,8.039536102E-1
7.111468329E1,-2.456622012E-2,-1.227646023E-1,-6.556156874E-1,6.674627902E-1
7.112466529E1,1.076578647E-1,-1.378428936E-1,-5.264973640E-1,5.547885665E-1
7.113464729E1,2.444081903E-1,-1.370588392E-1,-3.649214208E-1,4.600957859E-1
7.114462929E1,3.664238453E-1,-1.724442542E-1,-1.845630854E-1,4.450471747E-1
7.115461029E1,4.704179168E-1,-2.201113850E-1,-4.946474219E-4,5.193671947E-1
7.116459229E1,5.553008318E-1,-2.632021308E-1,1.722571552E-1,6.382060035E-1
7.117457429E1,6.186559796E-1,-2.752369642E-1,3.174363077E-1,7.478344851E-1
7.118455529E1,6.561700106E-1,-2.647662163E-1,4.246056378E-1,8.251970551E-1
7.119453729E1,6.724869609E-1,-2.344109714E-1,4.736633897E-1,8.553035852E-1
7.120451929E1,6.503403783E-1,-1.986670941E-1,4.426530004E-1,8.113894876E-1
7.121450129E1,5.711234212E-1,-1.133300811E-1,3.519888818E-1,6.803835995E-1
7.122448229E1,4.351323247E-1,-8.107520640E-3,2.309807241E-1,4.927047461E-1
7.123446429E1,2.738330364E-1,1.177148670E-1,1.193486005E-1,3.210691673E-1
7.124444629E1,1.291021854E-1,2.527741492E-1,3.469736502E-2,2.859476384E-1
7.125442729E1,2.505579963E-2,3.785368502E-1,-2.509946749E-2,3.801945861E-1
7.126440929E1,-4.707378522E-2,4.885022342E-1,-4.814086854E-2,4.931205910E-1
7.127439129E1,-1.002475098E-1,5.633972883E-1,-4.649635777E-2,5.741323706E-1
7.128437329E1,-1.353207976E-1,5.868155360E-1,-3.798888996E-2,6.034130818E-1
7.129435429E1,-1.423674375E-1,5.895015597E-1,-3.474755585E-2,6.074437989E-1
7.130433629E1,-1.197430789E-1,5.752387643E-1,-4.217031971E-2,5.890809594E-1
7.131431829E1,-6.664786488E-2,5.661046505E-1,-7.945743203E-2,5.755257568E-1
7.132430029E1,1.453567110E-2,5.935024619E-1,-1.454644203E-1,6.112416507E-1
7.133428129E1,1.027696207E-1,6.661446691E-1,-2.257409394E-1,7.108229644E-1
7.134426329E1,1.992197186E-1,7.653468847E-1,-3.150497973E-1,8.512935598E-1
7.135424529E1,2.649179995E-1,9.358885288E-1,-3.960081637E-1,1.050186341E0
7.136422629E1,2.824032605E-1,1.111454487E0,-4.424462318E-1,1.229162864E0
7.137420829E1,2.475867271E-1,1.116101503E0,-4.880571067E-1,1.243053294E0
7.138419029E1,1.979331523E-1,9.047306180E-1,-5.144365430E-1,1.059414924E0
7.139417229E1,2.094812244E-1,6.423964500E-1,-4.549404383E-1,8.145712890E-1
7.140415329E1,2.586846948E-1,4.510571361E-1,-2.896116674E-1,5.951850378E-1
7.141413529E1,2.679214180E-1,2.561555803E-1,-5.281690508E-2,3.744158022E-1
7.142411729E1,2.578019500E-1,1.102407053E-1,1.710697114E-1,3.284504600E-1
7.143409829E1,2.656636238E-1,6.362339854E-2,3.491616249E-1,4.433271232E-1
7.144408029E1,3.540326357E-1,1.177683845E-1,4.842672348E-1,6.113290883E-1
7.145406229E1,5.050281286E-1,2.696013451E-1,5.632542372E-1,8.031149554E-1
7.146404429E1,6.569364071E-1,4.575222433E-1,6.159970760E-1,1.010121004E0
7.147402529E1,7.397922277E-1,5.433322191E-1,6.244763136E-1,1.110168053E0
7.148400729E1,7.689711452E-1,4.782733321E-1,6.084036231E-1,1.090970655E0
7.149398929E1,7.341904640E-1,3.814357519E-1,5.587460995E-1,9.983616950E-1
7.150397029E1,6.332044601E-1,3.017568886E-1,4.939188957E-1,8.578816840E-1
7.151395229E1,4.738768935E-1,1.733360291E-1,4.165824056E-1,6.543283501E-1
7.152393429E1,2.729464471E-1,-3.829232603E-2,3.145130277E-1,4.181919533E-1
7.153391629E1,5.407864973E-2,-2.788341045E-1,2.069916874E-1,3.514520122E-1
7.154389729E1,-1.519181877E-1,-4.565396607E-1,1.100097522E-1,4.935683774E-1
7.155387929E1,-3.266782761E-1,-5.231524706E-1,3.179278597E-2,6.175904669E-1
7.156386129E1,-4.909412563E-1,-4.856010973E-1,-3.580969200E-2,6.914579357E-1
7.157384329E1,-6.160205007E-1,-4.287370443E-1,-9.205333889E-2,7.561550949E-1
7.158382429E1,-7.044241428E-1,-3.785441816E-1,-1.360085309E-1,8.111765473E-1
7.159380629E1,-7.602278590E-1,-3.446247876E-1,-1.802685410E-1,8.539375789E-1
7.160378829E1,-7.987592816E-1,-3.376140296E-1,-2.166462541E-1,8.938317640E-1
7.161376929E1,-7.975149751E-1,-2.918031514E-1,-2.424981594E-1,8.831673522E-1
7.162375129E1,-7.139143944E-1,-1.621279866E-1,-2.654429078E-1,7.787292108E-1
7.163373329E1,-6.526541114E-1,-1.118613482E-1,-2.620320320E-1,7.121314037E-1
7.164371529E1,-5.464826822E-1,3.942590579E-2,-2.202776819E-1,5.905251740E-1
7.165369629E1,-4.262610674E-1,2.838074267E-1,-1.762994379E-1,5.415963855E-1
7.166367829E1,-2.865372598E-1,2.815773189E-1,-1.694463193E-1,4.360062418E-1
7.167366029E1,-1.437351555E-1,1.204957366E-1,-1.814222336E-1,2.609464395E-1
7.168364129E1,3.815683536E-3,-3.445576504E-2,-1.674859077E-1,1.710359274E-1
7.169362329E1,1.223598644E-1,-1.924379468E-1,-1.492161453E-1,2.725247838E-1
7.170360529E1,2.310312241E-1,-2.989082038E-1,-1.289862394E-1,3.991979344E-1
7.171358729E1,3.125600219E-1,-3.806933463E-1,-1.300177574E-1,5.094367560E-1
7.172356829E1,3.803308010E-1,-4.421891868E-1,-1.387904733E-1,5.995378142E-1
7.173355029E1,4.293815494E-1,-4.941341281E-1,-1.502690911E-1,6.716530736E-1
7.174353229E1,4.629160762E-1,-5.455733538E-1,-1.661580503E-1,7.345407243E-1
7.175351329E1,4.813539982E-1,-6.054210067E-1,-1.807420552E-1,7.942946288E-1
7.176349529E1,4.838669598E-1,-6.554713845E-1,-1.847048402E-1,8.353956241E-1
7.177347729E1,4.677380621E-1,-7.206434011E-1,-1.833039522E-1,8.784680673E-1
7.178345929E1,4.329337180E-1,-7.872400284E-1,-1.845510900E-1,9.171900410E-1
7.179344029E1,3.760719001E-1,-8.331966400E-1,-1.916610003E-1,9.340131980E-1
7.180342229E1,2.963656187E-1,-8.513410091E-1,-2.174113691E-1,9.272981167E-1
7.181340429E1,1.817055643E-1,-8.377953768E-1,-2.789897323E-1,9.015283002E-1
7.182338529E1,4.640872777E-2,-7.699103355E-1,-3.874365687E-1,8.631470266E-1
7.183336754E1,-1.081757694E-1,-6.551968455E-1,-5.226821899E-1,8.450926430E-1
7.184334954E1,-2.533923686E-1,-5.030879974E-1,-6.520956159E-1,8.617040779E-1
7.185333154E1,-3.543291688E-1,-3.626392484E-1,-7.478919029E-1,9.035478309E-1
7.186331254E1,-4.015052021E-1,-2.865745723E-1,-7.942021489E-1,9.349269844E-1
7.187329454E1,-3.882927299E-1,-2.708134353E-1,-8.095728755E-1,9.378269571E-1
7.188327654E1,-3.160576820E-1,-2.818128169E-1,-8.359211087E-1,9.370565736E-1
7.189325854E1,-1.698645353E-1,-3.041948378E-1,-8.973401785E-1,9.626047245E-1
7.190323954E1,4.491833597E-2,-3.160118163E-1,-9.893206954E-1,1.039536706E0
7.191322154E1,3.004659712E-1,-2.864674926E-1,-1.106702328E0,1.182004004E0
7.192320354E1,5.438448787E-1,-2.496093512E-1,-1.222629428E0,1.361210784E0
7.193318454E1,7.193333507E-1,-2.554110289E-1,-1.313683271E0,1.519354797E0
7.194316654E1,8.180441856E-1,-2.961158752E-1,-1.381454110E0,1.632573539E0
7.195314854E1,8.357034922E-1,-3.805095851E-1,-1.437427163E0,1.705691860E0
7.196313054E1,7.920790315E-1,-4.856855273E-1,-1.502409816E0,1.766497913E0
7.197311154E1,7.240338326E-1,-5.816040635E-1,-1.566008806E0,1.820678955E0
7.198309354E1,6.274239421E-1,-6.236388683E-1,-1.608565092E0,1.835774468E0
7.199307554E1,5.279078484E-1,-6.106247902E-1,-1.594234586E0,1.786934035E0
7.200305654E1,4.750491679E-1,-5.208999515E-1,-1.491155148E0,1.649409635E0
7.201303854E1,4.835560322E-1,-3.982670307E-1,-1.295476675E0,1.438993704E0
7.202302054E1,5.377132893E-1,-2.833851874E-1,-1.058854580E0,1.220907764E0
7.203300254E1,5.718855262E-1,-2.096816748E-1,-7.984793186E-1,1.004285160E0
7.204298354E1,5.333442688E-1,-1.940036416E-1,-5.365238190E-1,7.809938094E-1
7.205296554E1,4.569106400E-1,-2.214168608E-1,-2.902953029E-1,5.848624813E-1
7.206294754E1,3.548037112E-1,-2.633227706E-1,-1.087481529E-1,4.550282582E-1
7.207292854E1,2.572906017E-1,-3.190560937E-1,1.833582669E-2,4.102821556E-1
7.208291054E1,1.641779542E-1,-3.820052147E-1,8.225089312E-2,4.238485509E-1
7.209289254E1,6.168262661E-2,-4.664481878E-1,6.697227806E-2,4.752514538E-1
7.210287454E1,-5.984886736E-2,-5.179095268E-1,-1.435826439E-2,5.215537601E-1
7.211285554E1,-1.886518151E-1,-5.123283267E-1,-1.505241692E-1,5.663279502E-1
7.212283754E1,-3.025861084E-1,-4.859031141E-1,-3.320302963E-1,6.617433845E-1
7.213281954E1,-4.002672732E-1,-4.113061130E-1,-5.552454591E-1,7.985512685E-1
7.214280154E1,-4.637636840E-1,-3.312224746E-1,-7.901631594E-1,9.742396526E-1
7.215278254E1,-4.985121191E-1,-2.322809696E-1,-1.015850782E0,1.155171673E0
7.216276454E1,-4.990285039E-1,-1.501924843E-1,-1.210353851E0,1.317779828E0
7.217274654E1,-4.842155278E-1,-7.951405644E-2,-1.357504249E0,1.443469760E0
7.218272754E1,-4.499076009E-1,-4.932365939E-2,-1.440605998E0,1.510031561E0
7.219270954E1,-3.851175010E-1,-2.460232191E-2,-1.463482857E0,1.513506801E0
7.220269154E1,-3.014777303E-1,5.143855698E-3,-1.446744442E0,1.477831100E0
7.221267354E1,-2.013345808E-1,4.439885169E-2,-1.378381729E0,1.393715560E0
7.222265454E1,-8.602102846E-2,1.533508897E-1,-1.265181899E0,1.277341517E0
7.223263654E1,2.921979874E-2,1.206773669E-1,-1.125676990E0,1.132504088E0
7.224261854E1,1.252914816E-1,7.527072728E-2,-9.598578811E-1,9.709226486E-1
7.225259954E1,2.236715406E-1,-1.684054732E-2,-7.705066800E-1,8.024918106E-1
7.226258154E1,3.220992982E-1,-1.226910800E-1,-5.527192354E-1,6.513828461E-1
7.227256354E1,4.066823721E-1,-1.901510656E-1,-3.425853848E-1,5.647235832E-1
7.228254554E1,4.534725249E-1,-2.251186371E-1,-1.608920246E-1,5.312268585E-1
7.229252654E1,4.520670474E-1,-2.439014018E-1,-1.477665082E-2,5.138782526E-1
7.230250854E1,4.224572182E-1,-2.440414876E-1,9.782605618E-2,4.975904803E-1
7.231249054E1,3.586549759E-1,-2.296753377E-1,1.753594726E-1,4.605812600E-1
7.232247154E1,2.682603598E-1,-2.187507898E-1,2.254897505E-1,4.131115542E-1
7.233245354E1,1.317457259E-1,-1.926419288E-1,2.378087938E-1,3.331979463E-1
7.234243554E1,-5.125177652E-2,-1.566695571E-1,2.255904824E-1,2.793978533E-1
7.235241754E1,-2.725023031E-1,-1.253252178E-1,1.805248708E-1,3.500759123E-1
7.236239854E1,-5.112501979E-1,-7.728471607E-2,1.467008591E-1,5.374670541E-1
7.237238054E1,-7.562047839E-1,5.756017938E-2,1.034290865E-1,7.654125851E-1
7.238236254E1,-9.913989305E-1,1.969510913E-1,5.166309327E-2,1.012092213E0
7.239234454E1,-1.199370742E0,3.063249886E-1,3.649635706E-3,1.237876607E0
7.240232554E1,-1.283908725E0,3.092859089E-1,-1.905194856E-2,1.320773396E0
7.241230754E1,-1.304864049E0,3.353521228E-1,1.836739480E-2,1.347393259E0
7.242228954E1,-1.239636302E0,3.424169421E-1,8.974996209E-2,1.289186790E0
7.243227054E1,-1.095780253E0,3.045359254E-1,1.751594245E-1,1.150720347E0
7.244225254E1,-8.952884674E-1,2.479863465E-1,2.648616135E-1,9.660177753E-1
7.245223454E1,-6.602805257E-1,1.820062250E-1,3.516580164E-1,7.699090849E-1
7.246221654E1,-4.086154997E-1,1.154178828E-1,4.303573370E-1,6.045621158E-1
7.247219754E1,-1.584031284E-1,4.650140554E-2,5.029855371E-1,5.293849094E-1
7.248217954E1,8.568409830E-2,-2.244561445E-3,5.594519973E-1,5.659799820E-1
7.249216154E1,3.002870977E-1,-3.236148134E-2,5.854191780E-1,6.587375961E-1
7.250214254E1,4.997024536E-1,-2.259434015E-2,5.531789064E-1,7.458015479E-1
7.251212454E1,6.883875132E-1,4.600127414E-2,4.629681706E-1,8.308628121E-1
7.252210654E1,8.467169404E-1,1.941902041E-1,3.408111036E-1,9.331621622E-1
7.253208854E1,9.531602859E-1,3.595812917E-1,2.409239709E-1,1.046832172E0
7.254206954E1,1.001333833E0,3.919277787E-1,1.972678304E-1,1.093248108E0
7.255205154E1,9.974960685E-1,2.351405621E-1,2.429461032E-1,1.053238957E0
7.256203354E1,1.011945486E0,-9.689705074E-2,3.931346834E-1,1.089943845E0
7.257201454E1,1.071049213E0,-4.746866524E-1,6.387690902E-1,1.334353696E0
7.258199654E1,1.177511454E0,-7.277532816E-1,8.972725272E-1,1.649623003E0
7.259197854E1,1.301542640E0,-7.701846361E-1,1.098649740E0,1.869285657E0
7.260196054E1,1.411520004E0,-6.099025011E-1,1.236546636E0,1.973174439E0
7.261194154E1,1.531693816E0,-3.314722478E-1,1.340924978E0,2.062532326E0
7.262192354E1,1.648769855E0,-4.023828357E-2,1.410670519E0,2.170265530E0
7.263190554E1,1.665903211E0,1.843200177E-1,1.456448674E0,2.220461690E0
7.264188654E1,1.533254862E0,2.768597901E-1,1.488561273E0,2.154840244E0
7.265186854E1,1.240290284E0,2.363799959E-1,1.488094091E0,1.951568476E0
7.266185054E1,8.188562989E-1,9.403190762E-2,1.445271254E0,1.663783830E0
7.267183254E1,3.509483933E-1,-7.560931891E-2,1.350315094E0,1.397223102E0
7.268181354E1,-1.083126664E-1,-2.186719328E-1,1.170341849E0,1.195512063E0
7.269179554E1,-5.317825675E-1,-2.482639253E-1,8.971421719E-1,1.072050256E0
7.270177754E1,-9.294937253E-1,-1.196175218E-1,5.489727259E-1,1.086111408E0
7.271175954E1,-1.270887733E0,1.153305322E-1,1.611134261E-1,1.286240373E0
7.272174054E1,-1.539714694E0,3.536182046E-1,-2.286119610E-1,1.596255181E0
7.273172254E1,-1.734199405E0,5.075784922E-1,-5.979390144E-1,1.903316728E0
7.274170454E1,-1.836733580E0,5.660513639E-1,-9.130674005E-1,2.127838449E0
7.275168554E1,-1.861536860E0,5.590954423E-1,-1.153119326E0,2.259998092E0
7.276166754E1,-1.811925888E0,5.096341372E-1,-1.294892788E0,2.284633386E0
7.277164954E1,-1.700437903E0,4.244106114E-1,-1.344335079E0,2.208811951E0
7.278163154E1,-1.541064024E0,3.420358300E-1,-1.322291255E0,2.059203972E0
7.279161254E1,-1.345884085E0,2.349410951E-1,-1.242835879E0,1.846954875E0
7.280159454E1,-1.095937371E0,1.998938918E-1,-1.120328665E0,1.579928038E0
7.281157654E1,-7.907232046E-1,2.002425194E-1,-9.694068432E-1,1.266921418E0
7.282155754E1,-4.939804971E-1,1.020951718E-1,-7.592173815E-1,9.115103883E-1
7.283153867E1,-2.244177312E-1,7.198171318E-2,-4.924728572E-1,5.459617205E-1
7.284152067E1,1.986658759E-2,3.077862039E-2,-2.202594429E-1,2.232850801E-1
7.285150267E1,2.307344675E-1,-7.889194041E-2,7.443918288E-2,2.549578881E-1
7.286148367E1,4.131074548E-1,-1.310209185E-1,3.112533092E-1,5.335755549E-1
7.287146567E1,5.617170930E-1,-1.727425456E-1,5.075376034E-1,7.765053113E-1
7.288144767E1,6.678150296E-1,-2.150969207E-1,6.576466560E-1,9.616354420E-1
7.289142867E1,7.470760942E-1,-2.743429244E-1,7.623166442E-1,1.102049634E0
7.290141067E1,8.113626838E-1,-3.468421698E-1,8.204433322E-1,1.204880142E0
7.291139267E1,8.698149920E-1,-3.958973289E-1,8.589754701E-1,1.284971468E0
7.292137467E1,9.209727049E-1,-4.189347327E-1,8.785547614E-1,1.339983396E0
7.293135567E1,9.770504236E-1,-4.274224937E-1,8.701795340E-1,1.376419246E0
7.294133767E1,1.021810651E0,-4.300292134E-1,8.418549895E-1,1.392028000E0
7.295131967E1,1.053776145E0,-4.392959177E-1,7.929068804E-1,1.390009492E0
7.296130067E1,1.078012824E0,-4.489874244E-1,7.163564563E-1,1.369988295E0
7.297128267E1,1.088765383E0,-4.728032649E-1,6.113712788E-1,1.335188311E0
7.298126467E1,1.090167522E0,-5.235000253E-1,4.954526722E-1,1.306901241E0
7.299124667E1,1.066322684E0,-5.718225241E-1,3.716618121E-1,1.265763631E0
7.300122767E1,1.005197048E0,-5.729996562E-1,2.502461672E-1,1.183795952E0
7.301120967E1,9.082481265E-1,-4.826431274E-1,1.223757491E-1,1.035777424E0
7.302119167E1,8.055278659E-1,-3.220388293E-1,-1.811505482E-2,8.677051951E-1
7.303117367E1,6.971202493E-1,-1.365759969E-1,-1.713840216E-1,7.307544921E-1
7.304115467E1,6.014246345E-1,2.355854958E-2,-3.075716794E-1,6.759193252E-1
7.305113667E1,5.219051242E-1,1.346341968E-1,-4.112002254E-1,6.779358015E-1
7.306111867E1,4.567266703E-1,2.283234149E-1,-4.973359108E-1,7.127929863E-1
7.307109967E1,4.190738201E-1,2.550578117E-1,-5.936817527E-1,7.701528274E-1
7.308108167E1,4.034043252E-1,2.699352801E-1,-6.978017688E-1,8.500161255E-1
7.309106367E1,4.373662472E-1,4.429100156E-1,-7.892453074E-1,1.005169971E0
7.310104567E1,5.005183220E-1,4.285534322E-1,-8.454920650E-1,1.071929786E0
7.311102667E1,5.922780633E-1,2.950203717E-1,-8.162413239E-1,1.050752218E0
7.312100867E1,6.662635803E-1,9.085179865E-2,-6.784264445E-1,9.552086936E-1
7.313099067E1,7.313829660E-1,-4.565914720E-2,-4.978881180E-1,8.859449073E-1
7.314097167E1,6.969230175E-1,-1.601772159E-1,-4.099092782E-1,8.242475654E-1
7.315095367E1,5.332738757E-1,-4.189469814E-1,-4.553517699E-1,8.168493338E-1
7.316093567E1,3.371298909E-1,-6.943812370E-1,-5.037935972E-1,9.217536842E-1
7.317091767E1,1.458076686E-1,-7.641352415E-1,-4.796458781E-1,9.139051985E-1
7.318089867E1,-3.779570758E-2,-6.140594482E-1,-3.572762609E-1,7.114378736E-1
7.319088067E1,-1.936912686E-1,-3.352523446E-1,-1.364122629E-1,4.105103501E-1
7.320086267E1,-2.693532705E-1,-2.935379744E-3,1.458713561E-1,3.063303010E-1
7.321084367E1,-3.516651094E-1,2.421286702E-1,4.185391068E-1,5.978876367E-1
7.322082567E1,-4.941332936E-1,3.883399665E-1,6.579756737E-1,9.098942953E-1
7.323080767E1,-6.535768509E-1,4.615103304E-1,8.047453761E-1,1.134799368E0
7.324078967E1,-7.774357200E-1,5.151399970E-1,8.623442054E-1,1.270201970E0
7.325077067E1,-9.043951631E-1,4.596133530E-1,8.696464300E-1,1.336211046E0
7.326075267E1,-9.924296737E-1,4.039871097E-1,7.941735387E-1,1.333729302E0
7.327073467E1,-1.048335433E0,3.372754455E-1,6.683877707E-1,1.288217419E0
7.328071667E1,-1.085688710E0,2.958430350E-1,5.278497934E-1,1.242927384E0
7.329069767E1,-1.106288433E0,2.750922441E-1,3.894750476E-1,1.204674501E0
7.330067967E1,-1.119925141E0,2.821706533E-1,2.509142160E-1,1.181867397E0
7.331066167E1,-1.128315330E0,3.070752025E-1,1.347650290E-1,1.177094846E0
7.332064267E1,-1.109671116E0,3.309136927E-1,4.611080512E-2,1.158878796E0
7.333062467E1,-1.079413295E0,3.614851534E-1,-1.630104706E-2,1.138450834E0
7.334060667E1,-1.025033474E0,3.698022068E-1,-6.148823351E-2,1.091433964E0
7.335058867E1,-9.439934492E-1,3.271940351E-1,-8.578924090E-2,1.002765856E0
7.336056967E1,-7.952215672E-1,3.164580464E-1,-9.695427865E-2,8.613496202E-1
7.337055167E1,-6.060788035E-1,2.473642230E-1,-9.749674797E-2,6.618354711E-1
7.338053367E1,-4.318555593E-1,2.062977552E-1,-6.640060991E-2,4.831842598E-1
7.339051467E1,-2.960001826E-1,2.144320756E-1,2.882303437E-3,3.655209034E-1
7.340049667E1,-1.998979002E-1,6.364016235E-2,1.034248844E-1,2.338930257E-1
7.341047867E1,-1.127759889E-1,-5.132314563E-2,2.092589885E-1,2.431908987E-1
7.342046067E1,-4.826437309E-2,-5.152901262E-2,2.981257439E-1,3.063717481E-1
7.343044167E1,-2.728251927E-2,3.193574771E-2,3.570155501E-1,3.594778587E-1
7.344042367E1,-5.431067571E-2,6.474668533E-2,3.878387213E-1,3.969391093E-1
7.345040567E1,-1.244226173E-1,3.184896335E-2,3.578492701E-1,3.801992166E-1
7.346038667E1,-2.203304917E-1,-3.184213117E-2,2.496218532E-1,3.344705017E-1
7.347036867E1,-3.170284033E-1,-7.731027901E-2,1.028993204E-1,3.421580890E-1
7.348035067E1,-4.280161858E-1,-3.411779553E-2,-2.999587730E-2,4.304202968E-1
7.349033267E1,-5.250512362E-1,2.732666954E-2,-1.386960447E-1,5.437482324E-1
7.350031367E1,-5.767807364E-1,7.630593330E-2,-2.297050506E-1,6.255102107E-1
7.351029567E1,-5.726725459E-1,1.455933601E-1,-3.047833741E-1,6.648640285E-1
7.352027767E1,-5.222333670E-1,2.168534249E-1,-3.225208223E-1,6.509783240E-1
7.353025867E1,-4.592081010E-1,3.090555072E-1,-2.782667577E-1,6.195318999E-1
7.354024067E1,-3.953982294E-1,3.924598694E-1,-1.859208345E-1,5.873083224E-1
7.355022267E1,-3.200484216E-1,4.414750636E-1,-7.278562337E-2,5.501172338E-1
7.356020467E1,-2.102880925E-1,4.426399469E-1,3.820959851E-2,4.915395995E-1
7.357018567E1,-8.227356523E-2,4.436333179E-1,1.403566152E-1,4.725245388E-1
7.358016767E1,3.963369504E-2,4.732537866E-1,2.007925361E-1,5.156138272E-1
7.359014967E1,1.367992610E-1,5.387862325E-1,2.402095199E-1,6.055619337E-1
7.360013167E1,2.228270918E-1,5.733258128E-1,3.114498556E-1,6.894602331E-1
7.361011267E1,3.281006217E-1,4.281169474E-1,4.009400606E-1,6.720766852E-1
7.362009467E1,4.436035156E-1,7.250984758E-2,5.116513968E-1,6.810498578E-1
7.363007667E1,5.712333322E-1,-2.677492201E-1,6.407986283E-1,8.992330325E-1
7.364005767E1,7.208465338E-1,-4.468598366E-1,7.361278534E-1,1.123026115E0
7.365003967E1,8.810228109E-1,-4.197158515E-1,7.586631775E-1,1.236095630E0
7.366002167E1,1.054005027E0,-2.585484982E-1,6.879512072E-1,1.284932211E0
7.367000367E1,1.194975138E0,-3.776340932E-2,5.294099450E-1,1.307542177E0
7.367998467E1,1.268386483E0,1.768325120E-1,3.335389793E-1,1.323375328E0
7.368996667E1,1.255801797E0,3.146233857E-1,1.408585459E-1,1.302254644E0
7.369994867E1,1.160851598E0,3.805145323E-1,-4.408120736E-2,1.222420097E0
7.370992967E1,1.008970022E0,3.787674904E-1,-2.030542791E-1,1.096684256E0
7.371991167E1,8.151372671E-1,3.424214721E-1,-3.220033050E-1,9.409502416E-1
7.372989367E1,5.897149444E-1,3.091202676E-1,-4.108653665E-1,7.823869917E-1
7.373987567E1,3.694840372E-1,2.886314988E-1,-4.751900434E-1,6.675568689E-1
7.374985667E1,1.530254036E-1,2.704117298E-1,-5.056057572E-1,5.934445716E-1
7.375983867E1,-5.622527376E-2,1.626794189E-1,-4.514732957E-1,4.831707891E-1
7.376982067E1,-2.473625243E-1,5.516387150E-2,-3.609675765E-1,4.410542624E-1
7.377980167E1,-4.259714186E-1,-4.014507309E-2,-2.769387066E-1,5.096649131E-1
7.378978367E1,-6.111656427E-1,-1.222663075E-1,-2.019638568E-1,6.551808088E-1
7.379976567E1,-7.714679837E-1,-1.736935526E-1,-1.150577143E-1,7.991061117E-1
7.380974767E1,-8.940206766E-1,-1.806135029E-1,-2.613822371E-2,9.124568014E-1
7.381972867E1,-9.865388870E-1,-8.850647509E-2,6.633098423E-2,9.927195834E-1
7.382971092E1,-1.047989011E0,3.185351193E-2,1.260041893E-1,1.056017362E0
7.383969292E1,-1.117137790E0,1.165452302E-1,1.886430681E-1,1.138931885E0
7.384967492E1,-1.178192735E0,1.565008909E-1,2.660359740E-1,1.217951472E0
7.385965592E1,-1.186272979E0,1.979897320E-1,3.386888802E-1,1.249461353E0
7.386963792E1,-1.133484602E0,2.897383273E-1,4.086115956E-1,1.239233262E0
7.387961992E1,-1.013801098E0,3.580904901E-1,4.788292944E-1,1.176987238E0
7.388960092E1,-8.136807680E-1,4.093515277E-1,5.628429651E-1,1.070718109E0
7.389958292E1,-5.509021282E-1,4.379855692E-1,6.473909020E-1,9.562632973E-1
7.390956492E1,-2.402958572E-1,4.642680287E-1,7.369892597E-1,9.035707335E-1
7.391954692E1,7.304180413E-2,4.203066826E-1,8.158918023E-1,9.206911782E-1
7.392952792E1,3.575315475E-1,3.115847111E-1,8.966119885E-1,1.014311046E0
7.393950992E1,5.963233113E-1,2.087664604E-1,9.354989529E-1,1.128868113E0
7.394949192E1,8.103256226E-1,7.515862584E-2,9.107025266E-1,1.221333503E0
7.395947292E1,9.875276089E-1,-3.470395878E-2,8.066741228E-1,1.275593306E0
7.396945492E1,1.082645416E0,-1.624744236E-1,6.643889546E-1,1.280598188E0
7.397943692E1,1.113005161E0,-3.749459386E-1,5.685446858E-1,1.304840222E0
7.398941892E1,1.046830177E0,-6.133036613E-1,5.057028532E-1,1.314431503E0
7.399939992E1,1.002336502E0,-8.429712057E-1,4.321439862E-1,1.379140073E0
7.400938192E1,9.405988455E-1,-8.526006937E-1,3.411442339E-1,1.314546887E0
7.401936392E1,8.964729309E-1,-7.432989478E-1,2.582994103E-1,1.192843505E0
7.402934492E1,8.121873736E-1,-5.302734971E-1,1.696244180E-1,9.846881510E-1
7.403932692E1,6.919879913E-1,-3.441307843E-1,8.395852149E-2,7.773817660E-1
7.404930892E1,5.811079741E-1,-1.386636645E-1,1.206748281E-2,5.975447376E-1
7.405929092E1,4.632361829E-1,3.695344180E-2,-2.104759216E-2,4.651841777E-1
7.406927192E1,3.485958576E-1,7.620178908E-2,-3.780915868E-3,3.568474183E-1