"Time (s)","Linear Acceleration x (m/s^2)","Linear Acceleration y (m/s^2)","Linear Acceleration z (m/s^2)","Absolute acceleration (m/s^2)"
7.422901600E-2,0.000000000E0,0.000000000E0,0.000000000E0,0.000000000E0
7.921969300E-2,-1.838314533E-1,1.535844803E-2,-2.036199570E-1,2.747562047E-1
8.421037000E-2,-3.511819243E-1,4.830265045E-2,-2.924032211E-1,4.595231591E-1
8.920104700E-2,-4.610375762E-1,8.539676666E-2,-3.312559128E-1,5.740894827E-1
9.415828700E-2,-5.027737617E-1,7.038331032E-2,-3.140444756E-1,5.969582887E-1
9.914214100E-2,-5.199819207E-1,1.257324219E-2,-2.116603851E-1,5.615508908E-1
1.041259950E-1,-5.839068890E-1,-1.044297218E-2,-2.992630005E-2,5.847665295E-1
1.091098490E-1,-5.763943195E-1,-1.697731018E-2,1.846923828E-1,6.054997250E-1
1.141071930E-1,-5.070356727E-1,-2.869844437E-3,3.590641022E-1,6.213054312E-1
1.190938080E-1,-4.086469710E-1,6.199884415E-2,5.269756317E-1,6.697309310E-1
1.240804220E-1,-2.980878651E-1,1.324665546E-1,6.307125092E-1,7.100718503E-1
1.290670370E-1,-1.387747675E-1,1.692664623E-1,6.281890869E-1,6.652301108E-1
1.340457350E-1,1.511114836E-2,2.346518040E-1,6.151485443E-1,6.585571710E-1
1.390307870E-1,1.083718240E-1,2.916498184E-1,5.514335632E-1,6.331532543E-1
1.440157870E-1,2.176426947E-1,3.212447166E-1,4.168167114E-1,5.694757953E-1
1.490007870E-1,2.847781777E-1,4.149901867E-1,2.814626694E-1,5.766599516E-1
1.539835470E-1,3.105793595E-1,4.935257435E-1,1.799850464E-1,6.102637258E-1
1.589680780E-1,3.156822026E-1,5.539216995E-1,6.654548645E-2,6.410248076E-1
1.639526100E-1,2.856787741E-1,5.681116581E-1,-4.686355591E-3,6.359128714E-1
1.689371410E-1,2.588752210E-1,5.863211155E-1,-3.635025024E-2,6.419580759E-1
1.739207870E-1,2.078077495E-1,5.855345726E-1,1.508808136E-2,6.215001582E-1
1.789051100E-1,1.470624208E-1,5.209105015E-1,6.377315521E-2,5.450157076E-1
1.838894850E-1,7.420924306E-2,4.886095524E-1,1.261281967E-1,5.100535545E-1
1.888738080E-1,2.803951502E-2,4.708032608E-1,2.019166946E-1,5.130421780E-1
1.938598490E-1,-4.354748130E-2,3.909554482E-1,2.196102142E-1,4.505232422E-1
1.988444850E-1,-5.695024133E-2,2.831268311E-1,2.736587524E-1,3.978608365E-1
2.038292240E-1,-6.124675274E-4,1.777586937E-1,3.329687119E-1,3.774476008E-1
2.088139120E-1,6.747326255E-2,3.258252144E-2,3.676023483E-1,3.751609633E-1
2.138091200E-1,1.351280808E-1,-1.261632442E-1,3.461923599E-1,3.924613516E-1
2.187959430E-1,2.393729687E-1,-2.871172428E-1,3.099784851E-1,4.856154759E-1
2.237827140E-1,3.723895848E-1,-4.113669395E-1,2.408609390E-1,6.049055742E-1
2.287695370E-1,4.432092011E-1,-5.051264763E-1,5.857563019E-2,6.745504113E-1
2.337524530E-1,5.861592293E-1,-6.160895824E-1,-9.911918640E-2,8.561387906E-1
2.387384950E-1,6.969473958E-1,-6.788864136E-1,-3.052701950E-1,1.019711884E0
2.437244850E-1,8.205732107E-1,-7.181236744E-1,-5.751590729E-1,1.232821952E0
2.487105260E-1,8.959950209E-1,-7.623068094E-1,-8.585863113E-1,1.456395964E0
2.536930780E-1,9.666084051E-1,-7.505811453E-1,-1.137033939E0,1.670493952E0
2.586783910E-1,1.006928205E0,-7.959424257E-1,-1.399443626E0,1.898913168E0
2.636637030E-1,1.040772796E0,-8.246251345E-1,-1.681526661E0,2.142602748E0
2.686490680E-1,1.056146622E0,-8.623346090E-1,-1.985522747E0,2.408602758E0
2.736290160E-1,1.048290491E0,-9.273689985E-1,-2.224802017E0,2.628434939E0
2.786132350E-1,1.007467031E0,-1.016610622E0,-2.405766487E0,2.799321233E0
2.835975060E-1,9.757625461E-1,-1.143444777E0,-2.595342159E0,2.999229806E0
2.885817240E-1,9.403816462E-1,-1.339845181E0,-2.753587723E0,3.203396338E0
2.935650580E-1,9.054366350E-1,-1.489779115E0,-2.899883270E0,3.383575076E0
2.985490680E-1,8.585667014E-1,-1.674111128E0,-3.025023937E0,3.562380478E0
3.035331310E-1,7.619863749E-1,-1.864331722E0,-3.150387287E0,3.739157133E0
3.085171930E-1,6.937676072E-1,-2.013592243E0,-3.311024189E0,3.936844980E0
3.135087030E-1,6.389987469E-1,-2.132273674E0,-3.487338543E0,4.137202017E0
3.184942760E-1,5.833886862E-1,-2.195285559E0,-3.664854527E0,4.311702650E0
3.234798490E-1,5.339937210E-1,-2.278900385E0,-3.883338928E0,4.534187633E0
3.284654220E-1,5.423535109E-1,-2.382665634E0,-4.106706619E0,4.778732270E0
3.334482350E-1,4.877071381E-1,-2.494163513E0,-4.339515686E0,5.028926950E0
3.384332350E-1,4.068479538E-1,-2.650791168E0,-4.576829433E0,5.304675931E0
3.434182350E-1,2.979854345E-1,-2.792958021E0,-4.844294548E0,5.599696375E0
3.484032870E-1,1.123352051E-1,-2.908870220E0,-5.157764435E0,5.922556806E0
3.533922970E-1,-1.486036777E-1,-3.036242962E0,-5.441141129E0,6.232725821E0
3.583781310E-1,-4.456390142E-1,-3.195621490E0,-5.624351978E0,6.484128779E0
3.633639640E-1,-7.266726494E-1,-3.301289320E0,-5.753605843E0,6.673121047E0
3.683497970E-1,-1.022972584E0,-3.367836475E0,-5.862427235E0,6.837897960E0
3.734497970E-1,-1.368062496E0,-3.399365187E0,-5.884095192E0,6.931800264E0
3.785497970E-1,-1.636374354E0,-3.411026001E0,-5.808272362E0,6.931727579E0
3.835512560E-1,-1.822025895E0,-3.391904593E0,-5.641368866E0,6.830068653E0
3.885480260E-1,-1.943000913E0,-3.376720428E0,-5.447091579E0,6.696887342E0
3.934530260E-1,-2.033248425E0,-3.408362865E0,-5.183491707E0,6.528370612E0
3.983580260E-1,-2.029629707E0,-3.451923132E0,-4.892411232E0,6.322251001E0
4.032630260E-1,-1.965872049E0,-3.473915577E0,-4.540468693E0,6.045543673E0
4.082138080E-1,-1.838668108E0,-3.554045677E0,-4.134210587E0,5.753576128E0
4.132000580E-1,-1.687324166E0,-3.665475130E0,-3.654959917E0,5.444401048E0
4.181827140E-1,-1.372202158E0,-3.765959978E0,-2.948235989E0,4.975689778E0
4.231653180E-1,-9.199726582E-1,-3.872462273E0,-2.127774954E0,4.513284835E0
4.281479740E-1,-5.409886837E-1,-4.056344032E0,-1.284603596E0,4.289149340E0
4.331462560E-1,-2.518842220E-1,-4.260281563E0,-3.455524445E-1,4.281687885E0
4.381296930E-1,9.701466560E-2,-4.431056499E0,6.968851089E-1,4.486571341E0
4.431130780E-1,4.508562088E-1,-4.515478611E0,1.704660416E0,4.847544279E0
4.480965160E-1,7.034769058E-1,-4.468551636E0,2.671292782E0,5.253440644E0
4.530818280E-1,8.063282967E-1,-4.292847633E0,3.618876934E0,5.672299039E0
4.580653180E-1,8.320627213E-1,-4.070965290E0,4.448443890E0,6.087178312E0
4.630488080E-1,8.596959114E-1,-3.780144215E0,5.021801949E0,6.344057231E0
4.680323490E-1,1.033953667E0,-3.551331997E0,5.459621429E0,6.594579993E0
4.730403700E-1,1.329679489E0,-3.345410347E0,5.753824711E0,6.787217157E0
4.780251100E-1,1.738179207E0,-3.120443583E0,5.933889389E0,6.926000172E0
4.830098490E-1,2.173126698E0,-2.937403917E0,5.977155209E0,7.005512530E0
4.879945890E-1,2.580374241E0,-2.722169399E0,5.881868839E0,6.976024549E0
4.929576100E-1,3.027408123E0,-2.503247976E0,5.891756058E0,7.081259762E0
4.979412030E-1,3.435091496E0,-2.210585833E0,6.096470833E0,7.338494391E0
5.029249010E-1,3.820699692E0,-1.806840181E0,6.474115372E0,7.731532023E0
5.079085470E-1,4.231981277E0,-1.363589525E0,6.884940624E0,8.195819015E0
5.129026100E-1,4.721292973E0,-9.323153496E-1,7.240089417E0,8.693601900E0
5.178867760E-1,5.450060368E0,-6.755943298E-1,7.594632149E0,9.372194150E0
5.228709430E-1,6.397702694E0,-5.575058460E-1,7.956307411E0,1.022468778E1
5.278551100E-1,7.560457706E0,-5.597259998E-1,8.178396225E0,1.115168053E1
5.328615680E-1,8.894311905E0,-6.214418411E-1,8.345684052E0,1.221251066E1
5.378468810E-1,1.032721329E1,-7.131140232E-1,8.566178322E0,1.343649050E1
5.428321410E-1,1.179187584E1,-7.025046349E-1,8.686033249E0,1.466250395E1
5.478174530E-1,1.317870331E1,-5.946412086E-1,8.673625946E0,1.578808431E1
5.527781830E-1,1.448038769E1,-3.431055546E-1,8.533760071E0,1.681143688E1
5.577622450E-1,1.540287590E1,9.984445572E-2,8.273205757E0,1.748440701E1
5.627463080E-1,1.591074276E1,6.312129498E-1,7.905249596E0,1.777760209E1
5.677303700E-1,1.601640701E1,1.017441988E0,7.448822975E0,1.769309033E1
5.727487560E-1,1.574684906E1,1.343827724E0,7.044210434E0,1.730289077E1
5.777345370E-1,1.531229591E1,1.597955704E0,6.873561859E0,1.686018153E1
5.827203180E-1,1.470380020E1,1.776871204E0,6.793063164E0,1.629431554E1
5.877061510E-1,1.395017433E1,1.881494999E0,6.776026726E0,1.562248141E1
5.926583390E-1,1.311519623E1,1.897965431E0,6.921629906E0,1.495057208E1
5.976424530E-1,1.228004837E1,1.961380959E0,7.239693642E0,1.438957148E1
6.026265160E-1,1.161840630E1,1.999409199E0,7.643251419E0,1.405006385E1
6.076106310E-1,1.110831070E1,1.935937405E0,8.024162292E0,1.383942198E1
6.126044850E-1,1.068309402E1,1.709591150E0,8.355371475E0,1.366980001E1
6.175890680E-1,1.025258064E1,1.524220705E0,8.574039459E0,1.345187018E1
6.225736510E-1,1.001029778E1,1.451645136E0,8.818801880E0,1.341956042E1
6.275582350E-1,1.021328926E1,1.645546675E0,9.102755547E0,1.377966835E1
6.325699010E-1,1.071133327E1,2.397702694E0,8.802646637E0,1.407011821E1
6.375558390E-1,1.267805004E1,4.905892849E0,5.996244907E0,1.485784946E1
6.425417760E-1,1.757606125E1,7.838235855E0,1.125700951E0,1.927752767E1
6.475277660E-1,2.100414276E1,8.365718842E0,-3.802254200E0,2.292632552E1
6.524818810E-1,2.200724411E1,7.023478508E0,-7.952259064E0,2.443126006E1
6.574662560E-1,2.102846527E1,5.196258545E0,-1.063750076E1,2.413200939E1
6.624506830E-1,1.720950699E1,2.742958784E0,-1.206847954E1,2.119762138E1
6.674350580E-1,1.260962009E1,1.376801729E0,-1.226963043E1,1.764771750E1
6.724308390E-1,7.074996948E0,5.439507961E-1,-1.148531723E1,1.350051763E1
6.774157870E-1,1.451274872E0,-2.218837738E-1,-1.057011795E1,1.067158960E1
6.824007350E-1,-3.870821953E0,-8.238573074E-1,-7.520906448E0,8.498590310E0
6.873856830E-1,-5.252768993E0,8.772711754E-1,-4.508243561E0,6.977495741E0
6.923741720E-1,-7.040619850E0,1.059706926E0,-4.968418598E0,8.682078669E0
6.973592760E-1,-5.188627720E0,1.968666911E0,-1.379275322E0,5.718383289E0
7.023444330E-1,-2.545751095E0,1.891120076E0,-1.008113861E0,3.327683479E0
7.073295890E-1,1.630897522E-1,1.602377892E0,-4.304420948E-1,1.667181325E0
7.123270890E-1,1.966447830E0,3.607525826E-1,7.183623314E-1,2.124406725E0
7.173128180E-1,2.532644272E0,-9.823982716E-1,2.179356575E0,3.482669731E0
7.222985470E-1,2.078402519E0,-2.256160975E0,4.042216301E0,5.074399669E0
7.272843280E-1,4.673347473E-1,-3.402307987E0,6.972910881E0,7.772746462E0
7.322576620E-1,-1.540572166E0,-3.688620329E0,9.408790588E0,1.022275026E1
7.372427660E-1,-2.665863514E0,-2.835643053E0,8.578342438E0,9.419960657E0
7.422278700E-1,-2.740938187E0,-2.254871130E0,4.086017132E0,5.412275118E0
7.472130260E-1,-2.391049385E0,-2.161712885E0,4.334836006E-1,3.252388014E0
7.522110990E-1,-2.536437035E0,-1.632563114E0,-8.630113602E-1,3.137445419E0
7.571968810E-1,-3.624802113E0,-6.330583096E-1,-8.397362232E-1,3.774269479E0
7.621826620E-1,-4.937240124E0,-3.281478882E-1,-3.930950165E-2,4.948289231E0
7.671684430E-1,-5.534075260E0,-9.423251152E-1,1.249957085E0,5.751204945E0
7.721395890E-1,-5.175031185E0,-1.614820957E0,1.191031933E0,5.550419043E0
7.771246410E-1,-4.527016163E0,-2.082055092E0,-2.662577629E-1,4.989962118E0
7.821097450E-1,-4.332156658E0,-2.469949007E0,-5.544762611E-1,5.017536580E0
7.870947970E-1,-5.517012119E0,-2.801092386E0,2.777822018E0,6.782317926E0
7.920865680E-1,-6.709389687E0,-2.289087296E0,7.298722744E0,1.017483092E1
7.970718810E-1,-5.469658852E0,-1.252085447E0,6.368268013E0,8.487621776E0
8.020572970E-1,-2.526734352E0,-2.154820442E0,2.102718115E0,3.930529366E0
8.070426620E-1,4.258861542E-1,-2.810589075E0,-1.631789684E0,3.277732073E0
8.120161510E-1,2.046270370E0,-1.378708363E0,-6.410193443E0,6.868670844E0
8.170009430E-1,2.592150688E0,1.250044346E0,-1.245638466E1,1.278449744E1
8.219857870E-1,1.483128548E0,3.548132658E0,-1.544722748E1,1.591872333E1
8.269705260E-1,3.027391434E-1,4.425791740E0,-1.426573181E1,1.493955781E1
8.319664120E-1,5.007762909E-1,3.677566290E0,-1.184202576E1,1.241003001E1
8.369517760E-1,1.364562988E0,1.677724838E0,-8.954450607E0,9.211893316E0
8.419370890E-1,2.320992470E0,-4.173364639E-1,-5.700027943E0,6.168589329E0
8.469225060E-1,2.125762939E0,-1.388571978E0,-2.627630472E0,3.653962522E0
8.518956310E-1,7.195758820E-1,-1.450922728E0,2.327764034E-1,1.636200191E0
8.568803700E-1,-1.525130272E0,-9.665150642E-1,3.012805223E0,3.512430644E0
8.618650580E-1,-3.482866287E0,-6.749818325E-1,5.119368553E0,6.228474326E0
8.668497970E-1,-4.513329506E0,-8.459131718E-1,6.047399521E0,7.593204415E0
8.718345370E-1,-4.892329693E0,-1.137241602E0,5.932025909E0,7.772846305E0
8.768192760E-1,-4.779079437E0,-1.580252409E0,6.025446892E0,7.851293409E0
8.818040160E-1,-4.306992054E0,-2.435289383E0,8.390497208E0,9.740701121E0
8.867887560E-1,-4.050088882E0,-2.498567820E0,1.045963287E1,1.149130023E1
8.917948490E-1,-4.472812653E0,-1.374973774E0,8.762663841E0,9.933825220E0
8.967806830E-1,-6.145601273E0,-1.652379036E-1,3.379100800E0,7.015271968E0
9.017664640E-1,-7.863583565E0,8.108319044E-1,-2.966989517E0,8.443720842E0
9.067522970E-1,-8.906486511E0,1.613449216E0,-9.128782272E0,1.285548078E1
9.117566720E-1,-1.013783741E1,2.880126238E0,-1.823641777E1,2.106271131E1
9.167433910E-1,-1.042059517E1,3.582364798E0,-2.097221375E1,2.369083980E1
9.217301100E-1,-8.745229721E0,3.348068237E0,-1.748762321E1,1.983697481E1
9.267168280E-1,-7.095797062E0,2.089305639E0,-1.115973759E1,1.338862491E1
9.316473490E-1,-5.984365463E0,1.064208984E0,-5.096479416E0,7.932166992E0
9.366312030E-1,-5.627355099E0,1.450812697E0,-1.781685472E0,6.078353890E0
9.416150060E-1,-4.671824932E0,9.185202122E-1,9.384073019E-1,4.852858523E0
9.465988600E-1,-4.444836140E0,6.178780794E-1,3.567946434E0,5.733112888E0
9.515932870E-1,-4.514126301E0,-2.621896267E-1,5.700864792E0,7.276396020E0
9.565776620E-1,-2.837191105E0,-2.311231375E0,1.998717499E1,2.031941455E1
9.615620370E-1,-4.128824711E0,-1.510143042E0,2.518707848E1,2.556788313E1
9.665463600E-1,-1.393428612E1,2.666606903E0,9.091482162E0,1.685022759E1
9.715302660E-1,-2.196948242E1,7.344033241E0,-1.261664677E1,2.637750477E1
9.765145890E-1,-2.005337143E1,9.083557129E0,-2.458703041E1,3.300258748E1
9.814989120E-1,-1.003730202E1,6.647009850E0,-2.312379074E1,2.606990353E1
9.864832350E-1,-2.326101780E0,3.641549587E0,-1.382430744E1,1.448389137E1
9.914751100E-1,-3.143968582E-1,3.037070513E0,-3.761839867E0,4.845005869E0
9.964598490E-1,-1.224864006E0,4.086216927E0,3.028874397E0,5.231781792E0
1.001444537E0,-2.445694447E0,5.168060303E0,5.018670559E0,7.607714690E0
1.006429224E0,-2.748010635E0,5.444560051E0,3.908244371E0,7.243560635E0
1.011407506E0,-1.464586735E0,4.756484509E0,1.682523847E0,5.253574562E0
1.016391881E0,1.367530823E0,3.054741144E0,2.513320446E-1,3.356300315E0
1.021376256E0,1.957269669E0,2.801265717E0,-1.463247061E0,3.717403143E0
1.026360631E0,1.069169044E0,3.725142956E0,-3.746546268E0,5.390400860E0
1.031350422E0,-2.189369202E-1,4.532441139E0,-5.975146294E0,7.502888063E0
1.036335110E0,-1.058540344E0,4.150303841E0,-7.075228691E0,8.270694690E0
1.041319745E0,-3.297605515E-1,3.093893766E0,-7.640703201E0,8.249925216E0
1.046304433E0,-3.025054932E-2,2.208897591E0,-7.300896645E0,7.627793618E0
1.051293547E0,-1.644468307E0,1.966298223E0,-6.570957661E0,7.053232542E0
1.056278391E0,-3.558317661E0,1.987958074E0,-6.187096119E0,7.409032343E0
1.061263287E0,-2.893138409E0,1.685550690E0,-5.253776550E0,6.230048075E0
1.066248183E0,2.333927155E-1,1.325757861E0,-3.915320396E0,4.140270507E0
1.071245839E0,1.775029182E0,1.185703278E0,-2.801234961E0,3.521865722E0
1.076231360E0,2.427896500E0,1.012596846E0,-2.966968060E0,3.965215410E0
1.081216881E0,3.644746780E0,8.160390854E-1,-3.331405640E0,5.004833905E0
1.086202401E0,3.432782173E0,1.163683891E0,-4.921018600E0,6.111839143E0
1.091181776E0,4.375306129E0,9.522247314E-1,-6.283780098E0,7.715952824E0
1.096166985E0,7.635066032E0,-3.591022253E0,-1.196159172E1,1.463794216E1
1.101152193E0,5.485605240E0,5.716221333E-1,-9.417475700E0,1.091363667E1
1.106137453E0,1.854640961E0,5.571320534E0,3.796099663E0,6.992115433E0
1.111105578E0,3.892420769E0,-4.185466766E-1,6.767216682E0,7.818013967E0
1.116089901E0,4.662464142E0,-3.798718452E0,3.643796444E0,7.031791115E0
1.121074276E0,3.436423302E0,-3.398664951E0,2.444234133E0,5.416106448E0
1.126058651E0,2.224515915E0,-2.078365803E0,-8.295055628E-1,3.155337533E0
1.131058078E0,2.469558716E-1,-1.400814056E0,-2.755069733E-1,1.448851723E0
1.136043235E0,4.748840332E-1,-2.113277912E0,2.029343605E0,2.968112843E0
1.141028339E0,-3.906731606E-1,-4.094594479E0,2.210571766E0,4.669577818E0
1.146013443E0,-5.011398315E0,-4.891726017E0,1.435035944E0,7.148595992E0
1.150998599E0,-5.587016582E0,-4.129300117E0,-2.261080980E0,7.306049613E0
1.155983756E0,-3.886025906E0,-4.195047855E0,-4.578474998E0,7.325439042E0
1.160968860E0,-1.360530853E0,-5.497487068E0,-3.525203228E0,6.670866965E0
1.165953964E0,4.273233414E-1,-5.937692642E0,-9.518342018E-1,6.028663824E0
1.170940162E0,1.373777390E0,-5.806798935E0,9.490825534E-1,6.042096977E0
1.175925318E0,1.403828144E0,-5.655251026E0,2.291454315E0,6.261258700E0
1.180910474E0,-1.189812660E0,-5.082561016E0,1.954145789E0,5.573756939E0
1.185895631E0,-2.847635269E0,-5.111154079E0,3.988562107E0,7.081069858E0
1.190873391E0,-1.412223053E1,2.378484011E0,8.498190880E0,1.665274240E1
1.195858183E0,-3.521076584E1,1.845384598E1,2.715588570E1,4.814337535E1
1.200842974E0,-1.464320183E0,-2.345877647E0,3.230747604E1,3.242561308E1
1.205827766E0,2.341568756E1,-1.896393776E1,1.760384941E1,3.489729034E1
1.210825474E0,2.181327248E1,-1.645617676E1,-7.715151310E-1,2.733532230E1
1.215810891E0,8.817637444E0,-6.257921696E0,-1.477414131E1,1.830812840E1
1.220796360E0,-5.975478172E0,3.432471514E0,-1.824541855E1,1.950342273E1
1.225781776E0,-1.232084465E1,7.414970875E0,-1.264222050E1,1.914708189E1
1.230759068E0,-1.094337273E1,7.606542587E0,-6.576008320E0,1.486138561E1
1.235744068E0,-7.245785236E0,6.546562195E0,-3.630143881E0,1.041810083E1
1.240729120E0,-4.756967545E0,5.826416969E0,-1.741369724E0,7.720637502E0
1.245714120E0,-3.789745331E0,5.695322990E0,4.831256270E-1,6.858008750E0
1.250692089E0,-3.335785866E0,5.581711769E0,3.728727102E0,7.495757428E0
1.255676776E0,-3.499757290E0,5.697290421E0,6.877455235E0,9.592018022E0
1.260661464E0,-3.489006042E0,5.946057320E0,8.020551682E0,1.057629472E1
1.265646151E0,-3.057885170E0,5.963333130E0,6.853050232E0,9.585212633E0
1.270638964E0,-2.090918303E0,6.081815720E0,3.504127026E0,7.323887493E0
1.275624068E0,-1.295949936E0,5.768376350E0,-6.781373024E-1,5.950926160E0
1.280609172E0,-5.942339897E-1,4.553834915E0,-5.776926517E0,7.379932687E0
1.285594224E0,-6.166601181E-2,5.519294739E0,-1.189448929E1,1.311279118E1
1.290592714E0,3.206260681E0,1.241498756E1,-1.363267422E1,1.871528333E1
1.295578443E0,8.406040192E0,1.376188469E1,-5.022072792E0,1.689000287E1
1.300564224E0,1.073627090E1,3.570666790E0,-9.829118729E0,1.498761987E1
1.305549953E0,1.069757843E1,7.877878189E0,-6.395077705E0,1.474436055E1
1.310515943E0,1.276786709E1,3.951400042E0,-1.938341856E0,1.350515314E1
1.315500735E0,9.476708412E0,-3.903882980E0,-7.474288464E0,1.268516033E1
1.320485526E0,5.849517345E0,-4.822869778E0,-7.919517517E0,1.096337921E1
1.325470318E0,3.012997627E0,-6.209929943E0,-2.784832716E0,7.442894454E0
1.330449068E0,-1.988384485E0,-9.440999985E0,4.680814743E0,1.072362720E1
1.335433547E0,-8.310972214E0,-1.332296753E1,8.763749123E0,1.798268672E1
1.340417974E0,-1.332845688E1,-1.547118568E1,9.836803436E0,2.266645211E1
1.345402453E0,-1.389287853E1,-1.592698860E1,1.078304672E1,2.372667563E1
1.350397506E0,-1.206078339E1,-1.702662849E1,1.109198380E1,2.363050313E1
1.355382506E0,-9.086260796E0,-1.819187737E1,1.144967842E1,2.333665943E1
1.360367453E0,-3.953190804E0,-1.827599907E1,1.265610123E1,2.257912217E1
1.365352506E0,1.531363964E0,-1.680311584E1,1.181832504E1,2.060006273E1
1.370345162E0,6.765285015E0,-1.445643902E1,9.132003784E0,1.838888805E1
1.375330526E0,1.030043221E1,-1.377726841E1,4.490285873E0,1.777848969E1
1.380315943E0,1.268916512E1,-1.363676262E1,-6.638314724E-1,1.863912225E1
1.385301360E0,1.409667492E1,-1.253881836E1,-5.636047840E0,1.969018143E1
1.390286933E0,1.223059464E1,-1.216004944E1,-9.599186897E0,1.973825313E1
1.395272297E0,1.109715557E1,-1.045422268E1,-1.066823578E1,1.860776419E1
1.400257714E0,1.133483505E1,-7.643685341E0,-7.882117271E0,1.578075359E1
1.405243026E0,1.101010323E1,-4.736488342E0,-3.475948334E0,1.247953972E1
1.410225631E0,1.046167183E1,-1.745046616E0,3.107561827E0,1.105209056E1
1.415210891E0,7.747842789E0,-4.608907700E-1,6.827086449E0,1.033685627E1
1.420196151E0,-1.166737080E0,5.969575882E0,6.623487949E0,8.992647232E0
1.425181412E0,-1.254364777E1,1.500945854E1,5.860629082E0,2.041993923E1
1.430154433E0,-1.268211937E1,9.672023773E0,1.603453040E0,1.602982399E1
1.435139120E0,-1.086834240E1,2.595285892E0,-2.015765905E0,1.135428058E1
1.440123756E0,-8.753441811E0,-2.786413193E0,-4.344834805E0,1.016191082E1
1.445108391E0,-4.916498661E0,-6.579917908E0,-5.903280258E0,1.011513700E1
1.450102610E0,7.454929352E-1,-8.833782196E0,-8.253877640E0,1.211271909E1
1.455087766E0,6.162367821E0,-8.289687157E0,-9.593898773E0,1.409739635E1
1.460072870E0,8.979925156E0,-5.974428177E0,-9.409296036E0,1.431320019E1
1.465058026E0,8.166042328E0,-2.281305313E0,-8.108026505E0,1.173152569E1
1.470040578E0,6.826362133E0,1.015687943E0,-5.970149040E0,9.125432676E0
1.475025578E0,5.170000076E0,2.539684772E0,-3.426727533E0,6.702339973E0
1.480010578E0,3.684332848E0,3.169888496E0,-1.045857191E0,4.971550953E0
1.484995578E0,3.682752609E0,4.184512615E0,-4.270442128E-1,5.590633181E0
1.489978026E0,2.960068703E0,4.233074665E0,8.358993530E-1,5.232557269E0
1.494962870E0,1.852533817E0,4.540972710E0,1.298394680E0,5.073277386E0
1.499947714E0,1.392452717E0,4.778975964E0,-1.958981752E0,5.349312604E0
1.504932610E0,6.215887547E0,-2.468696594E0,-4.469757080E0,8.044280528E0
1.509920162E0,-2.763378859E0,4.257115841E0,-3.969510317E0,6.443315153E0
1.514905214E0,-4.657638550E0,1.017885399E1,-3.774972439E0,1.181325875E1
1.519890214E0,-1.740136147E-1,7.062793732E0,-4.280551434E0,8.260536097E0
1.524875214E0,6.477775574E-1,5.811880112E0,-3.179881334E0,6.656516469E0
1.529860370E0,8.794555664E-1,5.053726673E0,-1.489020348E0,5.341420876E0
1.534845422E0,5.638222694E-1,4.324830055E0,-8.360718489E-1,4.440840764E0
1.539830422E0,3.789091110E-1,3.857950211E0,-1.455397844E0,4.140716704E0
1.544815474E0,-7.322502136E-2,3.985504627E0,-2.914545059E0,4.938034218E0
1.549791203E0,-7.229850292E-1,4.423539639E0,-3.678804398E0,5.798621567E0
1.554775735E0,-1.538459778E0,4.753386974E0,-3.237969875E0,5.953653931E0
1.559760266E0,-1.431378365E0,5.049113274E0,-2.577637196E0,5.846931023E0
1.564744849E0,5.441522598E-2,5.468737602E0,-1.850936413E0,5.773735150E0
1.569739224E0,2.083733559E0,5.320673943E0,-8.019417524E-1,5.770149679E0
1.574724276E0,2.784055710E0,5.459185600E0,1.816299558E-1,6.130796282E0
1.579709328E0,1.787140846E0,6.259045601E0,2.052443027E0,6.825104147E0
1.584694381E0,1.461478710E0,7.045694351E0,3.672549963E0,8.078697429E0
1.589679849E0,5.405259132E-1,7.965624332E0,4.284035683E0,9.060700911E0
1.594664953E0,-1.504615545E0,8.943432808E0,5.321064472E0,1.051487449E1
1.599650006E0,-4.452105045E0,9.392100334E0,5.919049740E0,1.196110103E1
1.604635058E0,-7.468410969E0,9.716773987E0,4.461925507E0,1.304230188E1
1.609618860E0,-8.294507980E0,1.076615715E1,2.884845734E0,1.389357180E1
1.614603860E0,-8.374232292E0,1.235825348E1,1.514873385E0,1.500496707E1
1.619588860E0,-8.511753082E0,1.169120979E1,-1.409627080E0,1.453001636E1
1.624573860E0,-6.941588879E0,7.649067879E0,-5.939250946E0,1.191505759E1
1.629562922E0,-5.688868999E0,3.753454685E0,-7.983685493E0,1.049718470E1
1.634548183E0,-6.222086906E0,3.505652905E0,-7.262195587E0,1.018545298E1
1.639533339E0,-6.692221642E0,2.655726910E0,-6.673124313E0,9.816786848E0
1.644518599E0,-4.582242966E0,-1.006182671E0,-3.351198196E0,5.765404020E0
1.649508131E0,-2.553215504E0,-3.919206619E0,1.307008266E0,4.856682051E0
1.654493547E0,-2.922555447E0,-3.307991982E0,-5.551906586E0,7.092799731E0
1.659478964E0,-1.052566051E0,-6.243454933E0,-7.581237793E0,9.877438497E0
1.664464381E0,1.042752028E0,-8.843247414E0,-5.320947647E0,1.037317890E1
1.669450110E0,-5.157177448E-1,-8.684221268E0,-3.593180895E0,9.412364887E0
1.674435526E0,-5.930189610E0,-4.300586700E0,-3.493960142E0,8.116030572E0
1.679420943E0,-6.413933754E0,-6.764706612E0,-1.444298506E0,9.433228499E0
1.684406412E0,-6.823023796E0,-8.941107750E0,-1.112887144E0,1.130201660E1
1.689380787E0,-1.485279083E0,-1.770847321E1,-2.717980146E0,1.797730495E1
1.694365683E0,9.613862038E0,-3.989022064E1,-6.506676197E0,4.154507048E1
1.699350526E0,1.086293316E1,-5.083226013E1,-7.997402191E0,5.259163839E1
1.704335422E0,1.048522186E1,-4.469193268E1,-1.161275196E1,4.735150190E1
1.709325422E0,1.231107330E1,-1.860505676E1,-1.249312687E1,2.556929569E1
1.714310526E0,1.457439709E1,1.796430969E1,-1.346913338E0,2.317204455E1
1.719295683E0,1.817642212E1,-1.905818939E0,3.495745182E0,1.860738298E1
1.724280839E0,2.198059082E1,-2.980401611E1,2.050866127E0,3.708951066E1
1.729259276E0,2.045242119E1,-2.267640686E1,1.257189274E0,3.056307389E1
1.734244016E0,1.760733795E1,-1.002239037E1,3.815491199E0,2.061612552E1
1.739228860E0,1.486157036E1,-1.121895695E1,6.174018860E0,1.961758847E1
1.744213651E0,1.189439392E1,-1.417007828E1,8.954862595E0,2.055376582E1
1.749210422E0,8.270584106E0,-1.288173008E1,1.050853729E1,1.856800709E1
1.754195787E0,3.279384375E0,-9.445264816E0,8.041204453E0,1.283075829E1
1.759181203E0,4.087632895E-1,-6.374528885E0,3.861121655E0,7.463910929E0
1.764166620E0,-7.841921449E-1,-3.637012482E0,1.269479036E0,3.931207720E0
1.769133599E0,-1.489391923E0,-1.209907532E0,-4.757900238E-1,1.977002955E0
1.774118078E0,-3.412789345E0,3.006649494E0,3.765664101E-1,4.563866185E0
1.779102558E0,-5.176526070E0,3.591883659E0,1.898200035E0,6.580365776E0
1.784087037E0,-5.469951630E0,1.557528019E0,3.214435577E0,6.532905972E0
1.789079693E0,-6.128407955E0,1.828234196E0,3.989201069E0,7.537476335E0
1.794064589E0,-6.241003990E0,2.195972919E0,4.532353878E0,8.019642108E0
1.799049485E0,-5.662475586E0,4.010066986E-1,3.713326931E0,6.783305465E0
1.804034328E0,-5.323355198E0,2.296157837E0,4.205432892E0,7.162130771E0
1.809024745E0,-5.619725227E0,4.681619167E0,5.335105896E0,9.053299099E0
1.814009849E0,-4.795933723E0,4.790704727E0,5.621067524E0,8.806147408E0
1.818995058E0,-2.993285656E0,2.952850342E0,5.390981197E0,6.836794748E0
1.823980214E0,-2.787453651E0,4.229395390E0,6.291804790E0,8.077406189E0
1.828967766E0,-3.548418045E0,6.540428162E0,7.441064358E0,1.052320816E1
1.833953078E0,-4.950906277E0,8.847623825E0,8.219174385E0,1.305169521E1
1.838938339E0,-5.907075882E0,1.111651516E1,9.743170738E0,1.591853733E1
1.843923599E0,-7.109684944E0,1.371117783E1,1.303421307E1,2.020976812E1
1.848907245E0,-7.876771450E0,1.524640465E1,1.296945381E1,2.151053498E1
1.853892453E0,-8.428130150E0,1.580937767E1,1.037837601E1,2.070460066E1
1.858877662E0,-8.180901527E0,1.619614410E1,9.244598389E0,2.036430291E1
1.863862870E0,-7.021781445E0,1.604665184E1,9.139366150E0,1.975673211E1
1.868849745E0,-6.120999336E0,1.574521637E1,8.871454239E0,1.908091119E1
1.873835058E0,-5.652195930E0,1.568237591E1,6.895188808E0,1.803961922E1
1.878820318E0,-5.590653419E0,1.523197556E1,4.520665169E0,1.684354175E1
1.883805631E0,-5.960849762E0,1.417568398E1,3.490393877E0,1.576910256E1
1.888785578E0,-7.035774708E0,1.275333405E1,1.616790295E0,1.465481716E1
1.893770631E0,-8.459777832E0,1.092187405E1,-1.919298172E0,1.394771950E1
1.898755631E0,-8.260788918E0,8.336985588E0,-6.095810890E0,1.322516059E1
1.903740683E0,-4.451243877E0,6.291886330E0,-9.501134872E0,1.223409046E1
1.908735006E0,4.633425474E-1,5.205161572E0,-1.223127174E1,1.330084215E1
1.913720474E0,4.076590061E0,3.644556522E0,-1.344724369E1,1.451653339E1
1.918705995E0,5.973668098E0,1.988817215E0,-1.552642822E1,1.675440473E1
1.923691464E0,6.035419941E0,6.542234421E-1,-1.850905418E1,1.947920401E1
1.928666099E0,4.952114582E0,-5.330848694E-1,-1.989445305E1,2.050845875E1
1.933651047E0,2.661200047E0,-1.215944290E0,-1.580918980E1,1.607765494E1
1.938635995E0,-1.944066525E0,-8.695983887E-2,-1.517791748E-1,1.951920486E0
1.943620943E0,-6.932064533E0,2.964622974E0,1.915205574E1,2.058260788E1
1.948609745E0,-1.043595505E1,6.455015659E0,2.649324036E1,2.919705755E1
1.953594849E0,-1.257408905E1,8.484996796E0,2.150775909E1,2.631893971E1
1.958580006E0,-1.555314064E1,8.430159569E0,1.524401379E1,2.335268144E1
1.963565110E0,-1.899530792E1,7.430292130E0,1.001309872E1,2.272208419E1
1.968551047E0,-2.093094254E1,6.309036732E0,5.492084503E0,2.254043682E1
1.973536203E0,-2.062804794E1,4.857256889E0,5.483932972E0,2.189024503E1
1.978521360E0,-1.767022896E1,2.693606377E0,8.246120453E0,1.968479132E1
1.983506568E0,-1.471910381E1,1.457353592E0,1.026249027E1,1.800262767E1
1.988478964E0,-1.244813061E1,8.352789879E-1,1.116549969E1,1.674282025E1
1.993463547E0,-1.059662914E1,-1.036996841E-1,1.136302567E1,1.553762064E1
1.998448078E0,-8.917218208E0,-1.631264687E0,1.142541695E1,1.458485370E1
2.003432610E0,-7.297568321E0,-3.836055756E0,1.148165226E1,1.413499791E1
2.008433339E0,-5.170121193E0,-7.010390282E0,9.064487457E0,1.257142227E1
2.013418703E0,-2.755627871E0,-1.045209312E1,5.430763245E0,1.209681467E1
2.018404016E0,-1.479639649E0,-1.278977489E1,4.215620041E0,1.354766134E1
2.023389381E0,-1.120872498E-1,-1.498115253E1,2.809704781E0,1.524276667E1
2.028377974E0,3.182904005E0,-1.744704437E1,1.843964219E0,1.783060401E1
2.033363443E0,8.016624451E0,-2.009629440E1,2.695772409E0,2.180354341E1
2.038348964E0,1.224934006E1,-2.274132538E1,3.085207701E0,2.601408692E1
2.043334433E0,1.608507919E1,-2.452964020E1,2.176711082E0,2.941379085E1
2.048307453E0,1.861077309E1,-2.507402039E1,1.539279103E0,3.126398492E1
2.053292349E0,1.858304405E1,-2.418709564E1,8.517568111E-1,3.051344968E1
2.058277193E0,1.602041054E1,-2.091679764E1,6.860659122E-1,2.635596069E1
2.063262037E0,1.354834938E1,-1.757207489E1,1.716181159E0,2.225490653E1
2.068256464E0,1.149292088E1,-1.562086678E1,3.157988548E0,1.964870481E1
2.073241828E0,9.052878380E0,-1.389813900E1,4.157963276E0,1.709975243E1
2.078227193E0,7.644312859E0,-1.266730499E1,4.766261101E0,1.554391777E1
2.083212558E0,5.853871822E0,-1.192057991E1,2.959100246E0,1.360603965E1
2.088189381E0,3.463485479E0,-1.115388966E1,-3.314210176E-1,1.168395592E1
2.093174328E0,8.583331704E-1,-1.023544693E1,-3.588866711E0,1.088030670E1
2.098159224E0,-1.533760309E0,-9.380350113E0,-6.882709503E0,1.173520682E1
2.103144120E0,-4.100026131E0,-8.518158913E0,-9.573019981E0,1.345406842E1
2.108130735E0,-6.125277519E0,-7.486606598E0,-1.013463402E1,1.400996466E1
2.113115787E0,-7.009014606E0,-6.863331795E0,-9.059513092E0,1.335314145E1
2.118100787E0,-7.032732964E0,-6.823014259E0,-7.742216587E0,1.248818538E1
2.123085839E0,-5.981290817E0,-7.547255516E0,-6.617535591E0,1.168454890E1
2.128070578E0,-2.914541721E0,-8.729984283E0,-5.542080879E0,1.074345566E1
2.133055526E0,2.229526043E-1,-9.523309708E0,-5.455123901E0,1.097731809E1
2.138040578E0,2.496643305E0,-9.561244965E0,-5.359675407E0,1.124174157E1
2.143025578E0,4.226615429E0,-9.088125229E0,-5.137623310E0,1.126292464E1
2.148007193E0,5.445669174E0,-8.173683167E0,-5.697731972E0,1.135467124E1
2.152992037E0,6.469467163E0,-6.854014397E0,-6.781180382E0,1.161102606E1
2.157976828E0,7.021862030E0,-5.088634491E0,-8.528762817E0,1.216308113E1
2.162961672E0,6.941213608E0,-2.624825478E0,-9.346756935E0,1.193448869E1
2.167952193E0,6.564002991E0,1.079339981E-1,-8.173312187E0,1.048335906E1
2.172937349E0,6.330387592E0,2.816714764E0,-7.192280769E0,9.986820905E0
2.177922453E0,6.218264580E0,5.228410244E0,-7.444677830E0,1.101936096E1
2.182907558E0,6.410023212E0,7.061594009E0,-8.102055550E0,1.251390473E1
2.187891203E0,7.525351048E0,8.165097237E0,-9.887693405E0,1.486829520E1
2.192876203E0,8.895639420E0,8.863924980E0,-1.199993896E1,1.736951646E1
2.197861256E0,9.560236931E0,9.479725838E0,-1.291370583E1,1.865548526E1
2.202846308E0,9.288432121E0,9.498988152E0,-1.179900646E1,1.776857621E1
2.207832922E0,8.450402260E0,9.101629257E0,-9.414075851E0,1.558440816E1
2.212818026E0,7.462908268E0,8.596169472E0,-6.303795815E0,1.301256973E1
2.217803131E0,6.342304707E0,8.104347229E0,-3.379444838E0,1.083170903E1
2.222788235E0,5.344144344E0,7.969937325E0,-1.684829831E0,9.742609060E0
2.227767297E0,4.724225521E0,8.225433350E0,-1.521393538E0,9.606804820E0
2.232752141E0,4.270014763E0,8.946293831E0,-2.483247757E0,1.021937957E1
2.237736933E0,4.070808411E0,9.653518677E0,-3.823849678E0,1.115274542E1
2.242721724E0,4.014715195E0,9.945689201E0,-4.678453922E0,1.170139320E1
2.247715318E0,3.972870827E0,9.615810394E0,-4.495427132E0,1.133385977E1
2.252700578E0,3.818697453E0,8.894522667E0,-3.243444681E0,1.020857077E1
2.257685839E0,4.151912689E0,7.914024353E0,-1.629881501E0,9.084419307E0
2.262671099E0,5.355381966E0,6.763331413E0,-7.326247692E-1,8.657915849E0
2.267647558E0,6.705834866E0,5.521998405E0,-1.559828967E-1,8.688211456E0
2.272632401E0,7.815900803E0,4.147484303E0,3.742502928E-1,8.856071063E0
2.277617141E0,8.865610123E0,2.494375229E0,5.671615005E-1,9.227276023E0
2.282602037E0,9.822625160E0,6.226596832E-1,-2.753040195E-1,9.846190249E0
2.287595526E0,1.054098988E1,-1.566045761E0,-2.129449844E0,1.086736047E1
2.292580787E0,1.069029427E1,-3.771569252E0,-3.170544863E0,1.177112912E1
2.297566047E0,1.028580761E1,-5.550873756E0,-1.394354939E0,1.177090750E1
2.302551308E0,9.534439087E0,-6.954979897E0,9.922681451E-1,1.184322043E1
2.307528756E0,8.746494293E0,-8.676154137E0,2.787534714E0,1.263119800E1
2.312513651E0,7.229722977E0,-1.113048172E1,4.336576462E0,1.396289415E1
2.317498495E0,5.437291145E0,-1.365375805E1,4.003087044E0,1.523200413E1
2.322483339E0,2.982505322E0,-1.498213768E1,1.505922079E0,1.535016576E1
2.327471256E0,-2.785847187E-1,-1.564993191E1,-1.147898674E0,1.569444645E1
2.332456308E0,-3.512958288E0,-1.649432373E1,-3.455885649E0,1.721472442E1
2.337441308E0,-5.617773056E0,-1.775118446E1,-4.419486046E0,1.913624260E1
2.342426308E0,-6.718311310E0,-1.921805954E1,-3.979259968E0,2.074377085E1
2.347412766E0,-7.632568836E0,-2.044846344E1,-2.590066910E0,2.197963172E1
2.352397870E0,-7.628028393E0,-2.201893616E1,-5.545401573E-2,2.330286338E1
2.357382922E0,-7.062317848E0,-2.385575104E1,2.853522301E0,2.504227986E1
2.362367974E0,-7.870256424E0,-2.657762146E1,1.543550491E0,2.776136608E1
2.367360110E0,-8.443775177E0,-2.379310036E1,1.250369453E1,2.817359297E1
2.372345526E0,-1.089667416E1,-2.183348083E1,1.502787113E1,2.865790125E1
2.377330995E0,-1.057492733E1,-2.084400940E1,9.727834702E0,2.531664638E1
2.382316412E0,-8.091140747E0,-1.715356827E1,4.122192383E0,1.940886223E1
2.387297974E0,-4.896237850E0,-1.222657776E1,1.107142210E0,1.321696306E1
2.392283235E0,-5.408582687E-1,-7.273885727E0,2.471620798E0,7.701353816E0
2.397268443E0,1.130209923E0,-4.359608650E0,3.191189766E0,5.519715045E0
2.402253703E0,3.097732663E-1,-1.700272560E0,3.834324837E0,4.205821348E0
2.407232714E0,-4.747940302E-1,-2.998085022E-1,5.252545834E0,5.282475958E0
2.412217610E0,-2.769443095E-1,-5.523014069E-2,4.647753239E0,4.656324590E0
2.417202558E0,5.769504905E-1,1.342859268E-1,4.862259388E0,4.898210993E0
2.422187506E0,1.180985451E0,6.224803925E-1,5.059194088E0,5.232365937E0
2.427192089E0,2.269092083E0,5.899810791E-2,5.702719688E0,6.137855611E0
2.432177974E0,3.539226055E0,-9.129428864E-1,4.969153404E0,6.168636100E0
2.437163912E0,4.290686131E0,-1.715008736E0,4.042996407E0,6.139793350E0
2.442149797E0,4.552271843E0,-2.156784058E0,4.886264801E0,7.017868630E0
2.447124433E0,4.609471798E0,-1.878403664E0,5.764487267E0,7.616097690E0
2.452109797E0,3.241183758E0,-3.879098892E-1,5.810201645E0,6.664397151E0
2.457095162E0,1.101046443E0,1.431264877E0,6.009364128E0,6.274813116E0
2.462080526E0,-7.146964073E-1,2.820919514E0,6.344758987E0,6.980282549E0
2.467066724E0,-2.170115232E0,3.895893574E0,6.668343544E0,8.022106487E0
2.472052089E0,-3.795809746E0,5.071771622E0,7.058518887E0,9.484393912E0
2.477037453E0,-5.956500053E0,6.318396568E0,7.591877460E0,1.153423736E1
2.482022870E0,-7.924157143E0,7.515086174E0,7.933284283E0,1.349836235E1
2.486998547E0,-9.381441116E0,8.719502449E0,8.246485710E0,1.523304589E1
2.491983443E0,-1.067983437E1,1.011601639E1,8.550833702E0,1.701497595E1
2.496968339E0,-1.090403271E1,1.125082684E1,9.274093628E0,1.820680769E1
2.501953235E0,-1.023930550E1,1.201076984E1,1.033334351E1,1.886478087E1
2.506941203E0,-9.656510353E0,1.267251778E1,1.199483490E1,1.994284241E1
2.511926308E0,-9.687564850E0,1.343598843E1,1.390835762E1,2.162908018E1
2.516911360E0,-1.058261776E1,1.383689117E1,1.510282326E1,2.305529497E1
2.521896412E0,-1.222299290E1,1.425655937E1,1.412118530E1,2.349593401E1
2.526885787E0,-1.269428635E1,1.477926636E1,1.340313148E1,2.364773887E1
2.531871047E0,-1.257577991E1,1.617454910E1,1.305921555E1,2.429628346E1
2.536856360E0,-1.263835907E1,1.799895859E1,1.104999447E1,2.461286265E1
2.541841620E0,-1.266133976E1,1.951291847E1,8.417144775E0,2.473685182E1
2.546816151E0,-1.313160515E1,2.101742744E1,3.945983410E0,2.509466268E1
2.551800891E0,-1.290201187E1,2.120572662E1,-2.850484848E-1,2.482389987E1
2.556785631E0,-1.101382160E1,1.938453102E1,-2.707219601E0,2.245870315E1
2.561770370E0,-6.276458263E0,1.544839287E1,-4.340555668E0,1.723041480E1
2.566758235E0,8.183588982E-1,1.038596439E1,-5.490552425E0,1.177642278E1
2.571743131E0,7.689591408E0,5.961940289E0,-5.670341492E0,1.126176366E1
2.576728026E0,1.309313393E1,2.876712322E0,-8.610054016E0,1.593231496E1
2.581712922E0,1.542306328E1,1.027344704E0,-1.405369377E1,2.089096998E1
2.586702245E0,1.424825287E1,2.534236908E-1,-1.950009346E1,2.415223754E1
2.591687401E0,9.882023811E0,8.424158096E-1,-1.996591759E1,2.229353996E1
2.596672506E0,3.871155262E0,2.374419689E0,-1.183886719E1,1.268000348E1
2.601657662E0,-1.701637983E0,3.851313114E0,-2.771053314E-1,4.219593807E0
2.606641464E0,-6.271615505E0,4.711538315E0,9.424076080E0,1.226152374E1
2.611626516E0,-9.655498505E0,4.487065315E0,1.370110798E1,1.735173670E1
2.616611568E0,-1.293107414E1,2.997082710E0,1.132519531E1,1.744864557E1
2.621596620E0,-1.634824944E1,4.970407486E-1,5.737788200E0,1.733304712E1
2.626579276E0,-1.674949074E1,-1.860717773E0,9.280780792E0,1.923903851E1
2.631564172E0,-1.520591640E1,-2.633519173E0,2.164715195E1,2.658485479E1
2.636549120E0,-1.621573067E1,-3.351096153E0,2.601777077E1,3.083997669E1
2.641534068E0,-1.761174583E1,-5.471796036E0,2.289461899E1,2.939860068E1
2.646524328E0,-1.598510742E1,-7.694355965E0,2.063894081E1,2.721566921E1
2.651509537E0,-1.051804543E1,-8.100621223E0,1.846996498E1,2.274618540E1
2.656494693E0,-6.628518581E0,-8.609942436E0,1.494576073E1,1.847820692E1
2.661479901E0,-4.095218658E0,-1.037156677E1,9.895767212E0,1.490860228E1
2.666465891E0,-6.393401027E-1,-1.249282742E1,4.469423294E0,1.328364548E1
2.671451151E0,2.828450918E0,-1.436506462E1,1.312282085E-1,1.464146294E1
2.676436360E0,5.878560543E0,-1.592764759E1,-2.864959478E0,1.721788096E1
2.681421620E0,8.570692062E0,-1.746887589E1,-3.422534466E0,1.975682488E1
2.686393078E0,1.010424423E1,-1.860857773E1,-9.232456684E-1,2.119498288E1
2.691377610E0,1.038067722E1,-1.815684128E1,2.798218489E0,2.110116991E1
2.696362141E0,1.064486122E1,-1.646889877E1,6.179557800E0,2.056026828E1
2.701346724E0,1.086811543E1,-1.501960945E1,9.872648239E0,2.100413731E1
2.706341828E0,1.007544899E1,-1.418153000E1,1.215492630E1,2.122198621E1
2.711326933E0,8.377839088E0,-1.372728539E1,1.192617512E1,2.002149357E1
2.716311985E0,6.826319695E0,-1.397326660E1,8.789497375E0,1.786354064E1
2.721297037E0,6.318024635E0,-1.545862770E1,5.573510170E0,1.760541454E1
2.726282610E0,6.806271553E0,-1.740463638E1,3.278679371E0,1.897357211E1
2.731267766E0,6.614831924E0,-1.890671539E1,-1.178343177E0,2.006510356E1
2.736252818E0,6.111053944E0,-1.953987503E1,-6.636240005E0,2.152188138E1
2.741237922E0,5.478860855E0,-1.934062576E1,-9.707768440E0,2.232304839E1
2.746231151E0,4.341568947E0,-1.800262070E1,-1.153811646E1,2.181906745E1
2.751216620E0,2.539144516E0,-1.608454895E1,-1.226998806E1,2.038903080E1
2.756202141E0,-1.260367632E-1,-1.383979130E1,-1.138704014E1,1.792262234E1
2.761187610E0,-2.732880592E0,-1.148756695E1,-8.546551704E0,1.457656944E1
2.766160526E0,-4.866355896E0,-9.170635223E0,-6.466560364E0,1.223104137E1
2.771145370E0,-5.785893917E0,-7.345540047E0,-6.629662991E0,1.146237141E1
2.776130266E0,-5.438773632E0,-6.417720795E0,-6.912600517E0,1.088813321E1
2.781115162E0,-4.177337646E0,-5.904502869E0,-6.673755646E0,9.841357546E0
2.786097037E0,-2.725455284E0,-5.411745071E0,-8.137064934E0,1.014529038E1
2.791081776E0,-1.297779441E0,-4.407139778E0,-9.721399307E0,1.075233542E1
2.796066464E0,-2.276699543E-1,-2.851853371E0,-1.187681198E1,1.221652832E1
2.801051203E0,3.166654110E-1,-6.337308884E-1,-1.465289497E1,1.467001101E1
2.806043756E0,7.535184622E-1,1.479114532E0,-1.579675770E1,1.588373771E1
2.811028912E0,1.403232336E0,3.051955223E0,-1.560292149E1,1.596040885E1
2.816014016E0,2.774931908E0,4.188217640E0,-1.462328529E1,1.546227302E1
2.820999120E0,4.961451530E0,4.842926979E0,-1.387072277E1,1.550699498E1
2.826001308E0,7.337668419E0,5.203337193E0,-1.269380951E1,1.555792067E1
2.830987245E0,9.752516747E0,5.580833912E0,-1.068284321E1,1.550420682E1
2.835973183E0,1.242678547E1,5.860629082E0,-6.504195213E0,1.520120146E1
2.840959172E0,1.447004318E1,6.024098396E0,-6.877269745E-1,1.568900505E1
2.845925526E0,1.491423225E1,6.437687874E0,5.435309887E0,1.712952838E1
2.850910526E0,1.378361416E1,7.347082138E0,9.295719147E0,1.817630407E1
2.855895474E0,1.212676334E1,8.815689087E0,9.656954765E0,1.783343878E1
2.860880422E0,1.090767193E1,1.028772926E1,7.352516651E0,1.669952638E1
2.865870058E0,1.043535042E1,1.162449551E1,3.751720667E0,1.606551717E1
2.870855266E0,1.051007652E1,1.269511318E1,-2.873191237E-2,1.648115387E1
2.875840422E0,1.067603970E1,1.333322525E1,-3.247763634E0,1.738679636E1
2.880825683E0,1.084371376E1,1.335357380E1,-5.026106834E0,1.792109961E1
2.885805058E0,1.043846512E1,1.237752724E1,-5.383887291E0,1.706314675E1
2.890789953E0,9.553949356E0,1.113580990E1,-4.808628559E0,1.544043779E1
2.895774901E0,8.323210716E0,1.019964600E1,-3.275328398E0,1.356600130E1
2.900759797E0,7.138997555E0,9.639282227E0,-1.902445555E0,1.214497209E1
2.905737558E0,6.565382957E0,9.171243668E0,-1.301631451E0,1.135386314E1
2.910722089E0,6.855391502E0,8.525067329E0,-1.823037028E0,1.109038456E1
2.915706672E0,6.997906208E0,7.988115311E0,-3.375800371E0,1.114346022E1
2.920691203E0,6.949646950E0,7.620004654E0,-4.380512714E0,1.120495227E1
2.925683860E0,6.407691479E0,7.197896004E0,-5.092994213E0,1.089985353E1
2.930668808E0,5.175510883E0,6.867133141E0,-5.557809830E0,1.023878316E1
2.935653756E0,3.822472095E0,6.430811882E0,-4.853940964E0,8.917812359E0
2.940638756E0,2.955282688E0,5.656498909E0,-3.009800196E0,7.056101820E0
2.945621724E0,2.542481422E0,4.632745266E0,-7.355262041E-1,5.335498035E0
2.950606568E0,2.645200968E0,3.240119457E0,4.456351399E-1,4.206429951E0
2.955591412E0,3.113239288E0,1.347433090E0,9.741115570E-2,3.393718275E0
2.960576308E0,3.754514217E0,-1.073633194E0,-9.929001331E-3,3.905017776E0
2.965565110E0,4.535428047E0,-3.774370193E0,1.152668715E0,6.012039845E0
2.970550162E0,5.450012684E0,-6.513474464E0,2.816892624E0,8.947785866E0
2.975535214E0,6.154184341E0,-9.224138260E0,3.295175076E0,1.156792507E1
2.980520318E0,6.362936020E0,-1.209048080E1,2.963952541E0,1.398040398E1
2.985505787E0,5.789654732E0,-1.513581276E1,2.003504753E0,1.632871584E1
2.990490839E0,4.237982750E0,-1.826873016E1,-3.733634949E-1,1.875756914E1
2.995475943E0,1.767679334E0,-2.114021301E1,-3.591431141E0,2.151584705E1
3.000460995E0,-1.186132312E0,-2.344791222E1,-6.675639153E0,2.440851604E1
3.005445370E0,-4.784813881E0,-2.503612137E1,-7.718785286E0,2.663233868E1
3.010430422E0,-8.417210579E0,-2.654697418E1,-6.766175270E0,2.865959525E1
3.015415526E0,-1.050704575E1,-2.839608765E1,-5.611813068E0,3.079331502E1
3.020400578E0,-1.185357666E1,-3.068527603E1,-2.650591373E0,3.300180418E1
3.025391412E0,-1.234056759E1,-3.104316330E1,1.553065181E0,3.344218306E1
3.030376776E0,-1.106448936E1,-2.994245720E1,4.075186253E0,3.218044144E1
3.035362089E0,-8.855431557E0,-2.872416687E1,4.497063637E0,3.039276249E1
3.040347401E0,-7.482681751E0,-2.701045990E1,3.256529808E0,2.821631543E1
3.045327870E0,-6.317859650E0,-2.483418274E1,3.292454720E0,2.583587121E1
3.050312974E0,-4.793504238E0,-2.165628624E1,3.721340656E0,2.249046004E1
3.055298078E0,-4.317154884E0,-1.712391281E1,2.769522429E0,1.787558309E1
3.060283183E0,-3.283198118E0,-1.275544548E1,2.377596378E0,1.338408547E1
3.065262662E0,-8.738630265E-2,-9.739709854E0,4.450898170E0,1.070887851E1
3.070247453E0,2.496653080E0,-7.198987961E0,5.964162350E0,9.676256342E0
3.075232245E0,4.168650150E0,-4.976299286E0,5.177711010E0,8.303607045E0
3.080217037E0,5.772038937E0,-3.511120796E0,6.066499710E0,9.080023208E0
3.085211985E0,7.734755039E0,-2.848446846E0,8.754712105E0,1.202435316E1
3.090197297E0,9.665267944E0,-2.492673874E0,9.740268707E0,1.394645697E1
3.095182662E0,1.100152779E1,-2.028924942E0,9.060792923E0,1.439611470E1
3.100167974E0,1.160398674E1,-1.339344025E0,8.217920303E0,1.428217647E1
3.105267974E0,1.061648655E1,-3.147592545E-1,6.915352821E0,1.267402717E1
3.110342037E0,8.199849129E0,1.244533062E0,6.632175922E0,1.061942304E1
3.115336933E0,4.722356796E0,3.290142536E0,7.051331520E0,9.102030973E0
3.120331828E0,1.925582290E-1,5.805901527E0,7.584375381E0,9.553445512E0
3.125236828E0,-4.435024261E0,8.093637466E0,8.210577011E0,1.235273178E1
3.130141828E0,-8.612974167E0,9.715548515E0,8.678846359E0,1.561722066E1
3.135046828E0,-1.179193687E1,1.099766541E1,8.724582672E0,1.833348746E1
3.140022193E0,-1.368998337E1,1.184355354E1,8.909629822E0,2.017589920E1
3.145036828E0,-1.507431221E1,1.243429661E1,9.424435616E0,2.169485209E1
3.150020318E0,-1.618100739E1,1.253033447E1,1.026557350E1,2.289576994E1
3.155003860E0,-1.765003967E1,1.258638382E1,1.285538673E1,2.520321262E1
3.159987349E0,-1.906000328E1,1.288142967E1,1.680435181E1,2.848861518E1
3.164962766E0,-2.043708038E1,1.323613548E1,1.952247047E1,3.120891524E1
3.169945839E0,-2.157593727E1,1.420188332E1,2.016225243E1,3.276783456E1
3.174928964E0,-2.106789780E1,1.557228756E1,1.978449821E1,3.282954199E1
3.179912037E0,-1.999036789E1,1.732233047E1,1.786655045E1,3.192008092E1
3.184908443E0,-1.901869392E1,1.862816620E1,1.556317520E1,3.083718075E1
3.189892193E0,-1.795202827E1,1.929770660E1,1.202827835E1,2.897164613E1
3.194875995E0,-1.601997185E1,1.934281349E1,8.187112808E0,2.641614559E1
3.199859693E0,-1.375661278E1,1.879151154E1,4.869319916E0,2.379234283E1
3.204847141E0,-1.163011646E1,1.721896744E1,2.524019003E0,2.093139079E1
3.209831151E0,-9.955200195E0,1.539585495E1,1.429059029E0,1.838968652E1
3.214815110E0,-8.060092926E0,1.364111900E1,5.094978809E-1,1.585259643E1
3.219799016E0,-5.008939266E0,1.157472420E1,2.564699650E-1,1.261465377E1
3.224796099E0,-8.978952169E-1,8.973123550E0,5.751829147E-1,9.036260148E0
3.229780735E0,3.528948784E0,6.333959103E0,6.974482536E-1,7.284157570E0
3.234765370E0,7.526955128E0,3.782289028E0,-1.832262278E0,8.620785860E0
3.239749953E0,1.132767105E1,1.306704044E0,-9.854723930E0,1.507113767E1
3.244725370E0,1.441770744E1,-7.967519760E-1,-2.308842087E1,2.723197165E1
3.249709485E0,1.296563816E1,-2.060045242E0,-3.284611511E1,3.537257182E1
3.254693651E0,7.494327068E0,-2.334958076E0,-3.372061157E1,3.462219826E1
3.259677766E0,1.879829288E0,-2.056171417E0,-2.401640701E1,2.417745654E1
3.264678860E0,-1.896358132E0,-9.591226578E-1,-6.097136497E0,6.456869513E0
3.269663860E0,-4.982260227E0,1.077652931E0,1.115635300E1,1.226574356E1
3.274648808E0,-7.140137672E0,2.687372684E0,2.144717407E1,2.276367311E1
3.279633808E0,-9.092171669E0,2.730113983E0,2.485240555E1,2.660381870E1
3.284613078E0,-1.308913422E1,2.484989166E-1,2.240381622E1,2.594837505E1
3.289597766E0,-1.766581917E1,-3.937743187E0,1.826686668E1,2.571508131E1
3.294582506E0,-2.006448555E1,-6.058132172E0,1.875396919E1,2.812464944E1
3.299567193E0,-2.080896950E1,-6.639127731E0,2.684682465E1,3.460987174E1
3.304556047E0,-1.969037247E1,-8.444679260E0,2.866544342E1,3.578730253E1
3.309540943E0,-1.541093922E1,-1.047171116E1,2.385025597E1,3.026530178E1
3.314525839E0,-9.221419334E0,-9.776291847E0,2.013456917E1,2.420767094E1
3.319510735E0,-5.022038937E0,-7.532243729E0,1.662502861E1,1.893005935E1
3.324489485E0,-2.763577223E0,-5.979274750E0,1.275805187E1,1.435816747E1
3.329474068E0,-8.566890359E-1,-5.164617538E0,9.711271286E0,1.103249656E1
3.334458651E0,1.091168761E0,-5.111057281E0,7.037902832E0,8.766164046E0
3.339443235E0,3.750742674E0,-6.353381157E0,4.114496231E0,8.447638840E0
3.344425943E0,7.051880836E0,-8.768740654E0,2.039294720E0,1.143584535E1
3.349410422E0,1.061692619E1,-1.226596451E1,-9.607405663E-1,1.625103165E1
3.354394953E0,1.377336979E1,-1.662367630E1,-5.289393902E0,2.222678602E1
3.359379485E0,1.487821293E1,-1.887994766E1,-5.617913723E0,2.468551394E1
3.364377766E0,1.523790073E1,-1.914891052E1,-5.073425770E-1,2.447716874E1
3.369362922E0,1.501960564E1,-1.935330963E1,3.547848940E0,2.475331047E1
3.374348078E0,1.358151054E1,-2.007750320E1,3.286132336E0,2.446144373E1
3.379333287E0,1.168263817E1,-2.078132248E1,2.400481939E0,2.396058664E1
3.384314276E0,9.107895851E0,-2.135908127E1,9.613679647E-1,2.323980094E1
3.389299224E0,4.590779781E0,-2.186546707E1,-2.437166691E0,2.247473450E1
3.394284224E0,-2.920931578E-1,-2.198178864E1,-6.298399448E0,2.286819157E1
3.399269224E0,-5.499324799E0,-2.008233261E1,-9.271329880E0,2.279254734E1
3.404249589E0,-8.891019821E0,-1.723935127E1,-1.167244816E1,2.263827537E1
3.409234328E0,-9.408250809E0,-1.476278114E1,-1.309784222E1,2.186340232E1
3.414219068E0,-7.524356365E0,-1.283523369E1,-1.264326000E1,1.952463024E1
3.419203808E0,-3.169514894E0,-1.171478462E1,-1.112582684E1,1.646408291E1
3.424191933E0,1.947982073E0,-1.124039078E1,-9.756004333E0,1.501068418E1
3.429176828E0,5.813100815E0,-1.095242500E1,-8.068082809E0,1.479329966E1
3.434161776E0,8.505936623E0,-1.077268791E1,-6.075093269E0,1.501028051E1
3.439146672E0,1.040396023E1,-9.844236374E0,-4.680137157E0,1.506834636E1
3.444143599E0,1.164871216E1,-7.748950005E0,-4.135885239E0,1.458918325E1
3.449129120E0,1.169995594E1,-4.884169579E0,-4.523410797E0,1.346125279E1
3.454114641E0,1.084326935E1,-1.573059082E0,-4.944310665E0,1.202069936E1
3.459100162E0,9.895469666E0,1.796477318E0,-3.807835102E0,1.075394155E1
3.464076985E0,8.691997528E0,4.958329678E0,-1.360788226E0,1.009889097E1
3.469062089E0,7.698532104E0,7.863846779E0,8.601562977E-1,1.103844879E1
3.474047193E0,7.274464130E0,1.023773766E1,2.357427120E0,1.277836309E1
3.479032297E0,7.639722347E0,1.201605606E1,1.591266155E0,1.432770354E1
3.484010370E0,8.789834023E0,1.329594994E1,-3.249083519E0,1.626653038E1
3.488995110E0,1.055660629E1,1.359403896E1,-8.169453621E0,1.905202887E1
3.493979849E0,1.208180428E1,1.293684196E1,-1.079823017E1,2.073484144E1
3.498964589E0,1.252984619E1,1.177354813E1,-1.122152805E1,2.053134611E1
3.503951985E0,1.227107716E1,1.044233131E1,-1.051302814E1,1.923916263E1
3.508936828E0,1.162768364E1,9.395479202E0,-1.016834354E1,1.807963680E1
3.513921724E0,1.095609283E1,8.475101471E0,-1.000455475E1,1.708667407E1
3.518906620E0,1.009899235E1,7.762782097E0,-9.305868149E0,1.577496797E1
3.523895631E0,9.232246399E0,7.191474438E0,-8.218911171E0,1.430042583E1
3.528880735E0,8.176799774E0,6.739480972E0,-6.342186928E0,1.234925072E1
3.533865839E0,6.934755325E0,6.494914055E0,-4.300037861E0,1.042904912E1
3.538850891E0,5.721131325E0,6.848988056E0,-2.973831654E0,9.406575133E0
3.543836256E0,4.742413521E0,7.658985138E0,-2.745964289E0,9.417582451E0
3.548821308E0,4.648231983E0,8.402316093E0,-3.637808323E0,1.026833120E1
3.553806412E0,5.250937462E0,8.734874725E0,-4.974676132E0,1.134097806E1
3.558791516E0,6.068157196E0,8.705537796E0,-6.477917671E0,1.243271239E1
3.563764641E0,6.819388390E0,8.045022964E0,-7.964473724E0,1.321587281E1
3.568749172E0,6.923529148E0,6.921630859E0,-8.893994331E0,1.322676698E1
3.573733651E0,6.163044453E0,6.014435768E0,-9.809055328E0,1.305274381E1
3.578718078E0,5.147545815E0,5.281664371E0,-9.732257843E0,1.221106257E1
3.583719328E0,4.581171989E0,4.612291813E0,-7.331418037E0,9.798472483E0
3.588704693E0,4.849658012E0,3.969555378E0,-3.280278921E0,7.073668252E0
3.593690006E0,5.436347485E0,3.169026375E0,9.146322608E-1,6.358706968E0
3.598675318E0,5.676099300E0,1.765982628E0,3.241921663E0,6.771030496E0
3.603655422E0,5.919523716E0,-8.130245209E-1,3.555992365E0,6.953190030E0
3.608640526E0,6.422719955E0,-4.299100876E0,3.553835869E0,8.506664996E0
3.613625578E0,6.879337788E0,-8.388134956E0,3.910661221E0,1.153166803E1
3.618610631E0,6.584937572E0,-1.307556057E1,3.738302708E0,1.510981781E1
3.623604068E0,5.205489635E0,-1.820600891E1,2.741099596E0,1.913294305E1
3.628589537E0,2.901385307E0,-2.260516167E1,-8.748648167E-1,2.280738387E1
3.633575058E0,2.823719084E-1,-2.557608414E1,-5.949044228E0,2.626036826E1
3.638560526E0,-2.958053350E0,-2.744416237E1,-8.425956726E0,2.886050718E1
3.643540318E0,-5.715897083E0,-2.907705879E1,-7.763811111E0,3.063370024E1
3.648525474E0,-8.730444908E0,-2.997098160E1,-6.369514465E0,3.185986693E1
3.653510735E0,-1.099679375E1,-2.945756149E1,-6.135770321E0,3.203630876E1
3.658495891E0,-1.140823364E1,-2.898316193E1,-5.891595840E0,3.169987968E1
3.663487974E0,-1.151904964E1,-2.848118210E1,-5.096310616E0,3.114223210E1
3.668473547E0,-1.160310078E1,-2.755952072E1,-2.612828255E0,3.001642886E1
3.673459068E0,-1.107348156E1,-2.655529785E1,5.335385799E-1,2.877656166E1
3.678444641E0,-1.064647007E1,-2.589330673E1,3.825652599E0,2.825679168E1
3.683417349E0,-9.381573677E0,-2.546385574E1,7.332182884E0,2.811018996E1
3.688402245E0,-8.886665344E0,-2.473658943E1,7.811726093E0,2.742069916E1
3.693387193E0,-9.355620384E0,-2.317936325E1,7.909074783E0,2.621762723E1
3.698372037E0,-9.269989014E0,-2.066472626E1,7.997631550E0,2.401927805E1
3.703360162E0,-9.353557587E0,-1.713029480E1,7.283694267E0,2.083238444E1
3.708345266E0,-7.572875023E0,-1.366214085E1,7.034307003E0,1.713137483E1
3.713330318E0,-4.869058609E0,-1.077210903E1,5.905299187E0,1.321433401E1
3.718315370E0,-2.043824434E0,-7.967850685E0,6.713565826E0,1.061771298E1
3.723294224E0,1.917357445E-1,-5.321265221E0,9.428646088E0,1.082829595E1
3.728279016E0,1.208268642E0,-2.992491722E0,7.353580952E0,8.030571127E0
3.733263756E0,2.135976076E0,-1.632962227E0,7.536178589E0,8.001434069E0
3.738248495E0,2.294135809E0,-1.877517700E-1,7.984313011E0,8.309486392E0
3.743244953E0,1.857810974E0,1.253983974E0,1.030807877E1,1.054895375E1
3.748230318E0,1.488871813E0,2.707330704E0,1.084442997E1,1.127599398E1
3.753215683E0,1.328735352E0,3.997476578E0,1.081339264E1,1.160494795E1
3.758201047E0,2.390882969E-1,5.897618294E0,1.033059978E1,1.189791396E1
3.763177974E0,-1.847841501E0,7.765898228E0,1.024751377E1,1.298981262E1
3.768162870E0,-4.584214211E0,9.618540764E0,9.024766922E0,1.396344386E1
3.773147818E0,-8.419071198E0,1.219760418E1,6.009337425E0,1.599294982E1
3.778132766E0,-1.221701431E1,1.454607773E1,4.350679874E0,1.948774567E1
3.783110839E0,-1.524948788E1,1.650340652E1,4.669690132E0,2.295027916E1
3.788095474E0,-1.709056282E1,1.791439819E1,6.074457645E0,2.549337239E1
3.793080058E0,-1.824553299E1,1.902292633E1,7.072943687E0,2.729098263E1
3.798064641E0,-1.953815460E1,2.041180801E1,7.428443432E0,2.921580332E1
3.803064589E0,-2.105693436E1,2.182094193E1,7.354984760E0,3.120326572E1
3.808049953E0,-2.204913139E1,2.318131638E1,8.286787033E0,3.304857733E1
3.813035318E0,-2.180011940E1,2.422986603E1,1.024883556E1,3.416680032E1
3.818020683E0,-2.062236977E1,2.404554939E1,1.194124031E1,3.385356407E1
3.823011308E0,-1.889907837E1,2.257312393E1,1.279850101E1,3.210175564E1
3.827996933E0,-1.622698784E1,2.036868858E1,1.296228600E1,2.908985162E1
3.832982558E0,-1.322176361E1,1.833672523E1,1.295496368E1,2.605535664E1
3.837968183E0,-1.043224049E1,1.675209045E1,1.274775505E1,2.349402977E1
3.843068183E0,-8.320890427E0,1.543650818E1,1.188427162E1,2.118393057E1
3.848135735E0,-7.079334259E0,1.438356209E1,1.068614864E1,1.926648916E1
3.853130787E0,-6.289202690E0,1.360556126E1,9.328182220E0,1.765447114E1
3.858125891E0,-6.010677338E0,1.306162643E1,8.205151558E0,1.655472257E1
3.863030891E0,-6.059194565E0,1.280305099E1,7.073221684E0,1.583232196E1
3.867935891E0,-5.499447823E0,1.242147923E1,5.574892521E0,1.468388570E1
3.872848756E0,-4.038638115E0,1.167032242E1,5.224307537E0,1.340896761E1
3.877831985E0,-2.879781246E0,1.060566807E1,5.330851555E0,1.221438961E1
3.882828131E0,-1.277510166E0,9.159617424E0,4.433962345E0,1.025624910E1
3.887811985E0,8.422114849E-1,7.121674538E0,2.132820845E0,7.481743992E0
3.892795787E0,3.044846058E0,4.919293404E0,-1.555283785E0,5.990779812E0
3.897779693E0,5.829371929E0,2.553661346E0,-9.706202507E0,1.160659857E1
3.902761672E0,9.868169785E0,-9.795112610E-1,-2.379207039E1,2.577601270E1
3.907745422E0,1.330729675E1,-5.091013908E0,-3.100174332E1,3.411906590E1
3.912729172E0,1.302940845E1,-8.235908508E0,-2.847584915E1,3.238008120E1
3.917712974E0,8.515909195E0,-9.830825806E0,-2.260245705E1,2.607751733E1
3.922705578E0,1.255817175E0,-9.175921440E0,-5.442896843E0,1.074242696E1
3.927689797E0,-6.944136620E0,-7.914212227E0,2.021193886E1,2.278987189E1
3.932674016E0,-1.240131664E1,-1.231691933E1,2.372880745E1,2.947126497E1
3.937658183E0,-2.413395691E1,-2.956088257E1,9.607093811E0,3.935212708E1
3.942645839E0,-3.599784088E1,-4.321855545E1,3.164793253E0,5.633563703E1
3.947630214E0,-3.286818314E1,-3.938774872E1,1.386103916E1,5.313982140E1
3.952614589E0,-2.321589279E1,-3.665303802E1,2.530293846E1,5.022610446E1
3.957598964E0,-1.028005600E1,-3.708284760E1,3.232463455E1,5.025633429E1
3.962587401E0,6.607613087E0,-3.071364021E1,3.187045479E1,4.475169421E1
3.967571985E0,8.290239334E0,-1.611317444E1,2.086367989E1,2.763431919E1
3.972556568E0,1.264379025E-1,-3.171934128E0,1.111770058E1,1.156202486E1
3.977541151E0,-4.121811867E0,3.408176899E0,7.895334244E0,9.536315099E0
3.982523443E0,-4.333935261E0,7.112652779E0,7.752654076E0,1.137877276E1
3.987507974E0,-3.957897186E0,8.887384415E0,7.361310482E0,1.219997721E1
3.992492453E0,-3.954037189E0,9.644003868E0,7.149971008E0,1.263975103E1
3.997476881E0,-4.995959282E0,9.638578415E0,6.059459686E0,1.243297449E1
4.002478860E0,-5.961275101E0,8.157023430E0,4.882018089E0,1.122087041E1
4.007464224E0,-6.318819046E0,4.777259827E0,4.841336727E0,9.283761463E0
4.012449589E0,-6.476951599E0,-5.607595444E-1,7.536613464E0,9.953185209E0
4.017434953E0,-5.211802483E0,-7.645708084E0,8.325403214E0,1.244717140E1
4.022404172E0,-1.815914989E0,-1.515281105E1,6.557784081E0,1.661053166E1
4.027388703E0,1.809311390E0,-2.091274261E1,5.318617821E0,2.165419375E1
4.032373235E0,6.967784405E0,-2.633002663E1,3.574702263E0,2.746996210E1
4.037357818E0,1.063800049E1,-3.009485626E1,9.548794031E-1,3.193398225E1
4.042342193E0,1.229629326E1,-3.232842255E1,-1.094101369E-1,3.458811505E1
4.047326672E0,1.209285831E1,-3.250296783E1,-3.345584393E0,3.484068133E1
4.052311203E0,7.620360374E0,-2.793009186E1,-1.094271755E1,3.095000793E1
4.057295787E0,2.465231895E0,-2.204359818E1,-1.301215935E1,2.571602379E1
4.062284641E0,-2.655119896E0,-1.620675278E1,-1.357642937E1,2.130793119E1
4.067269433E0,-6.958692074E0,-1.054329014E1,-1.360330105E1,1.856432497E1
4.072254172E0,-9.449981689E0,-5.687079430E0,-1.182997417E1,1.617384665E1
4.077238964E0,-1.141273022E1,-1.596859932E0,-9.869613647E0,1.517266114E1
4.082223599E0,-1.332777691E1,1.604710579E0,-8.783557892E0,1.604230727E1
4.087208339E0,-1.353175735E1,3.489399433E0,-8.440181732E0,1.632547191E1
4.092193131E0,-1.100527573E1,4.057410717E0,-8.454179764E0,1.445862480E1
4.097177870E0,-6.278039455E0,3.709277630E0,-1.077155495E1,1.300764836E1
4.102167610E0,-3.926653266E-1,2.705528736E0,-1.595555496E1,1.618807604E1
4.107152610E0,4.740633965E0,2.220347881E0,-2.062235641E1,2.127639864E1
4.112137610E0,7.703610897E0,2.644957066E0,-2.103770447E1,2.255939778E1
4.117122610E0,1.032821083E1,3.165972710E0,-1.948307610E1,2.227746791E1
4.122115839E0,1.291473579E1,3.680385113E0,-1.673995590E1,2.146070266E1
4.127101256E0,1.596302986E1,4.306382656E0,-1.199989796E1,2.042941029E1
4.132086672E0,1.820648575E1,5.082056999E0,-6.512482643E0,1.999289516E1
4.137072089E0,2.136937904E1,4.921387196E0,2.812288284E0,2.210835539E1
4.142047089E0,2.282515144E1,5.437125206E0,1.022472382E1,2.559482069E1
4.147031985E0,2.044361877E1,7.874940872E0,9.640054703E0,2.393505582E1
4.152016881E0,1.689709282E1,1.120396996E1,3.761212349E0,2.062007291E1
4.157001776E0,1.275267506E1,1.379820442E1,-9.193291068E-1,1.881133521E1
4.161985631E0,8.436749458E0,1.431111145E1,-8.727251887E-1,1.663575371E1
4.166970474E0,5.468006611E0,1.339849472E1,1.660222173E0,1.456623132E1
4.171955318E0,3.972359896E0,1.251858807E1,3.240363598E0,1.352755139E1
4.176940162E0,2.900689840E0,1.215057278E1,2.446284771E0,1.272928629E1
4.181935526E0,2.062362432E0,1.203923798E1,-1.128101349E-2,1.221461080E1
4.186920943E0,1.561279058E0,1.186231709E1,-2.329490662E0,1.218928569E1
4.191906308E0,1.966645122E0,1.131376648E1,-3.394417286E0,1.197460119E1
4.196891672E0,3.667337418E0,1.026469421E1,-2.761101246E0,1.124442044E1
4.201865578E0,6.831543446E0,8.780126572E0,-1.288220406E0,1.119911248E1
4.206850370E0,1.105532646E1,6.908726692E0,-5.257674456E-1,1.304711382E1
4.211835162E0,1.498987198E1,5.295339584E0,-1.012490273E0,1.592990960E1
4.216820006E0,1.791019630E1,4.201787472E0,-2.289047956E0,1.853833569E1
4.221820683E0,1.965494347E1,3.781974792E0,-3.332723618E0,2.029106165E1
4.226806308E0,2.025812340E1,3.927847385E0,-3.459827900E0,2.092343083E1
4.231791933E0,1.984231186E1,4.394036293E0,-2.874946117E0,2.052535530E1
4.236777506E0,1.880176353E1,4.681233406E0,-2.119675398E0,1.949136429E1
4.241750110E0,1.739791107E1,4.750212193E0,-1.483330727E0,1.809563747E1
4.246735058E0,1.594209480E1,4.163217545E0,-1.160149574E0,1.651752748E1
4.251720006E0,1.460951805E1,2.978662968E0,-2.512593269E-1,1.491219575E1
4.256704953E0,1.254842281E1,1.642677307E0,9.035086632E-1,1.268769608E1
4.261682714E0,1.037959385E1,-1.459121704E-2,2.215259552E0,1.061336687E1
4.266667297E0,8.187617302E0,-2.086866379E0,2.344933987E0,8.768740147E0
4.271651881E0,5.555080414E0,-4.465004921E0,8.834196329E-1,7.181616642E0
4.276636464E0,2.713557720E0,-7.090483665E0,1.187198162E-1,7.592920947E0
4.281636516E0,-3.162458539E-2,-1.022554016E1,4.513018727E-1,1.023554322E1
4.286621881E0,-2.885472775E0,-1.450516605E1,8.090487719E-1,1.481149403E1
4.291607245E0,-6.242313385E0,-1.911117935E1,-8.486522436E-1,2.012272008E1
4.296592610E0,-1.018959618E1,-2.324963570E1,-4.614218712E0,2.580047373E1
4.301572349E0,-1.502852631E1,-2.615594864E1,-7.513335705E0,3.108762560E1
4.306557453E0,-1.855608177E1,-2.873303986E1,-7.917272091E0,3.510838856E1
4.311542558E0,-2.069903183E1,-3.050778198E1,-7.362870693E0,3.759503352E1
4.316527610E0,-2.274396896E1,-3.191637039E1,-6.836461544E0,3.978291128E1
4.321516672E0,-2.402051353E1,-3.325318909E1,-6.663053513E0,4.155906564E1
4.326501933E0,-2.505052567E1,-3.467617035E1,-7.115064621E0,4.336576727E1
4.331487245E0,-2.588329315E1,-3.530122757E1,-6.477609634E0,4.425020857E1
4.336472506E0,-2.659863663E1,-3.446031570E1,-5.506436348E0,4.387848756E1
4.341454745E0,-2.665536308E1,-3.198522568E1,-5.259697437E0,4.196698059E1
4.346439901E0,-2.618608856E1,-2.802538681E1,-4.873088837E0,3.866368496E1
4.351425058E0,-2.450609207E1,-2.344160843E1,-2.083840847E0,3.397646166E1
4.356410162E0,-2.144054413E1,-1.870244408E1,8.140629768E0,2.959304310E1
4.361386256E0,-1.679480743E1,-1.429598713E1,1.457636642E1,2.643692991E1
4.366370995E0,-1.239984131E1,-1.094036770E1,1.304601669E1,2.106291199E1
4.371355631E0,-7.886726856E0,-9.497200012E0,1.624704933E1,2.040499646E1
4.376340266E0,-4.870400429E0,-7.639875412E0,1.378007507E1,1.649178479E1
4.381341412E0,-2.704444408E0,-5.892434120E0,5.192920208E0,8.306697280E0
4.386326933E0,-1.056921482E0,-5.655419350E0,-1.603227377E0,5.972536234E0
4.391312401E0,-1.342664242E0,-5.596372604E0,-5.550658703E-1,5.781888248E0
4.396297922E0,-8.541314602E-1,-4.683977127E0,3.510292053E0,5.915347207E0
4.401270266E0,-8.551881313E-1,-3.044733047E0,6.792096138E0,7.492283765E0
4.406255110E0,-8.510451317E-1,-1.408547401E0,9.659223557E0,9.798412285E0
4.411239953E0,7.164990902E-1,-1.012751579E0,9.589937210E0,9.669846555E0
4.416224797E0,9.748826027E-1,-5.428495407E-1,6.108657837E0,6.209732867E0
4.421217401E0,-1.321481705E0,1.094656944E0,4.037580013E0,4.387099279E0
4.426202662E0,-3.345035553E0,3.484498978E0,4.370013237E0,6.513678812E0
4.431187870E0,-5.393582344E0,6.574316978E0,5.457208633E0,1.010413283E1
4.436173131E0,-8.115214348E0,1.029491234E1,5.865717888E0,1.436135684E1
4.441207662E0,-1.059224319E1,1.461674976E1,5.496451855E0,1.886944547E1
4.446195370E0,-1.222061920E1,1.853066063E1,5.893295765E0,2.296649412E1
4.451183078E0,-1.292446423E1,2.152022552E1,6.640582085E0,2.596650174E1
4.456170787E0,-1.376973343E1,2.399151611E1,7.156468391E0,2.857294951E1
4.461105422E0,-1.449019814E1,2.638431549E1,9.858930588E0,3.167485530E1
4.466090474E0,-1.477437115E1,2.897161865E1,1.336776161E1,3.516153837E1
4.471075578E0,-1.445886612E1,3.178080368E1,1.400860596E1,3.762073010E1
4.476060578E0,-1.321840572E1,3.322064209E1,1.296265984E1,3.803114330E1
4.481026724E0,-1.006089783E1,3.309888458E1,1.244021034E1,3.676297946E1
4.486010839E0,-6.717168808E0,3.234568787E1,1.108025455E1,3.484445324E1
4.490994953E0,-2.982570648E0,2.994908142E1,9.712322235E0,3.162550251E1
4.495979016E0,5.849411488E-1,2.670849609E1,7.131040096E0,2.765027401E1
4.500980526E0,3.768747807E0,2.306081390E1,3.421756268E0,2.361594830E1
4.505965474E0,6.764566422E0,1.912101364E1,-2.050714493E-1,2.028335711E1
4.510950422E0,1.041786385E1,1.370243454E1,-2.726446152E0,1.742762485E1
4.515935422E0,1.389928436E1,7.939128876E0,-6.075823784E0,1.712120053E1
4.520916360E0,1.519108582E1,4.202869892E0,-1.091957855E1,1.917473336E1
4.525901099E0,1.433463860E1,2.019188404E0,-1.486398411E1,2.074842184E1
4.530885891E0,1.198205757E1,5.182991028E-1,-1.577398109E1,1.981557007E1
4.535870631E0,9.125390053E0,-2.986497879E-1,-1.326151657E1,1.610061356E1
4.540873912E0,6.235230923E0,-5.176315308E-1,-1.090193844E1,1.256973782E1
4.545859589E0,3.607172012E0,-4.904890060E-1,-9.082784653E0,9.785154390E0
4.550845318E0,1.378052473E0,3.582048416E-1,-4.752533913E0,4.961241570E0
4.555830995E0,-1.723556757E0,2.704751968E0,5.931036949E0,6.742664933E0
4.560793599E0,-6.096288681E0,6.314207554E0,1.867620850E1,2.063576305E1
4.565778131E0,-8.979439735E0,8.714133263E0,2.132150269E1,2.472191201E1
4.570762714E0,-1.008752918E1,8.550606728E0,1.716869736E1,2.167107033E1
4.575747193E0,-1.098081779E1,6.701745033E0,1.265536976E1,1.804577872E1
4.580734537E0,-1.781399536E1,1.449649334E0,2.041603661E1,2.713400937E1
4.585719224E0,-4.295835114E1,-8.285351753E0,6.594368935E0,4.424423903E1
4.590703912E0,-5.219625473E1,-1.683980370E1,-3.281903076E1,6.391491826E1
4.595688599E0,-3.083679962E1,-2.716683960E1,-2.961190987E1,5.065383096E1
4.600677193E0,-3.272251129E1,-3.304471207E1,-1.183856487E0,4.652007370E1
4.605662037E0,-3.360382843E1,-3.636366272E1,1.421817303E1,5.151397573E1
4.610646933E0,-1.666648102E1,-3.869737244E1,2.428052902E1,4.862923311E1
4.615631828E0,4.198760986E-1,-3.501871490E1,2.768673706E1,4.464350007E1
4.620614328E0,6.081346512E0,-2.679270172E1,2.214514923E1,3.528794802E1
4.625599120E0,5.404892921E0,-1.669375610E1,1.418293190E1,2.256213460E1
4.630583860E0,3.142964125E0,-9.102393150E0,9.841755867E0,1.376923902E1
4.635568599E0,6.804368496E-1,-4.064748764E0,5.454214096E0,6.836199838E0
4.640668599E0,-1.678515911E0,8.351802826E-1,-3.772652149E-1,1.912399229E0
4.645768599E0,-3.307546377E0,5.012905121E0,-4.679534912E0,7.613614633E0
4.650856776E0,-3.557290077E0,6.967926025E0,-7.105282784E0,1.056841281E1
4.655856776E0,-3.741348267E0,7.036456108E0,-9.134164810E0,1.212197872E1
4.660761776E0,-4.156912327E0,5.836485386E0,-1.026683903E1,1.252008248E1
4.665666776E0,-3.640525341E0,3.555241108E0,-7.261747837E0,8.867138532E0
4.670571776E0,-2.556690454E0,-8.539266586E-1,1.532896876E0,3.100907875E0
4.675476776E0,1.122951508E-1,-7.398487091E0,9.324536324E0,1.190366326E1
4.680434693E0,3.040886641E0,-1.400676918E1,1.436120129E1,2.028991564E1
4.685417141E0,5.689260483E0,-1.898665619E1,1.645352554E1,2.576003301E1
4.690399589E0,8.712630272E0,-2.261204147E1,1.696717262E1,2.958207722E1
4.695382037E0,1.075043297E1,-2.519425201E1,1.369692993E1,3.062561074E1
4.700367037E0,1.186627579E1,-2.554942131E1,8.176183701E0,2.933311116E1
4.705349641E0,1.208751106E1,-2.347756767E1,9.237657785E-1,2.642266926E1
4.710332245E0,9.963577271E0,-1.993064117E1,-7.330132484E0,2.345707083E1
4.715314849E0,5.687732697E0,-1.551611042E1,-1.260654068E1,2.078520757E1
4.720317089E0,1.972452164E0,-1.200916576E1,-1.302756882E1,1.782773623E1
4.725300631E0,-1.874000430E-1,-9.939688683E0,-1.157097244E1,1.525516087E1
4.730284224E0,-2.348836899E0,-7.487769127E0,-9.606771469E0,1.240458703E1
4.735267766E0,-4.924125195E0,-4.574594498E0,-7.243690968E0,9.881547580E0
4.740289589E0,-6.718342304E0,-2.035293579E0,-6.708733559E0,9.710079775E0
4.745275110E0,-8.145681381E0,1.894483566E-1,-8.248537064E0,1.159423907E1
4.750260578E0,-9.183619499E0,1.807287216E0,-1.072533989E1,1.423509993E1
4.755246099E0,-8.988149643E0,3.175013542E0,-1.261478806E1,1.581140167E1
4.760196985E0,-7.086972237E0,4.024878025E0,-1.392186165E1,1.613205041E1
4.765180735E0,-3.105602264E0,4.093157291E0,-1.535783482E1,1.619449883E1
4.770164537E0,2.086865664E0,3.434272766E0,-1.647561073E1,1.695862573E1
4.775148339E0,6.558012962E0,2.945633411E0,-1.643552017E1,1.793908062E1
4.780139120E0,1.017259693E1,2.568355083E0,-1.590936375E1,1.905744031E1
4.785123287E0,1.296138287E1,2.561724186E0,-1.551082993E1,2.037512507E1
4.790107401E0,1.480516624E1,2.836124420E0,-1.500917625E1,2.127232759E1
4.795091516E0,1.592577934E1,3.435917377E0,-1.499837112E1,2.214468587E1
4.800081412E0,1.583073330E1,4.075846672E0,-1.553093338E1,2.254849296E1
4.805065839E0,1.506491280E1,4.480849266E0,-1.402915192E1,2.106766981E1
4.810050266E0,1.372009754E1,4.435746670E0,-1.039673233E1,1.777664108E1
4.815034693E0,1.210582733E1,4.387798309E0,-4.874194145E0,1.376813705E1
4.820020006E0,1.027746487E1,4.744974613E0,1.498286724E0,1.141866591E1
4.825004485E0,8.467705727E0,6.000245094E0,6.317142010E0,1.214953763E1
4.829988912E0,7.449622631E0,7.770855427E0,7.549625397E0,1.314838070E1
4.834973391E0,6.973800182E0,9.728160858E0,5.382438183E0,1.312408639E1
4.840073391E0,6.419921398E0,1.191097736E1,1.855579257E0,1.365759667E1
4.845088495E0,5.706412792E0,1.392242432E1,-1.552153945E0,1.512634218E1
4.850079849E0,5.170409679E0,1.501539135E1,-4.334287643E0,1.646150549E1
4.855071203E0,5.087193012E0,1.471396828E1,-6.020344734E0,1.669206236E1
4.859976203E0,5.939183235E0,1.298240948E1,-6.299848557E0,1.560464499E1
4.864884224E0,7.209131718E0,1.049986458E1,-6.180712223E0,1.415697495E1
4.869867349E0,8.511608124E0,8.006218910E0,-5.552670956E0,1.293751015E1
4.874850474E0,9.714165688E0,5.754015446E0,-4.272026539E0,1.207161628E1
4.879836099E0,1.049125767E1,3.806484222E0,-2.721255064E0,1.148742960E1
4.884819328E0,1.078404331E1,2.020908356E0,-1.719050407E0,1.110561998E1
4.889802558E0,1.050126171E1,4.206085205E-2,-2.132293701E0,1.071564011E1
4.894785839E0,1.063697624E1,-3.082485199E0,-3.673313379E0,1.166791368E1
4.899781464E0,1.060034943E1,-6.904935837E0,-6.309920788E0,1.413720790E1
4.904765318E0,9.513735771E0,-1.040452099E1,-6.091965675E0,1.535829649E1
4.909749224E0,6.364574909E0,-1.455598259E1,-2.844765663E0,1.613930403E1
4.914733078E0,1.762455940E0,-1.894043350E1,-8.655474186E-1,1.904193910E1
4.919709589E0,-2.346136570E0,-2.244055939E1,-3.741876602E0,2.287104508E1
4.924693078E0,-6.616806984E0,-2.494040680E1,-8.672507286E0,2.722165330E1
4.929676568E0,-1.109619999E1,-2.584589386E1,-1.144645786E1,3.036704268E1
4.934660110E0,-1.491279984E1,-2.613145828E1,-1.113075161E1,3.208018613E1
4.939657453E0,-1.778266907E1,-2.670518875E1,-9.005285263E0,3.332394917E1
4.944641672E0,-1.840741920E1,-2.553258705E1,-6.399965286E0,3.212017495E1
4.949625891E0,-1.697478104E1,-2.319669533E1,-3.345926762E0,2.893829800E1
4.954610058E0,-1.515071774E1,-2.097198677E1,-9.464049339E-2,2.587232950E1
4.959601412E0,-1.342851162E1,-1.931842422E1,3.065354586E0,2.372599498E1
4.964585943E0,-1.173797131E1,-1.795321083E1,5.081399441E0,2.204355620E1
4.969570474E0,-1.090775490E1,-1.650020218E1,5.212623119E0,2.045500498E1
4.974555058E0,-1.113477993E1,-1.439619446E1,3.255773067E0,1.848874785E1
4.979540735E0,-1.026323891E1,-1.276578426E1,1.464074612E0,1.644514625E1
4.984525318E0,-8.793930054E0,-1.113293648E1,-1.077394724E0,1.422800969E1
4.989509901E0,-7.149176598E0,-9.293740273E0,-2.091821194E0,1.191050168E1
4.994494537E0,-5.028354645E0,-7.511653900E0,-2.377099752E0,9.346651699E0
4.999484276E0,-1.497460365E0,-6.731937408E0,3.781707287E-1,6.906835883E0
5.004469172E0,2.658282757E0,-6.885010719E0,3.342749119E0,8.102086860E0
5.009454068E0,6.049859047E0,-6.955042839E0,2.934954166E0,9.674056612E0
5.014438912E0,7.545791626E0,-6.537178993E0,2.570670128E0,1.030931741E1
5.019418703E0,7.337192535E0,-5.362800598E0,3.153976440E0,9.619854050E0
5.024403287E0,6.367287636E0,-3.774838448E0,3.711151600E0,8.280362513E0
5.029387922E0,5.164135933E0,-1.983613014E0,3.776510239E0,6.698137809E0
5.034372506E0,3.231419563E0,-7.712459564E-2,4.132491589E0,5.246475705E0
5.039472506E0,1.489217758E0,1.562292099E0,4.705471992E0,5.176870947E0
5.044572506E0,-1.070691824E0,3.363951683E0,5.277987957E0,6.349780215E0
5.049672506E0,-3.863427877E0,5.081705093E0,6.151876450E0,8.865403853E0
5.054772506E0,-5.939030647E0,6.469268799E0,7.312737465E0,1.142802052E1
5.059776724E0,-7.492936134E0,7.480854988E0,7.990229607E0,1.326465425E1
5.064681724E0,-8.984404564E0,8.595260620E0,8.452167511E0,1.503453245E1
5.069586724E0,-1.024321079E1,9.807265282E0,9.363679886E0,1.699365531E1
5.074491724E0,-1.165418434E1,1.111943245E1,9.933135986E0,1.892429606E1
5.079396724E0,-1.291351986E1,1.248402977E1,9.512113571E0,2.032462297E1
5.084301724E0,-1.393513966E1,1.370896912E1,9.135707855E0,2.157742129E1
5.089222245E0,-1.501304054E1,1.522109032E1,9.185043335E0,2.326882029E1
5.094211516E0,-1.522652340E1,1.683545494E1,1.059683418E1,2.505139622E1
5.099200891E0,-1.503378201E1,1.838939285E1,1.246760845E1,2.682583888E1
5.104157349E0,-1.492818165E1,1.981179237E1,1.338687897E1,2.818805160E1
5.109145058E0,-1.486271858E1,2.105831146E1,1.396736622E1,2.931621061E1
5.114132766E0,-1.383951187E1,2.208361816E1,1.387023449E1,2.952290102E1
5.119120422E0,-1.290728188E1,2.279399109E1,1.323690224E1,2.934926807E1
5.124114120E0,-1.172957802E1,2.294929504E1,1.190197945E1,2.838855858E1
5.129102089E0,-9.749656677E0,2.226078224E1,9.769582748E0,2.619242216E1
5.134090110E0,-7.881904602E0,2.103972626E1,7.112345695E0,2.356650085E1
5.139078131E0,-6.503726006E0,1.902607346E1,4.940222263E0,2.070496846E1
5.144043026E0,-4.971347809E0,1.613607025E1,3.633103132E0,1.727097277E1
5.149029849E0,-2.356024027E0,1.269205952E1,2.310076237E0,1.311394968E1
5.154016724E0,1.911079645E0,8.818564415E0,-9.039759636E-2,9.023717387E0
5.159003547E0,6.322505951E0,4.767729282E0,-2.851058006E0,8.416285152E0
5.163991151E0,9.101818085E0,1.180755615E0,-4.915288925E0,1.041140440E1
5.168978026E0,9.805417061E0,-1.595063210E0,-6.711661339E0,1.198902950E1
5.173964901E0,8.685615540E0,-3.125782967E0,-8.237706184E0,1.237215582E1
5.178951828E0,7.333917618E0,-3.759188652E0,-1.004174614E1,1.299055474E1
5.183932193E0,6.135922432E0,-4.149026871E0,-1.304924774E1,1.500489369E1
5.188918756E0,4.546712399E0,-4.809854507E0,-1.825989532E1,1.942243732E1
5.193905318E0,2.296873093E0,-5.885586739E0,-2.323832130E1,2.408184657E1
5.198891828E0,-3.021535635E0,-5.970164299E0,-1.734549522E1,1.859136208E1
5.203867766E0,-1.045081329E1,-4.345416069E0,-2.230034828E0,1.153582224E1
5.208853808E0,-1.775801277E1,-3.693071365E0,6.447967529E0,1.924998906E1
5.213839849E0,-2.576828766E1,-6.297701836E0,9.319375038E0,2.811612435E1
5.218825839E0,-3.778380585E1,-1.232324505E1,1.643955040E1,4.300857089E1
5.223820266E0,-4.110372543E1,-1.611638260E1,6.634819508E0,4.464610691E1
5.228806672E0,-3.188590622E1,-1.672248840E1,-1.047526932E1,3.749778528E1
5.233793131E0,-2.141532326E1,-1.515113926E1,-1.463194847E1,3.003775969E1
5.238779589E0,-1.282519531E1,-1.292637539E1,4.460721970E0,1.874766268E1
5.243753443E0,-6.374801636E0,-8.845563889E0,1.756258202E1,2.067187421E1
5.248739276E0,-3.137741089E-1,-5.456135750E0,2.031007385E1,2.103252176E1
5.253725058E0,2.046021461E0,-1.184698105E0,2.149962044E1,2.162922542E1
5.258710891E0,2.860958576E-1,3.286785126E0,2.196249199E1,2.220891401E1
5.263696256E0,-1.126128435E0,5.374272823E0,2.016387177E1,2.089815059E1
5.268682089E0,-2.335429668E0,5.776716232E0,1.669872856E1,1.782336157E1
5.273667870E0,-3.564222336E0,4.945191383E0,1.342329025E1,1.474256829E1
5.278653651E0,-4.594687939E0,3.088312626E0,1.148786640E1,1.275225104E1
5.283633964E0,-4.814304352E0,8.320207596E-1,1.058121681E1,1.165469580E1
5.288619485E0,-3.825571299E0,-1.817316055E0,1.098446846E1,1.177268792E1
5.293605006E0,-1.946649551E0,-5.866402626E0,1.238738823E1,1.384382575E1
5.298590526E0,1.955061316E0,-1.164129162E1,9.617177010E0,1.522603129E1
5.303575839E0,8.207376480E0,-1.812019730E1,-3.523050785E0,2.020184312E1
5.308561360E0,1.449549675E1,-2.451612091E1,-1.399398232E1,3.173312389E1
5.313546828E0,1.973229408E1,-3.017600632E1,-1.443186474E1,3.883598212E1
5.318532349E0,2.462106133E1,-3.435897064E1,-1.057233810E1,4.357189297E1
5.323518547E0,2.721429062E1,-3.543614960E1,-4.789814949E0,4.493640661E1
5.328504068E0,2.470320511E1,-3.117106438E1,-9.710245132E-1,3.978475192E1
5.333489641E0,1.989352226E1,-2.410446930E1,2.355877399E0,3.134210948E1
5.338475162E0,1.550869083E1,-1.838508224E1,2.846202612E0,2.422047914E1
5.343455266E0,1.219345760E1,-1.470937824E1,1.269420147E0,1.914830656E1
5.348440526E0,6.883752823E0,-1.107357216E1,-3.230861664E0,1.343311283E1
5.353425839E0,3.250408471E-1,-7.538585663E0,-9.415223122E0,1.206575119E1
5.358411099E0,-3.718648434E0,-5.506396294E0,-1.348498440E1,1.503308187E1
5.363397141E0,-7.402511597E0,-4.246481895E0,-1.266048336E1,1.526818998E1
5.368382453E0,-1.274071884E1,-3.122697830E0,-9.847537994E0,1.640277912E1
5.373367766E0,-1.780021477E1,-3.052568436E0,-8.999530792E0,2.017814100E1
5.378353078E0,-1.763560867E1,-4.758730888E0,-9.664217949E0,2.066536526E1
5.383335162E0,-1.219155312E1,-8.806958199E0,-1.026318932E1,1.820795252E1
5.388320266E0,-4.936865807E0,-1.333675194E1,-1.061487579E1,1.774590613E1
5.393305422E0,4.548446834E-1,-1.577726364E1,-1.241245270E1,2.007978869E1
5.398290578E0,4.600887775E0,-1.585477638E1,-1.453780556E1,2.199749742E1
5.403275526E0,7.205277443E0,-1.373343658E1,-1.714581299E1,2.311930376E1
5.408260631E0,8.474864006E0,-1.034616947E1,-1.972167969E1,2.382878915E1
5.413245787E0,1.049639702E1,-6.949197769E0,-2.080063248E1,2.431320652E1
5.418230943E0,1.258996105E1,-3.202389717E0,-1.957674217E1,2.349491973E1
5.423220110E0,1.331243896E1,7.080955505E-1,-1.630601883E1,2.106201986E1
5.428205474E0,1.447107220E1,3.496808529E0,-1.329398727E1,1.995920084E1
5.433190839E0,1.509221935E1,5.310670853E0,-1.074302673E1,1.927150573E1
5.438176151E0,1.480450821E1,6.527439117E0,-8.137353897E0,1.811069996E1
5.443172297E0,1.408061218E1,7.188334942E0,-5.291760445E0,1.667148845E1
5.448158235E0,1.320775032E1,7.442602158E0,-1.478226423E0,1.523227326E1
5.453144120E0,1.230382538E1,7.807287693E0,2.599166155E0,1.480180816E1
5.458130006E0,1.146830177E1,8.514060974E0,5.029062271E0,1.514274239E1
5.463102401E0,1.111533642E1,9.323282242E0,5.457924843E0,1.550042706E1
5.468087558E0,1.072724342E1,1.041939831E1,5.062301636E0,1.578811295E1
5.473072766E0,1.084157848E1,1.145581532E1,2.452534676E0,1.596215696E1
5.478058026E0,1.169704151E1,1.250069427E1,-2.966161966E0,1.737487422E1
5.483036724E0,1.242540646E1,1.366079330E1,-7.839406013E0,2.006151255E1
5.488021620E0,1.387533474E1,1.387753391E1,-1.057991505E1,2.229451646E1
5.493006516E0,1.473368740E1,1.205216217E1,-1.104534531E1,2.200763073E1
5.497991360E0,1.422058773E1,9.427353859E0,-8.689391136E0,1.914694844E1
5.502984224E0,1.262413979E1,7.674021721E0,-4.834020138E0,1.554436443E1
5.507969537E0,1.010004425E1,6.939665794E0,-1.674819231E0,1.236830120E1
5.512954797E0,7.446746349E0,6.554086685E0,-9.374054670E-1,9.964377175E0
5.517940110E0,5.484690666E0,6.090352058E0,-2.362985611E0,8.529825373E0
5.522913860E0,4.355199337E0,5.636951447E0,-4.214580536E0,8.276815328E0
5.527898547E0,3.538692713E0,5.225099087E0,-5.486682892E0,8.362278143E0
5.532883287E0,2.601186275E0,4.730030060E0,-6.008036613E0,8.076871817E0
5.537867974E0,1.777946711E0,4.163177013E0,-6.142599106E0,7.630508576E0
5.542857714E0,9.825133085E-1,3.186770916E0,-6.031723022E0,6.892207476E0
5.547842662E0,1.488028020E-1,1.898557186E0,-4.566207409E0,4.947414655E0
5.552827662E0,-4.862052798E-1,2.214698792E-1,-1.673255205E0,1.756481558E0
5.557812610E0,-8.488162756E-1,-1.969166756E0,1.143375516E0,2.430105831E0
5.562799328E0,-1.077248931E0,-4.957768440E0,3.439547539E0,6.129471465E0
5.567784381E0,-1.274290204E0,-8.664659500E0,5.014069080E0,1.009163161E1
5.572769485E0,-2.094902754E0,-1.214680386E1,4.763186932E0,1.321443950E1
5.577754485E0,-3.837553740E0,-1.574879360E1,2.124837399E0,1.634827981E1
5.582739016E0,-5.824988842E0,-2.039630508E1,-3.917874336E0,2.157057012E1
5.587724068E0,-8.170351028E0,-2.621861649E1,-1.021906567E1,2.930187348E1
5.592709120E0,-1.110374451E1,-3.185049057E1,-1.234226131E1,3.591766008E1
5.597694120E0,-1.300991249E1,-3.576187134E1,-1.068312740E1,3.952592157E1
5.602679276E0,-1.387092304E1,-3.701827240E1,-7.654887199E0,4.026601912E1
5.607664276E0,-1.363846493E1,-3.565889359E1,-4.831645012E0,3.848258321E1
5.612649328E0,-1.243963337E1,-3.193351936E1,-1.608933926E0,3.430864039E1
5.617634328E0,-1.228282642E1,-2.662876892E1,1.283279896E0,2.935312533E1
5.622603026E0,-1.345681381E1,-2.112981415E1,3.916719198E0,2.535538549E1
5.627587245E0,-1.355769825E1,-1.674670029E1,5.498728275E0,2.223733718E1
5.632571412E0,-1.148425007E1,-1.387832069E1,7.825927734E0,1.964028844E1
5.637555631E0,-8.054559708E0,-1.198798084E1,9.007452011E0,1.702121642E1
5.642552662E0,-3.668001652E0,-1.036391926E1,7.294342518E0,1.319365345E1
5.647537506E0,3.319636583E-1,-8.754030228E0,4.237928391E0,9.731561136E0
5.652522349E0,4.713497162E0,-7.821862221E0,2.815279961E0,9.556379301E0
5.657507193E0,7.722808838E0,-6.904561996E0,3.751279831E0,1.101757020E1
5.662492141E0,9.751458168E0,-5.685747147E0,6.770203590E0,1.316261044E1
5.667476933E0,1.016863441E1,-4.446861267E0,8.514719009E0,1.398842882E1
5.672461828E0,8.800735474E0,-2.277847290E0,8.768616676E0,1.263052539E1
5.677446620E0,6.843227386E0,2.056932449E-1,9.090052605E0,1.137985620E1
5.682440214E0,4.072049618E0,3.032821178E0,8.990945816E0,1.032553626E1
5.687425526E0,1.893361807E0,5.596579552E0,8.513293266E0,1.036256165E1
5.692410787E0,4.906296730E-3,7.657999516E0,8.758749008E0,1.163446023E1
5.697396047E0,-1.659875631E0,8.997037888E0,9.140100479E0,1.293225868E1
5.702387349E0,-2.978832722E0,9.805779457E0,9.289510727E0,1.383191110E1
5.707372922E0,-4.351292610E0,1.020363235E1,9.302463531E0,1.447700550E1
5.712358547E0,-6.292362690E0,1.065286350E1,9.289006233E0,1.547135953E1
5.717344120E0,-7.658924580E0,1.102341461E1,1.001753044E1,1.674890180E1
5.722323235E0,-9.189108849E0,1.144861603E1,1.030486107E1,1.793601662E1
5.727308495E0,-1.075917816E1,1.193629646E1,1.016469193E1,1.901462726E1
5.732293756E0,-1.257965088E1,1.272329712E1,1.009025288E1,2.054125383E1
5.737279016E0,-1.377744198E1,1.358389568E1,1.059307098E1,2.205795281E1
5.742259589E0,-1.456079674E1,1.445199299E1,1.116737556E1,2.335780769E1
5.747244693E0,-1.552895164E1,1.534034920E1,1.087733269E1,2.438833777E1
5.752229693E0,-1.689080429E1,1.618079376E1,1.011410522E1,2.548357276E1
5.757214693E0,-1.741728973E1,1.698718452E1,1.084345055E1,2.663656959E1
5.762199797E0,-1.645964622E1,1.783417511E1,1.291073895E1,2.748936041E1
5.767184849E0,-1.479637909E1,1.902919006E1,1.385817146E1,2.780452886E1
5.772169901E0,-1.260548306E1,2.020167160E1,1.512879562E1,2.821145504E1
5.777154953E0,-1.073679733E1,2.101433563E1,1.718987274E1,2.919542505E1
5.782147818E0,-1.041038036E1,2.132362556E1,1.687058830E1,2.911511251E1
5.787133235E0,-1.076016998E1,2.021648979E1,1.383347702E1,2.675542569E1
5.792118651E0,-1.110300732E1,1.779666710E1,1.030727768E1,2.337173730E1
5.797104068E0,-1.128046131E1,1.531801701E1,8.114430428E0,2.068174155E1
5.802081047E0,-1.069493961E1,1.273537540E1,6.942513943E0,1.802137675E1
5.807066047E0,-9.181591034E0,1.008176613E1,6.256764412E0,1.500302380E1
5.812051047E0,-6.977370739E0,7.536408424E0,5.356605053E0,1.158336618E1
5.817036047E0,-4.002783298E0,5.373870850E0,3.400970221E0,7.514476727E0
5.822019068E0,-1.712405682E-2,3.468810558E0,3.825037479E-1,3.489878084E0
5.827003964E0,4.461957932E0,1.477818489E0,-4.498698235E0,6.506250985E0
5.831988860E0,1.030526447E1,-9.629869461E-1,-1.840429306E1,2.111501415E1
5.836973756E0,1.868319702E1,-5.727737427E0,-3.935419846E1,4.393884117E1
5.841970891E0,2.348939514E1,-1.090850258E1,-4.425356293E1,5.127499336E1
5.846956412E0,2.326534081E1,-1.474897003E1,-3.752851868E1,4.655317297E1
5.851941933E0,1.646665764E1,-1.569984150E1,-2.446959305E1,3.341252491E1
5.856927401E0,3.155900002E0,-1.200493240E1,-2.918810844E0,1.275137497E1
5.861896308E0,-9.534736633E0,-8.321917534E0,1.568527603E1,2.015424021E1
5.866880995E0,-2.060243225E1,-1.087454605E1,2.417704201E1,3.357447433E1
5.871865735E0,-3.028519630E1,-2.361748886E1,1.693848228E1,4.197488627E1
5.876850370E0,-3.588277435E1,-3.705007553E1,-1.887066269E1,5.492161234E1
5.881830787E0,-3.218229675E1,-4.304994965E1,-1.517642021E1,5.585089184E1
5.886815214E0,-2.132758904E1,-3.401102066E1,2.290197945E1,4.621813760E1
5.891799745E0,-9.552284241E0,-2.112821198E1,3.276342392E1,4.013837842E1
5.896784224E0,-4.145618439E0,-1.531608295E1,2.878028107E1,3.286446603E1
5.901778599E0,1.746888518E0,-1.031268024E1,2.184058189E1,2.421598668E1
5.906763547E0,5.595319271E0,-4.337681770E0,1.810954285E1,1.944424396E1
5.911748495E0,6.939464569E0,2.412781715E0,1.409144211E1,1.589170931E1
5.916733495E0,6.153730869E0,7.730853081E0,1.752305603E1,2.011695766E1
5.921720422E0,4.740564823E0,1.042993546E1,2.062709999E1,2.359520635E1
5.926705526E0,3.984299421E0,1.212264061E1,1.987207031E1,2.361635526E1
5.931690578E0,3.849830627E0,1.332398796E1,1.809136200E1,2.279577220E1
5.936675631E0,3.486858368E0,1.378762054E1,1.482167053E1,2.054114356E1
5.941664068E0,1.659002542E0,1.318094444E1,1.111829185E1,1.732356775E1
5.946649328E0,-1.103917241E0,1.110230446E1,8.309452057E0,1.391139069E1
5.951634537E0,-3.073605537E0,6.157166481E0,5.818625450E0,9.011889491E0
5.956619797E0,-2.741967678E0,-2.673850060E0,2.142804623E0,4.388561557E0
5.961610891E0,-2.616257668E-1,-1.500630760E1,6.731231213E0,1.644892670E1
5.966596412E0,3.055487156E0,-2.802362442E1,1.571899796E1,3.227609679E1
5.971581933E0,8.697636604E0,-3.672263718E1,1.517585659E1,4.067563874E1
5.976567453E0,1.485640049E1,-4.106361008E1,9.110847473E0,4.460874634E1
5.981539433E0,1.982869148E1,-4.290704727E1,1.600632906E0,4.729433092E1
5.986524276E0,2.237534523E1,-4.042129135E1,-5.598821163E0,4.653905529E1
5.991509120E0,2.006106186E1,-3.199702072E1,-1.078892708E1,3.927666592E1
5.996493964E0,1.423240471E1,-2.259358215E1,-1.324788857E1,2.980835201E1
6.001481933E0,8.961128235E0,-1.635460663E1,-1.284692478E1,2.264549522E1
6.006466933E0,6.427388668E0,-1.263106441E1,-1.243214512E1,1.885240954E1
6.011451985E0,3.597778559E0,-9.430210114E0,-1.273654175E1,1.625091902E1
6.016436985E0,-1.885660529E0,-6.103691101E0,-1.157529354E1,1.322112632E1
6.021428756E0,-7.476401806E0,-4.075177193E0,-8.833915710E0,1.226954440E1
6.026414120E0,-1.189585018E1,-2.202863693E0,-7.452773571E0,1.420942272E1
6.031399485E0,-1.549822617E1,-7.855787277E-1,-7.829216003E0,1.738127646E1
6.036384797E0,-1.801413918E1,1.869688034E-1,-8.376170158E0,1.986716875E1
6.041392141E0,-1.975741196E1,1.165311813E0,-9.650485039E0,2.201919936E1
6.046378547E0,-2.048571396E1,2.367848396E0,-1.286158276E1,2.430414560E1
6.051365006E0,-1.748894691E1,2.570948601E0,-1.627851868E1,2.403046423E1
6.056351464E0,-1.216130257E1,1.686197281E0,-1.784244728E1,2.165856566E1
6.061307245E0,-6.529139519E0,4.474678040E-1,-1.770022964E1,1.887135448E1
6.066292193E0,-1.414317608E0,-5.876922607E-1,-1.613153839E1,1.620407996E1
6.071277089E0,3.463401079E0,-6.159076691E-1,-1.365638256E1,1.410217267E1
6.076262037E0,6.806186199E0,5.339660645E-1,-1.340495682E1,1.504334263E1
6.081251412E0,1.047300529E1,8.427772522E-1,-1.397287464E1,1.748242944E1
6.086236568E0,1.361435318E1,1.776300430E0,-1.626846123E1,2.128775907E1
6.091221672E0,1.464534569E1,3.655252457E0,-1.658028793E1,2.242215353E1
6.096206881E0,1.447629166E1,5.485780239E0,-1.179121971E1,1.945995034E1
6.101173651E0,1.504869175E1,6.522929192E0,-4.264285564E0,1.694685398E1
6.106157870E0,1.543542862E1,7.546475887E0,5.108921051E0,1.792492202E1
6.111142089E0,1.502097607E1,8.934663773E0,1.240608215E1,2.143289092E1
6.116126308E0,1.411540985E1,1.001314354E1,1.542453194E1,2.318240765E1
6.121128547E0,1.304734325E1,1.103869438E1,1.519753551E1,2.287030882E1
6.126113703E0,1.201190662E1,1.288500786E1,1.290773010E1,2.183847121E1
6.131098808E0,1.125074291E1,1.513531303E1,1.013962078E1,2.141188516E1
6.136083912E0,1.048608780E1,1.695721436E1,7.107517719E0,2.116652934E1
6.141067714E0,1.038791752E1,1.810733604E1,3.676335335E0,2.119669527E1
6.146052766E0,1.043647957E1,1.840961838E1,-2.077551335E-1,2.116311217E1
6.151037870E0,1.060526276E1,1.672933769E1,-3.156687737E0,2.005759246E1
6.156022922E0,1.088459206E1,1.318140316E1,-4.268519878E0,1.761942097E1
6.161014901E0,1.058294010E1,1.010448360E1,-4.060995102E0,1.518521950E1
6.166000266E0,9.820906639E0,7.964166641E0,-3.513588428E0,1.312339366E1
6.170985631E0,8.786155701E0,6.424296379E0,-3.395869017E0,1.140175611E1
6.175971047E0,7.859690666E0,5.094159126E0,-3.955549002E0,1.016718066E1
6.180946308E0,6.655985832E0,3.865926743E0,-5.337132931E0,9.366564199E0
6.185931203E0,4.525371075E0,3.047714710E0,-7.082627296E0,8.940422682E0
6.190916047E0,1.723043442E0,2.750416279E0,-7.547971249E0,8.216175411E0
6.195900995E0,-1.260658264E0,2.979238033E0,-6.152276039E0,6.950943747E0
6.200893964E0,-3.706346273E0,3.359214306E0,-4.010365963E0,6.411268097E0
6.205879276E0,-5.370103836E0,3.752984047E0,-2.597891808E0,7.047832739E0
6.210864589E0,-6.363714218E0,4.116964340E0,-2.026307821E0,7.845519576E0
6.215849849E0,-6.456736565E0,4.187447071E0,-1.646347046E0,7.869855058E0
6.220835683E0,-5.427519798E0,3.858991146E0,-1.748513937E0,6.885280300E0
6.225820995E0,-3.552090883E0,3.253791332E0,-1.082921863E0,4.937329991E0
6.230806360E0,-1.059453249E0,2.233431816E0,1.158829093E0,2.730117897E0
6.235791672E0,1.658021212E0,7.486677170E-1,3.714006424E0,4.135623460E0
6.240780162E0,4.288949966E0,-1.366231918E0,5.187551975E0,6.868214977E0
6.245765631E0,6.752295494E0,-4.042220116E0,5.871767521E0,9.818894628E0
6.250751151E0,9.147846222E0,-7.133874893E0,6.188054085E0,1.314790002E1
6.255736620E0,1.108545685E1,-1.089083004E1,6.442167282E0,1.682257566E1
6.260701256E0,1.219773006E1,-1.533324623E1,5.411437511E0,2.032674875E1
6.265685735E0,1.231548214E1,-2.061854935E1,1.004435062E0,2.403756575E1
6.270670214E0,1.228098202E1,-2.619970703E1,-4.953460693E0,2.935615678E1
6.275654641E0,1.144633675E1,-3.074384499E1,-8.561841965E0,3.390439156E1
6.280647297E0,9.307097435E0,-3.330114746E1,-7.874451637E0,3.546259259E1
6.285632141E0,5.768531799E0,-3.216091919E1,-5.311120033E0,3.310300105E1
6.290617037E0,6.541511416E-1,-2.798624420E1,-3.622552633E0,2.822730355E1
6.295601933E0,-4.415506840E0,-2.402571487E1,-2.815089703E0,2.458976222E1
6.300581881E0,-8.222367287E0,-2.173182869E1,-1.829219818E0,2.330720376E1
6.305566464E0,-1.058493996E1,-2.076664352E1,-6.543254852E-1,2.331785966E1
6.310551099E0,-1.126366997E1,-2.003842354E1,7.553212643E-1,2.299954759E1
6.315535735E0,-1.145697784E1,-1.904246140E1,2.663347244E0,2.238238361E1
6.320519797E0,-1.144745159E1,-1.775781250E1,5.225239277E0,2.176435568E1
6.325504433E0,-1.071578121E1,-1.646872711E1,9.538546562E0,2.184103501E1
6.330489068E0,-1.000574589E1,-1.450742435E1,1.346273232E1,2.217713853E1
6.335473599E0,-8.644754410E0,-1.198131084E1,2.456437874E1,2.866517558E1
6.340463183E0,-7.017688751E0,-9.395792007E0,2.614696312E1,2.865645727E1
6.345448026E0,-5.144935608E0,-6.916317940E0,1.872862625E1,2.061715930E1
6.350432870E0,-1.440593243E0,-5.279266357E0,9.391589165E0,1.086958643E1
6.355417714E0,2.500593901E0,-4.363017082E0,1.185996771E0,5.166766518E0
6.360422714E0,5.871322155E0,-3.787345886E0,-3.829040051E0,7.967305719E0
6.365408599E0,7.472013474E0,-3.248470306E0,-5.745589733E0,9.969721464E0
6.370394433E0,7.016519070E0,-3.035592079E0,-2.324939251E0,7.990725977E0
6.375380318E0,6.088741779E0,-2.784212112E0,3.335491180E0,7.479980946E0
6.380343235E0,4.604147911E0,-1.709055901E0,4.913353443E0,6.946948403E0
6.385327922E0,3.377093792E0,-5.352106094E-1,5.394462585E0,6.386817632E0
6.390312662E0,2.437123299E0,6.366777420E-1,6.602513313E0,7.066690213E0
6.395297349E0,2.216313601E0,1.685858250E0,8.412611961E0,8.861501229E0
6.400291620E0,2.381121159E0,2.572352886E0,9.955289841E0,1.055436086E1
6.405276776E0,1.075221658E0,4.010846615E0,8.907629013E0,9.827962496E0
6.410261985E0,-1.396846294E0,6.115710258E0,6.778656006E0,9.235976872E0
6.415247141E0,-3.914382696E0,8.522535324E0,5.370544910E0,1.080734717E1
6.420233495E0,-6.025635242E0,1.070066929E1,4.454098701E0,1.306336858E1
6.425218756E0,-7.231233120E0,1.217850304E1,4.345842361E0,1.481529664E1
6.430203964E0,-7.540687561E0,1.319963837E1,5.479438305E0,1.615910474E1
6.435189224E0,-7.624725819E0,1.403755093E1,7.538856506E0,1.766419082E1
6.440289224E0,-8.196203232E0,1.504626656E1,9.750411987E0,1.971391434E1
6.445389224E0,-9.268377304E0,1.610714149E1,1.185081863E1,2.204052466E1
6.450479693E0,-1.023856544E1,1.673341942E1,1.394285965E1,2.406738214E1
6.455480006E0,-1.103389072E1,1.697570610E1,1.539531994E1,2.543496055E1
6.460385006E0,-1.181328392E1,1.707474899E1,1.575685692E1,2.606490495E1
6.465290006E0,-1.276053715E1,1.653194427E1,1.460793686E1,2.548584527E1
6.470195006E0,-1.376132298E1,1.557759476E1,1.283765411E1,2.443032606E1
6.475107974E0,-1.489998913E1,1.451892281E1,1.061073971E1,2.335372760E1
6.480058703E0,-1.593440247E1,1.343185997E1,7.939108849E0,2.230133390E1
6.485048339E0,-1.731441116E1,1.260544968E1,4.944112778E0,2.198022854E1
6.490037922E0,-1.854226494E1,1.201715660E1,1.043032885E0,2.212047828E1
6.495027558E0,-1.811666298E1,1.126963615E1,-5.853980541E0,2.212435908E1
6.499989172E0,-1.504432392E1,9.099558830E0,-9.728387833E0,2.009415793E1
6.504977401E0,-1.114873219E1,6.613785267E0,-1.057807350E1,1.673116923E1
6.509965578E0,-6.703819275E0,4.584568024E0,-1.204125595E1,1.452416269E1
6.514953808E0,-1.520306587E0,2.738773346E0,-1.471660137E1,1.504628085E1
6.519924537E0,4.088382244E0,4.606027603E-1,-1.944451141E1,1.987501065E1
6.524911881E0,9.750236511E0,-1.967432976E0,-2.441915894E1,2.636727570E1
6.529899172E0,1.395598221E1,-4.208314896E0,-2.643033791E1,3.018347421E1
6.534886516E0,1.509498596E1,-5.776638031E0,-2.298007584E1,2.809469761E1
6.539889485E0,1.310252762E1,-5.717583656E0,-1.263100815E1,1.907640846E1
6.544877610E0,8.494232178E0,-3.091350555E0,3.204959393E0,9.590630493E0
6.549865735E0,2.803159237E0,6.715030670E-1,1.837630081E1,1.860099593E1
6.554853860E0,-1.085955739E0,3.673230648E0,2.603771591E1,2.631795154E1
6.559805839E0,-2.323410511E0,4.478904724E0,2.785449028E1,2.830779844E1
6.564792193E0,-2.249263525E0,2.864875317E0,2.604214096E1,2.629562326E1
6.569778495E0,-5.887081623E0,5.916681290E-1,1.690652466E1,1.791196185E1
6.574764849E0,-9.964113235E0,-2.375084877E0,6.607685566E0,1.218958938E1
6.579765110E0,-1.110138321E1,-4.461470604E0,6.003738403E0,1.338619826E1
6.584752193E0,-1.358611393E1,-5.150021553E0,9.843281746E0,1.754979798E1
6.589739224E0,-1.652635002E1,-6.220652580E0,1.140477180E1,2.102107475E1
6.594726203E0,-1.783712006E1,-7.192202568E0,1.171567917E1,2.251994156E1
6.599687818E0,-1.610813713E1,-8.673410416E0,1.202754402E1,2.189433592E1
6.604673599E0,-8.729498863E0,-1.118984604E1,1.319140816E1,1.937601749E1
6.609659381E0,-4.020661712E-1,-1.271525288E1,1.388846016E1,1.883424112E1
6.614645110E0,5.606963158E0,-1.213982391E1,1.024267483E1,1.684416065E1
6.619639849E0,1.034645653E1,-1.159320068E1,4.790987015E0,1.626053570E1
6.624626047E0,1.308516026E1,-1.070167255E1,2.791347504E-1,1.690636361E1
6.629612245E0,1.322955132E1,-9.068929672E0,-3.559617996E-1,1.604347912E1
6.634598443E0,1.112917233E1,-6.719270706E0,2.619956493E0,1.326164573E1
6.639698443E0,8.236643791E0,-4.638201714E0,6.636160374E0,1.154962513E1
6.644798443E0,5.961022854E0,-3.715755463E0,9.599809647E0,1.189525020E1
6.649898443E0,4.765159130E0,-3.891194344E0,1.024457741E1,1.194987453E1
6.654998443E0,3.891375065E0,-4.597324371E0,8.419572830E0,1.035216875E1
6.660020735E0,2.218484640E0,-5.517059326E0,5.214653015E0,7.908996382E0
6.664925735E0,6.930898428E-1,-6.907234192E0,2.526717186E0,7.387459472E0
6.669830735E0,-6.031228304E-1,-9.382116318E0,-1.414878368E-1,9.402546600E0
6.674735735E0,-1.092571497E0,-1.262084103E1,-5.252311230E-1,1.267892773E1
6.679640735E0,-1.085318327E-1,-1.557942677E1,1.365808249E-1,1.558040345E1
6.684545735E0,1.917920113E0,-1.705626678E1,8.583769798E-1,1.718521065E1
6.689450735E0,4.036224365E0,-1.734002686E1,3.878629208E-2,1.780362724E1
6.694420006E0,5.569040298E0,-1.713909721E1,-1.189615369E0,1.806039999E1
6.699405943E0,6.491612911E0,-1.657566452E1,-2.277898788E0,1.794665750E1
6.704389745E0,6.576241970E0,-1.540802670E1,-3.490710974E0,1.711254827E1
6.709375631E0,5.881034851E0,-1.383992958E1,-4.625391006E0,1.573291021E1
6.714361464E0,5.099063396E0,-1.216861153E1,-5.023213387E0,1.411765656E1
6.719347297E0,4.104963303E0,-1.047576523E1,-5.385976315E0,1.247401786E1
6.724319641E0,3.284691811E0,-8.895359039E0,-5.854333401E0,1.114404919E1
6.729304797E0,2.746132374E0,-7.737870216E0,-6.366187572E0,1.038962091E1
6.734289953E0,2.060798168E0,-6.861357689E0,-7.762170315E0,1.056297337E1
6.739275162E0,1.469900131E0,-6.303209305E0,-9.830928802E0,1.177022579E1
6.744262818E0,1.546575069E0,-6.275076866E0,-1.156584263E1,1.324904524E1
6.749248131E0,2.004056454E0,-6.124751091E0,-1.306406403E1,1.456703769E1
6.754233443E0,2.606851816E0,-5.523703575E0,-1.423905373E1,1.549379323E1
6.759218756E0,3.326220989E0,-4.488291740E0,-1.510198116E1,1.610212234E1
6.764196724E0,4.104321480E0,-3.037205696E0,-1.539674568E1,1.622127772E1
6.769181672E0,4.981266022E0,-1.552941322E0,-1.542093372E1,1.627973694E1
6.774166568E0,5.781309128E0,-2.264986038E-1,-1.708871841E1,1.804159455E1
6.779151516E0,6.513145924E0,6.700801849E-1,-1.870092964E1,1.981400633E1
6.784137506E0,7.586733818E0,1.336309433E0,-1.846265221E1,2.000534377E1
6.789122506E0,8.380255699E0,1.871064186E0,-1.687419128E1,1.893324849E1
6.794107506E0,9.111351013E0,2.336431980E0,-1.409910107E1,1.694875460E1
6.799092453E0,9.670022964E0,2.686397076E0,-9.851450920E0,1.406332673E1
6.804077818E0,9.704466820E0,3.075789452E0,-4.982779980E0,1.133425134E1
6.809062870E0,9.260725021E0,3.415339947E0,-7.471563816E-1,9.898677565E0
6.814047870E0,8.543136597E0,3.895847797E0,2.237685680E0,9.652463425E0
6.819032870E0,7.892778397E0,4.901645660E0,3.597838163E0,9.963258526E0
6.824021360E0,7.834665298E0,6.548928261E0,4.270014763E0,1.106812847E1
6.829006516E0,8.503255844E0,8.447174072E0,4.780469418E0,1.290399154E1
6.833991724E0,9.125454903E0,1.013528633E1,4.734104633E0,1.443640201E1
6.838976828E0,9.352742195E0,1.182691574E1,3.411217213E0,1.545917609E1
6.843953495E0,9.422722816E0,1.293633461E1,2.023416519E0,1.613166677E1
6.848938287E0,1.095689678E1,1.279926300E1,-4.648976922E-1,1.685499482E1
6.853923026E0,1.380885029E1,1.210626316E1,-5.736641407E0,1.923941290E1
6.858907766E0,1.602676773E1,1.110955620E1,-7.775666237E0,2.099382072E1
6.863897297E0,1.620413399E1,8.955532074E0,-6.746686935E0,1.970515916E1
6.868882297E0,1.428648281E1,6.861507416E0,-2.798163176E0,1.609389923E1
6.873867297E0,1.167071342E1,5.076630592E0,8.986037970E-1,1.275873108E1
6.878852245E0,9.775694847E0,3.194488525E0,2.216525078E0,1.052054894E1
6.883836360E0,8.741935730E0,9.363441467E-1,2.054272175E0,9.028743813E0
6.888821308E0,9.007678032E0,-1.542554855E0,2.059897184E0,9.368079601E0
6.893806256E0,1.021633720E1,-4.264704704E0,1.278117418E0,1.114427370E1
6.898791151E0,1.121137810E1,-7.043476105E0,3.286331892E-1,1.324437821E1
6.903782922E0,1.084757233E1,-9.846134186E0,-4.230432510E-1,1.465589129E1
6.908768235E0,9.262439728E0,-1.249544144E1,-6.100842953E-1,1.556602227E1
6.913753495E0,7.285253048E0,-1.475997734E1,2.132043839E-1,1.646138813E1
6.918738808E0,4.859998703E0,-1.639876556E1,8.860456944E-1,1.712670944E1
6.923716360E0,2.691210747E0,-1.817123032E1,-7.533414364E-1,1.838487829E1
6.928701256E0,5.931609869E-1,-2.049052811E1,-1.593441725E0,2.056094936E1
6.933686203E0,-1.869771481E0,-2.388845253E1,2.265808582E-1,2.396258643E1
6.938671047E0,-4.663050175E0,-2.742365265E1,3.721750021E0,2.806514181E1
6.943661724E0,-6.013640404E0,-3.032859993E1,5.097135067E0,3.133637871E1
6.948646881E0,-7.006110191E0,-3.186680984E1,5.186420918E0,3.303752581E1
6.953632089E0,-6.844537258E0,-3.131728363E1,4.448513985E0,3.236370221E1
6.958617245E0,-4.880431652E0,-2.896045113E1,2.905518055E0,2.951217338E1
6.963614433E0,-2.078175545E0,-2.572840881E1,2.722585201E0,2.595539065E1
6.968600214E0,2.302836180E-1,-2.167021561E1,2.268242359E0,2.178981869E1
6.973586047E0,2.873138785E-1,-1.695708466E1,-1.660357952E0,1.704060028E1
6.978571828E0,-7.387011647E-1,-1.261557198E1,-4.005060196E0,1.325665278E1
6.983542974E0,3.759908974E-1,-9.511573792E0,-2.159382343E0,9.760857403E0
6.988528026E0,1.273828268E0,-7.203701019E0,-2.273902893E-1,7.318992634E0
6.993513078E0,2.219830751E0,-4.963671684E0,2.286877632E-1,5.442240646E0
6.998498131E0,4.568323135E0,-3.891368866E0,3.172992468E0,6.788240503E0
7.003486985E0,6.286215305E0,-3.996129990E0,4.960375309E0,8.949350868E0
7.008472245E0,8.237246513E0,-4.624371529E0,5.417606831E0,1.088978907E1
7.013457453E0,1.040984344E1,-5.012823105E0,5.096169472E0,1.262791271E1
7.018442714E0,1.047665024E1,-4.670067787E0,4.863389015E0,1.245882362E1
7.023428026E0,9.102504730E0,-3.775572777E0,5.310206413E0,1.119414286E1
7.028413287E0,7.710625648E0,-2.714357376E0,6.291244030E0,1.031509745E1
7.033398495E0,4.777392387E0,-7.459974289E-1,7.205185890E0,8.677251518E0
7.038383756E0,1.921864748E0,9.363503456E-1,8.545715332E0,8.809061619E0
7.043384641E0,-1.208140492E0,2.658913612E0,1.026656151E1,1.067387981E1
7.048370683E0,-4.539916992E0,4.210993290E0,1.176360035E1,1.329381826E1
7.053356672E0,-7.361789227E0,5.404085159E0,1.323538780E1,1.608028505E1
7.058342714E0,-1.032048893E1,7.018935204E0,1.406072807E1,1.880111744E1
7.063296047E0,-1.267878532E1,8.528999329E0,1.401036835E1,2.073127705E1
7.068280422E0,-1.431396866E1,9.656611443E0,1.337262917E1,2.183957541E1
7.073264849E0,-1.549170589E1,1.073807526E1,1.291893959E1,2.285165665E1
7.078249276E0,-1.645056725E1,1.158305264E1,1.316027832E1,2.404123950E1
7.083245526E0,-1.783615875E1,1.250247383E1,1.411896038E1,2.595737763E1
7.088230526E0,-2.020300674E1,1.370737839E1,1.458578491E1,2.843938862E1
7.093215526E0,-2.252561951E1,1.475454330E1,1.511474228E1,3.087969424E1
7.098200474E0,-2.368409538E1,1.561297512E1,1.555552292E1,3.235236714E1
7.103181620E0,-2.291338921E1,1.621276855E1,1.587370110E1,3.224673093E1
7.108166412E0,-2.030420685E1,1.632048035E1,1.623931122E1,3.069746119E1
7.113151203E0,-1.676200294E1,1.577466202E1,1.687417603E1,2.854019133E1
7.118135995E0,-1.495588303E1,1.581624699E1,1.677339554E1,2.748051862E1
7.123120787E0,-1.484581947E1,1.621077728E1,1.541851425E1,2.684992063E1
7.128105631E0,-1.570730114E1,1.636455154E1,1.312119198E1,2.620464721E1
7.133090370E0,-1.638022614E1,1.600005722E1,1.014096546E1,2.504301938E1
7.138075214E0,-1.626004028E1,1.504129124E1,7.494886398E0,2.338381223E1
7.143071776E0,-1.539092827E1,1.394179058E1,4.994647503E0,2.135885534E1
7.148057141E0,-1.365863609E1,1.270276260E1,2.500367165E0,1.881941427E1
7.153042453E0,-1.070328808E1,1.116814709E1,1.894824505E-1,1.547009336E1
7.158027922E0,-6.648821831E0,9.370701790E0,-1.784425020E0,1.162759891E1
7.163005891E0,-2.177844524E0,7.152114868E0,-2.159944534E0,7.782102174E0
7.167990891E0,1.728302956E0,4.912684441E0,-1.526668549E0,5.426989624E0
7.172975891E0,5.283482552E0,3.117041111E0,-2.473390102E0,6.614286943E0
7.177960891E0,8.255023003E0,1.802795887E0,-5.385952473E0,1.002017773E1
7.182942922E0,1.019000721E1,6.955051422E-1,-9.153868675E0,1.371543970E1
7.187927766E0,1.105824947E1,-2.715539932E-1,-1.262516499E1,1.678551202E1
7.192912662E0,1.128142738E1,-1.305876732E0,-1.524508476E1,1.901022165E1
7.197897558E0,1.067402554E1,-2.250569344E0,-1.448488045E1,1.813316423E1
7.202883808E0,8.663909912E0,-2.667255402E0,-9.620689392E0,1.321874619E1
7.207868703E0,5.500162601E0,-2.014802933E0,-3.142881155E0,6.647474818E0
7.212853703E0,2.051094055E0,-2.103185654E-1,3.984983444E0,4.486793262E0
7.217838599E0,-6.907789707E-1,2.119039536E0,1.151523590E1,1.172894548E1
7.222834068E0,-3.088214159E0,4.568397999E0,1.806234360E1,1.888532719E1
7.227819537E0,-5.486157894E0,6.206756592E0,2.052954102E1,2.213783662E1
7.232804953E0,-7.339391232E0,5.940213203E0,1.998691940E1,2.210497102E1
7.237790474E0,-1.120507240E1,3.237197876E0,1.844723511E1,2.182506771E1
7.242770839E0,-1.966985321E1,-2.422637939E0,1.562022400E1,2.523417717E1
7.247755995E0,-2.936130333E1,-1.215450954E1,1.614332199E-2,3.177764145E1
7.252741203E0,-3.106937790E1,-2.145258713E1,-4.412150383E-1,3.775863356E1
7.257726412E0,-2.150505447E1,-2.889987564E1,2.280940819E1,4.263729919E1
7.262703808E0,-1.109202003E1,-3.036595535E1,2.736936760E1,4.235807403E1
7.267688599E0,-2.978081703E0,-2.823967934E1,1.536817169E1,3.228822016E1
7.272673391E0,5.802617550E0,-2.342546844E1,-4.639854431E0,2.457541844E1
7.277658235E0,1.089134693E1,-1.686804962E1,-1.983625221E1,2.822462467E1
7.282638651E0,1.122298813E1,-9.885721207E0,-2.460363007E1,2.879273448E1
7.287623287E0,9.292355537E0,-3.379180908E0,-1.990257835E1,2.222339668E1
7.292607870E0,6.086195946E0,1.680335045E0,-4.905142307E0,7.995356653E0
7.297592506E0,4.457906723E0,5.270674229E0,4.481605530E0,8.230293269E0
7.302592141E0,2.856371641E0,7.465183258E0,1.016655064E1,1.293238462E1
7.307577506E0,9.953081608E-3,8.388553619E0,1.547675037E1,1.760391244E1
7.312562818E0,-3.001455545E0,8.111456871E0,1.883102798E1,2.072226056E1
7.317548183E0,-3.898549795E0,6.696677208E0,1.917432976E1,2.068088726E1
7.322528703E0,-2.599710226E0,4.214349747E0,1.804216957E1,1.870933243E1
7.327513860E0,-1.525744796E0,8.166522980E-1,1.377974606E1,1.388798832E1
7.332498912E0,-1.253593922E0,-3.653133392E0,7.604475498E0,8.529063777E0
7.337484068E0,2.026949406E0,-1.218404198E1,-3.346938372E0,1.279692929E1
7.342468183E0,9.524918556E0,-2.354960060E1,-5.335122585E0,2.595710490E1
7.347453287E0,1.728116989E1,-3.313516617E1,-1.003273487E0,3.738428316E1
7.352438287E0,2.325697899E1,-3.851688766E1,1.199814320E0,4.500974629E1
7.357423391E0,2.594593239E1,-3.775977325E1,2.674221396E-1,4.581553665E1
7.362408131E0,2.327102089E1,-3.127629852E1,-3.017601252E0,3.910055217E1
7.367393131E0,1.775489807E1,-2.411881256E1,-8.891762733E0,3.124127029E1
7.372378235E0,1.029578781E1,-1.726772308E1,-1.340216923E1,2.416186349E1
7.377363235E0,3.210839748E0,-1.134413719E1,-1.437005711E1,1.858756256E1
7.382346672E0,-2.649050713E0,-7.313833237E0,-1.220955563E1,1.447697741E1
7.387331620E0,-7.660190582E0,-4.255211830E0,-8.554392815E0,1.224593744E1
7.392316568E0,-1.138168907E1,-2.476003647E0,-6.871789932E0,1.352386546E1
7.397301568E0,-1.326088905E1,-1.874700546E0,-7.614321709E0,1.540595910E1
7.402284693E0,-1.233736897E1,-2.229423523E0,-7.719105721E0,1.472296150E1
7.407269537E0,-9.145790100E0,-3.282031059E0,-8.732882500E0,1.306447248E1
7.412254433E0,-5.350278854E0,-3.816934586E0,-1.124229908E1,1.302243303E1
7.417239276E0,-1.138242126E0,-4.002067566E0,-1.245206356E1,1.312882428E1
7.422225787E0,2.009229183E0,-2.999388695E0,-1.292318535E1,1.341797503E1
7.427210735E0,5.190436363E0,-1.185236931E0,-1.191751862E1,1.305268808E1
7.432195683E0,9.574487686E0,-2.468461990E-1,-1.214029312E1,1.546345578E1
7.437180578E0,1.294651794E1,4.526252747E-1,-1.361594105E1,1.879390984E1
7.442178808E0,1.507806015E1,1.716506958E0,-1.407022858E1,2.069457963E1
7.447164433E0,1.679962540E1,2.959779263E0,-1.433530426E1,2.228202538E1
7.452150058E0,1.767293358E1,3.550972939E0,-1.442227745E1,2.308558158E1
7.457135683E0,1.735283089E1,4.156418800E0,-1.366930008E1,2.247768497E1
7.462110214E0,1.555377293E1,5.118463039E0,-1.167393780E1,2.010968274E1
7.467095266E0,1.327243042E1,5.620791435E0,-7.737306595E0,1.635899199E1
7.472080370E0,1.099254799E1,5.895505428E0,-3.116782188E0,1.285719358E1
7.477065422E0,9.006227493E0,6.301287651E0,4.088938236E-1,1.099934334E1
7.482048703E0,7.624553680E0,7.155694485E0,2.007618666E0,1.064745580E1
7.487033651E0,6.852102280E0,8.194797516E0,1.022799969E0,1.073089613E1
7.492018651E0,6.451552391E0,9.265224457E0,-1.500462055E0,1.138939414E1
7.497003599E0,6.166173935E0,1.025951576E1,-4.237556458E0,1.269788366E1
7.501990422E0,5.959438801E0,1.041774368E1,-6.665202141E0,1.372840901E1
7.506975422E0,6.394652367E0,9.468923569E0,-7.639992714E0,1.374487472E1
7.511960474E0,6.926539421E0,8.402509689E0,-6.849490166E0,1.286447173E1
7.516945578E0,6.855347633E0,7.864173412E0,-5.325313568E0,1.171323948E1
7.521932922E0,6.293120384E0,7.713834763E0,-4.048414230E0,1.074691903E1
7.526918078E0,5.572331429E0,7.737020016E0,-3.104408264E0,1.002744768E1
7.531903235E0,4.760628223E0,7.741160393E0,-2.680740833E0,9.474994286E0
7.536888443E0,4.067125320E0,7.471976757E0,-2.779464245E0,8.949713209E0
7.541880422E0,3.460528135E0,6.962878227E0,-3.197602749E0,8.407234475E0
7.546865943E0,2.793051243E0,6.407455444E0,-3.731837273E0,7.923586937E0
7.551851464E0,2.161005259E0,5.793455601E0,-4.061282635E0,7.397843481E0
7.556836985E0,1.574022770E0,4.969869614E0,-3.753405571E0,6.423799891E0
7.561805683E0,1.229231954E0,3.859862804E0,-2.858729839E0,4.958012541E0
7.566790370E0,1.050774455E0,2.549370289E0,-1.795176029E0,3.290299804E0
7.571775058E0,9.862117767E-1,9.661664963E-1,-6.329604387E-1,1.518792377E0
7.576759693E0,1.144636035E0,-1.158006668E0,5.498902798E-1,1.718589659E0
7.581745683E0,1.336110115E0,-3.978722572E0,1.153998613E0,4.352830843E0
7.586730422E0,1.254539847E0,-7.663295746E0,1.344856858E0,7.880901718E0
7.591715162E0,7.015223503E-1,-1.190989304E1,1.233256817E0,1.199410722E1
7.596699901E0,-3.444035351E-1,-1.586428547E1,-3.372961283E-1,1.587160786E1
7.601689537E0,-2.130979538E0,-1.924483109E1,-4.434005737E0,1.986366039E1
7.606674537E0,-3.902612209E0,-2.228002167E1,-8.308110237E0,2.409677247E1
7.611659485E0,-5.826993465E0,-2.464118576E1,-1.047035217E1,2.740018546E1
7.616644485E0,-8.192064285E0,-2.588233566E1,-9.858343124E0,2.888238470E1
7.621626620E0,-1.041389656E1,-2.621459579E1,-6.939804077E0,2.904849660E1
7.626611464E0,-1.214956284E1,-2.580500031E1,-3.236952543E0,2.870518733E1
7.631596308E0,-1.353665352E1,-2.524785995E1,-6.977896690E-1,2.865627909E1
7.636581151E0,-1.435035324E1,-2.432430077E1,1.193240285E0,2.826708454E1
7.641566776E0,-1.508744907E1,-2.251199341E1,3.374099255E0,2.730943999E1
7.646551672E0,-1.608905411E1,-2.027611542E1,6.156136036E0,2.660594914E1
7.651536516E0,-1.642952728E1,-1.830202866E1,9.644314766E0,2.641791867E1
7.656521412E0,-1.584994221E1,-1.634349823E1,9.818737030E0,2.479391456E1
7.661506620E0,-1.439209652E1,-1.389406300E1,6.878314018E0,2.115392712E1
7.666491516E0,-1.186253929E1,-1.104155254E1,4.901094913E0,1.693093182E1
7.671476412E0,-7.119017601E0,-8.604657173E0,4.401834965E0,1.200402798E1
7.676461308E0,-1.072040915E0,-7.227292061E0,2.934413433E0,7.873614447E0
7.681450110E0,4.535115242E0,-6.716798782E0,1.017254591E0,8.168075847E0
7.686435162E0,8.663643837E0,-6.592788696E0,1.298734188E0,1.096404569E1
7.691420266E0,9.359267235E0,-5.329559326E0,1.676329613E0,1.090000765E1
7.696405370E0,8.645382881E0,-3.325310707E0,2.556143999E0,9.609069081E0
7.701385683E0,7.496691704E0,-1.062138557E0,3.423216820E0,8.309448731E0
7.706370526E0,5.126149178E0,1.751892567E0,3.710152626E0,6.565955031E0
7.711355422E0,3.660712481E0,4.259229183E0,4.210684299E0,7.019381124E0
7.716340266E0,2.687106133E0,6.753100872E0,4.389999866E0,8.490995795E0
7.721332610E0,2.178846836E0,8.710163116E0,4.263454914E0,9.939384430E0
7.726317818E0,1.732871294E0,1.004677105E1,4.675665379E0,1.121616236E1
7.731303078E0,1.324950933E0,1.111455631E1,5.431188583E0,1.244132897E1
7.736288339E0,5.591204166E-1,1.165715027E1,6.046322346E0,1.314381155E1
7.741270370E0,-1.565960646E0,1.209807968E1,6.171814442E0,1.367139562E1
7.746255422E0,-4.238236904E0,1.249335098E1,5.974425793E0,1.448241121E1
7.751240474E0,-7.122987747E0,1.271547699E1,6.458882332E0,1.594168970E1
7.756225578E0,-9.863777161E0,1.321859264E1,7.182627678E0,1.798931438E1
7.761221985E0,-1.214079285E1,1.406819630E1,7.115670204E0,1.989838588E1
7.766207558E0,-1.509591293E1,1.565063000E1,6.753499985E0,2.276924612E1
7.771193235E0,-1.677608490E1,1.688524246E1,7.295171261E0,2.489513931E1
7.776178860E0,-1.822657394E1,1.800709152E1,8.275621414E0,2.692488166E1
7.781147089E0,-1.920466042E1,1.895957947E1,1.000212669E1,2.878067361E1
7.786131881E0,-1.861004829E1,1.896862030E1,1.284164429E1,2.951356098E1
7.791116620E0,-1.670015717E1,1.873282242E1,1.509695244E1,2.928705957E1
7.796101412E0,-1.407450104E1,1.893029404E1,1.587135315E1,2.843145200E1
7.801092401E0,-1.142379189E1,1.894544983E1,1.573004627E1,2.714530247E1
7.806077506E0,-9.611402512E0,1.882176399E1,1.486003017E1,2.583521540E1
7.811062610E0,-8.928216934E0,1.831759262E1,1.293558025E1,2.413662142E1
7.816047662E0,-8.259992599E0,1.666034317E1,8.735744476E0,2.054526086E1
7.821028703E0,-6.618480206E0,1.403179169E1,3.620341778E0,1.593117487E1
7.826013599E0,-4.119867325E0,1.096059322E1,-1.207447052E-2,1.170931494E1
7.830998443E0,-1.787666678E0,7.333030224E0,2.338297367E-1,7.551407866E0
7.835983339E0,4.245591164E-1,3.365980625E0,2.292809486E0,4.094759010E0
7.841083339E0,3.235009909E0,-3.536243439E-1,1.716762304E0,3.679349412E0
7.846169068E0,5.734339237E0,-2.838212967E0,-1.208788395E0,6.511472085E0
7.851164328E0,7.389417171E0,-3.506182671E0,-4.639039993E0,9.403057753E0
7.856159641E0,8.736938477E0,-3.433426857E0,-9.555255890E0,1.339497775E1
7.861064641E0,1.002370548E1,-3.741607666E0,-1.508337688E1,1.849277042E1
7.865969641E0,1.057682800E1,-4.814584732E0,-1.947550964E1,2.267917531E1
7.870872922E0,9.182433128E0,-6.105454445E0,-2.167821121E1,2.432156437E1
7.875855839E0,5.085779190E0,-6.808790207E0,-2.028202248E1,2.199057093E1
7.880856412E0,-1.059533119E0,-6.279875755E0,-1.026728821E1,1.208208000E1
7.885840266E0,-8.042697906E0,-5.268046379E0,4.173256874E0,1.048109609E1
7.890824120E0,-1.692590904E1,-5.439043999E0,1.227131462E1,2.160219339E1
7.895807974E0,-2.755497360E1,-9.983178139E0,1.311554909E1,3.210853537E1
7.900797662E0,-4.260786057E1,-2.258630753E1,1.352827835E1,5.008578026E1
7.905781724E0,-4.763779068E1,-3.168840027E1,-1.268198490E1,5.860329815E1
7.910765891E0,-3.054847145E1,-2.872049522E1,-1.538687229E1,4.466353986E1
7.915750058E0,-1.369160366E1,-2.011137962E1,1.524196720E1,2.870967024E1
7.920731620E0,-4.813335419E0,-1.301422691E1,2.961760330E1,3.270689110E1
7.925715631E0,-7.740879059E-1,-5.521546364E0,2.501655388E1,2.563034636E1
7.930699641E0,8.035256863E-1,1.526326180E0,1.616644287E1,1.625820409E1
7.935683651E0,8.453867435E-1,6.962877274E0,1.170306778E1,1.364397794E1
7.940681933E0,-3.689982891E-1,1.020997810E1,1.076979065E1,1.484480391E1
7.945666620E0,-4.426617622E-1,1.197483253E1,7.728260994E0,1.425898249E1
7.950651360E0,-7.267079353E-1,1.303079319E1,2.516871214E0,1.329151294E1
7.955636099E0,-2.744048119E0,1.305326366E1,5.484389067E-1,1.334984186E1
7.960613235E0,-4.978545189E0,1.221809387E1,-5.806195736E-2,1.319360077E1
7.965597610E0,-6.929665565E0,9.378922462E0,-2.116638422E-2,1.166125634E1
7.970581985E0,-8.492938042E0,5.298898697E0,8.302363157E-1,1.004478055E1
7.975566308E0,-9.088640213E0,8.190584183E-1,2.141362429E0,9.373348957E0
7.980544953E0,-8.188941956E0,-5.244213104E0,5.791736603E0,1.131833708E1
7.985528964E0,-5.277536869E0,-1.322089672E1,8.498821259E0,1.657933860E1
7.990513026E0,5.749536157E-1,-2.089619064E1,5.225401878E0,2.154730099E1
7.995497089E0,9.054225922E0,-2.928376770E1,5.106328964E0,3.107398676E1
8.000478287E0,1.907346916E1,-3.797112274E1,8.102385521E0,4.325797082E1
8.005462245E0,2.860233688E1,-4.444211960E1,9.427597046E0,5.368496303E1
8.010446099E0,3.485733795E1,-4.498973846E1,5.287690639E0,5.715829116E1
8.015430006E0,3.492646027E1,-3.711994171E1,-2.627687454E-1,5.096878208E1
8.020433756E0,2.850942612E1,-2.687919998E1,-5.705720901E0,3.959588388E1
8.025418651E0,2.197199249E1,-2.018841934E1,-1.203681850E1,3.217492392E1
8.030403547E0,1.482053375E1,-1.503284550E1,-1.810061455E1,2.780767720E1
8.035388495E0,6.871497631E0,-1.066282654E1,-2.011565399E1,2.378135583E1
8.040339433E0,-1.936961770E0,-7.120156288E0,-1.603706932E1,1.765321611E1
8.045322870E0,-1.096051884E1,-4.421868324E0,-1.154356956E1,1.652089256E1
8.050306360E0,-1.690881348E1,-3.249687195E0,-6.794646263E0,1.851042025E1
8.055289849E0,-1.779753494E1,-4.353760719E0,-3.870048523E0,1.872657892E1
8.060273391E0,-1.497044373E1,-6.177417755E0,-4.811501026E0,1.689453218E1
8.065304745E0,-8.263108253E0,-8.603585243E0,-8.923009872E0,1.489700447E1
8.070290631E0,-7.419718504E-1,-1.045447636E1,-1.318673420E1,1.684448150E1
8.075276516E0,5.265644550E0,-1.022587872E1,-1.624833488E1,1.990738543E1
8.080262506E0,9.257106781E0,-8.441810608E0,-1.711157608E1,2.120764551E1
8.085231568E0,1.188981724E1,-6.208409309E0,-1.899255753E1,2.325143741E1
8.090216620E0,1.374478245E1,-3.229533195E0,-1.879464149E1,2.350717929E1
8.095201672E0,1.353437424E1,6.941699982E-1,-1.602412796E1,2.098651555E1
8.100186776E0,1.244826031E1,4.080641270E0,-1.241762447E1,1.805015832E1
8.105173183E0,1.123033524E1,6.520250320E0,-6.615995407E0,1.457413768E1
8.110158287E0,1.053953838E1,8.677069664E0,-2.296946049E0,1.384374835E1
8.115143443E0,1.036299896E1,1.009258461E1,1.495695114E-2,1.446555341E1
8.120128599E0,1.011358929E1,1.088755703E1,4.559397697E-2,1.486020407E1
8.125123235E0,9.747558594E0,1.129930687E1,-4.605669975E-1,1.492988132E1
8.130108860E0,9.163637161E0,1.186396122E1,-1.150173545E0,1.503491673E1
8.135094485E0,8.769277573E0,1.254195213E1,-1.866484880E0,1.541702171E1
8.140080110E0,8.846747398E0,1.333835983E1,-3.582031012E0,1.640145508E1
8.145062870E0,9.416901588E0,1.420068550E1,-6.553891659E0,1.825625920E1
8.150048339E0,1.068143368E1,1.451738834E1,-9.418795586E0,2.033620663E1
8.155033808E0,1.237287998E1,1.330029678E1,-1.021482658E1,2.084055507E1
8.160019276E0,1.342610455E1,1.008855152E1,-8.172966003E0,1.867716596E1
8.165003391E0,1.294311523E1,7.051219463E0,-5.319645882E0,1.566979771E1
8.169988808E0,1.141443729E1,5.657384872E0,-3.348056793E0,1.317212461E1
8.174974172E0,9.748910904E0,5.190698624E0,-2.730621338E0,1.137721007E1
8.179959589E0,8.386301041E0,5.046359062E0,-3.046952248E0,1.025083913E1
8.184934276E0,7.319614887E0,4.950993538E0,-3.990198851E0,9.695915943E0
8.189919120E0,6.354178429E0,4.770594597E0,-5.666666031E0,9.759367818E0
8.194904016E0,5.353739738E0,4.351955891E0,-7.637744904E0,1.029257968E1
8.199888912E0,4.136684418E0,3.530188560E0,-9.247178078E0,1.072775334E1
8.204884433E0,2.819138527E0,2.518427849E0,-9.334913254E0,1.007127729E1
8.209869797E0,1.213623762E0,1.631775856E0,-8.236852646E0,8.484180372E0
8.214855214E0,-4.457326829E-1,1.070002556E0,-6.518648148E0,6.620903017E0
8.219840631E0,-1.660846949E0,2.886428833E-1,-4.238292217E0,4.561233191E0
8.224823860E0,-2.212097168E0,-8.804302216E-1,-1.413175583E0,2.768681362E0
8.229809172E0,-1.952306151E0,-2.497233391E0,9.926747680E-1,3.321607610E0
8.234794485E0,-1.363940835E0,-4.750706673E0,2.963760376E0,5.763108888E0
8.239779797E0,-8.024600148E-1,-7.741097450E0,4.925015926E0,9.210011601E0
8.244879797E0,-6.016101837E-1,-1.077704144E1,5.295693874E0,1.202293352E1
8.249979797E0,-1.409150362E0,-1.354134178E1,2.533250809E0,1.384814073E1
8.255079797E0,-2.882920265E0,-1.657537460E1,-2.701470852E0,1.703972468E1
8.260090422E0,-4.644179344E0,-2.007518387E1,-8.113206863E0,2.214510182E1
8.265090787E0,-6.086331367E0,-2.333795166E1,-1.160640812E1,2.676587616E1
8.269995787E0,-6.850520134E0,-2.556481934E1,-1.237613964E1,2.921743394E1
8.274900787E0,-7.715235233E0,-2.659455490E1,-1.126669312E1,2.989537722E1
8.279805787E0,-8.334735870E0,-2.681523514E1,-8.529951096E0,2.934765277E1
8.284710787E0,-8.324140549E0,-2.617655563E1,-5.173983574E0,2.795126986E1
8.289616881E0,-8.141726494E0,-2.470955467E1,-1.644518375E0,2.606826122E1
8.294599589E0,-7.574326038E0,-2.291025352E1,2.182059765E0,2.422832054E1
8.299582297E0,-7.790489674E0,-2.090111923E1,5.149458885E0,2.289247565E1
8.304565058E0,-8.944928169E0,-1.896692657E1,6.611554146E0,2.198792150E1
8.309566203E0,-9.663310051E0,-1.733136368E1,7.150629044E0,2.109234989E1
8.314549849E0,-8.837909698E0,-1.628879929E1,8.033813477E0,2.019841056E1
8.319533495E0,-7.061491013E0,-1.523151875E1,8.597652435E0,1.886222272E1
8.324517141E0,-4.280858994E0,-1.355254269E1,8.785202026E0,1.670858886E1
8.329508599E0,1.728296280E-2,-1.165900421E1,8.429008484E0,1.438682946E1
8.334492662E0,5.179639339E0,-1.010614491E1,5.350345135E0,1.255344660E1
8.339476724E0,1.118939972E1,-1.001107216E1,2.924431562E0,1.529629144E1
8.344460735E0,1.498250198E1,-9.294527054E0,2.971330881E0,1.787994424E1
8.349444537E0,1.496980000E1,-7.103387833E0,2.997953415E0,1.683866845E1
8.354428599E0,1.270998287E1,-4.092986107E0,3.853617668E0,1.389771812E1
8.359412610E0,9.540816307E0,-7.319374084E-1,5.276162624E0,1.092706732E1
8.364396672E0,5.868416309E0,2.660877705E0,5.977611542E0,8.789221802E0
8.369402766E0,1.721576691E0,6.030054092E0,5.614658356E0,8.417230371E0
8.374387922E0,-1.685192108E0,8.723695755E0,5.117657185E0,1.025344601E1
8.379373026E0,-4.456925869E0,1.069932652E1,5.738346577E0,1.293322843E1
8.384358183E0,-6.254763603E0,1.150743103E1,7.754977226E0,1.522112704E1
8.389322089E0,-7.861747742E0,1.202330494E1,9.021965027E0,1.696357251E1
8.394306151E0,-1.044476604E1,1.277336025E1,8.864740372E0,1.873060308E1
8.399290318E0,-1.287941360E1,1.308894348E1,8.498260498E0,2.023413373E1
8.404274381E0,-1.432300758E1,1.298128891E1,9.652610779E0,2.160637181E1
8.409272453E0,-1.566603565E1,1.350624657E1,1.100493813E1,2.342972540E1
8.414257245E0,-1.635063553E1,1.457663727E1,1.185317135E1,2.490621021E1
8.419242037E0,-1.658587837E1,1.576659489E1,1.197537613E1,2.582801791E1
8.424226881E0,-1.759931755E1,1.692758369E1,1.136840248E1,2.693547183E1
8.429200891E0,-1.892444420E1,1.786145210E1,1.058422470E1,2.809255901E1
8.434185162E0,-1.965204048E1,1.889061356E1,1.028910065E1,2.913629296E1
8.439169381E0,-1.895941734E1,1.953236008E1,1.161390114E1,2.959485252E1
8.444153651E0,-1.739863968E1,1.988190079E1,1.294551849E1,2.942089548E1
8.449151933E0,-1.577171040E1,2.012236404E1,1.387007618E1,2.908668762E1
8.454136881E0,-1.520059013E1,2.016202927E1,1.411820221E1,2.892903383E1
8.459121881E0,-1.560359192E1,1.978643036E1,1.321150398E1,2.845204289E1
8.464106776E0,-1.594385338E1,1.880496597E1,1.159268188E1,2.724377872E1
8.469084276E0,-1.551298046E1,1.701570511E1,8.912699699E0,2.469054473E1
8.474068808E0,-1.430714035E1,1.482067204E1,5.796633720E0,2.139970904E1
8.479053391E0,-1.202601528E1,1.248976517E1,3.063853264E0,1.760700072E1
8.484038026E0,-9.059457779E0,1.041178036E1,1.014513493E0,1.383864817E1
8.489028026E0,-5.677526951E0,8.114254951E0,-1.398098469E-1,9.904291620E0
8.494012870E0,-2.263737202E0,5.302680492E0,2.120466232E-1,5.769565867E0
8.498997714E0,9.288642406E-1,2.470654011E0,8.346867561E-2,2.640811814E0
8.503982558E0,4.190385342E0,-5.885410309E-2,-1.658139229E0,4.506907900E0
8.508965162E0,7.007123470E0,-2.107853889E0,-6.975081444E0,1.010913391E1
8.513949901E0,9.646611214E0,-4.899074554E0,-1.941643524E1,2.222737044E1
8.518934641E0,1.184793282E1,-9.264311790E0,-3.117258453E1,3.461113999E1
8.523919381E0,1.153597355E1,-1.220943737E1,-2.678935051E1,3.161990429E1
8.528909328E0,9.963264465E0,-1.346090317E1,-1.823711395E1,2.475994504E1
8.533894328E0,8.418312073E0,-1.410579777E1,-1.400813007E1,2.158863629E1
8.538879328E0,5.961208344E0,-1.343512344E1,-1.164482307E1,1.875207859E1
8.543864276E0,2.083219051E0,-1.111668968E1,-7.504854202E0,1.357362986E1
8.548837558E0,-2.760710239E0,-7.988796234E0,9.473227262E-1,8.505281103E0
8.553821985E0,-8.782737732E0,-4.854284286E0,1.254202366E1,1.606246916E1
8.558806360E0,-1.593757343E1,-3.521273613E0,2.072017097E1,2.637671511E1
8.563790787E0,-2.333872032E1,-6.651199341E0,2.096319771E1,3.206852003E1
8.568786568E0,-3.444651413E1,-1.363586044E1,1.885354424E1,4.156867999E1
8.573771516E0,-4.557989120E1,-1.991513824E1,3.578279018E0,4.986926202E1
8.578756516E0,-3.778955841E1,-1.851438141E1,-5.627923012E0,4.245593670E1
8.583741464E0,-1.648065948E1,-1.238050175E1,8.340741158E0,2.223638738E1
8.588732766E0,1.570641994E-1,-7.475876808E0,2.520578766E1,2.629154112E1
8.593718078E0,6.002088070E0,-3.365023613E0,2.933766174E1,3.013381558E1
8.598703339E0,7.026615143E0,7.985086441E-1,2.328549957E1,2.433568217E1
8.603688651E0,6.833545685E0,5.264600277E0,1.278012657E1,1.541898174E1
8.608669328E0,4.412786484E0,9.239594460E0,7.817895889E0,1.288263507E1
8.613654433E0,2.323117495E0,1.169368458E1,7.085968971E0,1.386903350E1
8.618639485E0,1.985850334E0,1.314208126E1,5.199234962E0,1.427199865E1
8.623624537E0,8.374496698E-1,1.373283958E1,5.123977661E0,1.468153099E1
8.628607141E0,-1.530843019E0,1.353722382E1,5.639390469E0,1.474457981E1
8.633592089E0,-4.258034706E0,1.229607582E1,4.681388855E0,1.382894579E1
8.638577037E0,-6.700446129E0,9.399831772E0,3.840225935E0,1.216553126E1
8.643561985E0,-7.955770493E0,4.299942017E0,4.296344280E0,1.001211065E1
8.648546933E0,-8.874192238E0,-2.618741989E0,9.061725616E0,1.295082888E1
8.653531881E0,-8.760331154E0,-1.122845364E1,1.521442413E1,2.083987223E1
8.658516828E0,-5.453798294E0,-2.035434341E1,1.179197502E1,2.414733705E1
8.663501724E0,2.612171650E0,-2.949716949E1,3.667878628E0,2.983889714E1
8.668484693E0,1.220598030E1,-3.801840210E1,1.693753719E0,3.996565594E1
8.673469537E0,1.996950722E1,-4.417605591E1,4.783174515E0,4.871533529E1
8.678454328E0,2.557653046E1,-4.625796509E1,7.369390488E0,5.336914989E1
8.683439172E0,2.958348656E1,-4.373272705E1,6.838919640E0,5.324006869E1
8.688421724E0,2.930675316E1,-3.588557816E1,9.393939972E-1,4.634158997E1
8.693406464E0,2.610371590E1,-2.817020035E1,-6.525897980E0,3.895576357E1
8.698391151E0,2.228044128E1,-2.173172760E1,-1.271168804E1,3.361953392E1
8.703375891E0,1.674682045E1,-1.645584297E1,-1.855861282E1,2.992779432E1
8.708369433E0,9.502519608E0,-1.248845005E1,-2.185690689E1,2.690694413E1
8.713354589E0,1.677834749E0,-8.022474289E0,-1.822453880E1,1.998271848E1
8.718339745E0,-7.086437702E0,-4.364825249E0,-1.201288986E1,1.461433617E1
8.723324849E0,-1.479061031E1,-2.453739166E0,-8.448745728E0,1.720942456E1
8.728303808E0,-2.027904510E1,-1.555095673E0,-8.286142349E0,2.196174283E1
8.733288651E0,-2.250536919E1,-9.670085907E-1,-1.011881542E1,2.469447658E1
8.738273495E0,-1.907894325E1,-1.479328156E0,-1.179626465E1,2.247990985E1
8.743258339E0,-1.160450935E1,-3.071291924E0,-1.396758842E1,1.841713870E1
8.748248599E0,-4.163495064E0,-4.246490479E0,-1.451556587E1,1.568658743E1
8.753233756E0,1.791707516E0,-4.726898193E0,-1.500814533E1,1.583660976E1
8.758218860E0,6.291967869E0,-4.218489647E0,-1.531218529E1,1.708354568E1
8.763203964E0,1.007769585E1,-2.187176704E0,-1.541159630E1,1.854348931E1
8.768178026E0,1.343621540E1,-7.394752502E-1,-1.481564140E1,2.001454317E1
8.773162558E0,1.646840096E1,6.577768326E-1,-1.284054661E1,2.089307391E1
8.778147141E0,1.779153252E1,2.782731056E0,-1.031314850E1,2.075194577E1
8.783131672E0,1.691877365E1,5.355272293E0,-6.869954109E0,1.902945382E1
8.788124485E0,1.532792282E1,7.911626339E0,-3.586619854E0,1.761825449E1
8.793109433E0,1.383857250E1,9.791141510E0,-6.492019892E-1,1.696449245E1
8.798094433E0,1.247895908E1,1.116232777E1,7.431690693E-1,1.675930432E1
8.803079381E0,1.141637993E1,1.225411606E1,-2.858803272E-1,1.675048712E1
8.808067974E0,1.061803055E1,1.297538567E1,-2.267537355E0,1.691877453E1
8.813053131E0,9.838008881E0,1.326600266E1,-4.183058262E0,1.703734785E1
8.818038235E0,9.018647194E0,1.293844032E1,-5.592545033E0,1.673367249E1
8.823023391E0,8.222315788E0,1.162074375E1,-5.780656815E0,1.536437944E1
8.828005370E0,7.885032654E0,9.400302887E0,-4.869575500E0,1.320046211E1
8.832990318E0,7.730880737E0,7.777297974E0,-3.803579092E0,1.160689858E1
8.837975318E0,7.484860420E0,7.020647526E0,-2.883139610E0,1.065950849E1
8.842960318E0,7.240866184E0,6.765167236E0,-2.415588379E0,1.019964205E1
8.847950370E0,7.073806286E0,6.665245056E0,-2.707685471E0,1.008938985E1
8.852935631E0,7.073154449E0,6.595831871E0,-3.354719639E0,1.023663303E1
8.857920891E0,7.171984673E0,6.408463478E0,-4.121380806E0,1.046382091E1
8.862906099E0,7.205028534E0,6.043470383E0,-4.977765560E0,1.064021242E1
8.867885578E0,7.058357716E0,5.601310253E0,-5.656952858E0,1.063937056E1
8.872870474E0,6.578555107E0,5.024382114E0,-5.951632023E0,1.019527963E1
8.877855474E0,5.840607643E0,4.448639870E0,-5.788851261E0,9.349539735E0
8.882840422E0,5.184327126E0,3.818593502E0,-5.053139687E0,8.184932790E0
8.887828131E0,4.590921402E0,3.005011082E0,-3.666910887E0,6.599461067E0
8.892813235E0,4.009675026E0,2.089306355E0,-1.714775085E0,4.835612521E0
8.897798339E0,3.377485275E0,9.995861053E-1,3.956309557E-1,3.544446786E0
8.902783443E0,2.867803574E0,-3.506841660E-1,1.932391644E0,3.475832876E0
8.907763131E0,2.554963112E0,-2.024142265E0,2.931183815E0,4.383700146E0
8.912747974E0,2.402625084E0,-4.377540588E0,4.042005062E0,6.424427898E0
8.917732766E0,2.480834484E0,-7.482892036E0,5.650712967E0,9.699421117E0
8.922717610E0,2.375382900E0,-1.132115746E1,6.193355083E0,1.312130699E1
8.927704172E0,1.401841164E0,-1.514119148E1,4.696448803E0,1.591469351E1
8.932689068E0,-7.954738736E-1,-1.826890945E1,5.240100026E-1,1.829372619E1
8.937673964E0,-3.827019453E0,-2.030361557E1,-5.159255028E0,2.129555812E1
8.942658912E0,-6.876038551E0,-2.106767464E1,-9.660715103E0,2.417552972E1
8.947653808E0,-9.281669617E0,-2.112733459E1,-1.165949440E1,2.585454443E1
8.952639224E0,-1.070924091E1,-2.109312057E1,-1.139823246E1,2.625885146E1
8.957624641E0,-1.179100800E1,-2.090983391E1,-1.000412941E1,2.600637670E1
8.962610006E0,-1.208262539E1,-2.099820137E1,-8.283849716E0,2.560344631E1
8.967579849E0,-1.159126759E1,-2.172614288E1,-6.821320057E0,2.555216578E1
8.972564433E0,-1.083838177E1,-2.188850594E1,-4.360729218E0,2.481115013E1
8.977549068E0,-1.001698494E1,-2.218659973E1,-1.596587896E0,2.439537431E1
8.982533703E0,-8.787616730E0,-2.258625031E1,1.995731354E0,2.431756267E1
8.987518078E0,-7.673110485E0,-2.243523979E1,6.286895752E0,2.453042330E1
8.992502714E0,-7.412045479E0,-2.159484100E1,1.034230042E1,2.506469138E1
8.997487297E0,-7.088833809E0,-1.985640717E1,1.095069218E1,2.375807504E1
9.002471933E0,-6.945532322E0,-1.709873199E1,9.964184761E0,2.097360324E1
9.007469224E0,-5.589036465E0,-1.395279026E1,9.224188805E0,1.763528689E1
9.012454485E0,-2.976401091E0,-1.080045128E1,1.006610298E1,1.506104713E1
9.017439693E0,1.798510551E-3,-7.756820679E0,8.745793343E0,1.169004583E1
9.022424953E0,3.385589838E0,-5.347261429E0,6.457910538E0,9.042125406E0
9.027407245E0,7.648393631E0,-4.311840057E0,7.059505463E0,1.126616648E1
9.032392349E0,1.176531219E1,-3.870215416E0,8.077478409E0,1.478671011E1
9.037377506E0,1.465475464E1,-3.856550217E0,7.457991123E0,1.688953654E1
9.042362558E0,1.507795143E1,-2.767454147E0,5.045060158E0,1.613865093E1
9.047345631E0,1.325672722E1,-1.296658516E0,3.212908268E0,1.370200421E1
9.052330631E0,9.149460793E0,8.740510941E-1,3.054347992E0,9.685331164E0
9.057315631E0,4.339703560E0,3.078333378E0,3.832851648E0,6.557432053E0
9.062300631E0,-5.421009064E-1,5.196313858E0,3.382908821E0,6.224116258E0
9.067289589E0,-4.197076321E0,6.704042435E0,3.927426577E0,8.830872784E0
9.072274745E0,-6.593273163E0,7.419741154E0,5.151368141E0,1.118304089E1
9.077259953E0,-9.238837242E0,8.191360474E0,5.908995628E0,1.368834283E1
9.082245162E0,-1.124993610E1,8.947789192E0,7.069497585E0,1.601879489E1
9.087214328E0,-1.304109192E1,9.634713173E0,8.119502068E0,1.813350739E1
9.092198703E0,-1.448723602E1,1.024558067E1,9.741306305E0,2.024215847E1
9.097183078E0,-1.508899117E1,1.081207180E1,1.130064964E1,2.173207844E1
9.102167453E0,-1.507808208E1,1.156851006E1,1.295240021E1,2.299877508E1
9.107168495E0,-1.540654182E1,1.299723434E1,1.400033283E1,2.454177970E1
9.112153703E0,-1.625493240E1,1.529944992E1,1.445274544E1,2.659281568E1
9.117138860E0,-1.712095451E1,1.796632004E1,1.498834896E1,2.899252220E1
9.122124068E0,-1.835390472E1,2.075548172E1,1.518063927E1,3.159284173E1
9.127102089E0,-2.035491180E1,2.337057686E1,1.461545372E1,3.426540215E1
9.132086933E0,-2.235199738E1,2.511228561E1,1.356542587E1,3.625271651E1
9.137071776E0,-2.245032310E1,2.610018158E1,1.246003151E1,3.661268730E1
9.142056620E0,-2.107425117E1,2.652237320E1,1.065080261E1,3.551056095E1
9.147046360E0,-1.813411903E1,2.552790260E1,9.765568733E0,3.280070757E1
9.152031464E0,-1.499506283E1,2.352531433E1,8.890648842E0,2.928029987E1
9.157016516E0,-1.309436703E1,2.103948975E1,6.694074154E0,2.566969430E1
9.162001620E0,-1.141225815E1,1.827240944E1,4.930453777E0,2.210045152E1
9.166984381E0,-9.596497536E0,1.526143551E1,3.632212639E0,1.839013723E1
9.171969328E0,-8.094474792E0,1.260614395E1,2.780755758E0,1.523705976E1
9.176954328E0,-6.645782471E0,1.011893749E1,2.193096876E0,1.230321074E1
9.181939276E0,-4.645513058E0,7.304140091E0,9.310305119E-1,8.706208810E0
9.186931099E0,-1.924769640E0,4.321447372E0,-1.798289537E0,5.060977259E0
9.191916412E0,8.740769625E-1,1.463386536E0,-4.347333908E0,4.669563448E0
9.196901724E0,3.578233719E0,-1.359977722E0,-6.926868916E0,7.914215623E0
9.201887089E0,6.031194687E0,-4.276460648E0,-1.189661789E1,1.400688910E1
9.206859693E0,8.295357704E0,-7.885468483E0,-1.949841118E1,2.260932576E1
9.211844381E0,1.009610271E1,-1.226525593E1,-2.472947502E1,2.939242637E1
9.216829068E0,1.106784344E1,-1.545807552E1,-2.190604019E1,2.900558315E1
9.221813703E0,1.210553455E1,-1.695835495E1,-1.504050446E1,2.569720887E1
9.226813026E0,1.242986584E1,-1.696674919E1,-9.804574966E0,2.320564227E1
9.231798339E0,1.167373466E1,-1.558366585E1,-6.196475029E0,2.043338017E1
9.236783756E0,9.897785187E0,-1.272720337E1,-2.783990860E0,1.636149328E1
9.241769172E0,6.668757439E0,-9.109003067E0,3.141010761E0,1.171802932E1
9.246753808E0,1.136250734E0,-6.322947502E0,1.266114521E1,1.419772267E1
9.251739172E0,-7.903552055E0,-5.346261024E0,2.183437729E1,2.382831663E1
9.256724537E0,-1.843990898E1,-7.583907127E0,2.540078926E1,3.229157763E1
9.261709953E0,-2.934651756E1,-1.407229996E1,2.233262253E1,3.947142952E1
9.266691672E0,-4.199484253E1,-2.464882278E1,1.229801178E1,5.022322528E1
9.271676828E0,-4.435624313E1,-3.098334122E1,-1.147484303E1,5.530927373E1
9.276662037E0,-2.074942780E1,-2.414663315E1,-8.903710842E-1,3.184951188E1
9.281647193E0,1.190336227E0,-1.321459007E1,2.252001953E1,2.613797182E1
9.286631933E0,5.469939232E0,-5.847278595E0,2.286046219E1,2.422213107E1
9.291617089E0,7.776777744E0,-1.802214622E0,1.069416428E1,1.334508895E1
9.296602245E0,9.668591499E0,2.523596287E0,-2.136729956E0,1.021840568E1
9.301587401E0,6.807092667E0,8.172358513E0,-4.458260536E-2,1.063606797E1
9.306568287E0,1.883359194E0,1.304632568E1,6.440750599E0,1.467095511E1
9.311553235E0,-7.002149820E-1,1.536979485E1,7.672536850E0,1.719269369E1
9.316538183E0,-1.349110961E0,1.596614647E1,7.982344627E0,1.790127814E1
9.321523131E0,-2.389665365E0,1.638964272E1,9.044044495E0,1.887129115E1
9.326502974E0,-4.438902378E0,1.648694420E1,9.221233368E0,1.940500781E1
9.331487662E0,-7.699693203E0,1.500585938E1,8.350234985E0,1.881987023E1
9.336472401E0,-1.045893288E1,1.172161007E1,7.554693699E0,1.743154659E1
9.341457037E0,-1.344420528E1,6.841660023E0,7.720294476E0,1.694573440E1
9.346447818E0,-1.803512573E1,-7.052707672E-1,1.264100838E1,2.203538654E1
9.351432818E0,-2.155430412E1,-9.760217667E0,2.301758957E1,3.300998795E1
9.356417818E0,-1.859981918E1,-1.867451477E1,2.121887016E1,3.383683240E1
9.361402818E0,-1.015109634E1,-2.790885925E1,1.502047825E1,3.328008336E1
9.366385318E0,-7.561091781E-1,-3.736515045E1,1.155085754E1,3.911711236E1
9.371370162E0,9.066229820E0,-4.387077332E1,8.680670738E0,4.563107843E1
9.376355058E0,1.843501282E1,-4.781832886E1,2.491789579E0,5.130936842E1
9.381339953E0,2.805947304E1,-4.838801575E1,-4.506264210E0,5.611631235E1
9.386320318E0,3.442476273E1,-4.420552444E1,-1.066277122E1,5.703408955E1
9.391304953E0,3.428319931E1,-3.692586517E1,-1.542512131E1,5.269527153E1
9.396289641E0,3.002340698E1,-2.845672417E1,-1.848423386E1,4.530846520E1
9.401274276E0,2.373854065E1,-2.046565819E1,-2.025035667E1,3.731539123E1
9.406264537E0,1.692739105E1,-1.369169426E1,-2.073000145E1,3.006213598E1
9.411249433E0,1.016359234E1,-9.008940697E0,-1.726415443E1,2.196612506E1
9.416234381E0,1.878178477E0,-5.118206024E0,-1.070526600E1,1.201358845E1
9.421219328E0,-8.307772636E0,-1.386753082E0,-7.306099892E0,1.114994466E1
9.426199172E0,-1.799464035E1,9.978075027E-1,-8.659459114E0,1.999472264E1
9.431183808E0,-2.431506729E1,2.611423969E0,-1.180883312E1,2.715677765E1
9.436168495E0,-2.578387642E1,4.133774281E0,-1.508612633E1,3.015771179E1
9.441153131E0,-2.050350571E1,3.705586433E0,-1.846551323E1,2.784062312E1
9.446148703E0,-1.078204441E1,1.622514725E0,-2.111044312E1,2.375996305E1
9.451133912E0,-2.026114702E0,-4.928607941E-1,-2.303523827E1,2.312942400E1
9.456119068E0,4.539831161E0,-1.726144791E0,-2.274279594E1,2.325563179E1
9.461104276E0,9.801239014E0,-2.126137733E0,-2.165752602E1,2.386698936E1
9.466081672E0,1.526520729E1,-2.881182671E0,-1.823591232E1,2.395571467E1
9.471066464E0,2.042031860E1,-2.951243401E0,-1.505709076E1,2.554242024E1
9.476051308E0,2.218033600E1,-1.777799606E0,-7.729283333E0,2.355567230E1
9.481036151E0,2.044123459E1,7.604322433E-1,4.997245073E-1,2.046147730E1
9.486024641E0,1.626950836E1,4.645204067E0,6.859325886E0,1.825719515E1
9.491009641E0,1.288180923E1,8.715468407E0,1.065476894E1,1.885270537E1
9.495994641E0,1.132504272E1,1.194441319E1,1.021139431E1,1.937003286E1
9.500979693E0,1.067860889E1,1.429570770E1,7.742262840E0,1.945103032E1
9.505970526E0,1.021411324E1,1.600170135E1,4.151485443E0,1.943237985E1
9.510955839E0,9.992658615E0,1.705795288E1,-3.219039440E-1,1.977196512E1
9.515941151E0,9.631488800E0,1.763018036E1,-4.100772858E0,2.050378438E1
9.520926412E0,8.670971870E0,1.732850266E1,-5.678914547E0,2.019190006E1
9.525906672E0,7.301158905E0,1.552788830E1,-4.906981468E0,1.784658801E1
9.530891724E0,6.652276993E0,1.317845058E1,-2.635602474E0,1.499569103E1
9.535876828E0,6.765177727E0,1.128623581E1,3.149628639E-3,1.315852417E1
9.540861828E0,7.051495552E0,1.006032562E1,1.784560442E0,1.241444309E1
9.545855943E0,7.650271416E0,9.339412689E0,1.923310757E0,1.222499106E1
9.550841464E0,8.389724731E0,8.936580658E0,8.152379990E-1,1.228472905E1
9.555826933E0,9.127659798E0,8.639079094E0,-9.976838827E-1,1.260726910E1
9.560812401E0,9.651679993E0,8.368106842E0,-3.166693687E0,1.316085437E1
9.565790735E0,9.832397461E0,8.164196968E0,-5.127810955E0,1.377042473E1
9.570775839E0,9.524095535E0,7.830914974E0,-6.464282990E0,1.392187414E1
9.575760995E0,8.899601936E0,7.262628078E0,-6.771104336E0,1.333403672E1
9.580746099E0,8.048081398E0,6.593149185E0,-6.009081841E0,1.201458676E1
9.585723599E0,6.628887177E0,6.075798988E0,-4.965739250E0,1.027210031E1
9.590708339E0,4.754703522E0,5.729056358E0,-4.033235550E0,8.467365667E0
9.595693078E0,2.874557495E0,5.401489735E0,-3.322088718E0,6.962431012E0
9.600677818E0,1.289466381E0,5.020898819E0,-2.758090019E0,5.871899953E0
9.605662870E0,1.804540157E-1,4.395667076E0,-2.189033270E0,4.913890450E0
9.610647610E0,-4.199973345E-1,3.307982445E0,-8.432173729E-1,3.439500131E0
9.615632401E0,-3.417394161E-1,1.726649761E0,1.134441733E0,2.094054267E0
9.620617141E0,1.851320267E-2,1.752948761E-2,2.453522682E0,2.453655146E0
9.625602506E0,5.667566657E-1,-2.372122765E0,3.136862278E0,3.973422263E0
9.630587297E0,1.425386548E0,-6.065956116E0,4.243568420E0,7.538927201E0
9.635572089E0,2.673067570E0,-1.108878708E1,6.207327366E0,1.298604644E1
9.640556881E0,3.878455877E0,-1.683372879E1,7.274424553E0,1.874390828E1
9.645541881E0,3.842781782E0,-2.246757507E1,4.494435787E0,2.323271087E1
9.650526724E0,2.352808237E0,-2.754877853E1,-2.691605568E0,2.777977044E1
9.655511516E0,-4.669751823E-1,-3.154191971E1,-1.030184174E1,3.318491687E1
9.660496360E0,-4.433095932E0,-3.322339630E1,-1.408398151E1,3.635663539E1
9.665493287E0,-8.893188477E0,-3.280422974E1,-1.420876503E1,3.683877432E1
9.670478703E0,-1.253811169E1,-3.125166130E1,-1.253936863E1,3.593196828E1
9.675464068E0,-1.400824165E1,-2.863243866E1,-1.034227467E1,3.351134171E1
9.680449485E0,-1.406160641E1,-2.576719475E1,-7.705626965E0,3.034886797E1
9.685438547E0,-1.382040787E1,-2.358884811E1,-4.444029331E0,2.769813758E1
9.690424172E0,-1.287402725E1,-2.187403488E1,-5.605969429E-1,2.538756090E1
9.695409745E0,-1.190889835E1,-2.021048546E1,3.356726646E0,2.369711367E1
9.700395370E0,-1.175942230E1,-1.844927406E1,6.297001362E0,2.276646552E1
9.705360735E0,-1.091881847E1,-1.629272270E1,8.947483063E0,2.155761729E1
9.710345318E0,-9.308454514E0,-1.452401638E1,1.178523254E1,2.089224936E1
9.715329849E0,-7.737819672E0,-1.267088032E1,1.342592621E1,2.001700667E1
9.720314433E0,-5.691480637E0,-9.893907547E0,1.236997223E1,1.683147561E1
9.725315683E0,-1.791046739E0,-7.722690582E0,1.143098450E1,1.391097426E1
9.730301099E0,2.256971836E0,-5.631837845E0,9.210442543E0,1.102922351E1
9.735286516E0,4.816440582E0,-3.435455322E0,6.923679829E0,9.107019025E0
9.740271933E0,7.826957703E0,-2.488000870E0,7.209556580E0,1.092836316E1
9.745253391E0,1.212705994E1,-2.617609024E0,7.161573410E0,1.432499890E1
9.750238599E0,1.532724762E1,-2.681308746E0,5.212254524E0,1.640979992E1
9.755223756E0,1.688527107E1,-2.759332657E0,3.708879471E0,1.750662968E1
9.760209016E0,1.609532166E1,-2.821814537E0,2.722207069E0,1.656600217E1
9.765182401E0,1.343086910E1,-2.423285484E0,2.059705019E0,1.380228032E1
9.770167037E0,1.011554146E1,-1.111705780E0,2.341713667E0,1.044239875E1
9.775151620E0,6.162072659E0,6.751031876E-1,3.434009552E0,7.086559487E0
9.780136256E0,2.015535831E0,2.334898949E0,5.011000633E0,5.884238705E0
9.785121672E0,-2.046663046E0,4.039034367E0,5.888615608E0,7.428217957E0
9.790106360E0,-5.715643883E0,5.695789337E0,6.552630424E0,1.039459314E1
9.795090995E0,-8.739661217E0,7.076924324E0,6.921645164E0,1.320506372E1
9.800075683E0,-1.150089550E1,8.494699478E0,6.547827721E0,1.572592014E1
9.805061464E0,-1.347338963E1,9.579464912E0,6.672731400E0,1.782761118E1
9.810046203E0,-1.476876831E1,1.056203365E1,7.407503128E0,1.960979793E1
9.815030891E0,-1.561554527E1,1.147612381E1,8.802350998E0,2.128445571E1
9.820015683E0,-1.669445992E1,1.297433662E1,9.561450958E0,2.320473545E1
9.825002974E0,-1.795671082E1,1.500764084E1,1.051616096E1,2.565662465E1
9.829987870E0,-1.954846191E1,1.750852203E1,1.337472725E1,2.945460976E1
9.834972714E0,-2.140260315E1,2.018633842E1,1.661325836E1,3.378698024E1
9.839957558E0,-2.280290031E1,2.239685440E1,1.753058624E1,3.645425632E1
9.845057558E0,-2.365094185E1,2.329872894E1,1.622703171E1,3.695286699E1
9.850157558E0,-2.338693237E1,2.373176575E1,1.454788017E1,3.635637673E1
9.855217558E0,-2.233323097E1,2.424421692E1,1.213234901E1,3.512476551E1
9.860215631E0,-2.042165375E1,2.386136246E1,9.853812218E0,3.291665498E1
9.865213703E0,-1.761866379E1,2.292804337E1,7.474617958E0,2.986607440E1
9.870118703E0,-1.488234901E1,2.177894020E1,4.346197605E0,2.673379850E1
9.875023703E0,-1.244103432E1,2.007130432E1,1.432697058E0,2.365775164E1
9.879928703E0,-1.039727974E1,1.828296280E1,3.561139107E-2,2.103262758E1
9.884833703E0,-9.065117836E0,1.644715500E1,-2.378659248E-1,1.878142298E1
9.889814068E0,-7.772391319E0,1.374215698E1,8.197811842E-1,1.580914250E1
9.894798131E0,-5.497173309E0,1.009983158E1,1.504183650E0,1.159689962E1
9.899782297E0,-1.003872991E0,6.406223297E0,-1.292119741E0,6.611885612E0
9.904766412E0,5.525667667E0,2.523512840E0,-9.415353775E0,1.120490995E1
9.909751828E0,1.177185535E1,-1.549474716E0,-2.068038940E1,2.384650826E1
9.914735995E0,1.573291588E1,-5.901371956E0,-3.166480064E1,3.584704218E1
9.919720214E0,1.719575882E1,-1.073548412E1,-3.713971710E1,4.231197617E1
9.924704433E0,1.769629097E1,-1.409972286E1,-3.255322266E1,3.964433382E1
9.929696308E0,1.660817337E1,-1.520933247E1,-2.348284340E1,3.253612071E1
9.934680891E0,1.677751350E1,-1.628686905E1,-1.817227936E1,2.961382785E1
9.939665526E0,1.876598740E1,-1.695729828E1,-1.267591095E1,2.829118178E1
9.944650058E0,1.776432610E1,-1.532644463E1,-2.553741217E0,2.360069450E1
9.949620214E0,1.079758644E1,-1.034116840E1,1.265881252E1,1.959012944E1
9.954604016E0,4.985127449E-1,-3.426460266E0,3.133776283E1,3.152847164E1
9.959587870E0,-8.855922699E0,2.047128677E0,3.979752731E1,4.082231354E1
9.964571724E0,-1.495191669E1,2.565230846E0,3.624550247E1,3.929219606E1
9.969569276E0,-2.189640808E1,-2.946140289E0,3.284426880E1,3.958381516E1
9.974553808E0,-3.460041428E1,-1.283209610E1,2.542736816E1,4.481520289E1
9.979538339E0,-5.007128143E1,-2.158267975E1,5.026735306E0,5.475594358E1
9.984522870E0,-5.825191498E1,-2.776052856E1,-2.227485275E1,6.826493690E1
9.989509433E0,-3.625904465E1,-2.791954041E1,-1.227855015E1,4.738123942E1
9.994494068E0,-1.116985226E1,-2.059293556E1,1.110404396E1,2.592555471E1
9.999478756E0,-1.103665233E0,-1.474626160E1,1.351704311E1,2.003448933E1
1.000446339E1,7.737841606E0,-1.193755150E1,1.189355850E1,1.854281700E1
1.000944850E1,1.494587135E1,-9.679838181E0,2.279758692E0,1.795203714E1
1.001443318E1,1.461591148E1,-4.617511749E0,5.285148621E-1,1.533706658E1
1.001941787E1,8.016242981E0,2.171161175E0,4.798806190E0,9.591800312E0
1.002440245E1,4.667346954E0,6.752543926E0,2.985142231E0,8.734532112E0
1.002939141E1,2.816278934E0,9.458027840E0,1.682040334E0,1.001074310E1
1.003437626E1,4.937908649E-1,1.112734509E1,2.176454782E0,1.134894680E1
1.003936115E1,-1.680014491E0,1.186331463E1,2.583744287E0,1.225709661E1
1.004434605E1,-3.673245430E0,1.211521339E1,3.702498674E0,1.319013359E1
1.004932876E1,-6.013418674E0,1.184140491E1,5.395084858E0,1.433481828E1
1.005431350E1,-8.286423683E0,9.980568886E0,7.154541016E0,1.481431841E1
1.005929829E1,-1.005778885E1,6.060661316E0,8.382203102E0,1.442747590E1
1.006428303E1,-1.237397289E1,-1.541805267E-2,9.836369514E0,1.580726441E1
1.006927537E1,-1.421084309E1,-7.656607628E0,1.236741161E1,2.033530358E1
1.007426047E1,-1.177010536E1,-1.636223221E1,1.453629875E1,2.485079485E1
1.007924563E1,-5.411192894E0,-2.421003723E1,1.236475754E1,2.771811935E1
1.008423079E1,1.186269879E0,-3.119970512E1,9.808854103E0,3.272678498E1
1.008920902E1,6.967413902E0,-3.471879959E1,7.586111069E0,3.621448581E1
1.009419386E1,1.211238098E1,-3.522462463E1,3.277896881E0,3.739289453E1
1.009917860E1,1.647696686E1,-3.375418472E1,-5.051254630E-1,3.756448555E1
1.010416339E1,1.813858604E1,-2.855762863E1,-5.058788300E0,3.420727694E1
1.010914438E1,1.831617737E1,-2.273536682E1,-8.134383202E0,3.030754771E1
1.011412896E1,1.712542534E1,-1.769163513E1,-1.065392303E1,2.682872011E1
1.011911355E1,1.452977753E1,-1.335141468E1,-1.215907669E1,2.317796054E1
1.012409813E1,1.106033325E1,-9.974389076E0,-1.183812618E1,1.902526322E1
1.012908688E1,7.377043247E0,-7.747903824E0,-1.017255688E1,1.476250975E1
1.013407167E1,2.674458981E0,-5.851901054E0,-8.638430595E0,1.077125619E1
1.013905646E1,-2.989820719E0,-3.505179405E0,-7.132544994E0,8.491084070E0
1.014404126E1,-8.440670013E0,-1.460525513E0,-6.257261276E0,1.060808012E1
1.014903271E1,-1.244693756E1,5.347156525E-2,-6.838713169E0,1.420201083E1
1.015401787E1,-1.466279793E1,1.454325676E0,-8.029816628E0,1.678066332E1
1.015900297E1,-1.477548218E1,2.281448841E0,-8.904588699E0,1.740148219E1
1.016398813E1,-1.280617142E1,2.407331944E0,-1.008628273E1,1.647805731E1
1.016896214E1,-9.059114456E0,2.240403175E0,-1.070251751E1,1.419967754E1
1.017394672E1,-4.368413925E0,1.948697090E0,-1.084811020E1,1.185588274E1
1.017893131E1,3.402394652E-1,1.695052147E0,-9.993255615E0,1.014170215E1
1.018391584E1,3.849832058E0,2.358972073E0,-9.641788483E0,1.064659764E1
1.018890699E1,6.061743736E0,3.448564529E0,-1.109153748E1,1.310189063E1
1.019389188E1,8.452627182E0,4.129148960E0,-1.291911030E1,1.598124489E1
1.019887678E1,1.012892246E1,5.004808426E0,-1.378647041E1,1.782441988E1
1.020386167E1,1.083456802E1,5.965775013E0,-1.250770187E1,1.759036503E1
1.020884297E1,1.159333801E1,6.841851234E0,-1.094113159E1,1.734718349E1
1.021382771E1,1.203556633E1,7.883878231E0,-1.039092827E1,1.774772614E1
1.021881245E1,1.197443485E1,8.706793785E0,-1.022223949E1,1.799137372E1
1.022379714E1,1.174979496E1,8.935788155E0,-8.706464767E0,1.713792637E1
1.022878990E1,1.153694725E1,8.968684196E0,-5.049535751E0,1.546079750E1
1.023377506E1,1.115368843E1,9.278733253E0,-7.804644108E-1,1.452958296E1
1.023876021E1,1.061756325E1,1.003939438E1,2.844085693E0,1.488660177E1
1.024374532E1,9.435990334E0,1.124450779E1,5.119043827E0,1.554610815E1
1.024873626E1,8.630485535E0,1.239544296E1,5.618035316E0,1.611504290E1
1.025372167E1,8.730510712E0,1.330324841E1,3.268590450E0,1.624444271E1
1.025870709E1,8.888381004E0,1.392343426E1,2.800381184E-1,1.652100965E1
1.026369251E1,8.950611115E0,1.348720646E1,-2.389714956E0,1.636242387E1
1.026867042E1,8.669982910E0,1.159737110E1,-4.603979111E0,1.519421745E1
1.027365542E1,7.838227749E0,9.664672852E0,-6.547533035E0,1.406107764E1
1.027864047E1,6.785499573E0,8.133669853E0,-7.899846554E0,1.321390046E1
1.028362553E1,5.637050629E0,6.828532219E0,-8.513019562E0,1.228318746E1
1.028861881E1,4.769609928E0,5.956168175E0,-8.426144600E0,1.136771881E1
1.029360422E1,4.334752083E0,5.479502201E0,-6.832904816E0,9.772594753E0
1.029858969E1,4.247859955E0,5.151340485E0,-4.071054935E0,7.820109416E0
1.030357516E1,4.387289047E0,4.875501156E0,-2.038449287E0,6.868339843E0
1.030854813E1,4.685705185E0,4.541644573E0,-1.131613493E0,6.622908546E0
1.031353292E1,5.232611656E0,3.951274395E0,6.560070515E-1,6.589623611E0
1.031851777E1,5.857769489E0,3.023272514E0,4.006822109E0,7.714159935E0
1.032350261E1,5.878092766E0,1.650346756E0,6.527675629E0,8.937906248E0
1.032848678E1,5.405760765E0,-4.086418152E-1,6.615900517E0,8.553325507E0
1.033347162E1,4.693597794E0,-3.251338959E0,5.626737118E0,8.016310614E0
1.033845641E1,4.281368732E0,-7.023445129E0,5.518300056E0,9.905076235E0
1.034344115E1,4.086371899E0,-1.259018707E1,7.495883465E0,1.521182155E1
1.034842917E1,4.112628460E0,-1.986116219E1,7.064751625E0,2.147766728E1
1.035341412E1,3.824808121E0,-2.710807800E1,-5.100151896E-1,2.738132878E1
1.035839907E1,3.410737216E-1,-3.188837242E1,-1.111527824E1,3.377179352E1
1.036338407E1,-6.364226818E0,-3.260923386E1,-1.585622692E1,3.681420171E1
1.036836053E1,-1.207392693E1,-3.095698547E1,-1.356883526E1,3.589189256E1
1.037334511E1,-1.550046921E1,-2.819402122E1,-8.800910950E0,3.335601013E1
1.037832959E1,-1.651544189E1,-2.484437943E1,-4.492431641E0,3.016927165E1
1.038331412E1,-1.598547173E1,-2.147740936E1,-2.024568796E0,2.684982864E1
1.038829907E1,-1.488354492E1,-1.838935471E1,-1.301252842E0,2.369349140E1
1.039328360E1,-1.375821686E1,-1.606756210E1,-1.543097496E0,2.120934306E1
1.039826818E1,-1.296489906E1,-1.431994534E1,-1.899974346E0,1.941028966E1
1.040325271E1,-1.244178200E1,-1.312170219E1,-2.414153337E0,1.824294779E1
1.040824745E1,-1.254484081E1,-1.231399632E1,-2.953824520E0,1.782505584E1
1.041323256E1,-1.328982544E1,-1.210773563E1,-3.220051527E0,1.826432189E1
1.041821761E1,-1.405848598E1,-1.228988838E1,-2.414796114E0,1.882853220E1
1.042320266E1,-1.454999924E1,-1.244882393E1,-6.733174324E-1,1.916061198E1
1.042818876E1,-1.446664238E1,-1.244394016E1,2.268814087E0,1.921673505E1
1.043317391E1,-1.385643959E1,-1.166682816E1,4.714653015E0,1.871747179E1
1.043815902E1,-1.257038116E1,-1.027636242E1,8.455963135E0,1.830632185E1
1.044314412E1,-9.341859818E0,-8.727362633E0,1.443637848E1,1.928331473E1
1.044812417E1,-5.515978813E0,-6.710035324E0,1.881983376E1,2.072768050E1
1.045310902E1,-1.866262317E0,-4.699398041E0,1.887776184E1,1.954321287E1
1.045809391E1,1.812170982E0,-3.116086006E0,1.683683968E1,1.721839499E1
1.046307876E1,7.146149158E0,-2.742604256E0,1.129504681E1,1.364431780E1
1.046805719E1,1.260900307E1,-2.981242180E0,3.888388395E0,1.352753960E1
1.047304172E1,1.488982201E1,-2.610669136E0,-2.028064966E0,1.525239130E1
1.047802626E1,1.276100254E1,-1.573878288E0,-1.839386463E0,1.298859582E1
1.048301079E1,8.753043175E0,-4.954795837E-1,1.024583817E0,8.826722882E0
1.048800990E1,4.571931839E0,1.093109131E0,3.553036451E0,5.892496613E0
1.049299516E1,-3.009128571E-2,3.354090214E0,4.342166901E0,5.486824222E0
1.049798042E1,-4.456303596E0,5.823320389E0,3.423506975E0,8.092595511E0
1.050296568E1,-7.638709068E0,7.873146057E0,2.497152328E0,1.125042554E1
1.050794193E1,-9.684415817E0,9.485723495E0,2.328389645E0,1.375457227E1
1.051292667E1,-1.084205627E1,1.045297718E1,2.785167933E0,1.531574603E1
1.051791146E1,-1.147932434E1,1.118989849E1,3.078923702E0,1.632386249E1
1.052289631E1,-1.180515003E1,1.197098732E1,3.152609825E0,1.710570237E1
1.052788891E1,-1.213249969E1,1.294330025E1,3.182816744E0,1.802378685E1
1.053287407E1,-1.238195133E1,1.409365654E1,3.031788111E0,1.900356842E1
1.053785928E1,-1.297415257E1,1.524655342E1,2.881041765E0,2.022588509E1
1.054284443E1,-1.390557289E1,1.620785332E1,2.977999926E0,2.156218797E1
1.054782480E1,-1.421852684E1,1.677409744E1,3.227425098E0,2.222505620E1
1.055280975E1,-1.381329250E1,1.702165985E1,3.373785257E0,2.217941345E1
1.055779469E1,-1.299370766E1,1.691103363E1,3.579106808E0,2.162474283E1
1.056277964E1,-1.218141365E1,1.689278793E1,3.744482517E0,2.116067749E1
1.056776542E1,-1.179519844E1,1.703227615E1,3.521940947E0,2.101497574E1
1.057275042E1,-1.129437256E1,1.698417473E1,3.026372910E0,2.061998971E1
1.057773542E1,-1.053440380E1,1.661665535E1,2.918695927E0,1.988983872E1
1.058272042E1,-9.911560059E0,1.616868591E1,3.242006540E0,1.923995929E1
1.058771006E1,-9.086979866E0,1.597484970E1,3.752214670E0,1.875761555E1
1.059269532E1,-8.501008987E0,1.603224182E1,3.409865379E0,1.846421170E1
1.059768053E1,-8.135695457E0,1.626384926E1,3.349243879E0,1.849107265E1
1.060266574E1,-7.632998943E0,1.596638107E1,3.713627100E0,1.808256131E1
1.060763527E1,-6.831417084E0,1.509761047E1,4.076277733E0,1.706523195E1
1.061261969E1,-5.475038528E0,1.402456474E1,4.238150597E0,1.564053655E1
1.061760417E1,-3.458000898E0,1.269984818E1,3.576410770E0,1.363945116E1
1.062258860E1,-9.800450802E-1,1.083448124E1,2.237318277E0,1.110639749E1
1.062758839E1,1.607395649E0,8.680452347E0,4.889531136E-1,8.841552401E0
1.063257360E1,4.475973606E0,6.436748505E0,-2.874931097E0,8.350526920E0
1.063755876E1,9.257186890E0,3.894671917E0,-1.261959553E1,1.612817937E1
1.064254396E1,1.613072968E1,7.876396179E-3,-2.861427116E1,3.284778556E1
1.064752230E1,1.877367210E1,-4.001145363E0,-3.172399902E1,3.707926702E1
1.065250714E1,1.660508537E1,-6.858086586E0,-2.327197838E1,2.939978213E1
1.065749198E1,9.777356148E0,-6.772372246E0,-8.048707008E0,1.436117696E1
1.066247688E1,5.175530910E-1,-5.184425354E0,7.111036301E0,8.815495716E0
1.066746964E1,-4.892406464E0,-7.809590340E0,1.147464561E1,1.471709327E1
1.067245490E1,-1.090740585E1,-1.954699707E1,1.002868843E1,2.452817133E1
1.067744016E1,-1.681035614E1,-3.571012878E1,3.358571291E0,3.961163178E1
1.068242542E1,-1.655331612E1,-4.188755798E1,4.289271355E0,4.524353696E1
1.068740245E1,-1.403673363E1,-4.126083374E1,2.382943916E1,4.967221017E1
1.069238730E1,-1.138273239E1,-3.485548782E1,3.356886673E1,4.971257830E1
1.069737214E1,-5.698839188E0,-2.600550461E1,2.350063133E1,3.551116319E1
1.070235693E1,1.547851086E0,-1.617366219E1,6.362753391E0,1.744900634E1
1.070734714E1,3.871341705E0,-5.780265808E0,-3.109709740E0,7.620305379E0
1.071233230E1,2.809849024E0,1.790851116E0,-7.261633396E0,7.989600668E0
1.071731740E1,2.474687338E0,7.239675522E0,-1.242531872E1,1.459196780E1
1.072230245E1,7.352592945E-1,1.142199326E1,-1.152751160E1,1.624457016E1
1.072728443E1,-2.185462475E0,1.383694649E1,-5.265170097E0,1.496527148E1
1.073226938E1,-3.637594223E0,1.445288277E1,-1.459574461E0,1.497492136E1
1.073725428E1,-3.977524281E0,1.384821606E1,4.285656214E-1,1.441448771E1
1.074223928E1,-4.905474663E0,1.229472733E1,3.648856163E0,1.373091960E1
1.074722521E1,-6.720871925E0,8.798164368E0,7.197566032E0,1.320540694E1
1.075221021E1,-7.678721428E0,3.131072044E0,1.115059948E1,1.389612333E1
1.075719521E1,-7.697892189E0,-2.955075264E0,1.418465424E1,1.640714569E1
1.076218027E1,-7.980819702E0,-8.675735474E0,1.513342857E1,1.918287073E1
1.076717021E1,-8.503016472E0,-1.497165298E1,1.567955589E1,2.328733895E1
1.077215547E1,-8.726963997E0,-2.097552490E1,1.278446102E1,2.606865914E1
1.077714074E1,-7.784908772E0,-2.566086960E1,9.050499916E0,2.830188301E1
1.078212600E1,-5.343798637E0,-2.914185715E1,5.765141487E0,3.018345372E1
1.078710620E1,-2.685241938E0,-3.057486725E1,1.297789574E0,3.071998192E1
1.079209126E1,-8.591221571E-1,-2.750825691E1,-4.226408482E0,2.784429597E1
1.079707626E1,-4.690644145E-1,-2.092758179E1,-8.609843254E0,2.263433458E1
1.080206126E1,-5.018889308E-1,-1.492433834E1,-1.029291821E1,1.813648071E1
1.080704745E1,-8.152304888E-1,-1.104793835E1,-1.089555264E1,1.553816623E1
1.081203251E1,-1.095680475E0,-8.574603081E0,-1.035608578E1,1.348973114E1
1.081701761E1,-1.514448881E0,-6.985179901E0,-9.606041908E0,1.197340114E1
1.082200266E1,-2.044983387E0,-5.438933372E0,-8.352227211E0,1.017465737E1
1.082707777E1,-2.014490128E0,-4.122564316E0,-5.716578484E0,7.330278069E0
1.083206740E1,-2.764794588E0,-2.668060303E0,-3.521640301E0,5.211965589E0
1.083705704E1,-4.851768017E0,-1.303084373E0,-2.994579077E0,5.848519951E0
1.084204667E1,-7.478336811E0,-7.781934738E-1,-4.359680176E0,8.691255248E0
1.084695167E1,-9.515548706E0,-1.268124580E0,-7.607834816E0,1.224879413E1
1.085190537E1,-9.500849724E0,-2.916018486E0,-1.128413200E1,1.503665336E1
1.085688933E1,-7.315509796E0,-4.830781937E0,-1.413268280E1,1.663087072E1
1.086187324E1,-4.428874969E0,-6.280490875E0,-1.524162102E1,1.706946134E1
1.086688126E1,-1.497589946E0,-7.040006638E0,-1.389731216E1,1.565055125E1
1.087186641E1,1.376116157E0,-7.046038628E0,-1.097178459E1,1.311184248E1
1.087685152E1,3.918229342E0,-6.224251747E0,-8.538680077E0,1.126955582E1
1.088183667E1,6.096761227E0,-4.780006409E0,-7.556594849E0,1.082224951E1
1.088680391E1,8.050868034E0,-2.767162323E0,-7.574110985E0,1.139477164E1
1.089178813E1,9.085624695E0,-5.977821350E-1,-7.575758457E0,1.184474718E1
1.089677235E1,9.418429375E0,1.407651901E0,-7.877525330E0,1.235895226E1
1.090175662E1,9.258898735E0,3.206600189E0,-8.424021721E0,1.292182775E1
1.090674896E1,8.785642624E0,4.950102329E0,-7.700470924E0,1.268811577E1
1.091173355E1,8.055103302E0,6.647250175E0,-5.948153496E0,1.201878339E1
1.091671818E1,7.123971939E0,7.842924118E0,-4.139431477E0,1.137529463E1
1.092170282E1,5.795555115E0,8.642156601E0,-2.049556255E0,1.060547079E1
1.092668922E1,4.258409977E0,9.152267456E0,8.537931442E-1,1.013049939E1
1.093167396E1,3.222129107E0,9.700517654E0,3.634739637E0,1.084866310E1
1.093665865E1,2.768211365E0,1.020995140E1,4.521068096E0,1.150418004E1
1.094164339E1,2.536844015E0,1.074278736E1,3.767161608E0,1.166338563E1
1.094663324E1,2.265822649E0,1.116054249E1,2.676831722E0,1.169859346E1
1.095161824E1,1.903786421E0,1.154015827E1,1.106586814E0,1.174836968E1
1.095660318E1,1.291980743E0,1.203729343E1,-5.419983268E-1,1.211855642E1
1.096158818E1,4.236421585E-1,1.238871193E1,-1.548903704E0,1.249234800E1
1.096656698E1,-3.958462477E-1,1.254410362E1,-1.847994685E0,1.268567358E1
1.097155162E1,-8.564400673E-1,1.233348560E1,-1.592752576E0,1.246536070E1
1.097653631E1,-8.184504509E-1,1.160862923E1,-9.095268846E-1,1.167293334E1
1.098152100E1,-3.133654594E-1,1.048705482E1,1.148907542E-1,1.049236469E1
1.098650896E1,2.788362801E-1,9.217842102E0,9.433557987E-1,9.270182461E0
1.099149376E1,6.623556614E-1,7.992495060E0,1.363848567E0,8.135033818E0
1.099647865E1,1.060997725E0,6.782231331E0,1.387662172E0,7.003569397E0
1.100146350E1,1.519056082E0,5.522429466E0,8.683505654E-1,5.792995019E0
1.100644850E1,1.812929034E0,4.222595692E0,-3.304280043E-1,4.607190980E0
1.101143334E1,1.891371489E0,2.856369972E0,-1.783163309E0,3.862098770E0
1.101641818E1,1.738283157E0,1.206266403E0,-2.879169941E0,3.572999653E0
1.102140308E1,1.503398299E0,-7.748889923E-1,-3.502156734E0,3.889185157E0
1.102638297E1,8.635339737E-1,-2.978855133E0,-3.874503613E0,4.962967567E0
1.103136756E1,2.506339550E-2,-5.512917519E0,-3.384206533E0,6.468828457E0
1.103635214E1,-6.221063137E-1,-8.655962944E0,-1.965174198E0,8.898012159E0
1.104133672E1,-1.175433040E0,-1.141416740E1,-4.137182236E-2,1.147460553E1
1.104631995E1,-1.469599366E0,-1.318929482E1,1.911393046E0,1.340785752E1
1.105130449E1,-1.661014080E0,-1.456234169E1,2.623189688E0,1.488965706E1
1.105628902E1,-1.405244708E0,-1.601847076E1,2.657797098E0,1.629815952E1
1.106127355E1,-3.873654604E-1,-1.633350372E1,3.052093983E0,1.662073024E1
1.106626292E1,8.623871803E-1,-1.507927322E1,2.985536814E0,1.539615610E1
1.107124771E1,8.470938206E-1,-1.326259899E1,2.816205502E0,1.358473825E1
1.107623251E1,-1.470744610E-2,-1.159413433E1,2.590629578E0,1.188004751E1
1.108121725E1,-6.867506504E-1,-9.876923561E0,2.214806080E0,1.014547246E1
1.108621808E1,-7.422227859E-1,-8.404552460E0,1.435977221E0,8.558587926E0
1.109120365E1,-4.505861998E-1,-7.439510345E0,-1.849126816E-2,7.453166041E0
1.109618922E1,-9.462499619E-2,-6.833971024E0,-1.420281887E0,6.980638544E0
1.110117485E1,2.570548058E-1,-6.387536049E0,-2.150980234E0,6.744880274E0
1.110614292E1,4.957444668E-1,-6.212885857E0,-2.222801924E0,6.617141500E0
1.111112761E1,2.926766872E-1,-5.922656059E0,-2.181813478E0,6.318530248E0
1.111611230E1,-3.621418476E-1,-5.477526665E0,-1.853094339E0,5.793824619E0
1.112109704E1,-8.968446255E-1,-5.150920868E0,-9.164874554E-1,5.308132000E0
1.112608324E1,-1.695202112E0,-4.643956184E0,-1.852209568E-1,4.947155349E0
1.113106803E1,-2.667907476E0,-3.945343971E0,2.097833157E-1,4.767334517E0
1.113605282E1,-3.174225569E0,-3.216723442E0,3.615758419E-1,4.533624902E0
1.114103761E1,-3.209170341E0,-2.445767403E0,4.787695408E-1,4.063221966E0
1.114602646E1,-3.300329685E0,-1.513628960E0,1.297376156E-1,3.633191504E0
1.115101146E1,-3.574793339E0,-4.787693024E-1,-3.168392181E-1,3.620601407E0
1.115599641E1,-3.522630692E0,4.307279587E-1,-2.649674416E-1,3.558744344E0
1.116098141E1,-3.352686882E0,1.443862915E0,1.215238571E-1,3.652398868E0
1.116595824E1,-3.396098614E0,2.464656353E0,3.568551540E-1,4.211337357E0
1.117094277E1,-3.889747381E0,3.615206718E0,4.672081470E-1,5.330866511E0
1.117592735E1,-4.346446514E0,4.489055157E0,5.874674320E-1,6.276012387E0
1.118091193E1,-4.814955711E0,5.296989441E0,5.516660213E-1,7.179570394E0
1.118590021E1,-5.536197662E0,6.170560837E0,5.043327808E-1,8.305399277E0
1.119088495E1,-5.911941051E0,6.837004185E0,9.769523144E-1,9.091210538E0
1.119586975E1,-6.302887917E0,7.489863396E0,1.399228096E0,9.888492759E0
1.120085454E1,-6.353493214E0,8.023547173E0,1.972102523E0,1.042273350E1
1.120583829E1,-6.167924881E0,8.447396278E0,2.279175758E0,1.070497283E1
1.121082303E1,-6.017854214E0,8.780162811E0,2.306424379E0,1.089152982E1
1.121580771E1,-5.782395363E0,9.186611176E0,2.077764750E0,1.105201463E1
1.122079245E1,-5.538935661E0,9.414921761E0,1.469777107E0,1.102183309E1
1.122578324E1,-5.183254242E0,9.548134804E0,7.924783230E-1,1.089316413E1
1.123076829E1,-4.750271797E0,9.879398346E0,7.672288418E-1,1.098891414E1
1.123575329E1,-3.767438412E0,9.986800194E0,1.628856421E0,1.079735817E1
1.124073834E1,-2.588544130E0,9.795841217E0,2.824298143E0,1.051835186E1
1.124571917E1,-1.387195349E0,9.145977020E0,3.837520599E0,1.001497733E1
1.125070396E1,-4.631464481E-1,8.070590019E0,3.966819525E0,9.004697942E0
1.125568876E1,-1.968462467E-1,6.633798599E0,3.327995539E0,7.424391329E0
1.126067355E1,-4.478962421E-1,5.246706486E0,2.400575638E0,5.787167129E0
1.126566188E1,-6.536126137E-1,4.093540668E0,1.621924043E0,4.451395540E0
1.127064688E1,-4.452047348E-1,3.294150829E0,8.686020374E-1,3.435710471E0
1.127563188E1,5.674409866E-2,2.846455097E0,1.115024090E-1,2.849203275E0
1.128061683E1,7.211568356E-1,2.678876400E0,-5.737705231E-1,2.832959329E0
1.128560730E1,1.361791611E0,2.693719864E0,-1.275164127E0,3.276682262E0
1.129059256E1,1.924465179E0,3.010711670E0,-2.057713032E0,4.123364392E0
1.129557782E1,1.654369354E0,3.679841042E0,-2.653102398E0,4.828780424E0
1.130056308E1,2.632179260E-1,4.650823593E0,-3.107740402E0,5.599776261E0
1.130553162E1,-1.342054486E0,5.581914902E0,-3.569167137E0,6.760017623E0
1.131051605E1,-3.039056540E0,6.033313751E0,-3.985737562E0,7.843649877E0
1.131550047E1,-5.007022858E0,6.002394676E0,-2.673892736E0,8.261278479E0
1.132048485E1,-7.494968891E0,5.541584015E0,9.465755224E-1,9.369083055E0
1.132548370E1,-1.056557274E1,5.079360962E0,1.095880747E0,1.177421716E1
1.133046881E1,-1.742569733E1,4.835505009E0,-8.208135605E0,1.985977155E1
1.133545396E1,-3.283579636E1,3.287261486E0,-2.009579659E1,3.863724435E1
1.134043907E1,-4.175736618E1,-2.495183945E0,-1.130975628E1,4.333375313E1
1.134544131E1,-3.873165131E1,-9.150692940E0,-2.140963316E0,3.985548542E1
1.135042730E1,-3.033636475E1,-1.391508484E1,-5.891695023E-1,3.338070899E1
1.135541329E1,-1.655554771E1,-1.707609177E1,4.773454666E0,2.425829630E1
1.136039928E1,-3.180324554E0,-1.734995842E1,1.241793823E1,2.157175726E1
1.136535657E1,4.937112331E0,-1.571340370E1,1.189653587E1,2.031781730E1
1.137034110E1,8.493050575E0,-1.259725666E1,8.040248871E0,1.718919385E1
1.137532568E1,9.419909477E0,-8.782806396E0,1.020771027E1,1.643379845E1
1.138031027E1,1.000272942E1,-5.137218475E0,1.731121445E1,2.064276520E1
1.138529803E1,9.778026581E0,-2.059688568E0,2.271965599E1,2.482005014E1
1.139028277E1,8.343894005E0,1.057014465E-1,2.176564789E1,2.331040900E1
1.139526751E1,7.510658264E0,8.948297501E-1,1.599390507E1,1.769224992E1
1.140025219E1,7.092557430E0,1.078095436E0,9.421358109E0,1.184181782E1
1.140524131E1,5.775870800E0,1.572239876E0,5.822736740E0,8.350861325E0
1.141022626E1,3.660048246E0,2.076237679E0,4.783230305E0,6.370714890E0
1.141521120E1,1.472621918E0,2.065717220E0,2.889132977E0,3.844852702E0
1.142019615E1,3.966914415E-1,9.535140991E-1,5.849897861E-2,1.034396137E0
1.142517646E1,5.110762119E-1,-9.961633682E-1,-2.607645512E0,2.837843453E0
1.143016115E1,1.629806280E0,-3.096747398E0,-5.185350418E0,6.255715140E0
1.143514589E1,3.579892159E0,-5.700438499E0,-5.423130035E0,8.644129010E0
1.144024589E1,5.193117142E0,-8.338102341E0,-3.149427414E0,1.031558575E1
1.144534589E1,6.367820740E0,-1.073794460E1,1.071690202E0,1.253000859E1
1.145044589E1,7.270795345E0,-1.248198223E1,4.538636684E0,1.514145199E1
1.145554589E1,7.898643970E0,-1.352588749E1,4.741878033E0,1.636531748E1
1.146055266E1,7.586019993E0,-1.404062557E1,1.793086767E0,1.605932832E1
1.146545766E1,6.918287277E0,-1.371320438E1,-2.042644978E0,1.549474336E1
1.147036266E1,6.702755451E0,-1.227394104E1,-4.564545631E0,1.471093594E1
1.147526766E1,5.782361984E0,-9.736077309E0,-5.047102451E0,1.239758665E1
1.148017266E1,4.283222675E0,-7.301308632E0,-4.514699459E0,9.593623686E0
1.148507766E1,3.821672201E0,-5.665480614E0,-2.394012928E0,7.241142651E0
1.148998365E1,3.338512421E0,-4.703810692E0,6.920689940E-1,5.809514584E0
1.149497433E1,2.958171844E0,-4.617229462E0,1.636084676E0,5.722443676E0
1.149996495E1,3.387770414E0,-5.020607948E0,1.043669224E0,6.145952977E0
1.150494787E1,4.063889980E0,-5.214043617E0,-1.102814674E0,6.702063326E0
1.150993813E1,2.570426226E0,-4.751997948E0,-4.366221905E0,6.946399729E0
1.151492839E1,-6.276236176E-1,-4.826089859E0,-7.391384602E0,8.849724349E0
1.151991860E1,-3.029460669E0,-5.649075508E0,-9.472609520E0,1.143765785E1
1.152487042E1,-4.011472702E0,-6.461183548E0,-1.043394566E1,1.291146886E1
1.152985870E1,-3.958536386E0,-8.133240700E0,-9.660035133E0,1.323389185E1
1.153484704E1,-3.728495121E0,-1.046908092E1,-7.395303726E0,1.334892687E1
1.153983532E1,-1.460753441E0,-1.349471569E1,-4.802729607E0,1.439817224E1
1.154482209E1,1.765526175E0,-1.607011032E1,-3.147360802E0,1.647031901E1
1.154981032E1,5.930947781E0,-1.758212090E1,-3.589704037E0,1.889955269E1
1.155479855E1,1.045272827E1,-1.760504723E1,-5.729346275E0,2.126082371E1
1.155978678E1,1.354496574E1,-1.604634857E1,-9.484841347E0,2.304156277E1
1.156475636E1,1.373666954E1,-1.271259785E1,-1.320567036E1,2.290624290E1
1.156974370E1,1.269876671E1,-8.812143326E0,-1.447191525E1,2.117425032E1
1.157473094E1,1.181038666E1,-5.025919914E0,-1.451131439E1,1.937326378E1
1.157971829E1,1.151679611E1,-2.154259682E0,-1.419658375E1,1.840707520E1
1.158469881E1,1.123959255E1,-4.642486572E-2,-1.379049778E1,1.779068366E1
1.158968574E1,1.058936596E1,1.649783134E0,-1.229976273E1,1.631381681E1
1.159467271E1,9.645171165E0,2.829185009E0,-9.866793633E0,1.408500022E1
1.159965969E1,8.191355705E0,3.720901012E0,-7.695911407E0,1.183936084E1
1.160466761E1,6.261369705E0,4.630232334E0,-6.008913040E0,9.836200383E0
1.160965563E1,4.512322903E0,5.692573547E0,-4.972984791E0,8.803239705E0
1.161464365E1,3.400364399E0,6.730419159E0,-4.515942574E0,8.789468552E0
1.161963167E1,2.850191116E0,7.688401222E0,-5.012996674E0,9.610683555E0
1.162458839E1,2.798759937E0,8.719208717E0,-6.587945461E0,1.128089904E1
1.162957485E1,3.206391335E0,9.684091568E0,-7.934986115E0,1.292387634E1
1.163456131E1,3.766402006E0,1.044656372E1,-8.347745895E0,1.389249219E1
1.163954777E1,4.199089527E0,1.092792988E1,-8.175526619E0,1.427904898E1
1.164452308E1,4.247211456E0,1.099962044E1,-7.485811710E0,1.396666860E1
1.164950896E1,4.007684231E0,1.076300907E1,-6.118190289E0,1.301292241E1
1.165449485E1,4.250867844E0,1.031915569E1,-4.390243053E0,1.199287646E1
1.165948079E1,5.331362247E0,9.429210663E0,-2.893386841E0,1.121182967E1
1.166446516E1,6.264695168E0,8.770251274E0,-2.390313148E0,1.103980570E1
1.166945100E1,7.538764000E0,7.949502945E0,-2.956930637E0,1.134773099E1
1.167443683E1,9.200861931E0,6.677577972E0,-4.689886570E0,1.229800569E1
1.167942266E1,1.071314907E1,5.552786827E0,-6.847606659E0,1.387424670E1
1.168440032E1,1.181316757E1,4.326164246E0,-9.465781212E0,1.574381272E1
1.168938574E1,1.203353214E1,3.019084454E0,-1.051321697E1,1.626187252E1
1.169437115E1,1.006029034E1,2.207202911E0,-9.442749023E0,1.397307037E1
1.169935657E1,6.517891884E0,2.278748512E0,-7.089255333E0,9.896117954E0
1.170433824E1,3.481113434E0,2.614830017E0,-4.553103924E0,6.299701747E0
1.170932344E1,1.534564614E0,2.836708069E0,-2.149132729E0,3.875638361E0
1.171430870E1,4.051414132E-1,2.618785858E0,-7.294104248E-2,2.650943102E0
1.171929396E1,7.161626220E-2,1.851155281E0,1.427026153E0,2.338441448E0
1.172427928E1,3.022960126E-1,6.463985443E-1,2.255975485E0,2.366144405E0
1.172926448E1,7.184361219E-1,-9.908266068E-1,3.015671253E0,3.254560021E0
1.173424975E1,1.063661814E0,-2.879113197E0,3.890952110E0,4.955822594E0
1.173923495E1,5.203627348E-1,-4.877799988E0,4.060178757E0,6.367790954E0
1.174420995E1,-7.211000323E-1,-7.359737396E0,2.972105265E0,7.969888927E0
1.174919464E1,-1.940210104E0,-1.077305126E1,1.665831566E0,1.107240008E1
1.175417938E1,-2.856389284E0,-1.452190495E1,3.173387051E-1,1.480355994E1
1.175916407E1,-3.430520535E0,-1.833683395E1,-9.272956848E-1,1.867800385E1
1.176415850E1,-4.071875095E0,-2.121546555E1,-3.028549671E0,2.181394642E1
1.176914365E1,-5.112250328E0,-2.181276703E1,-5.094751358E0,2.297582208E1
1.177412881E1,-6.439406395E0,-2.132310867E1,-5.942379951E0,2.305326002E1
1.177911402E1,-7.408197880E0,-2.091048050E1,-5.000674725E0,2.274063188E1
1.178409876E1,-7.829853535E0,-2.007700348E1,-2.578007936E0,2.170342830E1
1.178908386E1,-7.800936699E0,-1.839865112E1,-4.624700546E-2,1.998417162E1
1.179406907E1,-7.076235771E0,-1.689990997E1,4.120732307E0,1.877925729E1
1.179905428E1,-6.376093864E0,-1.524717808E1,9.278519630E0,1.895315116E1
1.180404178E1,-5.801790237E0,-1.329306126E1,1.059957409E1,1.796433184E1
1.180902709E1,-5.842609882E0,-1.154320240E1,8.521402359E0,1.549180138E1
1.181401235E1,-4.582141399E0,-1.068483734E1,7.090034008E0,1.361728134E1
1.181899766E1,-2.458131552E0,-1.023873329E1,4.516132832E0,1.145729139E1
1.182398167E1,-1.406656623E0,-9.112804413E0,3.344466686E-1,9.226794768E0
1.182896688E1,-1.975357533E-1,-8.227311134E0,-4.063632965E0,9.178277712E0
1.183395214E1,1.816822290E0,-7.814811707E0,-5.319890976E0,9.626700641E0
1.183893735E1,4.289334774E0,-8.053441048E0,-2.491569996E0,9.458553090E0
1.184390917E1,6.729386330E0,-8.307663918E0,-1.659169197E-1,1.069249496E1
1.184889370E1,7.612965107E0,-7.856228828E0,1.339416742E0,1.102141580E1
1.185387824E1,7.462308407E0,-7.093168259E0,2.902359486E0,1.069685810E1
1.185886282E1,6.066725731E0,-5.655423164E0,3.874301434E0,9.154189416E0
1.186386063E1,4.023922920E0,-3.442623138E0,4.413102627E0,6.893408775E0
1.186884584E1,2.245076656E0,-9.608640671E-1,4.833508968E0,5.415388988E0
1.187383100E1,1.533813238E0,1.017960072E0,5.654295444E0,5.946417638E0
1.187881620E1,5.954004526E-1,3.025481224E0,6.203545094E0,6.927626582E0
1.188379797E1,-7.388681173E-1,4.907953262E0,6.341429710E0,8.052804610E0
1.188878303E1,-2.822282791E0,6.992609024E0,6.444077015E0,9.919072018E0
1.189376803E1,-5.065992832E0,8.998848915E0,6.651079178E0,1.228333910E1
1.189875308E1,-6.765555859E0,1.040770721E1,7.148577690E0,1.432463886E1
1.190373506E1,-8.124510765E0,1.130580521E1,7.050961018E0,1.560592701E1
1.190871990E1,-9.580981255E0,1.173604393E1,5.924023151E0,1.626726711E1
1.191370485E1,-1.078221130E1,1.142758369E1,4.708792686E0,1.640178278E1
1.191868974E1,-1.102866936E1,1.049966717E1,4.175173759E0,1.578944693E1
1.192367511E1,-1.151476288E1,9.439771652E0,4.193336487E0,1.546877900E1
1.192866001E1,-1.245480442E1,8.687627792E0,4.884438038E0,1.595163831E1
1.193364495E1,-1.362220287E1,8.310652733E0,5.349293709E0,1.682992285E1
1.193862985E1,-1.473583317E1,7.983658791E0,5.656639099E0,1.768844687E1
1.194361808E1,-1.560344315E1,7.816504002E0,6.313872337E0,1.855882962E1
1.194860318E1,-1.587375641E1,7.870749950E0,7.685039520E0,1.931281129E1
1.195358829E1,-1.566757774E1,8.009486198E0,9.779493332E0,2.013115375E1
1.195857334E1,-1.513590813E1,8.361872673E0,1.338711929E1,2.186850686E1
1.196354542E1,-1.488532639E1,9.129652023E0,1.753503036E1,2.474673266E1
1.196852985E1,-1.501006317E1,1.052918625E1,1.923989677E1,2.657704625E1
1.197351428E1,-1.454637814E1,1.181818199E1,1.785759354E1,2.588745235E1
1.197849870E1,-1.374983120E1,1.273102188E1,1.465284157E1,2.378744505E1
1.198350162E1,-1.278550434E1,1.330521774E1,1.127583790E1,2.162504245E1
1.198848699E1,-1.146780109E1,1.311900234E1,7.874621391E0,1.912141068E1
1.199347235E1,-9.463632584E0,1.227888107E1,5.053392887E0,1.630546049E1
1.199845766E1,-7.092981339E0,1.101868916E1,3.295205593E0,1.351222687E1
1.200343584E1,-4.515108109E0,9.425105095E0,3.033669710E0,1.088218541E1
1.200842084E1,-1.380219102E0,7.344329357E0,4.487413406E0,8.716711396E0
1.201340584E1,2.021375656E0,5.065225601E0,5.113526821E0,7.476003376E0
1.201839079E1,5.256165028E0,2.901972771E0,3.644367695E0,7.023541319E0
1.202337219E1,8.427733421E0,1.062253952E0,4.895329475E-1,8.508508482E0
1.202835693E1,1.124688911E1,-4.242000580E-1,-5.792905807E0,1.265820754E1
1.203334178E1,1.340237808E1,-1.782785416E0,-1.536812401E1,2.046903265E1
1.203832657E1,1.290548515E1,-2.761094093E0,-1.943629456E1,2.349350407E1
1.204330412E1,8.573511124E0,-2.510525703E0,-1.618008804E1,1.848250744E1
1.204828860E1,4.020296097E0,-1.523592949E0,-1.015037346E1,1.102334784E1
1.205327303E1,9.676495790E-1,-4.037008286E-1,-1.989924192E0,2.249248399E0
1.205825751E1,-1.496554255E0,9.415588379E-1,5.822525024E0,6.085064120E0
1.206325745E1,-4.398553371E0,2.088831425E0,1.064266396E1,1.170370815E1
1.206824266E1,-7.529842377E0,1.978922844E0,1.261323166E1,1.482255965E1
1.207322792E1,-1.084089470E1,3.219709396E-1,1.003094292E1,1.477323522E1
1.207821313E1,-1.516728783E1,-1.701416016E0,3.792698860E0,1.572660170E1
1.208319725E1,-1.882616234E1,-3.430906296E0,6.345775127E-1,1.914675416E1
1.208818240E1,-2.081013680E1,-4.990647316E0,1.665046453E0,2.146487209E1
1.209316751E1,-2.099000740E1,-6.704906464E0,5.334561348E0,2.267142973E1
1.209815271E1,-1.956196404E1,-7.970505714E0,9.340236664E0,2.309630748E1
1.210313818E1,-1.492008972E1,-7.770114899E0,1.157268620E1,2.041839437E1
1.210812334E1,-8.880853653E0,-4.552270889E0,1.138537788E1,1.513999873E1
1.211310850E1,-5.721134186E0,-6.838550568E-1,1.107532120E1,1.248446129E1
1.211809370E1,-4.462665558E0,8.606100082E-1,1.135893440E1,1.223443600E1
1.212307631E1,-3.690695524E0,1.761013985E0,1.177256870E1,1.246257508E1
1.212806136E1,-1.986806750E0,1.768468380E0,1.304934692E1,1.331767009E1
1.213304646E1,2.577151060E-1,4.730262756E-1,1.416759777E1,1.417783473E1
1.213803152E1,2.270689011E0,-1.763561249E0,1.245783043E1,1.278529295E1
1.214301943E1,5.440431595E0,-5.106953621E0,7.635500431E0,1.067614809E1
1.214800464E1,1.032501125E1,-9.055358887E0,-1.579994202E0,1.382395615E1
1.215298980E1,1.501717281E1,-1.251685905E1,-1.063932037E1,2.225718711E1
1.215797501E1,1.705212784E1,-1.452755070E1,-1.026096821E1,2.463964816E1
1.216295350E1,1.909994125E1,-1.703369141E1,-2.716684341E0,2.573586549E1
1.216793839E1,2.265595245E1,-2.082248116E1,5.101057053E0,3.119116359E1
1.217292318E1,2.559331512E1,-2.420194626E1,7.867816448E0,3.609230552E1
1.217790808E1,2.653345680E1,-2.649389267E1,6.485727310E0,3.805279671E1
1.218288751E1,2.518987274E1,-2.655569839E1,6.347217560E0,3.714864704E1
1.218787214E1,2.009580231E1,-2.356371307E1,4.171141624E0,3.124881224E1
1.219285672E1,1.316032887E1,-1.898309708E1,9.211593866E-2,2.309893322E1
1.219784131E1,5.348261356E0,-1.349764633E1,-3.294807196E0,1.488778393E1
1.220283725E1,-1.877745152E0,-8.014300346E0,-7.150802612E0,1.090361935E1
1.220782240E1,-6.262836456E0,-5.054021835E0,-9.320733070E0,1.231431371E1
1.221280751E1,-8.330642700E0,-3.816660881E0,-7.934837341E0,1.212139232E1
1.221779271E1,-8.463866234E0,-4.165034294E0,-6.623210907E0,1.152612099E1
1.222277428E1,-7.771466732E0,-5.833409309E0,-5.643157005E0,1.123697381E1
1.222775928E1,-6.844316006E0,-7.519372940E0,-5.038088322E0,1.134759732E1
1.223274422E1,-4.541630745E0,-9.832197189E0,-4.360005379E0,1.167510849E1
1.223772917E1,-3.353445530E-1,-1.275206280E1,-6.158891678E0,1.416543357E1
1.224271037E1,3.724174500E0,-1.536512661E1,-9.449512482E0,1.841873713E1
1.224769516E1,6.205734253E0,-1.625750542E1,-1.263890743E1,2.150719882E1
1.225267995E1,7.611941338E0,-1.560218620E1,-1.630480957E1,2.381631122E1
1.225766475E1,8.163766861E0,-1.333089066E1,-1.779541397E1,2.368620893E1
1.226265230E1,6.714629173E0,-9.641553879E0,-1.604233551E1,1.988472617E1
1.226763725E1,5.765668869E0,-6.132389069E0,-1.522790623E1,1.739937531E1
1.227262214E1,6.932932377E0,-3.722121239E0,-1.678817749E1,1.854083713E1
1.227760704E1,8.800105095E0,-1.900157928E0,-1.828773117E1,2.038365917E1
1.228259422E1,1.075491905E1,-3.751039505E-1,-1.874064445E1,2.161066268E1
1.228757928E1,1.250053024E1,8.160438538E-1,-1.828377342E1,2.216360879E1
1.229256428E1,1.351476192E1,1.826190472E0,-1.590510178E1,2.095127738E1
1.229754933E1,1.399594402E1,2.693617344E0,-1.056256962E1,1.774006484E1
1.230253896E1,1.383183289E1,3.595352173E0,-3.690494061E0,1.476028132E1
1.230752422E1,1.313033199E1,4.650657654E0,1.882571340E0,1.405625518E1
1.231250949E1,1.193941116E1,5.581755161E0,5.787849426E0,1.439460769E1
1.231749480E1,1.089354229E1,6.194782257E0,8.063348770E0,1.490175105E1
1.232247495E1,1.008441544E1,7.178369999E0,8.677231789E0,1.511683770E1
1.232745995E1,9.620288849E0,8.806684494E0,7.202782154E0,1.489925233E1
1.233244495E1,9.946016312E0,1.030162716E1,4.074718475E0,1.488791769E1
1.233742995E1,1.028513813E1,1.201753330E1,-9.065514803E-2,1.581813489E1
1.234241636E1,1.093800449E1,1.371297646E1,-5.434112549E0,1.836342138E1
1.234740146E1,1.211147308E1,1.510376167E1,-1.008830929E1,2.183083556E1
1.235238652E1,1.273127747E1,1.586040497E1,-1.121791649E1,2.322669847E1
1.235737162E1,1.341401577E1,1.561975098E1,-8.673951149E0,2.234166216E1
1.236235480E1,1.403283405E1,1.448754883E1,-4.334183216E0,2.062994539E1
1.236733980E1,1.353101254E1,1.241884422E1,-1.917975187E0,1.846603966E1
1.237232474E1,1.140445328E1,9.863480568E0,-2.464116812E0,1.527814371E1
1.237730975E1,9.076902390E0,7.610119820E0,-4.054958344E0,1.251985494E1
1.238229162E1,6.696413517E0,5.719376087E0,-4.953552246E0,1.010400399E1
1.238727646E1,4.719362259E0,4.268452168E0,-4.125432014E0,7.583617431E0
1.239226131E1,3.555124760E0,3.174472332E0,-1.987801433E0,5.164062469E0
1.239724615E1,2.548100471E0,2.108854294E0,-1.044989824E-1,3.309229893E0
1.240223646E1,1.559670687E0,6.931838989E-1,1.414388180E0,2.216657504E0
1.240722157E1,1.461132526E0,-1.180435181E0,3.363485336E0,3.852449751E0
1.241220667E1,1.867723465E0,-3.633989334E0,5.270636082E0,6.668873528E0
1.241719178E1,2.600162983E0,-6.585785866E0,6.989973545E0,9.949530299E0
1.242216839E1,3.341918468E0,-1.024294186E1,8.868042946E0,1.395451406E1
1.242715308E1,3.123510361E0,-1.398175430E1,9.924444199E0,1.742814858E1
1.243213777E1,2.121736288E0,-1.813942719E1,6.820683002E0,1.949518659E1
1.243712245E1,7.447509766E-1,-2.225294495E1,-3.680014610E-2,2.226543436E1
1.244213870E1,-1.014105082E0,-2.640073776E1,-5.101188660E0,2.690816771E1
1.244712501E1,-3.285251856E0,-3.010250282E1,-7.503033638E0,3.119694007E1
1.245211126E1,-6.292006969E0,-3.221880722E1,-7.356391907E0,3.364160211E1
1.245709756E1,-1.077939224E1,-3.321022797E1,-6.242133617E0,3.546940612E1
1.246204547E1,-1.359081078E1,-3.270996857E1,-3.823149681E0,3.562679686E1
1.246702980E1,-1.384604836E1,-3.035107422E1,-3.789973259E-1,3.336232007E1
1.247201417E1,-1.355822849E1,-2.696316147E1,2.429680109E0,3.027773079E1
1.247699855E1,-1.402341270E1,-2.386556053E1,3.771065712E0,2.793639239E1
1.248199438E1,-1.422425842E1,-2.138264847E1,5.543068409E0,2.627304304E1
1.248697933E1,-1.343005943E1,-1.935448456E1,7.789237022E0,2.481198868E1
1.249196422E1,-1.243535233E1,-1.738109207E1,8.770225525E0,2.310102173E1
1.249694917E1,-1.073373127E1,-1.450475597E1,6.211163044E0,1.908348708E1
1.250192949E1,-7.380473137E0,-1.115885067E1,4.050102711E0,1.397836414E1
1.250691417E1,-6.729959846E-1,-9.577532768E0,3.763156891E0,1.031229399E1
1.251189891E1,6.732777596E0,-9.104223251E0,3.212063789E0,1.177006920E1
1.251688360E1,1.177018261E1,-8.311386108E0,3.732899904E0,1.488458529E1
1.252187433E1,1.327751160E1,-6.825759888E0,4.289487362E0,1.553328729E1
1.252685928E1,1.169668102E1,-4.837159157E0,6.361781120E0,1.416625267E1
1.253184428E1,8.509247780E0,-1.974783897E0,7.461942673E0,1.148858815E1
1.253682933E1,4.791184902E0,1.572222233E0,6.800817013E0,8.466312512E0
1.254181474E1,1.783607006E0,4.751109123E0,6.598374367E0,8.324231865E0
1.254679975E1,-5.120397806E-1,7.410649776E0,7.025846004E0,1.022459911E1
1.255178480E1,-2.256902695E0,9.369477272E0,7.686291695E0,1.232719734E1
1.255676980E1,-3.477504492E0,1.061371040E1,8.576073647E0,1.408165208E1
1.256174912E1,-4.478285313E0,1.110766220E1,9.363471985E0,1.520229609E1
1.256673386E1,-5.273857594E0,1.102961540E1,1.001368332E1,1.580315929E1
1.257171860E1,-7.009477139E0,1.077048874E1,9.848581314E0,1.619045247E1
1.257670339E1,-9.030655861E0,1.052283478E1,9.804716110E0,1.698279291E1
1.258168256E1,-1.131538200E1,1.066758156E1,9.597536087E0,1.827424048E1
1.258666704E1,-1.313546371E1,1.100385380E1,9.678041458E0,1.967967713E1
1.259165152E1,-1.489354801E1,1.162698555E1,9.964708328E0,2.136117921E1
1.259663600E1,-1.595358658E1,1.210078526E1,1.093732071E1,2.281602316E1
1.260162199E1,-1.668612862E1,1.264938354E1,1.172008514E1,2.399571187E1
1.260660652E1,-1.714959717E1,1.326916981E1,1.175154305E1,2.466329893E1
1.261159105E1,-1.702150726E1,1.389931107E1,1.182305622E1,2.495410219E1
1.261657558E1,-1.627958679E1,1.462299919E1,1.247220230E1,2.518755410E1
1.262156053E1,-1.500208569E1,1.524146366E1,1.363496971E1,2.536290970E1
1.262654506E1,-1.405649662E1,1.608203316E1,1.432280827E1,2.571691514E1
1.263152964E1,-1.326741219E1,1.707659531E1,1.462100410E1,2.610379464E1
1.263651417E1,-1.269601059E1,1.798483086E1,1.406529713E1,2.612423031E1
1.264153704E1,-1.281514168E1,1.852431107E1,1.212155151E1,2.557948334E1
1.264652350E1,-1.282284164E1,1.811889267E1,8.925994873E0,2.392473456E1
1.265150995E1,-1.233360100E1,1.670798111E1,5.803276062E0,2.156275398E1
1.265649641E1,-1.143065739E1,1.485459709E1,3.679198265E0,1.910119062E1
1.266143662E1,-1.063284111E1,1.321440792E1,2.461555004E0,1.713876133E1
1.266642074E1,-1.005559921E1,1.177827358E1,2.506311417E0,1.568835240E1
1.267140485E1,-9.237174988E0,1.023541069E1,3.627470493E0,1.425649241E1
1.267638896E1,-8.014913559E0,8.754503250E0,5.478025436E0,1.307244924E1
1.268138511E1,-6.832249641E0,7.382203579E0,7.066694260E0,1.229287324E1
1.268636980E1,-5.195077896E0,5.690927505E0,7.555427551E0,1.079166232E1
1.269135454E1,-3.326121569E0,3.810049057E0,7.160699844E0,8.766708662E0
1.269633922E1,-1.435914516E0,2.071443558E0,5.491024494E0,6.041860550E0
1.270132251E1,5.372637510E-1,3.880558014E-1,3.694703579E-1,7.587805931E-1
1.270630714E1,4.666172028E0,-2.827537537E0,-1.689300537E1,1.775223255E1
1.271129178E1,9.376579285E0,-7.191046715E0,-2.793380547E1,3.033032937E1
1.271627641E1,1.085996437E1,-9.976516724E0,-2.154886055E1,2.611174263E1
1.272126313E1,1.076444340E1,-1.177878857E1,-1.522328377E1,2.205360448E1
1.272624787E1,9.859317780E0,-1.338429546E1,-1.107992935E1,1.997774628E1
1.273123261E1,6.118852139E0,-1.389239597E1,-6.548971653E0,1.653263582E1
1.273621735E1,-5.410978794E-1,-1.394119644E1,-2.146370411E0,1.411582980E1
1.274119865E1,-8.934720993E0,-1.527900600E1,2.786740780E0,1.791767808E1
1.274618318E1,-1.651192474E1,-1.856818771E1,8.003168106E0,2.610501778E1
1.275116777E1,-2.116949463E1,-2.273815727E1,1.123831749E1,3.303741938E1
1.275615235E1,-2.065357780E1,-2.548810577E1,1.374555874E1,3.556900613E1
1.276113902E1,-1.500107384E1,-2.059994888E1,1.811096954E1,3.126335440E1
1.276612370E1,-8.858548164E0,-1.328991222E1,2.414006424E1,2.894543736E1
1.277110834E1,-3.030311108E0,-6.016118050E0,2.515639496E1,2.604267016E1
1.277609308E1,1.252332807E0,-4.276323318E-1,2.108824539E1,2.112972552E1
1.278107855E1,2.925594807E0,4.376933098E0,1.474254799E1,1.565437222E1
1.278606329E1,3.018959045E0,8.028391838E0,1.124875641E1,1.414580185E1
1.279104797E1,2.897278309E0,1.054963589E1,1.052060699E1,1.517801734E1
1.279603271E1,3.046280146E0,1.236214066E1,7.818774700E0,1.494107031E1
1.280102579E1,2.597201824E0,1.305919933E1,5.186659813E0,1.428949210E1
1.280601089E1,1.129781246E0,1.219862080E1,5.132461548E0,1.328250415E1
1.281099605E1,7.312910557E-1,9.539394379E0,6.413918018E0,1.151838426E1
1.281598115E1,6.416057348E-1,6.055174828E0,7.770770073E0,9.872267604E0
1.282095672E1,2.526921630E-1,1.725384235E0,1.042322731E1,1.056808742E1
1.282594136E1,4.053665400E-1,-3.492808342E0,1.135631084E1,1.188822224E1
1.283092605E1,7.397555113E-1,-9.195063591E0,1.173493576E1,1.492665904E1
1.283591074E1,1.026316524E0,-1.541468048E1,1.304067516E1,2.021694608E1
1.284101074E1,3.091135979E0,-2.250739288E1,9.639466286E0,2.467908358E1
1.284611074E1,8.510186195E0,-2.988408470E1,4.824011326E0,3.144444105E1
1.285114443E1,1.400705147E1,-3.489216232E1,6.296865940E-1,3.760394910E1
1.285614183E1,1.797211647E1,-3.587550354E1,-3.365193129E0,4.026627931E1
1.286104683E1,1.961295891E1,-3.262908554E1,-5.584983349E0,3.847749237E1
1.286595183E1,1.696370125E1,-2.609317780E1,-7.626995087E0,3.204359751E1
1.287085683E1,1.167419243E1,-1.996996689E1,-1.031200695E1,2.532634663E1
1.287578959E1,6.074740410E0,-1.523320484E1,-1.120088863E1,1.985983149E1
1.288077084E1,2.287114620E0,-1.146555328E1,-9.175198555E0,1.486183279E1
1.288575318E1,-9.271507263E-1,-8.610474586E0,-6.997610569E0,1.113402150E1
1.289073553E1,-3.676103115E0,-6.422178268E0,-5.033728123E0,8.949666286E0
1.289571787E1,-5.358381748E0,-4.990162849E0,-4.402159691E0,8.543593516E0
1.290072516E1,-5.466086864E0,-4.904506683E0,-5.199024677E0,8.997896922E0
1.290570870E1,-3.744033337E0,-5.551598549E0,-6.815919876E0,9.554831021E0
1.291069235E1,-7.899523973E-1,-6.977692604E0,-8.500442505E0,1.102586693E1
1.291567594E1,1.918802738E0,-8.122701645E0,-8.710804939E0,1.206392178E1
1.292066855E1,3.603610992E0,-8.231397629E0,-8.494506836E0,1.236521595E1
1.292565261E1,4.622203827E0,-7.329378128E0,-8.744846344E0,1.231084439E1
1.293063667E1,5.528794289E0,-5.971845627E0,-8.524240494E0,1.178529518E1
1.293562074E1,6.598985195E0,-4.169076920E0,-8.409945488E0,1.147410088E1
1.294059870E1,7.467010021E0,-1.871641159E0,-9.709179878E0,1.239061956E1
1.294558245E1,7.822785378E0,8.172693253E-1,-1.225059128E1,1.455818968E1
1.295056620E1,8.523726463E0,3.068099976E0,-1.504204178E1,1.755933288E1
1.295554990E1,1.003681278E1,4.250737667E0,-1.756306267E1,2.067045118E1
1.296054047E1,1.231407356E1,4.575108528E0,-1.880604935E1,2.293982384E1
1.296552459E1,1.372365665E1,4.389490128E0,-1.840455246E1,2.337378717E1
1.297050865E1,1.423094463E1,4.119431019E0,-1.609389877E1,2.187471314E1
1.297549271E1,1.443661404E1,3.708862305E0,-1.182111740E1,1.902394021E1
1.298048396E1,1.393164253E1,3.334586620E0,-6.321836472E0,1.565808890E1
1.298546839E1,1.294697952E1,3.568288326E0,-8.523279428E-1,1.345672409E1
1.299045287E1,1.158808517E1,4.268311977E0,3.603909254E0,1.286430593E1
1.299543725E1,1.012763977E1,5.233087540E0,5.647899151E0,1.272214830E1
1.300041605E1,8.984311104E0,6.523948669E0,4.983229637E0,1.217014091E1
1.300540021E1,8.379579544E0,7.613788128E0,3.237427711E0,1.177574037E1
1.301038433E1,8.115034103E0,8.344755173E0,1.130818367E0,1.169476240E1
1.301536855E1,8.184309959E0,8.743797302E0,-1.157158494E0,1.203228725E1
1.302036600E1,8.397820473E0,8.967396736E0,-3.135324955E0,1.267942647E1
1.302535079E1,8.453824043E0,9.183610916E0,-4.662847996E0,1.332471395E1
1.303033568E1,8.268809319E0,9.461816788E0,-5.259275913E0,1.362201041E1
1.303532047E1,8.064009666E0,9.798825264E0,-4.704677582E0,1.353437178E1
1.304042047E1,7.666803360E0,9.986020088E0,-3.340300083E0,1.302528601E1
1.304552047E1,7.273118973E0,9.984089851E0,-2.251597881E0,1.255587523E1
1.305062047E1,6.830941677E0,9.840670586E0,-2.222175121E0,1.218353906E1
1.305572047E1,6.154287338E0,9.519928932E0,-2.773841858E0,1.167041123E1
1.306073443E1,5.286154747E0,9.100551605E0,-3.086537361E0,1.096768820E1
1.306563943E1,4.352736473E0,8.623033524E0,-2.709642172E0,1.003220727E1
1.307054443E1,3.352071285E0,8.034706116E0,-1.887445688E0,8.908161174E0
1.307544943E1,2.834988594E0,6.947810650E0,-7.821491361E-2,7.504355451E0
1.308035443E1,2.656424999E0,5.730855942E0,2.420164585E0,6.764355122E0
1.308525943E1,2.489193439E0,4.175653458E0,4.082163334E0,6.347930628E0
1.309016443E1,2.570761681E0,2.282264233E0,5.994184494E0,6.909977814E0
1.309513329E1,3.162717819E0,2.828054428E-1,7.901189327E0,8.515371730E0
1.310012074E1,3.487573624E0,-1.853986740E0,8.950150490E0,9.782925452E0
1.310510370E1,3.394897223E0,-4.623260498E0,9.082698822E0,1.074221963E1
1.311009089E1,3.002503872E0,-8.215943336E0,7.703267574E0,1.165577478E1
1.311507813E1,2.220524788E0,-1.262656116E1,5.503386497E0,1.395163217E1
1.312006537E1,7.758158445E-1,-1.740196609E1,1.232865214E0,1.746282540E1
1.312504365E1,-1.862121701E0,-2.115263367E1,-5.783815384E0,2.200804236E1
1.313003042E1,-5.751430988E0,-2.260469055E1,-1.175727844E1,2.612057790E1
1.313501719E1,-9.268628120E0,-2.278838348E1,-1.338737488E1,2.800785060E1
1.314000396E1,-1.157029629E1,-2.294614410E1,-1.199675179E1,2.836052430E1
1.314497058E1,-1.370961285E1,-2.332253265E1,-9.945825577E0,2.882383493E1
1.314995636E1,-1.515834332E1,-2.390181351E1,-7.717144966E0,2.933643447E1
1.315494209E1,-1.500509167E1,-2.429977036E1,-5.182968616E0,2.902576061E1
1.315992787E1,-1.356706905E1,-2.401628113E1,-2.724300385E0,2.771766467E1
1.316491714E1,-1.175459862E1,-2.347301674E1,-3.735461235E-1,2.625438326E1
1.316990308E1,-1.093409729E1,-2.219177437E1,1.842502832E0,2.480774375E1
1.317488902E1,-1.000641346E1,-2.074416924E1,4.610078335E0,2.348833093E1
1.317987495E1,-9.090188980E0,-1.873398209E1,5.867005348E0,2.163366294E1
1.318485824E1,-9.033224106E0,-1.576992226E1,7.241486073E0,1.956345333E1
1.318984407E1,-8.437314034E0,-1.264692593E1,8.200019836E0,1.727348630E1
1.319482985E1,-5.664728165E0,-9.781581879E0,1.017331696E1,1.520739515E1
1.319981563E1,-4.088150263E-1,-7.781390190E0,1.230438614E1,1.456417115E1
1.320480865E1,4.359677315E0,-5.771945953E0,1.322428131E1,1.507327975E1
1.320979480E1,8.527065277E0,-4.112482071E0,1.345155144E1,1.644893878E1
1.321478094E1,1.254212952E1,-3.304024696E0,1.063168907E1,1.677064115E1
1.321976714E1,1.754002762E1,-4.096669197E0,8.828493118E0,2.005935089E1
1.322474641E1,2.013028908E1,-4.791566849E0,3.169297218E0,2.093399379E1
1.322973225E1,1.789426422E1,-4.365926743E0,-1.309285164E-1,1.841964035E1
1.323471808E1,1.389717770E1,-3.363867760E0,4.881801605E-1,1.430683313E1
1.323970386E1,9.467750549E0,-2.020136833E0,1.584874630E0,9.809744180E0
1.324470188E1,5.426446438E0,-5.275754929E-1,3.158212662E0,6.300711393E0
1.324968824E1,1.467098117E0,9.820785522E-1,4.102576733E0,4.466317388E0
1.325467464E1,-2.401559830E0,2.439355373E0,4.816956520E0,5.909400508E0
1.325966100E1,-5.649985313E0,3.537853241E0,5.956248283E0,8.939554419E0
1.326464740E1,-7.892050266E0,4.236351967E0,7.422884941E0,1.163315762E1
1.326960683E1,-1.005527687E1,5.000535488E0,8.295868874E0,1.396192639E1
1.327459198E1,-1.196840191E1,5.869565964E0,8.962939262E0,1.606327268E1
1.327957724E1,-1.367960358E1,6.813280582E0,9.859322548E0,1.818676957E1
1.328456245E1,-1.522294044E1,8.040397644E0,1.055537033E1,2.019410193E1
1.328954881E1,-1.606412697E1,9.309312820E0,1.095726967E1,2.155878566E1
1.329453412E1,-1.586112499E1,1.054570770E1,1.119095135E1,2.209127948E1
1.329951938E1,-1.543887234E1,1.206688976E1,1.102389145E1,2.248321130E1
1.330450464E1,-1.523462582E1,1.413471603E1,1.115150642E1,2.358474330E1
1.330948360E1,-1.567221451E1,1.619589233E1,1.116125488E1,2.514952975E1
1.331446855E1,-1.722502899E1,1.793230438E1,1.115168762E1,2.725122568E1
1.331945350E1,-1.869524956E1,1.931578827E1,1.146208096E1,2.922313009E1
1.332443850E1,-1.870591164E1,2.061009216E1,1.096564484E1,2.991542070E1
1.332943105E1,-1.723002243E1,2.193498230E1,1.058649540E1,2.983439301E1
1.333441641E1,-1.482054615E1,2.275888824E1,1.239544296E1,2.985402131E1
1.333940172E1,-1.297474194E1,2.280632782E1,1.380893803E1,2.965062034E1
1.334438709E1,-1.223589897E1,2.230827332E1,1.280733681E1,2.848515680E1
1.334936230E1,-1.225438118E1,2.140408134E1,8.872565269E0,2.621119934E1
1.335434709E1,-1.216975975E1,1.997526741E1,4.998989105E0,2.391870090E1
1.335933198E1,-1.117753983E1,1.798616791E1,3.210291862E0,2.141834742E1
1.336431678E1,-9.394495010E0,1.531604958E1,2.016992331E0,1.808054671E1
1.336929787E1,-6.313941479E0,1.135308456E1,-6.008248329E-1,1.300459060E1
1.337428251E1,-1.543283463E0,7.598657608E0,-3.901814699E0,8.680177374E0
1.337926714E1,3.887356281E0,4.756030560E0,-6.278359413E0,8.783459595E0
1.338425178E1,8.549570084E0,2.529238701E0,-7.140598297E0,1.142279918E1
1.338924407E1,1.204288483E1,6.018314362E-1,-9.845341682E0,1.556676038E1
1.339422917E1,1.402088737E1,-1.078503609E0,-1.530795670E1,2.078658199E1
1.339921417E1,1.492975521E1,-3.168394089E0,-2.127792931E1,2.618561795E1
1.340419922E1,1.498517609E1,-5.842798233E0,-2.341578484E1,2.840761822E1
1.340918198E1,1.379379845E1,-8.084755898E0,-2.104207230E1,2.642727682E1
1.341416688E1,1.252540874E1,-1.004917526E1,-1.789988899E1,2.404740763E1
1.341915178E1,1.164403725E1,-1.130431271E1,-1.047459221E1,1.931549044E1
1.342413672E1,8.966028214E0,-1.035928535E1,1.230797529E0,1.375570127E1
1.342912188E1,3.558727741E0,-7.015112877E0,1.385206032E1,1.592971835E1
1.343410683E1,-3.289598942E0,-2.545814514E0,2.681570625E1,2.713640976E1
1.343909172E1,-9.028659821E0,1.138748646E0,3.209592819E1,3.336108591E1
1.344407667E1,-1.345969963E1,1.458548069E0,2.807216835E1,3.116628808E1
1.344915506E1,-2.136822510E1,-3.973182678E0,2.543163490E1,3.345377824E1
1.345414474E1,-3.882789993E1,-1.773580933E1,2.537440681E1,4.965909048E1
1.345913438E1,-5.891141510E1,-3.502978897E1,-4.141078472E0,6.866432462E1
1.346412407E1,-4.965101242E1,-4.624490738E1,-5.648734283E1,8.828722667E1
1.346902907E1,-9.406191826E0,-4.112052155E1,-8.960158348E0,4.312375418E1
1.347398417E1,-5.363512039E-1,-2.879836464E1,4.226741028E1,5.114848434E1
1.347896818E1,9.466405869E0,-2.208805847E1,4.067920303E1,4.724714517E1
1.348395219E1,2.102373886E1,-1.787926483E1,1.260037994E1,3.033867633E1
1.348893933E1,2.374530411E1,-1.201440239E1,-1.426779461E1,3.019528597E1
1.349392350E1,1.186231995E1,3.687648773E-1,-1.386673689E0,1.194878596E1
1.349890766E1,1.746227264E0,1.015813065E1,1.071122265E1,1.486496615E1
1.350389183E1,-1.643054485E0,1.382043457E1,7.717373848E0,1.591420431E1
1.350888329E1,-2.932988405E0,1.517989254E1,6.550945759E0,1.679126109E1
1.351386782E1,-3.520417690E0,1.588004303E1,5.648298264E0,1.721837334E1
1.351885240E1,-4.267942429E0,1.623180389E1,2.869226217E0,1.702701528E1
1.352383688E1,-5.595926285E0,1.651680374E1,8.042739630E-1,1.745755004E1
1.352882251E1,-6.929200649E0,1.650748634E1,-1.856122017E-1,1.790378113E1
1.353380709E1,-9.598715782E0,1.562033939E1,-4.630646706E-1,1.833970491E1
1.353879172E1,-1.231975555E1,1.330803967E1,-1.866829395E-1,1.813601795E1
1.354377631E1,-1.559394169E1,8.304791451E0,2.817277908E-1,1.766974671E1
1.354875698E1,-1.991284943E1,-4.561071396E-1,3.144949675E-1,1.992055504E1
1.355374136E1,-2.256769753E1,-9.123811722E0,4.643431187E0,2.478116957E1
1.355872579E1,-2.153724098E1,-1.725941277E1,1.063109779E1,2.957634728E1
1.356371016E1,-1.608503151E1,-2.563938904E1,1.511409187E1,3.383108455E1
1.356869495E1,-8.410737991E0,-3.192099190E1,1.706039238E1,3.715840720E1
1.357367933E1,-7.449614406E-1,-3.530730057E1,1.605313301E1,3.879257043E1
1.357866376E1,6.901398659E0,-3.762134171E1,1.314263248E1,4.044407798E1
1.358364818E1,1.488285351E1,-3.807655716E1,6.965524673E0,4.147097862E1
1.358863428E1,2.033655548E1,-3.502643967E1,-6.896420717E-1,4.050805563E1
1.359361881E1,2.398259163E1,-3.069250107E1,-3.360428095E0,3.909586679E1
1.359860329E1,2.559555435E1,-2.614352798E1,-9.088664055E0,3.769907522E1
1.360358782E1,2.524711990E1,-2.096055412E1,-1.506968689E1,3.610896503E1
1.360857844E1,2.338531494E1,-1.628763962E1,-1.794172478E1,3.367589119E1
1.361356324E1,1.973049545E1,-1.190301800E1,-1.742663574E1,2.889051612E1
1.361854803E1,1.457917309E1,-7.984035492E0,-1.394189835E1,2.169501418E1
1.362353282E1,8.997800827E0,-5.913544655E0,-1.008387947E1,1.475178143E1
1.362851193E1,2.789140701E0,-4.201485634E0,-7.073267937E0,8.686938856E0
1.363349646E1,-3.754580975E0,-2.142127037E0,-4.853205681E0,6.499168556E0
1.363848100E1,-9.749702454E0,-2.478218079E-1,-5.221378803E0,1.106259057E1
1.364346553E1,-1.400564194E1,1.491584778E0,-7.684088707E0,1.604456452E1
1.364845464E1,-1.486676311E1,2.780633450E0,-9.689368248E0,1.796208298E1
1.365343943E1,-1.235561275E1,3.302658558E0,-1.024419975E1,1.638634641E1
1.365842417E1,-7.929169178E0,2.977849483E0,-1.122598362E1,1.406278847E1
1.366340891E1,-2.743341446E0,2.365026951E0,-1.202361393E1,1.255733119E1
1.366839058E1,1.854904771E0,2.366375446E0,-1.080690479E1,1.121737918E1
1.367337516E1,5.715261936E0,2.827662945E0,-7.789197922E0,1.006635490E1
1.367835975E1,8.119486809E0,3.800054550E0,-7.655424118E0,1.178863856E1
1.368334438E1,9.379649162E0,4.940762043E0,-9.511126518E0,1.424255861E1
1.368833266E1,1.014234161E1,6.278778076E0,-1.119309139E1,1.635773341E1
1.369331745E1,1.114345741E1,7.494337082E0,-1.187437820E1,1.792603105E1
1.369830224E1,1.183008957E1,8.406495094E0,-1.116430759E1,1.831015956E1
1.370328704E1,1.207022285E1,9.355142593E0,-9.055607796E0,1.775423908E1
1.370828199E1,1.199699688E1,1.023687553E1,-6.279385090E0,1.697504733E1
1.371326730E1,1.149343204E1,1.089591217E1,-3.081630707E0,1.613432149E1
1.371825261E1,1.101202393E1,1.124377918E1,-4.985511303E-2,1.573816148E1
1.372323787E1,1.022665215E1,1.172092247E1,2.351905823E0,1.573200237E1
1.372821553E1,9.411914825E0,1.239890575E1,2.898874283E0,1.583415538E1
1.373320042E1,9.147704124E0,1.291646671E1,1.127063274E0,1.586776212E1
1.373818532E1,9.286026955E0,1.303274536E1,-1.564049840E0,1.607883703E1
1.374317027E1,9.023550987E0,1.280384254E1,-3.449134111E0,1.603930742E1
1.374815751E1,8.677560806E0,1.173299885E1,-4.347518444E0,1.522708902E1
1.375314251E1,8.539932251E0,1.000767517E1,-4.414984703E0,1.387717893E1
1.375812756E1,7.910982132E0,8.501268387E0,-4.488971233E0,1.245014318E1
1.376311256E1,6.860802174E0,7.528702259E0,-4.184639931E0,1.101195603E1
1.376809292E1,5.553465843E0,7.131902218E0,-3.795923233E0,9.803777094E0
1.377307771E1,3.871320724E0,7.180624485E0,-3.708037376E0,8.960916992E0
1.377806251E1,2.195531845E0,7.255378723E0,-3.463247061E0,8.333964285E0
1.378304735E1,8.611156344E-1,7.176376820E0,-3.030270576E0,7.837374826E0
1.378803032E1,-1.901080608E-1,7.029588699E0,-2.585624218E0,7.492443590E0
1.379301506E1,-9.736449718E-1,6.812464714E0,-2.132892847E0,7.204643774E0
1.379799969E1,-1.596199870E0,6.534424782E0,-1.453022480E0,6.881702957E0
1.380298449E1,-2.092792749E0,6.202459335E0,-1.114391446E0,6.640192135E0
1.380798021E1,-2.467410088E0,5.780456066E0,-1.531393528E0,6.468921936E0
1.381296547E1,-2.520677090E0,5.193988323E0,-2.048726797E0,6.126059841E0
1.381795074E1,-2.021125793E0,4.289735794E0,-1.688677073E0,5.033727536E0
1.382293600E1,-1.056872845E0,2.928895950E0,-4.778919816E-1,3.150205143E0
1.382792324E1,-1.126356423E-1,1.286150932E0,6.472766399E-1,1.444243074E0
1.383290860E1,5.785283446E-1,-6.099739075E-1,1.566879749E0,1.778166292E0
1.383789396E1,9.830592275E-1,-3.156661987E0,2.516796112E0,4.155139350E0
1.384287933E1,1.282117724E0,-6.563850403E0,4.155978203E0,7.874015036E0
1.384785183E1,1.650328279E0,-1.092339897E1,6.183088779E0,1.265996901E1
1.385283657E1,2.363698959E0,-1.602529907E1,5.600285530E0,1.713944226E1
1.385782131E1,3.163404703E0,-2.215262985E1,1.658019543E0,2.243869799E1
1.386280600E1,2.675131798E0,-2.795854187E1,-3.922792912E0,2.835885572E1
1.386779787E1,-5.777870417E-1,-3.058725357E1,-9.542484283E0,3.204641829E1
1.387278297E1,-5.895128727E0,-2.984955025E1,-1.233688927E1,3.283210364E1
1.387776808E1,-1.095920849E1,-2.645910645E1,-1.167373371E1,3.092676225E1
1.388275313E1,-1.331752396E1,-2.233358765E1,-8.226099968E0,2.727295918E1
1.388772615E1,-1.381360435E1,-1.946018600E1,-5.093138695E0,2.440193776E1
1.389271063E1,-1.370398617E1,-1.716819382E1,-2.044864893E0,2.206190355E1
1.389769511E1,-1.310028553E1,-1.466729450E1,5.669233799E-1,1.967405426E1
1.390267959E1,-1.294703579E1,-1.233886909E1,2.371304989E0,1.804152193E1
1.390766975E1,-1.293938160E1,-1.055399704E1,3.932578325E0,1.715458020E1
1.391265449E1,-1.279166794E1,-9.488803864E0,4.607820988E0,1.657999342E1
1.391763928E1,-1.218601513E1,-8.808129311E0,4.928280830E0,1.582308625E1
1.392262402E1,-1.136248398E1,-8.363992691E0,5.265286446E0,1.505940428E1
1.392761870E1,-1.058944225E1,-7.977878571E0,4.148018837E0,1.389204427E1
1.393260396E1,-9.277920723E0,-8.125089645E0,3.971323490E0,1.295640015E1
1.393758922E1,-5.705600739E0,-9.134861946E0,5.906328678E0,1.228349710E1
1.394257449E1,-2.065388441E0,-9.917883873E0,7.312979221E0,1.249439534E1
1.394755214E1,1.923875690E0,-1.056579113E1,9.410235405E0,1.427899752E1
1.395253698E1,8.026737213E0,-1.156582546E1,8.960086823E0,1.668771958E1
1.395752188E1,1.399794102E1,-1.203935242E1,2.671562195E0,1.865544435E1
1.396250672E1,1.522514343E1,-1.045936584E1,-1.120478630E0,1.850564235E1
1.396749662E1,1.287541866E1,-8.197159767E0,4.793796539E-1,1.527087551E1
1.397248178E1,1.031760788E1,-5.944339752E0,1.818775654E0,1.204558643E1
1.397746693E1,7.792604446E0,-3.720179558E0,3.021331549E0,9.148380421E0
1.398245204E1,4.781428337E0,-1.269517899E0,3.554080486E0,6.091405482E0
1.398743131E1,1.306105852E0,1.219538212E0,3.357418060E0,3.803346156E0
1.399241615E1,-1.565573454E0,3.417933464E0,3.196577311E0,4.934713356E0
1.399740094E1,-3.624666691E0,5.247693062E0,3.313472748E0,7.187182532E0
1.400238584E1,-4.967420578E0,6.716753960E0,3.477123737E0,9.048781158E0
1.400737771E1,-6.621941566E0,8.217883110E0,3.484656811E0,1.111424968E1
1.401236287E1,-8.407317162E0,9.658422470E0,3.742227077E0,1.334062854E1
1.401734808E1,-9.529253960E0,1.084031296E1,4.080384254E0,1.499895335E1
1.402233324E1,-1.041006851E1,1.176814938E1,4.061911583E0,1.622830835E1
1.402731183E1,-1.115548038E1,1.242941856E1,3.960031033E0,1.716441185E1
1.403229672E1,-1.152261925E1,1.296270370E1,3.752395630E0,1.774494054E1
1.403728152E1,-1.148567200E1,1.346073055E1,3.534774780E0,1.804457151E1
1.404226641E1,-1.123725510E1,1.401158142E1,3.665050030E0,1.833120039E1
1.404724990E1,-1.092359352E1,1.448608971E1,4.107921600E0,1.860233078E1
1.405223469E1,-1.078004837E1,1.471472931E1,4.904996395E0,1.888893039E1
1.405721949E1,-1.065203857E1,1.490351963E1,5.661255836E0,1.917369659E1
1.406220428E1,-9.753154755E0,1.512187386E1,6.795477390E0,1.923469806E1
1.406719292E1,-8.482254028E0,1.523529816E1,8.083478928E0,1.921992651E1
1.407217792E1,-7.346392155E0,1.497742081E1,9.377283096E0,1.913703347E1
1.407716287E1,-6.378973007E0,1.471632481E1,1.020291519E1,1.900949739E1
1.408214787E1,-5.272514820E0,1.456183624E1,1.040717316E1,1.865893192E1
1.408713641E1,-4.409673214E0,1.471197510E1,1.022174454E1,1.844915962E1
1.409212157E1,-4.054991722E0,1.506997871E1,9.589904785E0,1.831702733E1
1.409710672E1,-3.814260006E0,1.544106293E1,8.824060440E0,1.818898145E1
1.410209188E1,-4.035138130E0,1.560180092E1,7.997779846E0,1.799063685E1
1.410706136E1,-4.678675175E0,1.538150692E1,6.557169914E0,1.736309978E1
1.411204574E1,-4.936151028E0,1.417972183E1,4.506925106E0,1.567617530E1
1.411703011E1,-3.053112984E0,1.125048351E1,1.382720113E0,1.173911381E1
1.412201443E1,3.468238115E-1,7.610642433E0,-3.233733654E0,8.276424249E0
1.412700594E1,4.572753429E0,3.280899525E0,-6.346815109E0,8.482714050E0
1.413199068E1,8.593462944E0,-1.165167809E0,-7.478765965E0,1.145151351E1
1.413697537E1,1.077365303E1,-4.820772171E0,-9.117778778E0,1.491460136E1
1.414196011E1,1.114968300E1,-7.082960129E0,-1.223629856E1,1.800585343E1
1.414695495E1,1.080729866E1,-8.014297485E0,-1.482402992E1,2.001945383E1
1.415194021E1,1.008422184E1,-8.210820198E0,-1.476147175E1,1.967257346E1
1.415692542E1,8.701854706E0,-8.155723572E0,-1.312880325E1,1.773706789E1
1.416191063E1,6.818018436E0,-7.717615128E0,-1.023578453E1,1.451958139E1
1.416689240E1,3.596710205E0,-6.139230728E0,-4.955857754E0,8.671044015E0
1.417187745E1,-7.489809990E-1,-3.431509972E0,2.756736755E0,4.464955852E0
1.417686256E1,-6.157643318E0,-1.228551865E-1,1.095324802E1,1.256603784E1
1.418184756E1,-1.112879753E1,2.366709232E0,1.440778065E1,1.835852909E1
1.418683193E1,-1.521808624E1,3.128471375E0,1.306936073E1,2.030235632E1
1.419181693E1,-2.020294189E1,9.294071198E-1,1.196556568E1,2.349888127E1
1.419680193E1,-3.398204422E1,-7.103386879E0,1.913410187E1,3.964027357E1
1.420178698E1,-5.155466080E1,-1.238389969E1,-8.828130722E0,5.375109221E1
1.420676865E1,-4.672676086E1,-1.345592022E1,-2.663472939E1,5.544240957E1
1.421175355E1,-2.864294815E1,-1.165811539E1,-1.033070087E1,3.260450143E1
1.421673839E1,-1.683204079E1,-1.092297077E1,1.117308497E0,2.009669788E1
1.422172318E1,-9.650197983E0,-8.521784782E0,6.962191582E0,1.463623068E1
1.422670527E1,-5.059317589E0,-4.060033798E0,1.160502911E1,1.329500919E1
1.423168995E1,-2.545990467E0,-9.649591446E-1,1.461109447E1,1.486261402E1
1.423667474E1,-1.059476852E0,-2.141599655E-1,1.618002510E1,1.621608979E1
1.424165943E1,9.531390667E-2,-4.767160416E-1,1.554079628E1,1.554839837E1
1.424665495E1,7.083417177E-1,-9.516658783E-1,1.275076675E1,1.280583729E1
1.425164021E1,4.583667517E-1,-9.251537323E-1,1.044639397E1,1.049729281E1
1.425662547E1,-8.976897597E-1,-9.575300217E-1,9.586094856E0,9.675532298E0
1.426161074E1,-2.714853764E0,-1.501672745E0,9.707668304E0,1.019138243E1
1.426659120E1,-4.660149574E0,-2.503795624E0,1.024051857E1,1.152623994E1
1.427157620E1,-5.600560665E0,-4.250572205E0,1.273926830E1,1.455069073E1
1.427656126E1,-4.366114616E0,-6.774175644E0,1.709404373E1,1.889864396E1
1.428154620E1,-1.171963453E0,-9.904762268E0,1.676638794E1,1.950870520E1
1.428652850E1,2.700487614E0,-1.391241646E1,1.143036366E1,1.820717382E1
1.429151334E1,7.245227814E0,-1.859691238E1,4.380854607E0,2.043355973E1
1.429649824E1,1.289249992E1,-2.313471222E1,-1.089263678E0,2.650694172E1
1.430148308E1,1.931961250E1,-2.754118347E1,-5.324750900E0,3.406049304E1
1.430646594E1,2.531086349E1,-2.951859665E1,-9.003456116E0,3.991302521E1
1.431145074E1,2.764425278E1,-2.714196014E1,-7.394165993E0,3.944064405E1
1.431643547E1,2.494949341E1,-2.131956291E1,-3.150090933E0,3.296853131E1
1.432142027E1,2.041243172E1,-1.584777832E1,-3.835359097E0,2.612526413E1
1.432639777E1,1.650719070E1,-1.195328236E1,-5.056964874E0,2.099859990E1
1.433138219E1,1.270311832E1,-9.001225471E0,-5.098541260E0,1.638250280E1
1.433636657E1,7.771267891E0,-7.046516418E0,-6.146667957E0,1.215843433E1
1.434135100E1,1.931311369E0,-4.787727356E0,-7.748266220E0,9.310635116E0
1.434634766E1,-3.434322357E0,-2.913424492E0,-8.279432297E0,9.425052333E0
1.435133266E1,-7.710938931E0,-2.234882355E0,-7.356940269E0,1.088934564E1
1.435631771E1,-1.149412155E1,-2.321591377E0,-5.677706718E0,1.302846769E1
1.436130271E1,-1.287810135E1,-4.322582245E0,-3.173882961E0,1.395004461E1
1.436628563E1,-1.118117523E1,-7.456451416E0,-2.545109034E0,1.367826478E1
1.437127053E1,-6.107557297E0,-1.164271069E1,-5.078838348E0,1.409430975E1
1.437625542E1,5.226578712E-1,-1.587122917E1,-9.057138443E0,1.828116089E1
1.438124037E1,6.621910095E0,-1.821599960E1,-1.295908260E1,2.331544889E1
1.438622386E1,1.087454319E1,-1.771490669E1,-1.551620579E1,2.593889456E1
1.439120870E1,1.216437531E1,-1.524718571E1,-1.559323502E1,2.497193779E1
1.439619355E1,1.179683495E1,-1.150586605E1,-1.577626610E1,2.281317252E1
1.440117839E1,1.071479702E1,-6.886939049E0,-1.629603577E1,2.068326827E1
1.440627839E1,9.423879623E0,-2.291058540E0,-1.598896217E1,1.870041090E1
1.441137839E1,9.241493225E0,1.561460495E0,-1.654781342E1,1.901771502E1
1.441647839E1,9.512558937E0,4.412019253E0,-1.748449516E1,2.038779690E1
1.442151501E1,9.620635986E0,6.050587654E0,-1.589835644E1,1.954287556E1
1.442642001E1,9.346326828E0,7.046648979E0,-1.189438820E1,1.668788655E1
1.443132501E1,8.786199570E0,7.622100830E0,-7.380331993E0,1.377545006E1
1.443623001E1,7.951770306E0,7.941458225E0,-2.459475994E0,1.150419193E1
1.444116704E1,7.240810871E0,8.245740891E0,1.735068560E0,1.110999765E1
1.444607204E1,6.784426212E0,8.663439751E0,4.144834518E0,1.175854075E1
1.445102787E1,6.591615677E0,9.651053429E0,4.563887596E0,1.254676450E1
1.445600922E1,6.749283314E0,1.065569878E1,3.490413189E0,1.308738805E1
1.446099068E1,7.012270927E0,1.161123657E1,1.514846444E0,1.364871855E1
1.446609068E1,7.466390610E0,1.251861477E1,-1.390896082E0,1.464231185E1
1.447119068E1,8.529706001E0,1.324954891E1,-5.054204464E0,1.654845653E1
1.447629068E1,1.050603962E1,1.306404209E1,-8.171089172E0,1.864973894E1
1.448129975E1,1.252478218E1,1.118456078E1,-9.121571541E0,1.910935990E1
1.448620474E1,1.373089886E1,8.313986778E0,-7.134939671E0,1.756608447E1
1.449110975E1,1.460756683E1,6.170197487E0,-5.123239517E0,1.666433104E1
1.449601474E1,1.432909966E1,5.382896423E0,-4.780307770E0,1.603589764E1
1.450091975E1,1.247739029E1,5.576653481E0,-4.181784630E0,1.429236353E1
1.450586558E1,1.011312103E1,5.998563290E0,-3.911720037E0,1.239191399E1
1.451085266E1,7.920914650E0,6.293514252E0,-3.774135828E0,1.079783829E1
1.451583975E1,5.856986523E0,6.377151489E0,-3.839396238E0,9.471711341E0
1.452082678E1,4.211197376E0,6.246797562E0,-4.378445625E0,8.713635820E0
1.452579891E1,2.856866837E0,5.804255962E0,-4.957964897E0,8.150612941E0
1.453078527E1,1.886262655E0,5.080720425E0,-4.706723213E0,7.178088203E0
1.453577157E1,1.312241435E0,4.140555382E0,-3.244765520E0,5.421686060E0
1.454075787E1,1.099863291E0,3.014659405E0,-9.732359648E-1,3.353365299E0
1.454574334E1,1.083480120E0,1.710017204E0,1.146856904E0,2.326664730E0
1.455072959E1,1.013360381E0,-1.107501984E-1,2.712722063E0,2.897934758E0
1.455571589E1,1.125895739E0,-2.559919357E0,4.262152195E0,5.097722007E0
1.456070214E1,1.547997713E0,-5.536881447E0,5.757456303E0,8.136440017E0
1.456567719E1,1.716253877E0,-8.756907463E0,6.226444721E0,1.088106473E1
1.457066292E1,1.541159391E0,-1.223913288E1,4.650180817E0,1.318316076E1
1.457564860E1,8.897806406E-1,-1.604567719E1,8.001878262E-1,1.609023824E1
1.458063433E1,-9.382861257E-1,-1.999281502E1,-4.761567116E0,2.057341864E1
1.458563422E1,-3.902711153E0,-2.323736954E1,-9.518335342E0,2.541269771E1
1.459062063E1,-7.084140778E0,-2.487183571E1,-1.134339714E1,2.823943910E1
1.459560704E1,-1.020847702E1,-2.569156837E1,-1.136671162E1,2.989099901E1
1.460059350E1,-1.249475670E1,-2.595927238E1,-1.052211571E1,3.067112138E1
1.460556501E1,-1.384454536E1,-2.645848465E1,-8.992329597E0,3.118629247E1
1.461055068E1,-1.399721146E1,-2.560847092E1,-6.671097755E0,2.993692129E1
1.461553636E1,-1.341800880E1,-2.522400284E1,-2.749715567E0,2.870286075E1
1.462052204E1,-1.306556797E1,-2.352414703E1,3.618509054E0,2.715120933E1
1.462550230E1,-1.188119984E1,-2.160863113E1,8.663928032E0,2.613732002E1
1.463048761E1,-1.051286888E1,-1.927667999E1,1.091516018E1,2.452043077E1
1.463547303E1,-9.880445480E0,-1.653461647E1,1.096025848E1,2.216176912E1
1.464045850E1,-8.494935989E0,-1.404186821E1,1.009767818E1,1.926917500E1
1.464545464E1,-5.157917500E0,-1.226168346E1,9.592062950E0,1.640002030E1
1.465044053E1,-1.672808290E0,-1.020136833E1,8.313211441E0,1.326558283E1
1.465542652E1,2.199162960E0,-8.391503334E0,5.322690964E0,1.017765617E1
1.466041245E1,7.007658958E0,-7.307917595E0,1.515347958E0,1.023763757E1
1.466537896E1,1.118567276E1,-6.797227859E0,1.915686131E-1,1.309038885E1
1.467036396E1,1.377300644E1,-6.806655884E0,1.738573074E0,1.546120652E1
1.467534891E1,1.409495449E1,-6.375194550E0,1.718118668E0,1.556479294E1
1.468033391E1,1.228069305E1,-5.282809258E0,2.034523964E0,1.352267663E1
1.468531407E1,1.024063873E1,-4.180606842E0,4.205781937E0,1.183371273E1
1.469029881E1,7.372279167E0,-2.714479446E0,5.725433350E0,9.721084601E0
1.469528355E1,3.293985844E0,-6.697845459E-1,6.033157349E0,6.906369645E0
1.470026829E1,-4.646081924E-1,1.627523422E0,6.603321075E0,6.816783882E0
1.470525074E1,-3.522416592E0,3.975875378E0,6.837888718E0,8.658621471E0
1.471023537E1,-5.781414032E0,5.840454102E0,7.545011520E0,1.115629200E1
1.471521995E1,-7.662640095E0,7.387241364E0,8.413368225E0,1.356731930E1
1.472020454E1,-8.814672470E0,8.478281021E0,8.793338776E0,1.506328340E1
1.472519433E1,-1.024490643E1,9.353466034E0,8.153642654E0,1.609121882E1
1.473017917E1,-1.170369625E1,9.975376129E0,7.942424297E0,1.730799638E1
1.473516407E1,-1.329485989E1,1.056236553E1,7.673506260E0,1.863329180E1
1.474014896E1,-1.457613087E1,1.122256279E1,7.306475639E0,1.979378925E1
1.474513422E1,-1.500145626E1,1.189385033E1,7.078577995E0,2.041111540E1
1.475011912E1,-1.506437397E1,1.268248081E1,7.275000572E0,2.099300636E1
1.475510402E1,-1.508654118E1,1.389937019E1,8.080284119E0,2.204738551E1
1.476008891E1,-1.531058216E1,1.540782261E1,9.099183083E0,2.355016043E1
1.476507912E1,-1.556237602E1,1.691892242E1,9.900975227E0,2.502931869E1
1.477006428E1,-1.600632668E1,1.827428246E1,1.083292198E1,2.659894907E1
1.477504943E1,-1.609867096E1,1.964083290E1,1.222745037E1,2.818581321E1
1.478003459E1,-1.490678120E1,2.072003937E1,1.381083107E1,2.902190917E1
1.478501527E1,-1.332353497E1,2.165263939E1,1.529102516E1,2.966763939E1
1.479000021E1,-1.238703632E1,2.210917282E1,1.603231430E1,2.998815255E1
1.479498516E1,-1.212038898E1,2.211995316E1,1.602065468E1,2.988072176E1
1.479997006E1,-1.245078468E1,2.137270355E1,1.493746185E1,2.889536750E1
1.480494474E1,-1.301457596E1,1.947868156E1,1.235306358E1,2.648388949E1
1.480992917E1,-1.337066746E1,1.721023560E1,9.505645752E0,2.377654850E1
1.481491360E1,-1.261756134E1,1.513569260E1,7.534897804E0,2.109660469E1
1.481989803E1,-1.086476517E1,1.310794067E1,6.182206154E0,1.811300372E1
1.482489917E1,-9.247196198E0,1.111639023E1,5.317651749E0,1.540656319E1
1.482988443E1,-7.786769867E0,9.198180199E0,4.857576370E0,1.299370433E1
1.483486969E1,-6.053873539E0,7.288595200E0,4.084293842E0,1.031767711E1
1.483985495E1,-4.151825905E0,5.193345547E0,2.224438429E0,7.011178406E0
1.484486990E1,-1.955295324E0,2.980985641E0,-9.191665649E-1,3.681619531E0
1.484985646E1,4.855772257E-1,7.683782578E-1,-6.984923363E0,7.043816066E0
1.485484313E1,3.285950184E0,-1.832767487E0,-1.721222496E1,1.761866037E1
1.485982974E1,6.161644936E0,-5.160969734E0,-2.597468185E1,2.718980644E1
1.486481641E1,8.148212433E0,-8.914688110E0,-2.815391922E1,3.063508116E1
1.486975751E1,8.471405029E0,-1.183297348E1,-2.356212616E1,2.769400213E1
1.487474219E1,7.468859673E0,-1.383885193E1,-1.719635201E1,2.330262238E1
1.487972683E1,4.544502258E0,-1.456319714E1,-9.744681358E0,1.810243150E1
1.488471152E1,-3.676986694E-1,-1.351007843E1,4.938929081E-1,1.352410262E1
1.488969568E1,-6.162577629E0,-1.202301884E1,1.107333374E1,1.746851640E1
1.489468037E1,-1.272246552E1,-1.183405972E1,1.661909866E1,2.404372139E1
1.489966501E1,-2.025585365E1,-1.646059990E1,1.304571819E1,2.917947428E1
1.490464964E1,-2.486860657E1,-2.591148376E1,-1.530110598E0,3.594709755E1
1.490962756E1,-2.147927284E1,-2.995522118E1,-3.166460991E0,3.699595806E1
1.491461188E1,-9.149862289E0,-2.337443542E1,1.635001564E1,2.995675588E1
1.491959620E1,-1.151706696E0,-1.444893837E1,3.080487442E1,3.404465503E1
1.492458047E1,1.717990875E0,-6.253475189E0,3.116695404E1,3.183451694E1
1.492957422E1,2.921936512E0,-4.928245544E-1,2.473939896E1,2.491622864E1
1.493455902E1,3.032650471E0,3.933338165E0,1.780166054E1,1.848153770E1
1.493954381E1,2.608646870E0,7.265585899E0,1.376300621E1,1.578018114E1
1.494452860E1,2.836137056E0,9.373443604E0,1.050059509E1,1.435853808E1
1.494951652E1,2.737656355E0,1.099878693E1,3.898959637E0,1.198624055E1
1.495450146E1,1.988223314E0,1.178032875E1,-4.231688976E-1,1.195442384E1
1.495948641E1,4.838690758E-1,1.168892860E1,9.718729258E-1,1.173923840E1
1.496447136E1,-1.044213772E0,1.090728569E1,1.917269230E0,1.112363182E1
1.496944891E1,-2.480478525E0,8.920454025E0,2.392190933E0,9.562941555E0
1.497443344E1,-3.365253925E0,4.682322979E0,3.517925262E0,6.754619206E0
1.497941803E1,-2.928320885E0,-1.142532349E0,5.148945332E0,6.032584968E0
1.498440261E1,-1.677828789E0,-7.744303703E0,8.850341797E0,1.187930550E1
1.498939204E1,6.471765041E-2,-1.496498871E1,1.060797119E1,1.834350371E1
1.499437688E1,3.858478546E0,-2.151448822E1,1.077430153E1,2.436896866E1
1.499936167E1,8.608418465E0,-2.696577454E1,9.763412476E0,2.994298061E1
1.500434652E1,1.311628437E1,-3.097387886E1,8.013062477E0,3.457784345E1
1.500933271E1,1.661551285E1,-3.342897797E1,6.560591698E0,3.790268062E1
1.501431761E1,1.932687187E1,-3.280465317E1,4.617826939E0,3.835358616E1
1.501930245E1,1.971196938E1,-2.799867249E1,1.477290154E0,3.427345597E1
1.502428740E1,1.891283989E1,-2.278496933E1,-2.398507833E0,2.970863814E1
1.502927277E1,1.611191750E1,-1.885025787E1,-8.738670349E0,2.629240321E1
1.503425766E1,1.142074871E1,-1.550107670E1,-1.508302879E1,2.445842672E1
1.503924256E1,5.412595272E0,-1.274778748E1,-1.826711845E1,2.292356625E1
1.504422751E1,-8.346787691E-1,-1.037134933E1,-1.591694736E1,1.901606660E1
1.504921209E1,-6.587897778E0,-8.686056137E0,-1.025927830E1,1.496999531E1
1.505419698E1,-1.198637104E1,-6.793437958E0,-6.057188511E0,1.505036287E1
1.505918188E1,-1.641130638E1,-6.027542114E0,-5.024767399E0,1.819094633E1
1.506416678E1,-1.758223724E1,-6.312191010E0,-6.949115753E0,1.993160886E1
1.506913912E1,-1.543896675E1,-7.355486870E0,-1.127559948E1,2.048423845E1
1.507412339E1,-9.665755272E0,-8.186805725E0,-1.452694702E1,1.927388914E1
1.507910761E1,-3.434808731E0,-7.974911690E0,-1.658181572E1,1.871773865E1
1.508409188E1,1.157464623E0,-7.194942474E0,-1.687682915E1,1.838298897E1
1.508908907E1,4.067833424E0,-5.716173172E0,-1.648591995E1,1.791668109E1
1.509407396E1,6.507820606E0,-3.544268608E0,-1.534074020E1,1.703678018E1
1.509905886E1,8.784598351E0,-1.562682152E0,-1.544311237E1,1.783538235E1
1.510404376E1,1.039153099E1,4.318456650E-1,-1.432476616E1,1.770224089E1
1.510902532E1,1.153031540E1,2.347396851E0,-1.060177517E1,1.583843685E1
1.511401006E1,1.265270233E1,3.730439186E0,-7.663380623E0,1.525563684E1
1.511899480E1,1.363280487E1,4.984302521E0,-6.857257843E0,1.605361721E1
1.512397954E1,1.374863815E1,6.457478523E0,-6.862089157E0,1.666770373E1
1.512897235E1,1.327228928E1,7.955903053E0,-6.493126869E0,1.678126195E1
1.513395751E1,1.279444599E1,9.250123024E0,-5.339153290E0,1.666640879E1
1.513894261E1,1.228141403E1,1.058665657E1,-3.575334072E0,1.660401884E1
1.514392777E1,1.118034744E1,1.212534714E1,-2.787388325E0,1.672703637E1
1.514890501E1,9.812980652E0,1.335160637E1,-2.174370289E0,1.671190797E1
1.515388974E1,9.281702042E0,1.392878342E1,-2.173667908E0,1.687856133E1
1.515887448E1,8.029042244E0,1.457040977E1,-1.757463574E0,1.672874886E1
1.516385928E1,7.518646240E0,1.458014679E1,-2.065447807E0,1.653411009E1
1.516885448E1,8.091366768E0,1.361193180E1,-4.029695511E0,1.633993113E1
1.517383974E1,8.617358208E0,1.191117764E1,-5.035236359E0,1.553990413E1
1.517882506E1,8.703240395E0,9.577022552E0,-4.910385132E0,1.384115734E1
1.518381032E1,8.282845497E0,7.633464813E0,-4.292973995E0,1.205424989E1
1.518879376E1,7.676130295E0,6.397513390E0,-4.218828678E0,1.084664323E1
1.519377886E1,6.926308632E0,5.446904182E0,-4.863054752E0,1.006438364E1
1.519876407E1,6.184731960E0,4.584719658E0,-5.954358578E0,9.732674341E0
1.520374928E1,5.327768326E0,3.784039974E0,-6.823980808E0,9.448321964E0
1.520872902E1,4.540242672E0,3.170936108E0,-6.591883659E0,8.609388451E0
1.521371391E1,3.776891232E0,2.715895176E0,-5.463350773E0,7.175597233E0
1.521869881E1,3.019285202E0,2.329689026E0,-3.625090122E0,5.261635913E0
1.522368370E1,2.456750393E0,1.885095596E0,-9.579164982E-1,3.241421281E0
1.522867167E1,2.057986021E0,1.255212784E0,1.643672943E0,2.917623406E0
1.523365672E1,1.935350060E0,8.611679077E-2,3.591455936E0,4.080631287E0
1.523864183E1,2.350594521E0,-1.858730316E0,4.996347427E0,5.826118828E0
1.524362688E1,2.629389286E0,-4.395112038E0,5.470618248E0,7.493888300E0
1.524861428E1,3.004224539E0,-7.686182976E0,4.952138901E0,9.624263790E0
1.525359943E1,3.386703491E0,-1.190418911E1,4.371339798E0,1.312585580E1
1.525858464E1,2.724400997E0,-1.629428482E1,3.755027294E0,1.694185080E1
1.526356980E1,6.175656915E-1,-2.052908707E1,3.007578850E-1,2.054057590E1
1.526854839E1,-2.097949505E0,-2.471314621E1,-3.819053888E0,2.509434519E1
1.527353324E1,-5.265781403E0,-2.768949127E1,-6.386362553E0,2.890020774E1
1.527851808E1,-1.005102921E1,-2.807437897E1,-9.666564941E0,3.134703208E1
1.528350292E1,-1.466234970E1,-2.695819092E1,-1.240707016E1,3.310081489E1
1.528847454E1,-1.697258186E1,-2.548250961E1,-1.247450638E1,3.306115758E1
1.529345870E1,-1.722410011E1,-2.356612396E1,-1.012614727E1,3.089612730E1
1.529844292E1,-1.625296593E1,-2.125206375E1,-5.399767876E0,2.729407643E1
1.530342709E1,-1.460843086E1,-1.892503357E1,4.856367111E-1,2.391231881E1
1.530842730E1,-1.163727188E1,-1.730375862E1,8.710664749E0,2.259915573E1
1.531341224E1,-8.863056183E0,-1.563934422E1,1.431653690E1,2.298055877E1
1.531839725E1,-7.983705997E0,-1.267052937E1,1.460943985E1,2.092170186E1
1.532338225E1,-6.786884785E0,-1.067790699E1,1.404504395E1,1.890351190E1
1.532836271E1,-4.456559181E0,-8.777242661E0,1.423847389E1,1.730996959E1
1.533334745E1,-1.863320231E0,-7.104938507E0,1.141000938E1,1.356983521E1
1.533833219E1,9.983404875E-1,-5.916112900E0,7.816161156E0,9.853397931E0
1.534331699E1,5.215840340E0,-6.045937538E0,5.896517754E0,9.926090508E0
1.534830417E1,9.324367523E0,-6.368427277E0,2.843856335E0,1.164423525E1
1.535328902E1,1.134257698E1,-6.035079956E0,2.288613319E-1,1.285023814E1
1.535827391E1,1.148388767E1,-5.650189400E0,1.339154243E0,1.286847506E1
1.536325876E1,1.025889778E1,-4.575706482E0,2.263981104E0,1.145895649E1
1.536824032E1,7.678033829E0,-2.545505524E0,3.176615715E0,8.690379120E0
1.537322506E1,4.665384293E0,-1.022291183E-1,4.405578136E0,6.417583666E0
1.537820975E1,1.682871342E0,2.516903400E0,5.284348965E0,6.090254729E0
1.538319443E1,-8.930647373E-1,5.021389008E0,5.794241428E0,7.719141527E0
1.538818995E1,-3.330009937E0,7.474968910E0,5.453386784E0,9.833796510E0
1.539317516E1,-5.780925274E0,9.488753319E0,4.999270916E0,1.218393394E1
1.539816042E1,-7.834263802E0,1.085528374E1,4.673398972E0,1.417933469E1
1.540314563E1,-9.411595345E0,1.153663445E1,4.434146881E0,1.553491937E1
1.540812610E1,-1.126177406E1,1.206876183E1,4.095358372E0,1.700748445E1
1.541311110E1,-1.356576729E1,1.293960381E1,3.773036957E0,1.912326323E1
1.541809610E1,-1.550542831E1,1.393329620E1,3.983875275E0,2.122324934E1
1.542308110E1,-1.718129158E1,1.484088612E1,3.793908119E0,2.301830619E1
1.542805485E1,-1.805666161E1,1.550851250E1,3.541913509E0,2.406454112E1
1.543303928E1,-1.802218056E1,1.594046879E1,3.822211742E0,2.436199581E1
1.543802370E1,-1.732861900E1,1.653307915E1,4.986290932E0,2.446399068E1
1.544300813E1,-1.699494171E1,1.716580200E1,7.369047642E0,2.525461671E1
1.544799803E1,-1.679090500E1,1.745603561E1,1.001251698E1,2.620874217E1
1.545298277E1,-1.638390541E1,1.759535789E1,1.156029510E1,2.667713251E1
1.545796745E1,-1.514096642E1,1.751212311E1,1.197841072E1,2.606541086E1
1.546295219E1,-1.340642357E1,1.731391144E1,1.122247314E1,2.460584536E1
1.546793714E1,-1.201509380E1,1.715105629E1,1.004253769E1,2.322442193E1
1.547292188E1,-1.112006474E1,1.699684906E1,9.324769974E0,2.234949782E1
1.547790657E1,-1.106347370E1,1.691553116E1,8.953534126E0,2.210659219E1
1.548289131E1,-1.146247673E1,1.667264175E1,7.358113766E0,2.152921722E1
1.548788521E1,-1.112244320E1,1.547129631E1,4.697861195E0,1.962497521E1
1.549287037E1,-9.636568069E0,1.360987473E1,1.592539787E0,1.675196458E1
1.549785558E1,-6.865213394E0,1.104674911E1,-8.127508163E-1,1.303159180E1
1.550284074E1,-3.118713379E0,8.070186615E0,-6.033692360E-1,8.672850718E0
1.550781386E1,1.249244452E0,4.818923950E0,1.022107363E0,5.082060920E0
1.551279850E1,6.104583740E0,1.652822495E0,7.030143738E-1,6.363331993E0
1.551778308E1,9.763557434E0,-7.827224731E-1,-2.283115625E0,1.005745123E1
1.552276761E1,1.167732430E1,-2.216792107E0,-7.990369797E0,1.432201380E1
1.552775969E1,1.273755455E1,-3.109436035E0,-1.355533409E1,1.885897587E1
1.553274464E1,1.327185345E1,-4.176103592E0,-1.653700829E1,2.161144554E1
1.553772959E1,1.244526291E1,-5.663435936E0,-1.810566711E1,2.268863718E1
1.554271454E1,9.614219666E0,-7.077312469E0,-1.762015724E1,2.128359727E1
1.554770527E1,3.809606791E0,-7.540951729E0,-1.380517197E1,1.618523493E1
1.555269053E1,-4.062538624E0,-7.378498077E0,-6.276757240E0,1.050448168E1
1.555767574E1,-1.282480145E1,-7.274825096E0,4.967060566E0,1.555860864E1
1.556266100E1,-2.265055656E1,-9.358108521E0,1.328788853E1,2.787812564E1
1.556763699E1,-3.581776428E1,-1.872171402E1,1.434494209E1,4.288580392E1
1.557262178E1,-5.287796021E1,-3.345486450E1,6.602714062E0,6.291980982E1
1.557760652E1,-4.881819916E1,-3.682646942E1,-3.582557201E0,6.125553147E1
1.558259131E1,-2.339951706E1,-2.746323395E1,1.443060637E0,3.610884991E1
1.558758219E1,-6.808267117E0,-1.994282150E1,1.211005592E1,2.430477494E1
1.559256730E1,-1.278210878E0,-1.238325405E1,2.031378365E1,2.382495771E1
1.559755240E1,2.494732380E0,-5.780531883E0,2.057325554E1,2.151504316E1
1.560253745E1,5.131897926E0,-9.604673386E-1,1.553443527E1,1.638833588E1
1.560751256E1,4.050022125E0,2.667106628E0,1.435025120E1,1.514746997E1
1.561249709E1,2.539772272E0,5.299645424E0,1.457767296E1,1.571767266E1
1.561748172E1,2.813868284E0,6.794160843E0,1.303289700E1,1.496445390E1
1.562246631E1,3.327274561E0,7.525291443E0,1.137022018E1,1.403505163E1
1.562746204E1,2.885792255E0,7.360282421E0,1.103845215E1,1.357751745E1
1.563244714E1,8.521193266E-1,5.942242622E0,1.035438633E1,1.196869546E1
1.563743230E1,-9.592840672E-1,3.293476105E0,1.061920166E1,1.115950961E1
1.564241745E1,-1.459731936E0,-4.079589844E-1,1.252373886E1,1.261512120E1
1.564740074E1,-4.175042510E-1,-5.018026352E0,1.413033104E1,1.500070510E1
1.565238584E1,2.371050835E0,-1.075822544E1,1.364171982E1,1.753447508E1
1.565737084E1,7.610136032E0,-1.705611420E1,7.922154427E0,2.028757582E1
1.566235589E1,1.319657707E1,-2.291228104E1,3.970128298E0,2.673731825E1
1.566733542E1,1.731189156E1,-2.664416313E1,2.368196964E0,3.186253874E1
1.567232021E1,2.015205574E1,-2.806759644E1,1.642453432E0,3.459180501E1
1.567730501E1,2.079808426E1,-2.738811493E1,-6.456726789E-1,3.439601781E1
1.568228974E1,1.956845093E1,-2.420512390E1,-8.110593557E-1,3.113631500E1
1.568726922E1,1.672356033E1,-1.954919052E1,-1.389132500E0,2.576388964E1
1.569225376E1,1.314000702E1,-1.537626934E1,-3.507205963E0,2.052778451E1
1.569723829E1,7.831815720E0,-1.242168331E1,-6.203523636E0,1.594111851E1
1.570222277E1,1.371402144E0,-1.073380661E1,-9.804663658E0,1.460228673E1
1.570723928E1,-4.855620861E0,-9.474617004E0,-1.256215954E1,1.646673233E1
1.571222547E1,-1.027059269E1,-8.095180511E0,-1.296929073E1,1.841791312E1
1.571721157E1,-1.611667061E1,-5.538877487E0,-1.267512321E1,2.123876135E1
1.572219771E1,-2.003895569E1,-3.187628746E0,-1.437390137E1,2.486623740E1
1.572715120E1,-1.893803978E1,-2.839602470E0,-1.591760349E1,2.490146168E1
1.573213579E1,-1.472536087E1,-5.215777397E0,-1.297567749E1,2.030785053E1
1.573712027E1,-9.256202698E0,-9.123978615E0,-9.162288666E0,1.590194352E1
1.574210474E1,-3.660748482E0,-1.178708267E1,-7.319276810E0,1.434950210E1
1.574709813E1,-4.833643436E-1,-1.245282078E1,-6.686998367E0,1.414292521E1
1.575208308E1,7.013601661E-1,-1.143333817E1,-7.017140388E0,1.343329397E1
1.575706803E1,1.245104551E0,-9.198026657E0,-7.582357883E0,1.198524638E1
1.576205297E1,1.659214497E0,-6.031695366E0,-9.185836792E0,1.111368253E1
1.576704235E1,2.636087656E0,-2.781321526E0,-1.219326973E1,1.278125715E1
1.577202751E1,5.262023926E0,-2.021999359E-1,-1.421560764E1,1.515959370E1
1.577701266E1,8.606601715E0,1.900270939E0,-1.469473743E1,1.713534158E1
1.578199782E1,1.169591522E1,3.762750149E0,-1.394154549E1,1.858277192E1
1.578696605E1,1.381567478E1,5.350858688E0,-1.289630318E1,1.964228077E1
1.579195037E1,1.484560680E1,6.833871841E0,-1.178463268E1,2.014873230E1
1.579693469E1,1.513790417E1,8.441102028E0,-1.078652191E1,2.041463693E1
1.580191902E1,1.514152050E1,9.490811348E0,-9.082201958E0,2.004563632E1
1.580690714E1,1.540963650E1,9.424119949E0,-6.493686676E0,1.919476232E1
1.581189167E1,1.553289795E1,9.364097595E0,-3.342310905E0,1.844256719E1
1.581687620E1,1.522206211E1,9.755590439E0,-5.071245432E-1,1.808700901E1
1.582186068E1,1.466620159E1,1.052580357E1,1.481851101E0,1.811314143E1
1.582685511E1,1.392925262E1,1.127180767E1,2.050370216E0,1.803556888E1
1.583184011E1,1.337732124E1,1.171095657E1,8.425251245E-1,1.779913133E1
1.583682511E1,1.301738930E1,1.163817692E1,-1.136811256E0,1.749834066E1
1.584181011E1,1.283090973E1,1.051195145E1,-2.743876934E0,1.681256162E1
1.584678443E1,1.216355610E1,8.685770988E0,-3.486210346E0,1.534758539E1
1.585176896E1,1.077845383E1,7.528485775E0,-4.334667206E0,1.384350045E1
1.585675344E1,9.035161972E0,7.117811680E0,-4.759056091E0,1.244773111E1
1.586173792E1,7.152154922E0,7.053121090E0,-4.339329243E0,1.094210288E1
1.586672787E1,5.454804897E0,7.075314999E0,-3.491502047E0,9.591953156E0
1.587171261E1,4.193834782E0,7.169325352E0,-2.549210072E0,8.688264969E0
1.587669740E1,3.498845100E0,7.215177059E0,-1.513148189E0,8.160288872E0
1.588168214E1,3.106465816E0,7.267818451E0,-1.201094508E0,7.994619623E0
1.588666605E1,2.789353371E0,7.322522163E0,-1.335568666E0,7.948809139E0
1.589165074E1,2.303292274E0,7.410396576E0,-1.749830008E0,7.954937949E0
1.589663547E1,1.660470247E0,7.533642292E0,-2.220900774E0,8.027784743E0
1.590162021E1,1.041238189E0,7.648914814E0,-1.918385386E0,7.954261580E0
1.590660938E1,5.805020928E-1,7.626787186E0,-1.350565553E-1,7.650039590E0
1.591159428E1,2.741498947E-1,7.388174534E0,2.282557964E0,7.737593422E0
1.591657922E1,2.385742664E-1,6.732367516E0,4.042220116E0,7.856286242E0
1.592156417E1,5.458585620E-1,5.516456604E0,4.828343868E0,7.351337262E0
1.592654068E1,1.182595491E0,3.746028900E0,5.362019539E0,6.646993166E0
1.593152521E1,1.975970864E0,1.266385078E0,5.883411407E0,6.334249901E0
1.593650974E1,2.629051208E0,-2.280591965E0,5.725488186E0,6.700315286E0
1.594149422E1,3.173032045E0,-7.293862343E0,5.306730270E0,9.561900773E0
1.594647990E1,3.658221483E0,-1.389737606E1,5.484512329E0,1.538179187E1
1.595146443E1,3.898601532E0,-2.135808372E1,3.315436363E0,2.196267180E1
1.595644902E1,3.135123014E0,-2.831379509E1,-5.253714085E0,2.896724875E1
1.596143355E1,-4.555130005E-2,-3.233626175E1,-1.224078083E1,3.457560721E1
1.596643204E1,-5.265563011E0,-3.320102692E1,-1.326476574E1,3.613846085E1
1.597141730E1,-1.029401588E1,-3.074456215E1,-1.141344261E1,3.437239499E1
1.597640256E1,-1.396787357E1,-2.755016708E1,-9.406983376E0,3.228938734E1
1.598138787E1,-1.531519222E1,-2.468194962E1,-7.080732346E0,2.989800194E1
1.598635313E1,-1.407033634E1,-2.193597412E1,-4.811110020E0,2.650109630E1
1.599133740E1,-1.283669376E1,-1.957863617E1,-3.161168098E0,2.362407003E1
1.599632167E1,-1.253131390E1,-1.768453598E1,-1.515373468E0,2.172724091E1
1.600130594E1,-1.268551826E1,-1.603592682E1,1.020402908E-1,2.044709600E1
1.600630433E1,-1.329615879E1,-1.475177288E1,1.415767908E0,1.990997339E1
1.601128928E1,-1.456033707E1,-1.360251141E1,2.080208540E0,2.003394618E1
1.601627422E1,-1.561453152E1,-1.251626682E1,2.364972353E0,2.015102042E1
1.602125922E1,-1.605884552E1,-1.105950642E1,3.144342899E0,1.975059730E1
1.602623907E1,-1.558594322E1,-8.789427757E0,4.621813774E0,1.848071506E1
1.603122381E1,-1.366151905E1,-6.472175598E0,7.456102848E0,1.685584852E1
1.603620850E1,-1.000433731E1,-4.472427368E0,1.175772572E1,1.607275600E1
1.604119318E1,-4.688292027E0,-2.908754349E0,1.832383156E1,1.913645048E1
1.604619365E1,2.239920378E0,-2.915640831E0,2.262700653E1,2.292377869E1
1.605117917E1,1.049456215E1,-4.239667892E0,2.082299423E1,2.370037357E1
1.605616469E1,1.992807388E1,-6.199501038E0,1.146109676E1,2.381005420E1
1.606115016E1,2.824931717E1,-8.085102081E0,8.781337738E-1,2.939666503E1
1.606612985E1,2.899247360E1,-7.816937447E0,-4.128112793E0,3.031021860E1
1.607111506E1,2.244499588E1,-5.744068146E0,-2.186913967E0,2.327132896E1
1.607610021E1,1.428746128E1,-3.067671776E0,-2.892775536E-1,1.461594477E1
1.608108542E1,5.048544884E0,-2.111501694E-1,4.777209759E-1,5.075490830E0
1.608606501E1,-2.125915051E0,1.907804012E0,8.006463051E-1,2.966524137E0
1.609104995E1,-6.250187874E0,2.697126389E0,1.206060886E0,6.913314840E0
1.609603485E1,-8.912830353E0,3.140708447E0,2.245262146E0,9.713073486E0
1.610101980E1,-1.086556339E1,3.666482449E0,3.591164351E0,1.201665606E1
1.610599917E1,-1.274023247E1,4.527256966E0,4.977987766E0,1.440798186E1
1.611098381E1,-1.459962177E1,5.980358124E0,5.340254784E0,1.665628891E1
1.611596844E1,-1.619536781E1,7.901658535E0,5.466919422E0,1.883118037E1
1.612095313E1,-1.696311951E1,9.776417732E0,6.179722309E0,2.053082402E1
1.612594214E1,-1.672845459E1,1.126670837E1,7.483597755E0,2.151241841E1
1.613092704E1,-1.632677460E1,1.257034397E1,8.111515045E0,2.214438513E1
1.613591193E1,-1.591264343E1,1.415040588E1,8.192921638E0,2.281600694E1
1.614089678E1,-1.616167450E1,1.618243217E1,7.794949532E0,2.416261724E1
1.614587745E1,-1.681135750E1,1.814111710E1,7.595449448E0,2.587301147E1
1.615086209E1,-1.718305206E1,1.952116013E1,7.600532532E0,2.709429950E1
1.615584683E1,-1.669133186E1,2.049694824E1,6.982729912E0,2.734015296E1
1.616083146E1,-1.568456078E1,2.129345703E1,6.127396584E0,2.714703940E1
1.616581558E1,-1.446171570E1,2.166981316E1,6.005282402E0,2.673547157E1
1.617080027E1,-1.325749779E1,2.168421936E1,7.045207977E0,2.637425965E1
1.617578490E1,-1.203369427E1,2.132991600E1,8.394598007E0,2.588907859E1
1.618076954E1,-1.038036537E1,2.043915939E1,9.040656090E0,2.464233521E1
1.618576594E1,-9.376820564E0,1.974083710E1,8.325867653E0,2.338686566E1
1.619075115E1,-8.946262360E0,1.935569382E1,6.616905689E0,2.232626109E1
1.619573641E1,-8.238962173E0,1.866878891E1,5.169097424E0,2.105050463E1
1.620072162E1,-7.039683342E0,1.741319275E1,3.935541868E0,1.919022963E1
1.620568646E1,-4.828110695E0,1.509761810E1,2.260208368E0,1.601116071E1
1.621067068E1,-1.042306542E0,1.116864300E1,-4.441182613E-1,1.122596234E1
1.621565490E1,3.462653875E0,6.661695957E0,-3.976902962E0,8.496112173E0
1.622063907E1,7.528661728E0,3.083576679E0,-8.277133942E0,1.160603890E1
1.622563636E1,1.096274662E1,2.341594696E-1,-1.384545517E1,1.766163279E1
1.623062120E1,1.298029518E1,-2.139643669E0,-1.971195221E1,2.369867502E1
1.623560605E1,1.294235516E1,-3.804309845E0,-1.862563324E1,2.299764214E1
1.624059089E1,1.218367863E1,-5.220890045E0,-1.457837391E1,1.970352008E1
1.624557563E1,1.089613152E1,-6.763995171E0,-1.136988449E1,1.713918277E1
1.625056047E1,6.666419983E0,-6.854597092E0,-7.552709579E0,1.218482986E1
1.625554532E1,8.727335930E-2,-5.309848785E0,-1.070176363E0,5.417322975E0
1.626053016E1,-5.930587769E0,-3.128898621E0,8.748229980E0,1.102240471E1
1.626551745E1,-1.159283829E1,-1.797710419E0,1.525769806E1,1.924637660E1
1.627050240E1,-1.780937386E1,-4.079037666E0,1.609916306E1,2.435149680E1
1.627548735E1,-2.921013641E1,-1.474555111E1,2.418541336E1,4.068903496E1
1.628047235E1,-4.820171738E1,-2.913449860E1,1.476502514E1,5.822568620E1
1.628545870E1,-5.747962189E1,-3.765738678E1,-1.766751862E1,7.095158156E1
1.629044376E1,-3.792788315E1,-3.506624222E1,-1.116612816E1,5.284740373E1
1.629542876E1,-1.104209042E1,-2.718063545E1,1.103288746E1,3.134388792E1
1.630041376E1,2.918918133E-1,-1.985857773E1,2.217947960E1,2.977209474E1
1.630539485E1,5.774661064E0,-1.224991894E1,1.957258415E1,2.380111919E1
1.631037969E1,9.616253853E0,-5.787345886E0,6.405060768E0,1.292248095E1
1.631536454E1,8.364916801E0,-9.499731064E-1,2.700702906E0,8.841271299E0
1.632034938E1,6.171349525E0,3.178225040E0,2.697566748E0,7.447384489E0
1.632533985E1,5.325801849E0,6.245348930E0,2.436398506E0,8.561809755E0
1.633032501E1,4.549974442E0,8.047737122E0,2.696171284E0,9.630040487E0
1.633531011E1,2.713317871E0,9.280996323E0,3.971240044E0,1.045321645E1
1.634029527E1,4.426964521E-1,9.496623039E0,5.110360146E0,1.079340586E1
1.634527844E1,-1.347533584E0,8.341707230E0,5.428503990E0,1.004333519E1
1.635026350E1,-2.964372635E0,5.908759117E0,5.619397640E0,8.676322335E0
1.635524850E1,-3.984283447E0,2.926727772E0,7.878268719E0,9.300933719E0
1.636023350E1,-3.765193701E0,-6.049089432E-1,1.334574127E1,1.387989224E1
1.636523074E1,-1.917183638E0,-5.585533142E0,1.588192368E1,1.694429914E1
1.637021636E1,1.270048738E0,-1.245290470E1,1.478388023E1,1.937139577E1
1.637520198E1,5.882998943E0,-2.064631271E1,1.373886681E1,2.548796513E1
1.638018761E1,1.001878357E1,-2.841706467E1,1.061560440E1,3.194677832E1
1.638515110E1,1.448366451E1,-3.459584045E1,8.002359390E0,3.834953025E1
1.639013563E1,1.859394455E1,-3.669529724E1,5.617689133E0,4.151912866E1
1.639512016E1,2.048553848E1,-3.352933502E1,2.642855346E-1,3.929304571E1
1.640010469E1,1.862935829E1,-2.647691727E1,-3.229081869E0,3.253470621E1
1.640509225E1,1.694701385E1,-2.013680267E1,-4.619555950E0,2.672138465E1
1.641007688E1,1.417898369E1,-1.533835220E1,-7.451980591E0,2.217748050E1
1.641506157E1,1.004093075E1,-1.126466560E1,-9.744061470E0,1.796273129E1
1.642004626E1,4.263414383E0,-8.027567863E0,-1.011922741E1,1.360210687E1
1.642502172E1,-3.085790873E0,-5.659004211E0,-9.496344566E0,1.147723809E1
1.643000594E1,-1.164614296E1,-2.872049332E0,-9.983377457E0,1.560606096E1
1.643499016E1,-1.964558220E1,-6.744432449E-1,-1.218955898E1,2.312983186E1
1.643997433E1,-2.483787346E1,7.957086563E-1,-1.533183765E1,2.919962938E1
1.644507433E1,-2.643523598E1,8.237924576E-1,-1.733954811E1,3.162531049E1
1.645017433E1,-2.317607117E1,-6.343498230E-1,-1.588878250E1,2.810669109E1
1.645523433E1,-1.516137218E1,-4.664976120E0,-1.390284824E1,2.109308887E1
1.646023178E1,-7.415826321E0,-8.424691200E0,-1.335629749E1,1.744593318E1
1.646522922E1,-2.082360268E0,-1.010276222E1,-1.294914532E1,1.655543395E1
1.647013422E1,1.878906012E0,-9.709368706E0,-1.369060993E1,1.688889957E1
1.647503922E1,5.569521427E0,-7.943202019E0,-1.508016968E1,1.793113339E1
1.647994422E1,7.590336800E0,-4.869208336E0,-1.554083920E1,1.796775126E1
1.648484922E1,9.928670883E0,-1.824806213E0,-1.357001114E1,1.691311992E1
1.648983407E1,1.263486004E1,3.188476562E-1,-1.283049870E1,1.801008187E1
1.649481777E1,1.438538933E1,2.214733601E0,-1.151977730E1,1.856205107E1
1.649980146E1,1.626712036E1,4.437842846E0,-1.082569695E1,2.003769868E1
1.650478516E1,1.737888336E1,6.049860954E0,-1.047506428E1,2.117435657E1
1.650976792E1,1.781794930E1,6.592838287E0,-7.468030930E0,2.041363073E1
1.651475157E1,1.744027901E1,7.208916187E0,-3.327657223E0,1.916259656E1
1.651973521E1,1.628909683E1,8.069728851E0,8.083088398E-1,1.819638872E1
1.652471886E1,1.512266064E1,8.896763802E0,4.278004646E0,1.805958456E1
1.652971318E1,1.397769928E1,9.782650948E0,5.534178734E0,1.793609408E1
1.653469735E1,1.303510475E1,1.070803833E1,4.916656494E0,1.757127064E1
1.653968157E1,1.239891815E1,1.139820862E1,2.895076275E0,1.708899639E1
1.654466574E1,1.219699001E1,1.189245987E1,-2.683902979E-1,1.703728853E1
1.654965266E1,1.233629704E1,1.207012367E1,-3.281891346E0,1.756823613E1
1.655463699E1,1.293051338E1,1.150438213E1,-5.136869907E0,1.805370923E1
1.655962131E1,1.354767799E1,1.016788578E1,-5.511884212E0,1.781309484E1
1.656460563E1,1.375258923E1,8.812295914E0,-4.936425209E0,1.706336906E1
1.656959360E1,1.328297234E1,7.994298935E0,-3.976726532E0,1.600501557E1
1.657457808E1,1.192677021E1,7.674111843E0,-2.827458620E0,1.446147857E1
1.657956261E1,1.001527214E1,7.591733932E0,-2.335001230E0,1.278250096E1
1.658454709E1,8.179613113E0,7.568972588E0,-2.450854063E0,1.141061358E1
1.658953610E1,6.535543442E0,7.383056641E0,-2.625986099E0,1.020385498E1
1.659452084E1,4.916375160E0,7.120175362E0,-2.736358881E0,9.074982194E0
1.659950558E1,3.308062792E0,6.672682762E0,-2.534549236E0,7.867141445E0
1.660449032E1,2.136677265E0,6.133662224E0,-2.122234821E0,6.833087344E0
1.660947094E1,1.594664097E0,5.273328781E0,-9.821605682E-1,5.596033363E0
1.661445547E1,1.474753141E0,4.142174244E0,1.414469004E0,4.618790627E0
1.661944001E1,1.645065546E0,2.642224312E0,4.096757889E0,5.144999044E0
1.662442454E1,1.840697765E0,6.924324036E-1,5.432564259E0,5.777576077E0
1.662941167E1,1.940722823E0,-2.053675652E0,5.240325451E0,5.953570323E0
1.663439626E1,2.043229103E0,-5.588584900E0,4.223699570E0,7.297033946E0
1.663938094E1,1.488486171E0,-1.034500027E1,3.267597914E0,1.095042546E1
1.664436563E1,4.481076002E-1,-1.631247330E1,1.660851240E0,1.640292694E1
1.664935136E1,-4.131303132E-1,-2.220792389E1,-3.113683939E0,2.242894531E1
1.665433610E1,-2.795556784E0,-2.722379303E1,-8.478967667E0,2.865035667E1
1.665932079E1,-7.609500885E0,-2.909314346E1,-1.140287685E1,3.216117381E1
1.666430553E1,-1.268257713E1,-2.807383156E1,-1.093149662E1,3.268769492E1
1.666928396E1,-1.627098846E1,-2.625117302E1,-1.000286674E1,3.246423407E1
1.667426834E1,-1.789486694E1,-2.512429810E1,-8.867711067E0,3.209506064E1
1.667925271E1,-1.744263077E1,-2.424693108E1,-6.856426716E0,3.064587447E1
1.668423714E1,-1.572464657E1,-2.243285751E1,-4.754104614E0,2.780465998E1
1.668922318E1,-1.389112282E1,-2.018610764E1,-2.921442032E0,2.467746053E1
1.669420766E1,-1.256772804E1,-1.815351486E1,-1.159164190E0,2.210976146E1
1.669919214E1,-1.168254566E1,-1.643772125E1,9.492316246E-1,2.018865012E1
1.670417662E1,-1.119934177E1,-1.489615440E1,3.370040894E0,1.893879214E1
1.670916344E1,-1.118886471E1,-1.347111034E1,5.824708939E0,1.845504651E1
1.671414803E1,-1.031012726E1,-1.239328575E1,6.873706341E0,1.752541282E1
1.671913261E1,-9.154299736E0,-1.105191708E1,6.427265644E0,1.572437021E1
1.672411719E1,-6.808354855E0,-9.928288460E0,7.666597366E0,1.427239723E1
1.672908891E1,-3.897282600E0,-9.226711273E0,9.568317413E0,1.385184864E1
1.673407287E1,-2.572917938E-1,-7.739089966E0,1.240469456E1,1.462313782E1
1.673905678E1,5.348349571E0,-6.628095627E0,1.358550930E1,1.603441791E1
1.674404079E1,1.234165382E1,-7.278366089E0,1.246709633E1,1.899261759E1
1.674904797E1,1.817130470E1,-8.122121811E0,6.265076160E0,2.086663261E1
1.675403313E1,2.028242111E1,-7.708735466E0,-1.465780020E0,2.174740720E1
1.675901824E1,1.755224419E1,-6.277935982E0,-3.454997540E0,1.895865935E1
1.676400339E1,1.271864033E1,-4.231672287E0,-1.712975740E0,1.351314723E1
1.676898324E1,7.919899940E0,-2.422406197E0,1.472678185E-1,8.283390288E0
1.677396808E1,2.926826239E0,-7.757520676E-1,1.511236668E0,3.384071419E0
1.677895292E1,-1.820303679E0,8.237752914E-1,2.488147259E0,3.191079440E0
1.678393782E1,-4.780959129E0,1.790637970E0,3.701638699E0,6.306035489E0
1.678892818E1,-6.489465714E0,2.251646996E0,5.285692215E0,8.667273022E0
1.679391329E1,-8.273805618E0,2.797318935E0,6.819681168E0,1.108101547E1
1.679889844E1,-1.092895603E1,3.876276493E0,7.370129585E0,1.373995668E1
1.680388355E1,-1.366053391E1,5.303232193E0,7.640270233E0,1.652598522E1
1.680886391E1,-1.578647423E1,6.825694084E0,7.485579014E0,1.875731221E1
1.681384881E1,-1.702029610E1,8.266557693E0,7.156885147E0,2.022986555E1
1.681883370E1,-1.731186676E1,9.464746475E0,7.673084259E0,2.116975150E1
1.682381860E1,-1.714056206E1,1.062778378E1,8.362688065E0,2.183307599E1
1.682880141E1,-1.674974060E1,1.195824814E1,8.711960793E0,2.234841761E1
1.683378620E1,-1.647089005E1,1.371542740E1,9.060066223E0,2.326989402E1
1.683877100E1,-1.716970634E1,1.570392227E1,9.195302963E0,2.501930429E1
1.684375579E1,-1.836096382E1,1.728898239E1,9.659452438E0,2.700627568E1
1.684873855E1,-1.953158951E1,1.872714615E1,1.062337875E1,2.906966061E1
1.685372324E1,-1.975361824E1,2.029709244E1,1.185739136E1,3.070464338E1
1.685870792E1,-1.849356461E1,2.141657639E1,1.288060760E1,3.109005835E1
1.686369266E1,-1.724176407E1,2.226806259E1,1.361398792E1,3.128075618E1
1.686868261E1,-1.579060459E1,2.250002098E1,1.404791069E1,3.086969278E1
1.687366756E1,-1.428266525E1,2.227675247E1,1.338908482E1,2.965663197E1
1.687865251E1,-1.264972687E1,2.171402359E1,1.128305244E1,2.754671818E1
1.688363745E1,-1.074579620E1,2.036812019E1,8.040025711E0,2.439209851E1
1.688862516E1,-8.642185211E0,1.852126503E1,6.433833122E0,2.142705841E1
1.689361027E1,-7.029731274E0,1.641578674E1,6.599377632E0,1.903803985E1
1.689859537E1,-5.282218456E0,1.379955482E1,6.990884781E0,1.634631503E1
1.690358047E1,-2.777149200E0,1.080025101E1,6.319111824E0,1.281753306E1
1.690855511E1,7.492250204E-1,7.751866341E0,3.784099579E0,8.658647673E0
1.691353964E1,5.104116440E0,4.838657379E0,-7.540495396E-1,7.073415057E0
1.691852417E1,9.083868027E0,2.403801918E0,-6.885468483E0,1.164923166E1
1.692350876E1,1.262557507E1,1.827573776E-1,-1.392907047E1,1.880046676E1
1.692849751E1,1.590672970E1,-2.491221428E0,-2.189620018E1,2.717855434E1
1.693348230E1,1.764907265E1,-5.559879303E0,-2.614613342E1,3.203158310E1
1.693846709E1,1.636628723E1,-8.026985168E0,-2.320269966E1,2.950683175E1
1.694345183E1,1.340164661E1,-9.516574860E0,-1.752019119E1,2.402345580E1
1.694844912E1,9.006389618E0,-9.634269714E0,-9.110380173E0,1.602913703E1
1.695343443E1,2.661660671E0,-7.402391434E0,1.718215466E0,8.051838352E0
1.695841985E1,-4.141616821E0,-4.084262848E0,1.342028046E1,1.462662369E1
1.696340527E1,-1.003098392E1,-2.086161613E0,1.887413597E1,2.147570063E1
1.696838245E1,-1.563700294E1,-3.322862625E0,1.578683472E1,2.246734135E1
1.697336745E1,-2.720282173E1,-1.204258347E1,9.582371712E0,3.125442648E1
1.697835240E1,-4.540193558E1,-2.583368683E1,-1.210554886E1,5.362144573E1
1.698333740E1,-4.260964203E1,-3.012911415E1,-2.268488312E1,5.690297914E1
1.698832292E1,-2.038757706E1,-2.345648384E1,1.109451103E1,3.299921374E1
1.699330792E1,-4.458422661E0,-1.850521278E1,3.480533600E1,3.967028922E1
1.699829292E1,4.461468697E0,-1.607765198E1,3.803161240E1,4.153070114E1
1.700327792E1,9.356903076E0,-1.039902401E1,2.547822762E1,2.906598386E1
1.700825870E1,1.103709221E1,-4.549484253E0,7.155867577E0,1.391839259E1
1.701324350E1,9.671436310E0,2.057170868E-1,2.218377590E-1,9.676167206E0
1.701822834E1,8.181001663E0,4.118591309E0,-2.391344786E0,9.466261800E0
1.702321313E1,6.320545197E0,7.785372734E0,-3.793941021E0,1.072172135E1
1.702819396E1,2.659835100E0,1.050042343E1,-3.478088379E-1,1.083764670E1
1.703317855E1,-9.408503771E-1,1.173477364E1,3.153694868E0,1.218753064E1
1.703816313E1,-3.596580505E0,1.097837734E1,3.841828346E0,1.217455566E1
1.704314771E1,-5.658359528E0,7.855124474E0,4.109300613E0,1.051695605E1
1.704813433E1,-7.023532867E0,3.696676731E0,4.461581230E0,9.105006308E0
1.705311907E1,-8.235210419E0,-8.930959702E-1,6.420879841E0,1.048064926E1
1.705810370E1,-8.985342979E0,-6.911617279E0,1.198377323E1,1.649598929E1
1.706308844E1,-8.159572601E0,-1.386048794E1,1.497140312E1,2.197349909E1
1.706808047E1,-5.092085361E0,-2.028664017E1,1.286552048E1,2.455603225E1
1.707306558E1,-3.120982051E-1,-2.604912949E1,9.342769623E0,2.767565530E1
1.707805063E1,4.716741085E0,-3.048996735E1,3.766621590E0,3.108171799E1
1.708303574E1,1.020072174E1,-3.259379578E1,-1.856384873E0,3.420316377E1
1.708801876E1,1.502131939E1,-3.094262123E1,-3.460733414E0,3.456967632E1
1.709300370E1,1.747406960E1,-2.568781853E1,-1.388251305E0,3.109878407E1
1.709798870E1,1.733995819E1,-1.970431900E1,2.331562638E-1,2.624859423E1
1.710297365E1,1.652220917E1,-1.557508469E1,-3.275175095E-1,2.270845496E1
1.710795662E1,1.589191532E1,-1.269829178E1,-1.674836159E0,2.041089569E1
1.711294152E1,1.476822472E1,-1.058336449E1,-4.110312939E0,1.862800949E1
1.711792636E1,1.291296959E1,-9.151368141E0,-6.962110043E0,1.729055519E1
1.712291126E1,9.985463142E0,-8.291506767E0,-1.033839607E1,1.659340206E1
1.712788886E1,5.729473591E0,-7.439921379E0,-1.129357147E1,1.468754759E1
1.713287339E1,-2.576062083E-2,-6.453875542E0,-8.788533211E0,1.090373739E1
1.713785787E1,-5.781208038E0,-5.509745598E0,-6.491138935E0,1.029147937E1
1.714284235E1,-1.067075062E1,-4.660523415E0,-5.862512112E0,1.303665776E1
1.714782271E1,-1.368417549E1,-4.628863335E0,-8.147237778E0,1.658494854E1
1.715280698E1,-1.327614594E1,-5.334127426E0,-1.148871899E1,1.834937684E1
1.715779131E1,-1.079301643E1,-5.955502510E0,-1.389231682E1,1.857292870E1
1.716277558E1,-6.736387253E0,-5.888392448E0,-1.472117043E1,1.722686674E1
1.716776724E1,-2.305072308E0,-5.438267708E0,-1.418585205E1,1.536640857E1
1.717275193E1,1.667537570E0,-5.090608597E0,-1.300448704E1,1.406455334E1
1.717773657E1,4.831559658E0,-3.808233261E0,-1.290574265E1,1.429702076E1
1.718272126E1,7.980772018E0,-2.276770592E0,-1.274824047E1,1.521164164E1
1.718771724E1,9.954370499E0,7.960891724E-2,-1.234093475E1,1.585542495E1
1.719270251E1,1.144087696E1,2.927167892E0,-1.204225731E1,1.686647380E1
1.719768771E1,1.340005493E1,5.028628826E0,-1.170629025E1,1.849015444E1
1.720267292E1,1.562889671E1,6.076432228E0,-1.023912048E1,1.964751967E1
1.720765475E1,1.670995903E1,6.817998886E0,-7.099909306E0,1.939372455E1
1.721263985E1,1.637464905E1,7.803478718E0,-3.673847198E0,1.850731112E1
1.721762490E1,1.482808304E1,9.006033897E0,-4.416394830E-1,1.735441554E1
1.722260995E1,1.305310154E1,9.886943817E0,2.483410597E0,1.656207855E1
1.722758886E1,1.169734192E1,1.044656181E1,4.707385063E0,1.637430719E1
1.723257360E1,1.048840618E1,1.113781166E1,5.437117100E0,1.623637137E1
1.723755834E1,9.283330917E0,1.208073235E1,4.525531292E0,1.589354461E1
1.724254313E1,8.437578201E0,1.296209908E1,1.927912951E0,1.558607028E1
1.724753001E1,7.585238457E0,1.351219940E1,-1.609739065E0,1.557904474E1
1.725251490E1,6.698906898E0,1.317463493E1,-4.434324741E0,1.543080021E1
1.725749974E1,5.831333637E0,1.187177086E1,-6.157697678E0,1.458974421E1
1.726248459E1,5.114776134E0,1.067363930E1,-6.444012642E0,1.347637970E1
1.726746803E1,4.432210922E0,9.950208664E0,-5.182327271E0,1.206265568E1
1.727245282E1,3.965342760E0,9.571041107E0,-3.412239075E0,1.090743538E1
1.727743761E1,3.610917091E0,9.654706955E0,-1.633863688E0,1.043655112E1
1.728242240E1,3.409676075E0,9.934779167E0,-7.519872785E-1,1.053048968E1
1.728740474E1,3.606616259E0,9.951534271E0,-1.292478919E0,1.066354617E1
1.729238943E1,4.048795700E0,9.667023659E0,-2.570131779E0,1.079118485E1
1.729737407E1,4.262761116E0,9.277821541E0,-4.094402790E0,1.100060176E1
1.730235876E1,4.172690392E0,8.783989906E0,-4.787555695E0,1.083930410E1
1.730734245E1,3.683609009E0,8.156650543E0,-4.650044441E0,1.008577398E1
1.731232704E1,2.848793268E0,7.476873875E0,-4.124591827E0,9.001751150E0
1.731731167E1,1.870036125E0,6.892594337E0,-3.117532969E0,7.792554371E0
1.732229626E1,7.952370644E-1,6.480005264E0,-1.337986946E0,6.664313864E0
1.732728777E1,-1.239150763E-1,5.977959633E0,4.866171777E-1,5.999012635E0
1.733227271E1,-7.115193605E-1,5.240212440E0,1.810215950E0,5.589540948E0
1.733725771E1,-5.313848257E-1,4.091872215E0,2.854905844E0,5.017596580E0
1.734224261E1,3.579787016E-1,2.573476791E0,4.193673134E0,4.933338211E0
1.734722678E1,1.510168314E0,7.163629532E-1,5.174865723E0,5.438108078E0
1.735221167E1,2.420753002E0,-1.550731659E0,5.006740093E0,5.773409750E0
1.735719662E1,3.338876009E0,-4.284893036E0,3.905668259E0,6.690489211E0
1.736218152E1,4.591723442E0,-7.844537735E0,2.379237175E0,9.395821730E0
1.736717126E1,5.935930252E0,-1.287434578E1,1.057264924E0,1.421625324E1
1.737215641E1,7.705115795E0,-1.897507095E1,9.309222698E-1,2.050094494E1
1.737714157E1,8.369997978E0,-2.450637817E1,-1.039502978E0,2.591717585E1
1.738212672E1,6.673277378E0,-2.931365585E1,-4.879689217E0,3.045709141E1
1.738709735E1,2.653759718E0,-3.203386688E1,-8.221513748E0,3.317837182E1
1.739208178E1,-2.610065460E0,-3.144701576E1,-1.044007778E1,3.323736551E1
1.739706620E1,-7.567664623E0,-2.880368233E1,-1.111060905E1,3.178627529E1
1.740205063E1,-1.139818287E1,-2.642116547E1,-9.917839050E0,3.043616416E1
1.740705344E1,-1.383076668E1,-2.475753403E1,-7.310594559E0,2.928601016E1
1.741203881E1,-1.459134102E1,-2.364071274E1,-4.337375641E0,2.811766987E1
1.741702417E1,-1.431950283E1,-2.180742836E1,-1.157753944E0,2.611422002E1
1.742200948E1,-1.378189278E1,-1.965757942E1,2.687067032E0,2.415742798E1
1.742698303E1,-1.321764755E1,-1.789358902E1,6.809972763E0,2.326504812E1
1.743196782E1,-1.186169243E1,-1.620089722E1,9.685304642E0,2.229291241E1
1.743695251E1,-1.058435249E1,-1.399180508E1,1.051728725E1,2.045513281E1
1.744193730E1,-9.424150467E0,-1.159129047E1,1.288718891E1,1.972947706E1
1.744692969E1,-7.439612865E0,-9.699822426E0,1.631623840E1,2.038759501E1
1.745191480E1,-3.597187519E0,-7.809743881E0,1.636581039E1,1.848706595E1
1.745689995E1,6.515365839E-1,-6.341320992E0,1.340813637E1,1.484637911E1
1.746188506E1,4.472225666E0,-5.364894867E0,9.533688545E0,1.181838046E1
1.746686907E1,8.461493492E0,-4.772571564E0,6.469790459E0,1.167186789E1
1.747185417E1,1.245722198E1,-4.895321846E0,3.477354050E0,1.382890259E1
1.747683928E1,1.412042236E1,-4.338889122E0,-3.375010490E-1,1.477586524E1
1.748182433E1,1.312955475E1,-3.714158058E0,-1.412642479E0,1.371771616E1
1.748680287E1,1.047137451E1,-3.122873306E0,-5.236916542E-1,1.093966521E1
1.749178761E1,8.159589767E0,-2.617398262E0,1.276304483E0,8.663638495E0
1.749677240E1,6.817721844E0,-2.356541634E0,3.246522903E0,7.910406473E0
1.750175714E1,5.071003914E0,-1.610766411E0,4.238577366E0,6.802586803E0
1.750674563E1,2.607826710E0,-1.886568069E-1,4.762041569E0,5.432622888E0
1.751173058E1,-1.979987621E-1,1.505029678E0,4.950629234E0,5.178131676E0
1.751671547E1,-2.837056637E0,3.288350582E0,5.014590263E0,6.633871827E0
1.752170047E1,-5.220324039E0,5.032312870E0,5.086693287E0,8.857223295E0
1.752668209E1,-7.205111980E0,6.844486713E0,4.890758991E0,1.107610764E1
1.753166688E1,-8.800796509E0,8.638231277E0,4.658070564E0,1.318221075E1
1.753665162E1,-9.766523361E0,1.010699844E1,4.777004719E0,1.484439861E1
1.754163641E1,-1.031268311E1,1.115303135E1,4.739686966E0,1.591245341E1
1.754662256E1,-1.119216347E1,1.236250401E1,4.061906338E0,1.716377323E1
1.755160740E1,-1.161920929E1,1.347687531E1,4.648757458E0,1.839138762E1
1.755659224E1,-1.166745663E1,1.461885071E1,5.683760166E0,1.954854137E1
1.756157709E1,-1.154426098E1,1.595649147E1,7.231302261E0,2.098026010E1
1.756656074E1,-1.176755905E1,1.724897194E1,8.735868454E0,2.263444006E1
1.757154553E1,-1.227773476E1,1.824180984E1,9.893026352E0,2.411178897E1
1.757653032E1,-1.275183105E1,1.862763596E1,1.114689064E1,2.517640140E1
1.758151511E1,-1.302975368E1,1.858609009E1,1.145930672E1,2.542701194E1
1.758650063E1,-1.307249546E1,1.825717926E1,1.066812706E1,2.486008180E1
1.759148542E1,-1.298085499E1,1.809345627E1,9.596538544E0,2.424807844E1
1.759647027E1,-1.303728104E1,1.775843048E1,9.234466553E0,2.388740092E1
1.760145511E1,-1.311443138E1,1.702887535E1,8.544661522E0,2.312968108E1
1.760643084E1,-1.290550041E1,1.604029274E1,7.967505455E0,2.207541790E1
1.761141521E1,-1.284321022E1,1.529635239E1,7.816117764E0,2.144803352E1
1.761639954E1,-1.271211338E1,1.470794678E1,7.842495918E0,2.096249668E1
1.762138391E1,-1.226400948E1,1.379473305E1,8.141916275E0,2.017402758E1
1.762637287E1,-1.139748001E1,1.269661999E1,7.431721687E0,1.861013694E1
1.763135740E1,-9.058193207E0,1.089968109E1,4.191012383E0,1.477898836E1
1.763634198E1,-5.202329636E0,8.161710739E0,5.810849667E-1,9.696154679E0
1.764132657E1,-4.432018995E-1,4.879274845E0,-3.418751955E0,5.974246050E0
1.764632297E1,5.011053085E0,1.390629768E0,-9.786420822E0,1.108235249E1
1.765130813E1,1.134173298E1,-3.190306664E0,-2.027400780E1,2.344884551E1
1.765629334E1,1.631731796E1,-9.075248718E0,-3.212741470E1,3.715892598E1
1.766127850E1,1.819666290E1,-1.362739277E1,-3.471199799E1,4.149394147E1
1.766626089E1,1.857896805E1,-1.589586258E1,-2.902758217E1,3.795335331E1
1.767124594E1,1.828749657E1,-1.655014038E1,-2.286786461E1,3.363448987E1
1.767623100E1,1.837800407E1,-1.627059937E1,-1.796985626E1,3.042037428E1
1.768121600E1,1.685290718E1,-1.464175415E1,-9.855817795E0,2.440365935E1
1.768619646E1,1.033606529E1,-1.041323090E1,3.991021872E0,1.520519250E1
1.769118131E1,3.240568638E-1,-4.475286484E0,2.018873787E1,2.068135244E1
1.769616610E1,-1.066446018E1,2.296190262E-1,2.964242935E1,3.150328640E1
1.770115089E1,-1.964131546E1,-7.917385101E-1,3.030503082E1,3.612205720E1
1.770613277E1,-3.045922470E1,-8.778633118E0,2.201266479E1,3.859256638E1
1.771111745E1,-4.173089981E1,-1.601502800E1,-2.754058361E0,4.478318834E1
1.771610209E1,-4.179832458E1,-1.889237595E1,-1.780940247E1,4.920565641E1
1.772108678E1,-3.418304443E1,-2.082767677E1,-9.748279572E0,4.119832037E1
1.772608074E1,-1.755671310E1,-2.030154800E1,1.802259827E1,3.232963153E1
1.773106584E1,-1.428997755E0,-1.403197193E1,3.486181641E1,3.760697427E1
1.773605100E1,7.393375397E0,-1.026319981E1,3.006092834E1,3.261371924E1
1.774103610E1,1.587066746E1,-8.326278687E0,9.195041656E0,2.014333124E1
1.774602068E1,1.957176018E1,-4.762712479E0,-8.627040863E0,2.191262332E1
1.775100584E1,1.340452480E1,2.157108784E0,-4.117815495E0,1.418769918E1
1.775599089E1,5.387888432E0,8.369661331E0,1.083382034E1,1.471231579E1
1.776097605E1,2.148695230E0,1.108077526E1,1.500386047E1,1.877541746E1
1.776595672E1,1.697911859E0,1.204029655E1,1.254362583E1,1.746980809E1
1.777094157E1,1.300919890E0,1.265695667E1,1.152002621E1,1.716397240E1
1.777592646E1,7.314059734E-1,1.301968575E1,1.015676689E1,1.652897714E1
1.778091136E1,-2.181684971E-1,1.300145531E1,9.444416046E0,1.607116773E1
1.778589454E1,-1.786582708E0,1.225629330E1,8.906034470E0,1.525536146E1
1.779087933E1,-4.661271095E0,9.756735802E0,7.612276077E0,1.322376984E1
1.779586412E1,-7.589115620E0,5.113208771E0,6.496028900E0,1.122220884E1
1.780084896E1,-9.323409081E0,-2.452233315E0,5.806131840E0,1.125391363E1
1.780582881E1,-1.071716309E1,-9.929252625E0,5.227847099E0,1.551702380E1
1.781081334E1,-8.633715630E0,-1.591399384E1,5.835602760E0,1.902236854E1
1.781579787E1,-3.181270123E0,-2.182939529E1,6.574918747E0,2.301896034E1
1.782078245E1,2.532938242E0,-2.666781616E1,5.610065460E0,2.736897933E1
1.782576355E1,7.594557762E0,-2.978261757E1,3.545995474E0,3.093954914E1
1.783074792E1,1.116627598E1,-3.067245483E1,1.480982542E0,3.267535025E1
1.783573230E1,1.275510597E1,-2.956605911E1,-5.493369102E-1,3.220475665E1
1.784071667E1,1.287476635E1,-2.592337227E1,-2.092341423E0,2.901997124E1
1.784571521E1,1.157348156E1,-2.008529663E1,-2.838068247E0,2.335421263E1
1.785070032E1,9.605869293E0,-1.435547256E1,-2.955962181E0,1.752398442E1
1.785568537E1,8.024596214E0,-1.011920738E1,-3.131741524E0,1.328910484E1
1.786067047E1,7.757055283E0,-7.755631447E0,-3.448019028E0,1.149828513E1
1.786565011E1,7.272995949E0,-5.957038879E0,-5.022856236E0,1.065888676E1
1.787063490E1,5.880863190E0,-4.167802811E0,-7.599775314E0,1.047433611E1
1.787561974E1,4.236350536E0,-2.675476074E0,-8.673990250E0,1.001713257E1
1.788060454E1,2.450654984E0,-1.551883698E0,-8.607973099E0,9.083570538E0
1.788559297E1,7.226272821E-1,-7.846355438E-1,-7.862399101E0,7.934428949E0
1.789057797E1,-1.382794380E0,-1.030035019E-1,-6.761707306E0,6.902421004E0
1.789556297E1,-3.603922367E0,7.178421021E-1,-6.018809795E0,7.051923501E0
1.790054797E1,-5.192149162E0,9.842119217E-1,-6.206058502E0,8.151211454E0
1.790552516E1,-5.685794353E0,7.277479172E-1,-7.983716965E0,9.828408367E0
1.791050975E1,-5.082187176E0,4.716396332E-2,-9.516916275E0,1.078900117E1
1.791549433E1,-4.162650585E0,-9.945297241E-1,-1.029015160E1,1.114468345E1
1.792047896E1,-3.192470074E0,-1.726902008E0,-1.089987183E1,1.148830978E1
1.792546782E1,-2.561631203E0,-1.666962624E0,-1.087286758E1,1.129424492E1
1.793045261E1,-2.219346762E0,-7.387895584E-1,-9.638102531E0,9.917879333E0
1.793543745E1,-1.568636775E0,7.580394745E-1,-8.021420479E0,8.208436616E0
1.794042224E1,-5.338446498E-1,2.622199059E0,-6.122249126E0,6.681530691E0
1.794541058E1,9.446068406E-1,4.602270603E0,-4.431438923E0,6.458392038E0
1.795039558E1,2.727846861E0,6.537906647E0,-3.545744658E0,7.921974312E0
1.795538053E1,4.760194778E0,8.242606163E0,-3.364166260E0,1.009542596E1
1.796036558E1,6.862889290E0,9.487087250E0,-3.132015705E0,1.212079190E1
1.796534058E1,8.896599770E0,1.031995201E1,-2.559771299E0,1.386374142E1
1.797032511E1,1.043985653E1,1.086874390E1,-2.379479885E0,1.525719905E1
1.797530964E1,1.157842255E1,1.105517197E1,-1.869881749E0,1.611747975E1
1.798029407E1,1.243201637E1,1.087519073E1,-8.014653921E-1,1.653684224E1
1.798528428E1,1.282919121E1,1.059747601E1,-1.565413475E-1,1.664088789E1
1.799026907E1,1.268538761E1,1.036594582E1,-2.346223593E-1,1.638374008E1
1.799525386E1,1.203223038E1,1.024506569E1,-3.939375877E-1,1.580794502E1
1.800023860E1,1.126851463E1,1.005276394E1,-5.200357437E-1,1.510986175E1
1.800522209E1,1.032390404E1,9.858321190E0,-1.424470425E0,1.434568253E1
1.801020683E1,9.051710129E0,9.403020859E0,-3.284775257E0,1.345882632E1
1.801519152E1,7.905243397E0,8.724624634E0,-5.413198471E0,1.295818914E1
1.802017626E1,6.633140087E0,7.853458405E0,-6.777445316E0,1.231296558E1
1.802516839E1,4.038113117E0,6.336928368E0,-6.231427193E0,9.761849391E0
1.803015350E1,7.905174494E-1,4.455171585E0,-3.878041029E0,5.959251120E0
1.803513860E1,-1.276232243E0,2.995209217E0,-1.561985254E0,3.611072545E0
1.804012370E1,-2.437755823E0,2.088100910E0,-2.683887482E-1,3.221001612E0
1.804511318E1,-2.701399326E0,1.223202705E0,2.733669281E-1,2.978004811E0
1.805009839E1,-1.865326405E0,-1.746807098E-1,1.273036242E0,2.265077751E0
1.805508376E1,-4.102778435E-1,-2.029575348E0,2.395739317E0,3.166555049E0
1.806006902E1,6.518836021E-1,-4.116949081E0,2.948925495E0,5.105916524E0
1.806505428E1,1.804169178E0,-6.661932945E0,4.630733490E0,8.311442092E0
1.807002282E1,2.636415482E0,-9.460203171E0,6.308968544E0,1.167258389E1
1.807500735E1,3.085767269E0,-1.249595642E1,7.444546700E0,1.486916817E1
1.807999188E1,2.940430403E0,-1.646984863E1,8.056756020E0,1.856915083E1
1.808497646E1,3.236174583E0,-2.198906136E1,5.835432053E0,2.297920609E1
1.808997792E1,3.360837460E0,-2.691936493E1,1.546045303E0,2.717237002E1
1.809496329E1,1.740632296E0,-2.876272964E1,-2.825746059E0,2.895357073E1
1.809994870E1,-1.374547124E0,-2.709262466E1,-7.143436909E0,2.805224379E1
1.810493412E1,-5.272220135E0,-2.372830391E1,-9.033421516E0,2.593128257E1
1.810989865E1,-7.795630455E0,-2.009632111E1,-8.343644142E0,2.311385675E1
1.811488297E1,-8.416964531E0,-1.593835926E1,-5.528044701E0,1.885300682E1
1.811986740E1,-8.096055984E0,-1.229660320E1,-1.393773079E0,1.478834596E1
1.812485172E1,-7.153105736E0,-9.459753990E0,3.046356916E0,1.224476042E1
1.812983339E1,-6.174104214E0,-7.232373238E0,8.120624542E0,1.250485220E1
1.813481766E1,-6.003394604E0,-5.168805122E0,1.369203949E1,1.581863580E1
1.813980188E1,-5.840773106E0,-3.181642532E0,1.518081284E1,1.657391197E1
1.814478610E1,-5.438686371E0,-1.590126991E0,1.605952454E1,1.702986029E1
1.814977688E1,-4.931398392E0,-5.387563705E-1,1.693270111E1,1.764441315E1
1.815476141E1,-4.563531876E0,2.495260239E-1,1.536915970E1,1.603431184E1
1.815974594E1,-3.708176136E0,8.301625252E-1,1.407601166E1,1.457991235E1
1.816473053E1,-2.354750872E0,1.114810944E0,1.304782295E1,1.330538759E1
1.816972985E1,-4.914098084E-1,8.831672668E-1,1.078495407E1,1.083220672E1
1.817471516E1,1.747315645E0,-5.021190643E-2,6.995603561E0,7.210693614E0
1.817970047E1,3.751800776E0,-1.452702522E0,3.437076092E0,5.291488046E0
1.818468579E1,5.262191296E0,-2.790968895E0,1.754901171E0,6.209657215E0
1.818966792E1,5.489305496E0,-3.316646576E0,1.127581358E0,6.511839914E0
1.819465303E1,3.875045300E0,-2.642086029E0,9.223082066E-1,4.779879401E0
1.819963818E1,1.197994232E0,-1.112665176E0,1.946380615E0,2.541969999E0
1.820462334E1,-6.388885379E-1,4.570255280E-1,4.018415451E0,4.094473548E0
1.820960068E1,-1.845599532E0,1.822873116E0,5.798789024E0,6.352563119E0
1.821458547E1,-2.750965595E0,3.063279629E0,6.722534180E0,7.883144017E0
1.821957016E1,-3.402127266E0,4.181378365E0,7.178827286E0,8.977413668E0
1.822455495E1,-4.059186459E0,5.311204910E0,7.332676411E0,9.922400700E0
1.822954355E1,-4.519952774E0,6.196702003E0,7.416216373E0,1.066908403E1
1.823452850E1,-4.918992996E0,7.000299454E0,7.253098488E0,1.121642199E1
1.823951344E1,-5.272954941E0,7.793132782E0,6.596094131E0,1.149110222E1
1.824449839E1,-5.189838886E0,8.629188538E0,6.019188881E0,1.173149425E1
1.824947980E1,-4.925963402E0,9.416601181E0,5.885262489E0,1.214799604E1
1.825446459E1,-4.913940430E0,1.026962948E1,6.156800747E0,1.294288591E1
1.825944933E1,-5.032734394E0,1.122659206E1,6.866625309E0,1.408954676E1
1.826443407E1,-5.287807465E0,1.219457436E1,7.436993599E0,1.523080514E1
1.826942074E1,-5.882588387E0,1.287971878E1,7.057032108E0,1.582067332E1
1.827440563E1,-6.016894817E0,1.311487198E1,6.213652611E0,1.571026318E1
1.827939042E1,-5.897372723E0,1.287853718E1,4.399176121E0,1.483200848E1
1.828437532E1,-5.421368599E0,1.184256935E1,1.160566568E0,1.307610803E1
1.828938735E1,-4.813635826E0,1.097977257E1,-1.114996672E0,1.204033692E1
1.829437355E1,-4.015330791E0,9.802824974E0,-3.094928741E0,1.103616069E1
1.829935980E1,-3.087212324E0,9.672472000E0,-4.648627758E0,1.116679607E1
1.830434600E1,-2.131377697E0,9.979009628E0,-6.798086166E0,1.226121444E1
1.830929667E1,-2.969693542E-1,7.984262466E0,-1.613521576E1,1.800505000E1
1.831428110E1,3.879623652E0,2.690237522E0,-3.405590057E1,3.438158259E1
1.831926553E1,9.217213631E0,-2.284979820E0,-3.746758270E1,3.865226919E1
1.832425001E1,1.632267761E1,-4.717074394E0,-3.156939125E1,3.585117933E1
1.832923641E1,1.775629234E1,-5.576232910E0,-1.726497459E1,2.538620962E1
1.833422094E1,1.372681713E1,-4.603652000E0,6.794871330E0,1.599341729E1
1.833920547E1,9.634325981E0,-2.352901459E0,2.721717262E1,2.896775566E1
1.834419001E1,8.354128838E0,-6.129064560E-1,3.752198410E1,3.844562932E1
1.834916600E1,8.668263435E0,-4.044942856E-1,4.068021011E1,4.159545530E1
1.835415011E1,5.253467083E0,-1.663165092E0,3.493622208E1,3.536813039E1
1.835913422E1,1.186592102E0,-3.445113182E0,1.155243111E1,1.211344171E1
1.836411834E1,-1.639540195E0,-5.851582527E0,-8.827478886E-1,6.140712822E0
1.836911417E1,-3.704335690E0,-6.038191795E0,1.012106037E1,1.235385471E1
1.837409891E1,-8.072549820E0,-6.593643188E0,1.204866600E1,1.593149533E1
1.837908355E1,-1.069652653E1,-1.296882629E1,4.430555344E0,1.738493474E1
1.838406824E1,-6.982690811E0,-2.059309769E1,3.568480730E0,2.203560070E1
1.838905235E1,6.996865869E-1,-2.758924103E1,3.737668276E0,2.785006187E1
1.839403704E1,6.667360783E0,-3.228722382E1,4.913127422E0,3.333252680E1
1.839902167E1,1.030950832E1,-3.150444794E1,7.184380531E0,3.391801181E1
1.840400636E1,1.274271584E1,-2.313066101E1,7.223817348E0,2.737860155E1
1.840899610E1,1.210466385E1,-1.461191654E1,1.197978115E1,2.243983396E1
1.841398105E1,1.232650089E1,-9.371034622E0,1.911763763E1,2.460168659E1
1.841896594E1,1.115720177E1,-8.078707695E0,2.001903534E1,2.430042068E1
1.842395084E1,7.423624039E0,-8.184603691E0,1.772658157E1,2.088850463E1
1.842893433E1,2.839935780E0,-7.823420525E0,1.558465385E1,1.766784027E1
1.843391917E1,-2.700490475E0,-6.653409004E0,1.265904236E1,1.455375737E1
1.843890402E1,-9.766381264E0,-4.894383430E0,7.000429630E0,1.297471415E1
1.844388886E1,-1.669387436E1,-2.923188210E0,-1.758422613E0,1.703885326E1
1.844887178E1,-2.122043610E1,-1.371635437E0,-5.314716339E0,2.191881616E1
1.845385652E1,-2.064261436E1,-1.661360741E0,-4.405613422E0,2.117279096E1
1.845884126E1,-1.607660103E1,-3.351402283E0,-2.619580269E0,1.662982858E1
1.846382605E1,-1.178677940E1,-5.260336876E0,-1.331579685E-2,1.290734249E1
1.846881141E1,-8.371074677E0,-6.843032837E0,1.230350614E0,1.088190021E1
1.847379620E1,-5.402746201E0,-7.958188057E0,-6.692668200E-1,9.642112929E0
1.847878100E1,-1.676503062E0,-8.962568283E0,-3.450346947E0,9.749009529E0
1.848376579E1,1.973705888E0,-9.664625168E0,-7.201911926E0,1.221343645E1
1.848875490E1,4.935624123E0,-9.437944412E0,-1.197929192E1,1.602930488E1
1.849373985E1,6.367535114E0,-8.666304588E0,-1.664507484E1,1.981688309E1
1.849872490E1,5.915831566E0,-7.066367149E0,-1.892641449E1,2.105088533E1
1.850370990E1,3.949957132E0,-4.675765038E0,-1.977693748E1,2.070246836E1
1.850869324E1,4.149998426E-1,-2.448119164E0,-1.950880051E1,1.966618442E1
1.851367818E1,-2.071495056E0,3.952808380E-1,-1.140233040E1,1.159570943E1
1.851866308E1,-1.927786231E0,3.048452854E0,-3.196554661E0,4.819479874E0
1.852364797E1,-1.036151409E0,5.792298794E0,-1.262080669E0,6.018071342E0
1.852862495E1,-8.648566008E-1,6.689822197E0,3.151054859E0,7.445189366E0
1.853360948E1,-1.285521388E0,7.136548996E0,7.502319336E0,1.043396819E1
1.853859402E1,-1.572348118E0,7.984648228E0,7.714910507E0,1.121368495E1
1.854357850E1,-2.009691000E0,8.596079826E0,5.176076889E0,1.023343629E1
1.854857574E1,-2.223908901E0,1.007994080E1,8.540756226E0,1.339759285E1
1.855356089E1,-2.626345873E0,1.147579861E1,1.004064941E1,1.547275951E1
1.855854605E1,-3.254419088E0,1.242876816E1,1.016059685E1,1.637996489E1
1.856353120E1,-3.780452013E0,1.328457737E1,1.084037209E1,1.755806026E1
1.856849724E1,-4.583934784E0,1.410641003E1,1.098736095E1,1.845874759E1
1.857348146E1,-5.390356064E0,1.488219452E1,1.019094276E1,1.882527468E1
1.857846563E1,-6.334814072E0,1.540764141E1,9.177593231E0,1.901981863E1
1.858344985E1,-7.263930798E0,1.530621529E1,8.838684082E0,1.910934989E1
1.858845084E1,-8.105969429E0,1.460171890E1,9.229934692E0,1.908163069E1
1.859343584E1,-8.195870399E0,1.304840565E1,1.015773010E1,1.845569458E1
1.859842089E1,-7.179151058E0,1.105648136E1,1.067527199E1,1.696311947E1
1.860340589E1,-5.517966270E0,9.104738235E0,1.045142078E1,1.491899482E1
1.860839209E1,-3.958366871E0,7.353260040E0,9.583313942E0,1.271137316E1
1.861337719E1,-2.573763371E0,5.985904694E0,7.919055939E0,1.025508459E1
1.861836230E1,-1.121676683E0,5.492211819E0,5.468174934E0,7.830931385E0
1.862334740E1,2.857867181E-1,5.174611568E0,2.912323713E0,5.944737870E0
1.862833079E1,1.598180532E0,5.352434158E0,-2.687132359E-2,5.586005236E0
1.863331574E1,2.433233023E0,6.114903450E0,-2.372286797E0,6.995742405E0
1.863830079E1,2.664736986E0,7.089871883E0,-3.855915546E0,8.499128851E0
1.864328579E1,2.737945557E0,8.372323036E0,-3.836257458E0,9.607757812E0
1.864827141E1,2.542301416E0,9.447844505E0,-3.927624226E0,1.054283142E1
1.865325641E1,1.671654701E0,9.312153816E0,-5.131181240E0,1.076288340E1
1.865824146E1,-9.224872589E-1,7.906202316E0,-5.204623222E0,9.510369115E0
1.866322646E1,-3.444661379E0,7.249418259E0,-4.746792316E0,9.324794604E0
1.866821193E1,-3.979949236E0,7.214501858E0,-4.702657700E0,9.487044978E0
1.867319704E1,-3.471794605E0,6.192133904E0,-3.833612919E0,8.067990337E0
1.867818204E1,-2.633913517E0,4.455189705E0,-4.082670212E0,6.591996039E0
1.868316714E1,-1.240208983E0,3.332225800E0,-6.560331821E0,7.461889889E0
1.868814344E1,1.495720863E0,2.534446716E-1,-5.869105339E0,6.061997409E0
1.869312803E1,1.712345839E0,-2.609271049E0,-7.081848383E-1,3.200304586E0
1.869811266E1,7.247034311E-1,-4.831010818E0,6.433895111E0,8.078296039E0
1.870309730E1,-9.250612855E-1,-8.586602211E0,1.179777718E1,1.462097884E1
1.870808407E1,-4.229201317E0,-1.309191227E1,1.233534050E1,1.847822870E1
1.871306881E1,-7.312456131E0,-1.663537979E1,9.168832779E0,2.035375567E1
1.871805355E1,-7.831622124E0,-1.882298279E1,2.098396778E0,2.049493243E1
1.872303824E1,-4.669510841E0,-1.790083504E1,-7.205784321E0,1.985365342E1
1.872802844E1,9.305201173E-1,-1.335624504E1,-1.236929893E1,1.822785521E1
1.873301339E1,7.828178883E0,-1.064487743E1,-9.144611359E0,1.606915421E1
1.873799844E1,1.187273884E1,-8.356757164E0,-6.020736694E-1,1.453133891E1
1.874298339E1,1.408021355E1,-6.216209412E0,8.073423386E0,1.738027152E1
1.874796027E1,1.498773098E1,-6.044669151E0,1.321121883E1,2.087358158E1
1.875294480E1,1.517082119E1,-5.776354790E0,1.370661068E1,2.124597060E1
1.875792943E1,1.511650467E1,-5.492208481E0,1.178190327E1,1.993705876E1
1.876291402E1,1.465338135E1,-5.548707962E0,7.600111961E0,1.741469055E1
1.876790438E1,1.329419708E1,-5.121219635E0,3.005964756E0,1.456016452E1
1.877288928E1,1.112589550E1,-4.032165527E0,7.701146603E-2,1.183426552E1
1.877787412E1,8.671775818E0,-2.931600571E0,-6.277089119E-1,9.175401693E0
1.878285902E1,6.563684464E0,-2.107303619E0,-3.896946907E-1,6.904675534E0
1.878782969E1,5.608050346E0,-1.270004272E0,6.100658178E-1,5.782328237E0
1.879281391E1,5.242718697E0,-9.048614502E-1,4.404430389E-1,5.338432696E0
1.879779803E1,6.266405582E0,-3.490104675E-1,4.358263969E0,7.640949683E0
1.880278219E1,6.056125641E0,-1.262962341E0,5.640175343E0,8.371577483E0
1.880778058E1,5.780721664E0,6.236362457E-1,6.325562477E0,8.591763834E0
1.881276547E1,7.782924175E0,2.926635742E-2,2.439888477E0,8.156458853E0
1.881775027E1,3.438235760E0,6.145858765E-2,2.143210173E0,4.051986197E0
1.882273516E1,-7.350579500E-1,1.093340874E0,2.426751375E0,2.761308873E0
1.882771631E1,-1.964584470E0,2.450895309E-1,1.452432752E0,2.455447396E0
1.883270100E1,-1.326182246E0,-1.818970680E0,1.858776808E-1,2.258752797E0
1.883768568E1,-2.096114159E-1,-4.584673882E0,-1.314059258E0,4.773879269E0
1.884267037E1,4.061189890E-1,-7.318063736E0,-2.430848122E0,7.721917642E0
1.884766053E1,5.016653538E-1,-9.059300423E0,-2.667179108E0,9.457083941E0
1.885264547E1,6.230262518E-1,-8.852921486E0,-2.349422216E0,9.180531864E0
1.885763042E1,5.174403191E-1,-7.622520447E0,-1.670123100E0,7.820477838E0
1.886261542E1,8.843551874E-1,-6.451057434E0,-9.534162879E-1,6.580822801E0
1.886760964E1,1.817459822E0,-5.405826569E0,-1.249793768E-1,5.704536873E0
1.887259506E1,2.796548367E0,-4.909727097E0,6.106782556E-1,5.683223633E0
1.887758047E1,3.659736156E0,-4.930699348E0,9.765239358E-1,6.217641337E0
1.888256589E1,4.473061562E0,-5.393861771E0,3.017206788E-1,7.013776437E0
1.888753688E1,4.984027863E0,-5.863464355E0,-1.256898403E0,7.797470204E0
1.889252157E1,3.794372082E0,-6.901507378E0,-2.867072344E0,8.381417983E0
1.889750631E1,2.314104557E0,-7.680562973E0,-4.193738461E0,9.051716399E0
1.890249100E1,1.306602240E0,-7.883456230E0,-5.340304375E0,9.611188395E0
1.890747370E1,3.639600873E-1,-8.027603149E0,-6.148249626E0,1.011809531E1
1.891245829E1,-8.565163612E-1,-7.680333138E0,-6.910688400E0,1.036719593E1
1.891744287E1,-2.082015514E0,-7.052847862E0,-6.604937553E0,9.884465168E0
1.892242751E1,-3.438684225E0,-6.451715469E0,-5.550263882E0,9.179031041E0
1.892741922E1,-4.693119049E0,-5.831564903E0,-4.396733284E0,8.681231433E0
1.893240417E1,-5.652045250E0,-5.283303261E0,-3.275249958E0,8.401557662E0
1.893738912E1,-6.321700096E0,-4.811574936E0,-2.392620802E0,8.296974133E0
1.894237412E1,-6.952772141E0,-4.430559158E0,-1.974245548E0,8.477531503E0
1.894735672E1,-7.440026760E0,-4.190283775E0,-1.864739895E0,8.740121920E0
1.895234157E1,-7.872406483E0,-4.083372116E0,-1.803339720E0,9.049903083E0
1.895732641E1,-8.288230896E0,-4.162220001E0,-1.761767387E0,9.440480446E0
1.896231120E1,-8.663981438E0,-4.333315849E0,-1.795361400E0,9.852183675E0
1.896728850E1,-8.963590622E0,-4.673017502E0,-1.887705088E0,1.028331075E1
1.897227303E1,-9.161282539E0,-5.056823730E0,-1.873573065E0,1.063065567E1
1.897725745E1,-9.035112381E0,-5.238380432E0,-1.918464422E0,1.061858705E1
1.898224193E1,-8.708302498E0,-5.177306175E0,-1.874588251E0,1.030306327E1
1.898722943E1,-8.192030907E0,-4.790204048E0,-1.879303455E0,9.674048102E0
1.899221402E1,-7.856118679E0,-4.065695763E0,-3.869289398E0,9.655044442E0
1.899719865E1,-7.620082378E0,-2.857127190E0,-6.557081223E0,1.045103561E1
1.900218329E1,-7.712066174E0,-1.881823540E0,-6.412546158E0,1.020480145E1
1.900716521E1,-8.487017632E0,-1.912284851E0,-2.901754379E0,9.170958516E0
1.901214969E1,-9.177092552E0,-2.450629234E0,1.730728149E-2,9.498679429E0
1.901713417E1,-9.198155403E0,-2.925352097E0,1.824470997E0,9.823056659E0
1.902211865E1,-8.747045517E0,-3.146591187E0,3.019778252E0,9.773991102E0
1.902710865E1,-7.906291008E0,-3.133246422E0,4.004448891E0,9.400121359E0
1.903209339E1,-6.975492001E0,-2.528812408E0,4.215994358E0,8.533873052E0
1.903707813E1,-6.841904640E0,-1.807289124E0,3.713140249E0,7.991580794E0
1.904206292E1,-6.934696674E0,-1.276993752E0,5.022135735E0,8.656938162E0
1.904705277E1,-6.108981133E0,-1.132811546E0,7.766198158E0,9.945689836E0
1.905203771E1,-4.745120525E0,-1.203407288E0,7.366227150E0,8.844527140E0
1.905702277E1,-3.635007858E0,-6.545515060E-1,5.450665474E0,6.584183618E0
1.906200782E1,-3.192591429E0,4.015970230E-1,3.383243084E0,4.669074209E0
1.906699860E1,-3.505976200E0,1.415662766E0,2.140870571E0,4.345031298E0
1.907198391E1,-3.982228041E0,2.088453770E0,1.236316681E0,4.663502788E0
1.907696922E1,-4.639327049E0,2.685525417E0,9.405798912E-1,5.442434452E0
1.908195454E1,-4.959205627E0,2.996550083E0,1.408809900E0,5.963034311E0
1.908692777E1,-4.811912060E0,3.144490719E0,2.129469872E0,6.130005015E0
1.909191245E1,-4.207302094E0,3.120561123E0,3.416588068E0,6.253988060E0
1.909689719E1,-3.796192169E0,3.040711880E0,3.985573053E0,6.288226800E0
1.910188183E1,-3.700582981E0,3.183173656E0,3.739892721E0,6.149285039E0
1.910687792E1,-3.315306425E0,3.495468616E0,3.820421696E0,6.148591666E0
1.911186318E1,-2.513910770E0,3.824787617E0,4.051482201E0,6.112549034E0
1.911684844E1,-1.347956896E0,3.979616642E0,4.251624107E0,5.977511519E0
1.912183376E1,-5.224601030E-1,3.959603786E0,4.742319584E0,6.200082398E0
1.912681193E1,-9.927225113E-2,3.963281631E0,4.856557846E0,6.269259157E0
1.913179683E1,3.544757366E-1,3.847150803E0,4.764543056E0,6.134092670E0
1.913678178E1,6.240752935E-1,4.020190239E0,4.435015202E0,6.018368497E0
1.914176667E1,4.806358814E-1,4.319180012E0,4.114500523E0,5.984600352E0
1.914674829E1,2.160797119E-1,4.853765011E0,4.044850826E0,6.321909793E0
1.915173303E1,-8.037674427E-2,5.391555786E0,4.075661182E0,6.759167722E0
1.915671777E1,-6.063051224E-1,5.841447830E0,4.111996174E0,7.169283869E0
1.916170256E1,-1.274542570E0,6.098171234E0,4.235806465E0,7.533538848E0
1.916668678E1,-2.076506138E0,6.248016357E0,4.500117302E0,7.975001058E0
1.917167152E1,-2.891386509E0,6.317729950E0,4.770539761E0,8.428041129E0
1.917665620E1,-3.782551765E0,6.272196293E0,5.201431274E0,8.983486600E0
1.918164100E1,-4.674367905E0,6.126787186E0,5.678679466E0,9.572598237E0
1.918662954E1,-5.598178387E0,6.014137268E0,6.131343842E0,1.025196692E1
1.919161443E1,-6.297721386E0,5.839376450E0,6.326531410E0,1.066698700E1
1.919659933E1,-6.770789146E0,6.055026054E0,6.331032753E0,1.107198726E1
1.920158428E1,-6.330545425E0,6.120510101E0,6.259911537E0,1.080383921E1
1.920656329E1,-5.360767365E0,6.358181953E0,5.884534359E0,1.018783829E1
1.921154787E1,-4.460642815E0,6.934484482E0,5.669787884E0,1.000654306E1
1.921653251E1,-3.586480141E0,6.739043236E0,4.721431732E0,8.976049306E0
1.922151714E1,-2.527775288E0,5.769394875E0,3.746389866E0,7.328779035E0
1.922650001E1,-1.825639009E0,4.869153500E0,3.056368113E0,6.031832196E0
1.923148454E1,-1.563407898E0,4.070710659E0,2.467982531E0,5.010575545E0
1.923646907E1,-1.150473475E0,3.327664852E0,1.879989028E0,3.991403429E0
1.924145360E1,-1.192310095E0,3.127077103E0,2.145239115E0,3.975206338E0
1.924643948E1,-1.282027960E0,1.626842022E0,-5.622224808E-1,2.146230363E0
1.925142407E1,-1.045594215E0,8.784093857E-1,-1.939265966E0,2.371839539E0
1.925640865E1,-4.269891381E-1,1.011433601E0,-2.297232151E0,2.546093716E0
1.926139324E1,2.036740780E-1,1.034738541E0,-2.869620323E0,3.057268025E0
1.926638511E1,5.882145762E-1,9.268808365E-1,-3.346544027E0,3.521996792E0
1.927137006E1,9.539762735E-1,5.495052338E-1,-4.069919586E0,4.216191667E0
1.927635501E1,1.871724963E0,-2.355585098E-1,-5.233256817E0,5.562896643E0
1.928134001E1,3.069373369E0,-1.502042770E0,-6.895105839E0,7.695431755E0
1.928632360E1,4.216804504E0,-2.874004364E0,-7.836911201E0,9.351925924E0
1.929130850E1,4.503152847E0,-3.635285378E0,-6.187988281E0,8.472596079E0
1.929629339E1,5.823069096E0,-5.415225029E0,-5.151676655E0,9.474838688E0
1.930127829E1,5.594323635E0,-6.983257294E0,-5.585912704E0,1.054821123E1
1.930626698E1,6.925696850E0,-7.659924507E0,-1.185476685E1,1.572180706E1
1.931125209E1,7.716107368E0,-7.996857643E0,-1.430904579E1,1.811730765E1
1.931623719E1,7.547434807E0,-6.991902351E0,-1.393099594E1,1.731828856E1
1.932122224E1,6.663726807E0,-5.261760712E0,-1.170266342E1,1.445834402E1
1.932619818E1,5.457936764E0,-3.445633888E0,-9.256229401E0,1.128446939E1
1.933118277E1,4.347229004E0,-2.090949059E0,-7.297085762E0,8.747452692E0
1.933616740E1,3.264673471E0,-1.474526405E0,-5.882858276E0,6.887695006E0
1.934115204E1,2.230111599E0,-1.234571457E0,-5.213665962E0,5.803436671E0
1.934614292E1,1.267911434E0,-1.205870628E0,-5.173384666E0,5.461284857E0
1.935112787E1,4.466520250E-1,-1.304528236E0,-4.723687172E0,4.920824367E0
1.935611282E1,-7.170286775E-2,-1.491814613E0,-3.536830187E0,3.839247311E0
1.936109771E1,-8.548200727E-1,-2.441658974E0,9.237302542E-1,2.746942570E0
1.936607933E1,-2.618791103E0,-3.879170418E0,7.302389622E0,8.673576204E0
1.937106412E1,-5.460382462E0,-5.141839981E0,1.276439095E1,1.480486309E1
1.937604891E1,-8.524852753E0,-5.470375061E0,1.656438637E1,1.941589590E1
1.938103365E1,-1.073288822E1,-4.609202385E0,1.786345482E1,2.134344523E1
1.938601355E1,-1.228630543E1,-3.441774368E0,1.723647690E1,2.144516840E1
1.939099808E1,-1.216989136E1,-2.829367638E0,1.472423553E1,1.931099917E1
1.939598261E1,-1.135132790E1,-3.123502731E0,1.095459461E1,1.608141963E1
1.940096714E1,-1.100459862E1,-4.414731026E0,7.574331284E0,1.406988042E1
1.940595469E1,-1.147947502E1,-5.477535248E0,3.961824656E0,1.332207918E1
1.941093938E1,-1.185391903E1,-5.149769783E0,1.153408527E0,1.297558771E1
1.941592407E1,-1.094426537E1,-4.714786530E0,-7.179691792E-1,1.193824259E1
1.942090876E1,-7.412889957E0,-3.836737633E0,-1.963389874E0,8.574753231E0
1.942589313E1,-2.143011808E0,-2.769633293E0,-1.367367029E0,3.759396332E0
1.943087782E1,3.005795956E0,-1.644536972E0,1.299587965E0,3.664456311E0
1.943586251E1,7.253150940E0,-7.845840454E-1,4.626845360E0,8.638950669E0
1.944084719E1,8.989919662E0,-1.866064072E-1,6.686653137E0,1.120557039E1
1.944584261E1,8.227849007E0,-3.348636627E-2,7.310486317E0,1.100644497E1
1.945082782E1,6.460666180E0,-7.538824081E-1,8.412277222E0,1.063367078E1
1.945581303E1,4.317032337E0,-2.301603317E0,1.053073692E1,1.161165648E1
1.946079829E1,2.795727015E0,-3.697402954E0,1.106952190E1,1.200088302E1
1.946577766E1,1.433697224E0,-4.248804092E0,1.027183247E1,1.120795995E1
1.947076256E1,3.235418797E-1,-4.188337326E0,9.385690689E0,1.028290030E1
1.947574751E1,-1.947717071E-1,-3.780328751E0,7.747426033E0,8.622727621E0
1.948073240E1,-2.553657591E-1,-3.163174629E0,6.005665779E0,6.792562613E0
1.948572068E1,-1.057856381E-1,-2.212282181E0,4.979082584E0,5.449462949E0
1.949070584E1,1.167624444E-1,-1.586995125E0,4.496375084E0,4.769651548E0
1.949569089E1,2.735145688E-1,-1.156040192E0,3.927496672E0,4.103226688E0
1.950067600E1,2.302665263E-1,-8.216810226E-1,3.188226700E0,3.300450252E0
1.950565141E1,1.388495564E-1,-5.173845291E-1,2.388301849E0,2.447642064E0
1.951063600E1,-3.343651891E-1,-4.490776062E-1,2.062385082E0,2.137031353E0
1.951562063E1,-1.110461473E0,-4.155902863E-1,2.037896633E0,2.357724042E0
1.952060521E1,-1.634801626E0,-2.873125076E-1,2.090392113E0,2.669244091E0
1.952558714E1,-2.269355059E0,-2.818679810E-2,2.287748098E0,3.222508067E0
1.953057167E1,-3.233177185E0,1.443872452E-1,2.539570332E0,4.113842468E0
1.953555615E1,-3.527184963E0,3.765487671E-1,2.289964676E0,4.222174908E0
1.954054058E1,-3.836513519E0,6.319007874E-1,1.861853242E0,4.310989687E0
1.954554063E1,-4.335690975E0,6.732511520E-1,1.685636759E0,4.700303674E0
1.955052589E1,-5.182937145E0,8.591861725E-1,1.404653072E0,5.438206376E0
1.955551115E1,-5.865571499E0,1.153647423E0,6.898110509E-1,6.017613370E0
1.956049641E1,-5.990039825E0,1.757310867E0,-2.945779562E-1,6.249439556E0
1.956547100E1,-5.488140106E0,2.382781982E0,-1.111728549E0,6.085496871E0
1.957045574E1,-4.480156898E0,2.537427902E0,-1.426577210E0,5.342795966E0
1.957544047E1,-3.214202881E0,2.157174587E0,-1.564517617E0,4.175190742E0
1.958042516E1,-1.820309877E0,1.572612762E0,-1.996640801E0,3.126213915E0
1.958541318E1,-6.095526218E-1,1.140153885E0,-2.936109543E0,3.208152822E0
1.959039808E1,1.291390061E-1,7.495126724E-1,-3.655071974E0,3.733362729E0
1.959538292E1,3.120727837E-1,1.568279266E-1,-3.963102341E0,3.978462590E0
1.960036782E1,-6.910633445E-1,-1.853094101E-1,-2.357467175E0,2.463647621E0
1.960534959E1,-2.283310890E0,5.080223083E-1,2.576005459E-2,2.339285974E0
1.961033433E1,-2.801406384E0,1.480495453E0,1.011654854E0,3.326137408E0
1.961531907E1,-2.030671597E0,1.923415661E0,1.389459014E0,3.123099628E0
1.962030381E1,-9.681268930E-1,1.906512260E0,2.023929119E0,2.944205794E0
1.962528475E1,-1.089365780E-1,1.691019058E0,2.772570133E0,3.249393448E0
1.963026922E1,2.638246417E-1,1.035840988E0,3.009090424E0,3.193304741E0
1.963525376E1,7.574673295E-1,3.146028519E-1,3.063144922E0,3.171054797E0
1.964023834E1,1.543105006E0,-4.175710678E-1,3.101865292E0,3.489571169E0
1.964523339E1,2.654039621E0,-8.018627167E-1,2.623410225E0,3.816961008E0
1.965021844E1,3.556028128E0,-6.782751083E-1,1.674921036E0,3.988828605E0
1.965520350E1,3.792724848E0,-5.423116684E-1,1.138045311E0,3.996750036E0
1.966018860E1,3.836199045E0,-3.294525146E-1,7.212908268E-1,3.917297861E0
1.966516438E1,4.069514275E0,2.465629578E-2,4.260185659E-1,4.091826754E0
1.967014896E1,4.047499180E0,2.184791565E-1,3.754869998E-1,4.070746030E0
1.967513360E1,3.708185434E0,3.549699783E-1,4.497677088E-2,3.725408140E0
1.968011818E1,3.356735229E0,9.385461807E-1,-6.943215728E-1,3.553958748E0
1.968510709E1,3.130609274E0,1.676718712E0,-1.396506667E0,3.816062229E0
1.969009188E1,2.658162594E0,2.236758232E0,-1.765143156E0,3.896748148E0
1.969507672E1,1.946450710E0,2.707220554E0,-2.234213352E0,4.013654544E0
1.970006157E1,1.524036765E0,2.958960056E0,-2.259728909E0,4.022997317E0
1.970503381E1,1.066153169E0,2.726874828E0,-1.577452064E0,3.325790721E0
1.971001803E1,5.256693959E-1,2.152809143E0,1.857409626E-1,2.223828956E0
1.971500219E1,1.640653610E-2,1.744344711E0,3.108873844E0,3.564842805E0
1.971998636E1,-4.905670285E-1,1.434511185E0,5.246567726E0,5.461222505E0
1.972498344E1,-6.935586333E-1,4.984340668E-1,3.966566086E0,4.057475399E0
1.972996824E1,-3.769990206E-1,-1.068491936E0,1.858961344E0,2.177048588E0
1.973495313E1,1.765000820E-2,-2.608070374E0,9.682494402E-1,2.782058514E0
1.973993792E1,3.018915057E-1,-3.785357475E0,5.069866776E-1,3.831071024E0
1.974492902E1,2.839027047E-1,-4.767988205E0,-4.631213471E-2,4.776657522E0
1.974991417E1,3.332524896E-1,-5.374403000E0,-1.446654797E0,5.575668115E0
1.975489928E1,1.806163788E-1,-5.659915924E0,-2.726622820E0,6.285041173E0
1.975988443E1,-3.988951445E-1,-5.839997292E0,-3.010632753E0,6.582445995E0
1.976486011E1,-6.901410818E-1,-5.802478790E0,-3.706981421E0,6.920026451E0
1.976984480E1,-8.587188721E-1,-4.988073349E0,-4.145018101E0,6.542128774E0
1.977482943E1,-7.853287458E-1,-4.114974022E0,-4.662989140E0,6.268430438E0
1.977981412E1,-5.424379110E-1,-2.353151321E0,-4.270036221E0,4.905585526E0
1.978480105E1,-6.900799274E-2,1.162338257E-2,-2.576666832E0,2.577616955E0
1.978978584E1,7.812752724E-1,4.673051834E-1,-2.203366041E0,2.384027495E0
1.979477058E1,1.793237686E0,-9.285078049E-1,-1.721475840E0,2.653546157E0
1.979975537E1,1.857703924E0,-3.311923981E0,-8.728292584E-1,3.896374628E0
1.980474162E1,1.524964690E0,-5.303904533E0,1.074489355E-1,5.519824805E0
1.980972646E1,8.518588543E-1,-5.692481995E0,1.176550865E0,5.874886101E0
1.981471131E1,-1.653593779E-1,-5.140039444E0,1.786282420E0,5.444093505E0
1.981969615E1,-9.917978048E-1,-4.356163979E0,2.440986156E0,5.090996063E0
1.982468407E1,-1.426758409E0,-3.827015877E0,3.066293001E0,5.107234364E0
1.982966907E1,-1.640330434E0,-3.652894020E0,3.239160061E0,5.150386059E0
1.983465407E1,-1.721917272E0,-3.460372925E0,2.942507267E0,4.857728778E0
1.983963907E1,-2.030973434E0,-3.323591232E0,2.215511322E0,4.481026912E0
1.984464959E1,-2.255413532E0,-2.773942947E0,1.035796642E0,3.722166622E0
1.984963594E1,-2.216918468E0,-2.388257980E0,-2.034350038E-1,3.264948618E0
1.985462224E1,-2.357701778E0,-2.613359451E0,-1.370066166E0,3.776967910E0
1.985960850E1,-2.605925322E0,-3.065639496E0,-2.530618906E0,4.753212003E0
1.986455876E1,-2.893070698E0,-3.208668709E0,-3.346324921E0,5.464732694E0
1.986954329E1,-3.145946026E0,-3.080725670E0,-3.710409403E0,5.758036557E0
1.987452782E1,-3.636653423E0,-2.622030258E0,-3.522310257E0,5.701487555E0
1.987951230E1,-4.059387207E0,-2.318381310E0,-3.329041958E0,5.738992660E0
1.988450058E1,-4.245239258E0,-2.210221291E0,-3.146319389E0,5.727692398E0
1.988948521E1,-4.446757317E0,-1.921820641E0,-2.336698532E0,5.378401736E0
1.989446990E1,-4.328173161E0,-1.329207420E0,-1.594825029E0,4.800348128E0
1.989945459E1,-3.693254948E0,-7.008771896E-1,-6.068508029E-1,3.807837817E0
1.990443574E1,-2.362378597E0,-4.627504349E-1,-8.398872614E-2,2.408739236E0
1.990942027E1,-1.041310549E0,-1.143541336E-1,4.773386717E-1,1.151197956E0
1.991440475E1,-2.498302460E-1,3.466720581E-1,9.915838242E-1,1.079738463E0
1.991938928E1,-1.215937138E-1,3.461294174E-1,1.442615867E0,1.488533219E0
1.992436605E1,-2.573096752E-1,-9.178256989E-2,2.173704386E0,2.190804205E0
1.992935016E1,-1.412672400E-1,-7.850666046E-1,2.479816198E0,2.604951897E0
1.993433433E1,2.533007860E-1,-1.769555092E0,1.868637443E0,2.585979970E0
1.993931844E1,6.666158438E-1,-2.669288635E0,2.226018190E0,3.539016175E0
1.994431954E1,4.803760946E-1,-2.893744469E0,1.748208642E0,3.414784283E0
1.994930449E1,2.798561454E-1,-2.898159981E0,9.195185900E-1,3.053385854E0
1.995428948E1,3.714653254E-1,-3.548274994E0,9.933648109E-1,3.703378939E0
1.995927443E1,1.059535980E0,-4.324321747E0,8.177511096E-1,4.526708732E0
1.996427459E1,9.561249018E-1,-4.288821220E0,-5.431311131E-1,4.427544883E0
1.996926032E1,1.736150980E0,-5.045418739E0,-1.812856317E0,5.635327719E0
1.997424605E1,3.720541000E0,-8.601947784E0,-2.799125671E0,9.781157168E0
1.997923183E1,3.081631184E0,-1.022614002E1,-5.688184261E0,1.210065414E1
1.998419079E1,1.116968155E0,-6.711031914E0,-5.716586113E0,8.886221019E0
1.998917521E1,9.106131196E-1,-5.593354225E0,-6.546609402E-1,5.704683049E0
1.999415959E1,1.458195925E0,-5.752984047E0,2.913811684E0,6.611615485E0
1.999914396E1,2.410335064E0,-3.985747337E0,1.448599696E0,4.877944038E0
2.000412881E1,2.460998535E0,-1.136867523E0,-1.902999878E0,3.312157921E0
2.000911324E1,2.205706835E0,5.674848557E-1,-2.150924444E0,3.132675800E0
2.001409761E1,1.602213621E0,3.834133148E-1,-2.247183323E0,2.786382448E0
2.001908209E1,3.147893846E-1,-2.179431915E-2,-3.003864288E0,3.020392029E0
2.002407928E1,-6.864317060E-1,3.646945953E-2,-3.706457138E0,3.769660863E0
2.002906438E1,-7.237272263E-1,3.185920715E-1,-3.915504456E0,3.994553435E0
2.003404943E1,-4.229132235E-1,-2.477436066E-1,-3.624033928E-2,4.914731441E-1
2.003903454E1,-2.245554924E-1,2.719879150E-2,1.607048631E0,1.622889474E0
2.004402001E1,-1.682607830E-1,2.183914185E-4,-7.404899597E-1,7.593662616E-1
2.004900506E1,-1.054511517E-1,-1.989165306E0,1.967384577E0,2.799732243E0
2.005399016E1,-8.015123010E-2,-2.500617981E0,6.248101234E0,6.730399954E0
2.005897521E1,3.761094809E-1,-6.503877640E-1,-3.436782360E-1,8.261823740E-1
2.006395287E1,5.740082860E-1,-1.716451645E0,-3.447310209E0,3.893538165E0
2.006893761E1,9.154636860E-1,-4.118743896E0,-1.068074346E0,4.352345098E0
2.007392230E1,1.452801943E0,-4.863513947E0,-1.277526021E0,5.234164129E0
2.007890704E1,1.449609041E0,-5.256885529E0,-2.419792652E0,5.965870290E0
2.008388824E1,8.346483111E-1,-6.142301559E0,-4.870949745E0,7.883568841E0
2.008887271E1,2.509690285E0,-6.730862617E0,-7.407228947E0,1.031843484E1
2.009385730E1,4.791315556E0,-5.765595436E0,-8.750698090E0,1.152273893E1
2.009884183E1,5.220095158E0,-4.911224365E0,-6.821901798E0,9.894840189E0
2.010382745E1,5.931597233E0,-3.664887428E0,-6.186738968E0,9.321533385E0
2.010881204E1,4.360530853E0,-1.876491547E0,-7.582289696E0,8.945756920E0
2.011379662E1,5.606917381E0,-1.982603073E-1,-8.715955734E0,1.036555421E1
2.011878120E1,7.006408215E0,1.238034248E0,-9.378761292E0,1.177215563E1
2.012377162E1,1.129636383E1,9.447603226E-1,-1.199627113E1,1.650487591E1
2.012875652E1,1.651479149E1,4.970340729E-1,-1.479123878E1,2.217580045E1
2.013374136E1,1.554550648E1,5.457668304E-1,-8.541766167E0,1.774605315E1
2.013872626E1,1.479063416E1,-1.459957123E0,2.934598923E-2,1.486254335E1
2.014369917E1,1.436371422E1,-2.629103661E0,3.152098179E0,1.493868117E1
2.014868339E1,1.253628349E1,-3.248500824E0,4.615818977E0,1.374834340E1
2.015366766E1,1.049812508E1,-3.822718620E0,5.763015270E0,1.257124309E1
2.015865193E1,8.879108429E0,-4.171776772E0,6.761942387E0,1.191495500E1
2.016365183E1,7.692451954E0,-4.303517342E0,6.995786667E0,1.125322663E1
2.016863688E1,6.531241417E0,-4.115524292E0,6.355226040E0,9.999177599E0
2.017362193E1,5.325093746E0,-3.568231583E0,5.305568218E0,8.320934692E0
2.017860699E1,4.071624756E0,-2.810307503E0,4.346093655E0,6.585171711E0
2.018358152E1,2.878629446E0,-2.173807144E0,3.834027767E0,5.264191667E0
2.018856605E1,1.784055471E0,-1.660803318E0,3.694201469E0,4.425861056E0
2.019355058E1,5.341506004E-1,-1.093263149E0,3.233283043E0,3.454657785E0
2.019853511E1,-7.570230961E-1,-6.842536926E-1,2.491396427E0,2.692274734E0
2.020352542E1,-2.050556660E0,-4.615244865E-1,1.722310543E0,2.717377610E0
2.020851021E1,-3.274314880E0,-2.441449165E-1,7.399706841E-1,3.365754193E0
2.021349506E1,-4.516998291E0,-1.603198051E-1,-2.401261330E-1,4.526216583E0
2.021847990E1,-5.477460861E0,1.525721550E-1,-1.050339699E0,5.579343082E0
2.022346198E1,-6.409159660E0,2.796297073E-1,-1.963683605E0,6.709066524E0
2.022844672E1,-7.213688374E0,2.797703743E-1,-2.844254971E0,7.759211155E0
2.023343136E1,-7.932248592E0,5.305233002E-1,-2.810006618E0,8.431972480E0
2.023841605E1,-8.366049767E0,9.818921089E-1,-2.832752705E0,8.887034865E0
2.024341146E1,-8.406784058E0,1.393500805E0,-3.493115425E0,9.209653525E0
2.024839667E1,-8.201725006E0,1.550792694E0,-4.048641205E0,9.277108745E0
2.025338188E1,-7.900067329E0,1.749232054E0,-4.154508114E0,9.095648094E0
2.025836709E1,-7.471588135E0,2.124936819E0,-4.237538815E0,8.848543436E0
2.026334162E1,-7.073381424E0,2.937817097E0,-4.138352871E0,8.705714132E0
2.026832636E1,-6.774503231E0,3.794912338E0,-3.997571468E0,8.733603571E0
2.027331100E1,-6.521646976E0,4.044072628E0,-3.962075233E0,8.636228509E0
2.027829568E1,-6.174767494E0,3.798768997E0,-4.102011204E0,8.329759625E0
2.028328870E1,-5.798436642E0,3.506807804E0,-4.482416630E0,8.124753984E0
2.028827386E1,-5.509295464E0,3.336370230E0,-5.038130283E0,8.177191423E0
2.029325896E1,-5.381083012E0,3.061856985E0,-5.589464188E0,8.341051042E0
2.029824402E1,-5.285455704E0,2.675566912E0,-6.104975700E0,8.506787208E0
2.030322834E1,-5.066410542E0,2.198541164E0,-6.462582588E0,8.501004219E0
2.030821344E1,-4.780567646E0,1.771737099E0,-6.641017914E0,8.372335295E0
2.031319850E1,-4.426451206E0,1.406982422E0,-6.755574226E0,8.198222548E0
2.031818355E1,-4.058324337E0,1.049435973E0,-6.859230042E0,8.038678315E0
2.032316141E1,-3.692569733E0,7.764986753E-1,-6.885191917E0,7.851362249E0
2.032814610E1,-3.250676632E0,6.746739149E-1,-6.771755219E0,7.541800329E0
2.033313084E1,-2.829423904E0,5.842121840E-1,-6.411885738E0,7.032725093E0
2.033811553E1,-2.430744171E0,4.689103365E-1,-6.038600922E0,6.526338577E0
2.034310594E1,-2.092144966E0,4.575079679E-1,-5.784111023E0,6.167846012E0
2.034809094E1,-1.909753442E0,5.856420994E-1,-5.423879623E0,5.780017738E0
2.035307589E1,-1.896027088E0,7.252714634E-1,-4.951465130E0,5.351443202E0
2.035806089E1,-1.980123401E0,7.887387276E-1,-4.592465401E0,5.062976982E0
2.036302771E1,-2.155937195E0,7.271157503E-1,-4.399903774E0,4.953374176E0
2.036801178E1,-2.299782753E0,6.442133188E-1,-4.338222027E0,4.952189603E0
2.037299584E1,-2.344991684E0,5.419973135E-1,-4.292659760E0,4.921348890E0
2.037797990E1,-2.332888126E0,4.559693336E-1,-3.988405228E0,4.643021786E0
2.038297558E1,-2.263982296E0,3.441797495E-1,-4.198456287E0,4.782375010E0
2.038796027E1,-2.161599874E0,5.681061745E-2,-4.304673195E0,4.817255731E0
2.039294485E1,-2.146767616E0,-3.101395369E-1,-4.421836853E0,4.925184147E0
2.039792954E1,-2.149241924E0,1.807804108E-1,-4.473339558E0,4.966154368E0
2.040291381E1,-2.114926338E0,5.359733701E-1,-4.277381420E0,4.801684359E0
2.040789839E1,-2.135286808E0,3.530137539E-1,-4.056877136E0,4.598077920E0
2.041288303E1,-1.962326884E0,1.576775312E-1,-4.079916954E0,4.530045403E0
2.041786766E1,-1.628494143E0,2.062917948E-1,-4.259866238E0,4.565195488E0
2.042286074E1,-1.306903124E0,2.393354774E-1,-4.239833832E0,4.443137199E0
2.042784579E1,-1.111983299E0,1.742541194E-1,-4.017523766E0,4.172213868E0
2.043283084E1,-1.028379202E0,1.380656362E-1,-3.741677761E0,3.882882740E0
2.043781594E1,-9.937405586E-1,1.763303280E-1,-3.489239693E0,3.632272886E0
2.044279636E1,-9.773399830E-1,2.175815701E-1,-3.291688919E0,3.440603308E0
2.044778120E1,-1.031962037E0,1.780449748E-1,-3.166148186E0,3.334837326E0
2.045276600E1,-1.133762717E0,-1.068932414E-1,-3.160774231E0,3.359663347E0
2.045775079E1,-1.162217259E0,-5.983223319E-1,-3.340235233E0,3.586908137E0
2.046274198E1,-1.179562926E0,-1.053529739E0,-3.673185349E0,3.999197946E0
2.046772709E1,-1.172728300E0,-1.403851390E0,-4.140045643E0,4.526153810E0
2.047271224E1,-9.575403929E-1,-1.626065731E0,-4.455639839E0,4.838770478E0
2.047769740E1,5.865857124E0,-4.770938873E0,9.013290405E-1,7.614626161E0
2.048267032E1,2.008295631E1,-1.071929550E1,9.446298599E0,2.464672367E1
2.048765485E1,1.682158279E1,-6.967794895E0,1.788026810E0,1.829515929E1
2.049263938E1,7.293542862E0,-3.237509727E0,-1.826844215E0,8.186244347E0
2.049762391E1,4.214674950E0,-3.201318741E0,-7.213783264E-2,5.293121053E0
2.050261818E1,1.661135912E0,-3.525063992E0,2.193178177E0,4.471630483E0
2.050760318E1,-3.894901514E0,-3.153289795E0,3.127225876E0,5.907032759E0
2.051258818E1,-9.093843460E0,-2.181240559E0,2.380980492E0,9.650122660E0
2.051757324E1,-1.034187412E1,-1.206478119E0,1.624300957E0,1.053794588E1
2.052255089E1,-8.012641907E0,-5.597053170E-1,1.221135139E0,8.124461299E0
2.052753553E1,-4.727598190E0,-4.170453846E-1,1.397898674E0,4.947548100E0
2.053252021E1,-2.085320950E0,-3.347375691E-1,1.741570473E0,2.737458751E0
2.053750485E1,-5.364105701E-1,-4.878756404E-2,1.599842072E0,1.688079139E0
2.054249412E1,-1.832044125E-1,2.528997064E-1,1.100438118E0,1.143890803E0
2.054747896E1,-7.717431784E-1,4.847533703E-1,9.306678772E-1,1.302580539E0
2.055246386E1,-1.734280705E0,5.127152205E-1,1.089120865E0,2.111111253E0
2.055744876E1,-2.517797470E0,3.291330040E-1,9.155044556E-1,2.699218599E0
2.056242725E1,-2.813038588E0,-9.369138628E-2,-8.352661133E-2,2.815837507E0
2.056741178E1,-2.273344755E0,-8.659357429E-1,-2.818563461E0,3.723203066E0
2.057239631E1,-1.234308243E0,-1.804735422E0,-7.292557716E0,7.613276879E0
2.057738089E1,-4.148690104E-1,-1.692384243E0,-9.333854675E0,9.495110522E0
2.058235912E1,1.046434641E-1,-1.133583069E0,-8.143959999E0,8.223140841E0
2.058734339E1,4.555475116E-1,-7.408154011E-1,-7.629804611E0,7.679208905E0
2.059232761E1,9.905722141E-1,-5.911402702E-1,-7.387061596E0,7.476587400E0
2.059731188E1,1.516337872E0,-4.802002907E-1,-6.722350597E0,6.907957036E0
2.060231266E1,2.436326981E0,-8.915379047E-1,-5.423434734E0,6.012002438E0
2.060729777E1,4.050925732E0,-1.790595889E0,2.173756599E0,4.933705572E0
2.061228282E1,5.586268902E0,-2.767217398E0,1.475213337E1,1.601528430E1
2.061726787E1,6.166585922E0,-2.478199959E0,3.541426659E0,7.530601553E0
2.062225079E1,2.497165442E0,-1.668315887E0,-1.568703651E0,3.388206648E0
2.062723574E1,4.517105818E-1,-1.503851891E0,3.553939819E0,3.885370149E0
2.063222068E1,4.840350747E-1,-1.599302530E0,4.811900139E0,5.093764962E0
2.063720563E1,3.290902376E-1,-1.763533592E0,3.477939606E0,3.913363645E0
2.064219376E1,-4.270863533E-2,-1.870190263E0,2.915697098E0,3.464206289E0
2.064717891E1,-2.430551350E-1,-1.742022157E0,2.258768082E0,2.862822076E0
2.065216402E1,-2.579432130E-1,-1.714905262E0,1.543158531E0,2.321373087E0
2.065714912E1,-9.493586421E-2,-1.799356818E0,1.165915489E0,2.146172571E0
2.066212844E1,5.866402388E-2,-1.779394627E0,1.308371544E0,2.209416847E0
2.066711329E1,-8.811978996E-2,-1.537723660E0,1.749906540E0,2.331208282E0
2.067209813E1,-5.104871988E-1,-1.108053684E0,2.026317596E0,2.365236383E0
2.067708292E1,-9.399509430E-1,-6.143456697E-1,2.238380432E0,2.504251452E0
2.068206600E1,-1.005542397E0,-2.618572116E-1,2.443789482E0,2.655520993E0
2.068705074E1,-7.377138734E-1,-1.032879949E-1,2.492206573E0,2.601150471E0
2.069203547E1,-3.874346614E-1,-5.371436477E-3,2.300472260E0,2.332875283E0
2.069702021E1,-6.722012162E-2,4.977354780E-2,1.864372253E0,1.866247532E0
2.070201032E1,1.524211764E-1,9.027890116E-2,1.330210686E0,1.341954904E0
2.070699527E1,2.564505339E-1,8.260847628E-2,5.330610275E-1,5.972814209E-1
2.071198027E1,1.979969144E-1,-3.689283133E-2,-5.149765015E-1,5.529599047E-1
2.071696532E1,1.865034699E-1,-1.921223700E-1,-1.546170235E0,1.569183528E0
2.072194745E1,2.739521265E-1,-2.903176546E-1,-2.302946091E0,2.337283638E0
2.072693235E1,4.866930246E-1,-3.396259248E-1,-2.449138165E0,2.520018575E0
2.073191719E1,7.151315212E-1,-2.724610865E-1,-2.146194458E0,2.278551906E0
2.073690204E1,8.670732975E-1,-1.152043939E-1,-1.545517921E0,1.775869872E0
2.074189511E1,8.792651892E-1,4.449204504E-1,-1.041815758E0,1.434029830E0
2.074688037E1,8.146256208E-1,8.030340672E-1,-8.736743927E-1,1.439369848E0
2.075186568E1,8.946604729E-1,8.290834427E-1,-7.461805344E-1,1.429888844E0
2.075685094E1,1.024615049E0,6.820231676E-1,-8.623971939E-1,1.502904029E0
2.076182464E1,1.148070574E0,4.847812951E-1,-1.076370239E0,1.646709397E0
2.076680933E1,1.242619395E0,3.147203922E-1,-1.350039482E0,1.861654772E0
2.077179402E1,1.231386542E0,1.654062569E-1,-1.585731506E0,2.014501540E0
2.077677870E1,1.132032037E0,3.709852695E-2,-1.623515129E0,1.979564146E0
2.078176105E1,8.872573376E-1,-8.282536268E-2,-1.439782143E0,1.693238980E0
2.078674558E1,4.981515408E-1,-1.430053860E-1,-1.218673706E0,1.324300230E0
2.079173016E1,3.487396240E-2,-8.278241754E-2,-9.431457520E-1,9.474138649E-1
2.079671475E1,-4.372121096E-1,1.991535127E-1,-6.200838089E-1,7.844236613E-1
2.080169313E1,-6.770764589E-1,4.266471267E-1,-3.905029297E-1,8.904789947E-1
2.080667735E1,-6.751747131E-1,5.867519379E-1,3.024864197E-2,8.950160391E-1
2.081166162E1,-6.803656816E-1,7.546243072E-1,4.195594788E-1,1.099265874E0
2.081664594E1,-6.752916574E-1,8.284158111E-1,4.449892044E-1,1.157716274E0
2.082164146E1,-6.040128469E-1,8.177323341E-1,1.402511597E-1,1.026249520E0
2.082662626E1,-5.513609648E-1,7.923682928E-1,-3.415222168E-1,1.023955004E0
2.083161110E1,-4.304757118E-1,8.059331775E-1,-8.209877014E-1,1.228355987E0
2.083659594E1,-1.712296009E-1,8.280143738E-1,-1.186001778E0,1.456546462E0
2.084156172E1,5.003118515E-2,8.519839644E-1,-1.520613670E0,1.743744743E0
2.084654558E1,2.362389565E-1,8.062957525E-1,-1.753269672E0,1.944190379E0
2.085152943E1,4.647877216E-1,6.647253633E-1,-1.783871174E0,1.959613176E0
2.085651329E1,6.836366653E-1,4.847558737E-1,-1.698900223E0,1.894362509E0
2.086151667E1,7.687158585E-1,2.853718996E-1,-1.486592293E0,1.697739037E0
2.086650152E1,8.032460213E-1,1.070093811E-1,-1.182797432E0,1.433759026E0
2.087148636E1,6.948385239E-1,3.080303967E-2,-7.107248306E-1,9.944240476E-1
2.087647115E1,3.837201595E-1,2.232173085E-2,-2.086572647E-1,4.373525747E-1
2.088146370E1,5.417895317E-2,5.694428086E-2,7.764148712E-2,1.104817207E-1
2.088644891E1,-3.225257397E-1,1.608947217E-1,2.446165085E-1,4.355998169E-1
2.089143412E1,-6.485096216E-1,2.861795127E-1,2.738208771E-1,7.598955952E-1
2.089641933E1,-8.490951061E-1,4.761553407E-1,1.729345322E-1,9.887329064E-1
2.090140172E1,-9.537253380E-1,7.101395130E-1,-7.591247559E-3,1.189095360E0
2.090638683E1,-8.760402203E-1,1.123080015E0,-2.080030441E-1,1.439451442E0
2.091137188E1,-7.398267984E-1,1.359587312E0,-4.667329788E-1,1.616682103E0
2.091635698E1,-5.478931665E-1,1.107315302E0,-7.435007095E-1,1.441917961E0
2.092133990E1,-2.109344006E-1,8.881323338E-1,-8.978815079E-1,1.280415388E0
2.092632485E1,8.478736877E-2,5.936634541E-1,-1.019069672E0,1.182424708E0
2.093130980E1,3.581135273E-1,2.786006033E-1,-8.588447571E-1,9.713279114E-1
2.093629480E1,6.469075680E-1,1.289017797E-1,-6.015796661E-1,8.927503374E-1
2.094127365E1,8.858652115E-1,3.600677848E-2,-4.887285233E-1,1.012378008E0
2.094625834E1,1.051811695E0,1.688301265E-1,-5.441246033E-1,1.196195234E0
2.095124303E1,1.129470110E0,5.720037222E-1,-6.530323029E-1,1.424549815E0
2.095622761E1,1.155825615E0,1.682718992E-1,-6.218395233E-1,1.323228127E0
2.096121902E1,1.004399419E0,-2.776678205E-1,-4.745559692E-1,1.145041911E0
2.096620402E1,7.043172121E-1,-4.463087320E-1,-2.782030106E-1,8.790057649E-1
2.097118902E1,6.049176455E-1,-3.720549047E-1,-6.137771606E-1,9.386546824E-1
2.097617396E1,5.068672895E-1,-2.005565166E-1,-1.171922684E0,1.292493769E0
2.098116183E1,2.371017933E-1,-7.920375466E-2,-1.239527702E0,1.264483855E0
2.098614693E1,-5.555558205E-2,-1.268028319E-1,-8.889131546E-1,8.996287997E-1
2.099113209E1,1.369807720E-1,-1.770268977E-1,-1.158514023E0,1.179939403E0
2.099611724E1,4.211235046E-1,-2.152687311E-1,-1.820284367E0,1.880723480E0
2.100109912E1,4.807257652E-1,-1.645416021E-1,-1.749912262E0,1.822186633E0
2.100608412E1,4.597371817E-1,8.096516132E-3,-1.007838249E0,1.107773337E0
2.101106907E1,4.128241539E-1,1.718512774E-1,-6.726417542E-1,8.077150320E-1
2.101605407E1,2.676897049E-1,2.480118275E-1,-1.552886963E-1,3.965882296E-1
2.102104089E1,7.472348213E-2,3.221653104E-1,3.720369339E-1,4.977806406E-1
2.102602594E1,-1.527109146E-1,3.244426250E-1,5.769491196E-1,6.793040019E-1
2.103101100E1,-3.630350232E-1,3.546813726E-1,8.900089264E-1,1.024553168E0
2.103599605E1,-5.870082378E-1,4.600589275E-1,1.055121422E0,1.292096785E0
2.104096990E1,-6.862634420E-1,5.061154962E-1,1.105941772E0,1.396501920E0
2.104595438E1,-8.759399056E-1,5.525097847E-1,1.248169899E0,1.621871104E0
2.105093891E1,-1.010546923E0,6.727880836E-1,1.524786949E0,1.949057241E0
2.105592339E1,-1.023965955E0,6.605483890E-1,1.770734787E0,2.149495787E0
2.106091964E1,-9.702596664E-1,5.414399505E-1,1.694520950E0,2.026317421E0
2.106590469E1,-8.999844790E-1,3.774281740E-1,1.332475662E0,1.651640239E0
2.107088980E1,-7.908527255E-1,1.972931623E-1,8.140163422E-1,1.151952790E0
2.107587490E1,-6.723605394E-1,1.594230533E-1,3.041419983E-1,7.549746751E-1
2.108082245E1,-6.378657818E-1,9.449332952E-2,-2.333011627E-1,6.857340428E-1
2.108580563E1,-5.033250451E-1,-8.064639568E-2,-6.981163025E-1,8.644109636E-1
2.109078886E1,-1.753376722E-1,-3.779768944E-2,-1.057256699E0,1.072363600E0
2.109577209E1,6.060302258E-2,1.225158572E-1,-1.378037453E0,1.384799654E0
2.110077329E1,2.767479420E-1,2.401021123E-1,-1.459716797E0,1.504995540E0
2.110575740E1,4.854706526E-1,3.913568854E-1,-1.426981926E0,1.557279481E0
2.111074152E1,7.834768295E-1,4.556680322E-1,-1.401985168E0,1.669440538E0
2.111572568E1,1.170356870E0,3.919050694E-1,-1.298886299E0,1.791767397E0
2.112070876E1,1.456961751E0,2.926718593E-1,-1.036751747E0,1.811973660E0
2.112569282E1,1.538407564E0,1.311474442E-1,-6.157875061E-1,1.662255016E0
2.113067688E1,1.439381003E0,-2.646309137E-2,-6.456565857E-2,1.441071370E0
2.113566094E1,1.195357561E0,-1.380157471E-1,5.718088150E-1,1.332251240E0
2.114067183E1,7.648346424E-1,-2.358355522E-1,1.119234085E0,1.375963435E0
2.114565725E1,2.409089804E-1,-3.640789688E-1,1.599803925E0,1.658301308E0
2.115064266E1,-1.010890007E-1,-4.492002130E-1,1.712646484E0,1.773459274E0
2.115562803E1,-2.855805159E-1,-4.268641472E-1,1.608919144E0,1.688902023E0
2.116069146E1,-4.123535156E-1,-3.347943723E-1,1.549374580E0,1.637890193E0
2.116568079E1,-5.170676708E-1,-2.441100478E-1,1.435849190E0,1.545513373E0
2.117067006E1,-6.002706885E-1,-1.661654115E-1,1.234990120E0,1.383161755E0
2.117565938E1,-6.741257310E-1,4.843831062E-3,8.775854111E-1,1.106627813E0
2.118062120E1,-6.558783650E-1,2.048212290E-1,4.999141693E-1,8.497307469E-1
2.118560912E1,-4.841291904E-1,4.607182145E-1,9.933090210E-2,6.756544785E-1
2.119059704E1,-2.551302910E-1,7.349259853E-1,-3.077468872E-1,8.366097154E-1
2.119558495E1,-9.187459946E-4,8.795681000E-1,-6.641950607E-1,1.102177828E0
2.120056058E1,3.229511976E-1,9.812567234E-1,-9.320974350E-1,1.391390622E0
2.120554792E1,6.411139965E-1,9.754945636E-1,-1.130929947E0,1.625305923E0
2.121053521E1,8.401694298E-1,9.007057548E-1,-1.316040039E0,1.802530696E0
2.121552251E1,1.106096268E0,6.064187884E-1,-1.636033058E0,2.065864678E0
2.122047938E1,1.284435391E0,-1.223776340E-1,-1.550928116E0,2.017455967E0
2.122546516E1,1.162094712E0,-9.634963870E-1,-1.147135735E0,1.895971994E0
2.123045094E1,7.490595579E-1,-1.460127711E0,-7.111749649E-1,1.788528162E0
2.123543672E1,4.006763697E-1,-1.593750596E0,-2.902498245E-1,1.668780236E0
2.124043318E1,2.082102299E-1,-1.477268934E0,-1.016082764E-1,1.495325799E0
2.124541949E1,1.897873878E-1,-1.187515616E0,-4.199695587E-2,1.203318884E0
2.125040584E1,2.420253754E-1,-8.606925011E-1,-7.536602020E-2,8.972446159E-1
2.125539214E1,2.834362984E-1,-5.539081693E-1,-1.848802567E-1,6.491002269E-1
2.126034959E1,2.472072840E-1,-2.904636860E-1,-3.848848343E-1,5.418643094E-1
2.126533443E1,1.578333378E-1,-6.066012383E-2,-5.916633606E-1,6.153507499E-1
2.127031933E1,-3.665554523E-2,1.145927906E-1,-7.168931961E-1,7.269188340E-1
2.127530417E1,-2.184369564E-1,2.525633574E-1,-8.086452484E-1,8.748771863E-1
2.128029271E1,-3.296916485E-1,4.013887644E-1,-7.929382324E-1,9.479243449E-1
2.128527771E1,-4.785875082E-1,4.968631268E-1,-6.818456650E-1,9.699651956E-1
2.129026282E1,-5.484628677E-1,6.373702288E-1,-5.232734680E-1,9.903875242E-1
2.129524787E1,-5.447968245E-1,7.870447636E-1,-3.578643799E-1,1.021914847E0
2.130023152E1,-5.088566542E-1,8.692911863E-1,-2.596836090E-1,1.040210478E0
2.130521652E1,-3.956223726E-1,8.915114403E-1,-1.664562225E-1,9.894530731E-1
2.131020152E1,-1.624032259E-1,8.107072115E-1,-6.140899658E-2,8.290911020E-1
2.131518652E1,4.051566124E-3,6.916315556E-1,-3.782367706E-2,6.926768759E-1
2.132017068E1,1.824052334E-1,4.888458252E-1,-5.968666077E-2,5.251708364E-1
2.132515563E1,3.128848076E-1,2.644329071E-1,-1.197500229E-1,4.268040922E-1
2.133014058E1,3.718212843E-1,4.213583469E-2,-1.892747879E-1,4.193464455E-1
2.133512553E1,3.500665426E-1,-1.904947758E-1,-2.849645615E-1,4.899384095E-1
2.134010219E1,4.056112766E-1,-4.047794938E-1,-4.402685165E-1,7.226363629E-1
2.134508672E1,4.838612080E-1,-6.177223921E-1,-6.264524460E-1,1.004064385E0
2.135007126E1,5.808936357E-1,-7.769961953E-1,-7.981290817E-1,1.256252576E0
2.135505579E1,6.233847141E-1,-8.947348595E-1,-8.597669601E-1,1.388653375E0
2.136007287E1,4.422186613E-1,-8.850579262E-1,-9.980783463E-1,1.405363036E0
2.136505907E1,4.165076017E-1,-8.271894455E-1,-1.083966255E0,1.425729218E0
2.137004521E1,4.055711031E-1,-6.830244660E-1,-1.057786942E0,1.322846762E0
2.137503141E1,2.683147192E-1,-4.741356373E-1,-9.364204407E-1,1.083365420E0
2.138001563E1,6.421303749E-2,-2.411950827E-1,-7.031860352E-1,7.461695398E-1
2.138500172E1,-8.064556122E-2,-2.276825905E-2,-4.991607666E-1,5.061458002E-1
2.138998782E1,-1.930675507E-1,2.072286606E-1,-3.696460724E-1,4.656790909E-1
2.139497386E1,-2.730356455E-1,3.983123302E-1,-2.643003464E-1,5.505050856E-1
2.139995230E1,-2.610700130E-1,5.169279575E-1,-1.734762192E-1,6.045378926E-1
2.140493803E1,-2.414619923E-1,5.466648340E-1,-1.210298538E-1,6.097495879E-1
2.140992370E1,-1.814411879E-1,4.707301855E-1,-1.020183563E-1,5.146994824E-1
2.141490943E1,-8.837020397E-2,3.275973797E-1,-1.307392120E-1,3.636235384E-1
2.141989605E1,7.355189323E-2,1.820912361E-1,-1.832447052E-1,2.685995556E-1
2.142488178E1,2.112849951E-1,3.925383091E-2,-1.854496002E-1,2.838551860E-1
2.142986751E1,3.657543659E-1,-9.169948101E-2,-9.436130524E-2,3.887018227E-1
2.143485324E1,3.601347208E-1,-1.873774529E-1,2.060317993E-2,4.064871683E-1
2.143979527E1,2.733614445E-1,-2.888148427E-1,1.570882797E-1,4.275713044E-1
2.144477912E1,1.672335863E-1,-3.701623678E-1,2.673568726E-1,4.862786734E-1
2.144976297E1,2.878880501E-2,-3.981726170E-1,2.559394836E-1,4.742101301E-1
2.145474688E1,-1.017718315E-1,-3.680553436E-1,1.636819839E-1,4.154684507E-1
2.145973074E1,-1.837447882E-1,-3.301600218E-1,3.133106232E-2,3.791430108E-1
2.146475188E1,-2.119132280E-1,-2.531585097E-1,-1.435461044E-1,3.600026824E-1
2.146973761E1,-2.071644068E-1,-1.296283007E-1,-3.658008575E-1,4.399214193E-1
2.147472329E1,-1.929084063E-1,2.394235134E-2,-5.374345779E-1,5.715092431E-1
2.147970896E1,-1.947377920E-1,2.198905945E-1,-7.805967331E-1,8.340299400E-1
2.148470172E1,-1.472069025E-1,3.917518854E-1,-1.026016235E0,1.108083357E0
2.148968777E1,-1.191678047E-1,5.186090469E-1,-1.211653709E0,1.323352191E0
2.149467376E1,-1.507985592E-1,6.416537762E-1,-1.325734138E0,1.480550837E0
2.149965980E1,-2.224868536E-1,6.967409849E-1,-1.404306412E0,1.583358740E0
2.150462438E1,-4.352296591E-1,6.362962723E-1,-1.526266098E0,1.709908186E0
2.150960933E1,-2.242707610E-1,4.568364620E-1,-1.538433075E0,1.620423788E0
2.151459433E1,2.283204794E-1,2.807157040E-1,-1.553385735E0,1.594972974E0
2.151957928E1,6.769156456E-2,3.370429277E-1,-1.379914284E0,1.422091247E0
2.152456464E1,-1.820779443E-1,4.064851999E-1,-8.317346573E-1,9.434856309E-1
2.152954964E1,-8.315533400E-2,4.010431767E-1,-2.175149918E-1,4.637490817E-1
2.153453459E1,7.205039263E-2,3.790041208E-1,2.431535721E-1,4.560252650E-1
2.153951959E1,-2.360242605E-2,3.085758686E-1,4.265232086E-1,5.269707664E-1
2.154448344E1,-2.428255081E-1,1.589200497E-1,3.235206604E-1,4.346095113E-1
2.154946735E1,-3.693169355E-1,-3.355920315E-2,4.672431946E-2,3.737704924E-1
2.155445131E1,-3.371558189E-1,-1.248221397E-1,-3.703784943E-1,5.161732673E-1
2.155943521E1,-2.283985019E-1,-9.717178345E-2,-7.796525955E-1,8.182092647E-1
2.156443172E1,-1.044834852E-1,1.900243759E-2,-1.028245926E0,1.033715423E0
2.156941626E1,-4.921489954E-2,1.524773836E-1,-1.092514992E0,1.104201280E0
2.157440079E1,-1.720972657E-1,2.913576365E-1,-1.094676971E0,1.145785500E0
2.157938537E1,-3.314653337E-1,4.837074280E-1,-1.015731812E0,1.172839825E0
2.158437943E1,-4.912472665E-1,6.459559202E-1,-8.916721344E-1,1.205679113E0
2.158936443E1,-5.969862342E-1,7.946430445E-1,-7.416019440E-1,1.240090148E0
2.159434943E1,-6.496318579E-1,9.106413126E-1,-5.367937088E-1,1.240740358E0
2.159933448E1,-6.546679735E-1,9.986869097E-1,-3.681278229E-1,1.249593451E0
2.160433271E1,-6.411769986E-1,1.065679550E0,-2.139806747E-1,1.261970117E0
2.160931844E1,-6.213881969E-1,1.065723538E0,-2.527236938E-3,1.233651628E0
2.161430412E1,-6.168185472E-1,1.001001239E0,1.992416382E-1,1.192545945E0
2.161928980E1,-5.894947648E-1,9.597909451E-1,3.363819122E-1,1.175523512E0
2.162423553E1,-5.737959146E-1,8.557976484E-1,4.448995590E-1,1.122304319E0
2.162921922E1,-5.652431250E-1,7.774387598E-1,4.770240784E-1,1.073062341E0
2.163420292E1,-5.376681685E-1,6.984658241E-1,4.447879791E-1,9.873084185E-1
2.163918667E1,-4.670040905E-1,5.519480705E-1,3.195514679E-1,7.904762070E-1
2.164420870E1,-4.318320453E-1,4.338854551E-1,1.348505020E-1,6.268334399E-1
2.164919433E1,-3.984273076E-1,3.159395456E-1,-9.018325806E-2,5.164253440E-1
2.165417995E1,-3.517591953E-1,2.273552418E-1,-2.264766693E-1,4.761476863E-1
2.165916558E1,-2.604805231E-1,1.659458876E-1,-3.267936707E-1,4.496467988E-1
2.166414527E1,-2.535153031E-1,1.271032095E-1,-3.744821548E-1,4.697468670E-1
2.166913058E1,-3.162125349E-1,1.445831060E-1,-2.500953674E-1,4.283016864E-1
2.167411589E1,-1.281607866E0,3.614336252E-1,8.114175797E-1,1.559343284E0
2.167910120E1,-2.447365999E0,9.646131992E-1,1.195181847E0,2.889383776E0
2.168408402E1,-2.052393436E0,1.628294110E0,-4.560956955E-1,2.659263772E0
2.168906922E1,-4.321709573E-1,1.714233875E0,-1.311632156E0,2.201306073E0
2.169405443E1,3.457028568E-1,1.432395577E0,-8.036327362E-1,1.678419831E0
2.169903964E1,-9.305022657E-2,1.085998893E0,-2.552986145E-3,1.089980944E0
2.170401933E1,-7.856375575E-1,8.146834373E-1,4.674272537E-1,1.224509580E0
2.170900428E1,-1.093156695E0,6.196744442E-1,5.567216873E-1,1.374382412E0
2.171398917E1,-9.529896975E-1,5.460023880E-1,4.906682968E-1,1.202939462E0
2.171897412E1,-6.261613369E-1,5.050635338E-1,5.563945770E-1,9.781319534E-1
2.172395610E1,-3.825883269E-1,4.483282566E-1,7.681512833E-1,9.682088863E-1
2.172894084E1,-2.479297221E-1,3.538515568E-1,8.436346054E-1,9.478393423E-1
2.173392563E1,-1.980632246E-1,2.214505672E-1,7.328262329E-1,7.907614573E-1
2.173891042E1,-1.532493830E-1,4.424631596E-2,5.195970535E-1,5.435293993E-1
2.174389631E1,-8.179011941E-2,-6.007790565E-2,3.187723160E-1,3.345366464E-1
2.174888110E1,-1.682758331E-2,-1.127701998E-1,1.661453247E-1,2.015057181E-1
2.175386594E1,4.371809959E-2,-1.492946148E-1,1.883401871E-1,2.442788986E-1
2.175885074E1,5.371618271E-2,-1.644136906E-1,1.364145279E-1,2.202866618E-1
2.176378803E1,6.812486053E-2,-1.026903391E-1,-1.163291931E-1,1.694661722E-1
2.176877047E1,9.249362350E-2,1.951789856E-2,-4.501724243E-1,4.599904677E-1
2.177375292E1,9.450498223E-2,1.620221138E-1,-6.427507401E-1,6.695602070E-1
2.177873537E1,7.898643613E-2,2.797378302E-1,-6.966848373E-1,7.548919613E-1
2.178374990E1,9.834161401E-2,3.775508404E-1,-7.269287109E-1,8.250097338E-1
2.178873391E1,9.761813283E-2,4.647554159E-1,-7.119550705E-1,8.558077581E-1
2.179371797E1,7.461464405E-2,4.908357859E-1,-6.230869293E-1,7.966959491E-1
2.179870204E1,3.856232762E-2,4.959077835E-1,-4.770603180E-1,6.892010809E-1
2.180372131E1,-1.586747169E-2,4.602205753E-1,-2.857923508E-1,5.419704995E-1
2.180870709E1,-3.026962280E-3,4.260466099E-1,-1.472520828E-1,4.507860381E-1
2.181369292E1,9.964287281E-3,4.429458380E-1,-6.128406525E-2,4.472762447E-1
2.181867876E1,1.235573590E-1,4.265298843E-1,-1.817321777E-2,4.444372048E-1
2.182366110E1,1.774381697E-1,3.503754139E-1,-1.066970825E-2,3.928881233E-1
2.182864672E1,2.028782070E-1,2.790617943E-1,-8.654594421E-2,3.557038830E-1
2.183363240E1,2.071087956E-1,2.584277391E-1,-1.716222763E-1,3.730055701E-1
2.183861803E1,1.879714727E-1,2.266032696E-1,-2.420244217E-1,3.811274551E-1
2.184358438E1,2.195523977E-1,2.079188824E-1,-2.906455994E-1,4.194143314E-1
2.184856912E1,1.990227103E-1,1.977916956E-1,-3.247108459E-1,4.291488408E-1
2.185355376E1,1.741069853E-1,1.847090721E-1,-4.255943298E-1,4.955413376E-1
2.185853844E1,1.471351981E-1,1.213217974E-1,-5.119724274E-1,5.463364453E-1
2.186351876E1,1.756612659E-1,7.039248943E-2,-5.815525055E-1,6.115679026E-1
2.186850329E1,2.500978112E-1,2.496480942E-2,-6.080865860E-1,6.579828668E-1
2.187348771E1,3.368888199E-1,-4.339838028E-2,-6.203622818E-1,7.072671752E-1
2.187847214E1,4.051507115E-1,-8.419466019E-2,-5.897474289E-1,7.204428289E-1
2.188346558E1,4.405671656E-1,-1.121301651E-1,-5.305976868E-1,6.987177589E-1
2.188845047E1,4.070546925E-1,-1.463696957E-1,-4.548950195E-1,6.277317017E-1
2.189343542E1,3.787522912E-1,-1.679474115E-1,-3.745889664E-1,5.585485877E-1
2.189842032E1,3.219307065E-1,-1.746894121E-1,-3.135633469E-1,4.821594581E-1
2.190340818E1,2.698274851E-1,-1.789346933E-1,-2.789077759E-1,4.273336444E-1
2.190839324E1,2.368133962E-1,-2.214317322E-1,-2.586202621E-1,4.147252544E-1
2.191337834E1,2.444527596E-1,-2.498943806E-1,-2.478456497E-1,4.285228339E-1
2.191836334E1,2.569899261E-1,-2.933984995E-1,-1.771726608E-1,4.283884375E-1
2.192332480E1,2.939485908E-1,-2.876355648E-1,-1.255483627E-1,4.300027715E-1
2.192830870E1,3.246840239E-1,-2.618046999E-1,-7.853317261E-2,4.244159227E-1
2.193329261E1,3.182380795E-1,-2.063777447E-1,-6.480693817E-2,3.847949948E-1
2.193827646E1,2.842335701E-1,-1.332910061E-1,-5.323982239E-2,3.184174828E-1
2.194329485E1,2.706686556E-1,-4.495334625E-2,-1.034164429E-2,2.745710729E-1
2.194828047E1,2.650136054E-1,3.739857674E-2,3.272819519E-2,2.696330828E-1
2.195326605E1,2.547024488E-1,1.138348579E-1,9.018898010E-3,2.791290971E-1
2.195825167E1,2.303214222E-1,1.440228224E-1,-6.708621979E-2,2.798054535E-1
2.196322834E1,2.469713390E-1,1.475461721E-1,-1.597099304E-1,3.290470742E-1
2.196821350E1,2.639662027E-1,1.557220221E-1,-1.899538040E-1,3.605689282E-1
2.197319865E1,2.691875994E-1,1.881203651E-1,-1.818799973E-1,3.754085360E-1
2.197818386E1,2.289067209E-1,1.705840826E-1,-1.666240692E-1,3.305462094E-1
2.198316464E1,1.263485253E-1,2.035201788E-1,-1.441850662E-1,2.795956837E-1
2.198814959E1,1.889373362E-2,2.294478416E-1,-1.384811401E-1,2.686639376E-1
2.199313454E1,-2.447776496E-2,2.435535192E-1,-1.184043884E-1,2.719137306E-1
2.199811948E1,-2.309699357E-2,2.864496708E-1,-1.126642227E-1,3.086747675E-1
2.200310667E1,-3.647050261E-2,3.363026381E-1,-1.250877380E-1,3.606612041E-1
2.200809172E1,-3.375698626E-2,3.380674124E-1,-1.586875916E-1,3.749811477E-1
2.201307678E1,-1.009745896E-2,3.371953964E-1,-1.942787170E-1,3.892902695E-1
2.201806183E1,-5.629271269E-3,3.311796188E-1,-2.033166885E-1,3.886506200E-1
2.202304459E1,-3.177505732E-2,3.200700283E-1,-1.124124527E-1,3.407213477E-1
2.202802954E1,-7.924877107E-2,3.323287964E-1,-3.873157501E-2,3.438356170E-1
2.203301449E1,-7.929337025E-2,3.608987331E-1,8.316040039E-3,3.696004473E-1
2.203799943E1,-9.197846055E-2,4.175630808E-1,9.940147400E-3,4.276888708E-1
2.204294579E1,-1.031676531E-1,4.337844849E-1,-1.697731018E-2,4.462070966E-1
2.204792876E1,-1.079622507E-1,4.195852280E-1,-8.173656464E-2,4.408950863E-1
2.205291178E1,-1.189031005E-1,3.855141401E-1,-1.319761276E-1,4.244723758E-1
2.205789480E1,-9.085825086E-2,3.319942951E-1,-1.631383896E-1,3.809062455E-1
2.206287422E1,-7.661482692E-2,2.858266830E-1,-1.541442871E-1,3.336572878E-1
2.206785704E1,-6.918412447E-2,2.447164059E-1,-1.386222839E-1,2.896354605E-1
2.207283990E1,-5.161669850E-2,1.992361546E-1,-8.816146851E-2,2.239012581E-1
2.207782271E1,-5.260920525E-2,1.590158939E-1,-2.445793152E-2,1.692689381E-1
2.208281902E1,-7.467412949E-2,1.831984520E-1,-1.408386230E-2,1.983336926E-1
2.208780251E1,-1.103853285E-1,1.761958599E-1,-3.520870209E-2,2.108780560E-1
2.209278600E1,-1.122131646E-1,1.879630089E-1,-9.703445435E-2,2.394526516E-1
2.209776948E1,-1.155842245E-1,1.779830456E-1,-1.208543777E-1,2.442201017E-1
2.210275511E1,-1.462695897E-1,2.028057575E-1,-1.495780945E-1,2.913735995E-1
2.210773876E1,-1.560344100E-1,1.955492496E-1,-1.285114288E-1,2.812497706E-1
2.211272235E1,-1.590163112E-1,2.154788971E-1,-1.078405380E-1,2.886986733E-1
2.211770594E1,-1.311343312E-1,1.668276787E-1,-1.539039612E-1,2.621337759E-1
2.212275063E1,-8.923265338E-2,1.378073692E-1,-2.471075058E-1,2.966739909E-1
2.212773730E1,-9.918686748E-2,1.018979549E-1,-3.015098572E-1,3.333607983E-1
2.213272396E1,-1.245888174E-1,9.000909328E-2,-3.554105759E-1,3.872217552E-1
2.213771063E1,-1.057681739E-1,9.219276905E-2,-4.514932632E-1,4.727923223E-1
2.214268605E1,-8.813712001E-2,5.118155479E-2,-4.849052429E-1,4.955005531E-1
2.214767214E1,-5.724531412E-2,5.284810066E-2,-5.511417389E-1,5.566212034E-1
2.215265829E1,-6.783708930E-2,3.287196159E-2,-6.333398819E-1,6.378101932E-1
2.215764438E1,-7.472133636E-2,-3.710746765E-3,-6.174325943E-1,6.219485961E-1
2.216261928E1,-4.990357161E-2,-5.202722549E-2,-5.707283020E-1,5.752634121E-1
2.216760480E1,-1.550239325E-2,-9.294772148E-2,-7.546739578E-1,7.605342765E-1
2.217259032E1,-5.422532558E-2,-1.493712664E-1,-1.464295387E0,1.472892780E0
2.217757589E1,2.561098337E-2,-5.612838268E-2,-8.767395020E-1,8.789075447E-1
2.218255136E1,-1.136212647E-1,2.553057671E-2,-2.247810364E-3,1.164759837E-1
2.218753636E1,-1.733116806E-1,2.526962757E-2,3.426532745E-1,3.848204247E-1
2.219252141E1,-3.154876828E-2,4.773020744E-3,5.637359619E-1,5.646382393E-1
2.219750646E1,-2.191343904E-2,7.565426826E-2,7.522926331E-1,7.564046357E-1
2.220249459E1,-4.536819458E-2,2.153760195E-1,7.852334976E-1,8.154978532E-1
2.220747980E1,-2.992901206E-2,3.451011181E-1,6.401147842E-1,7.278306565E-1
2.221246501E1,-1.583124101E-1,5.367964506E-1,3.776607513E-1,6.751599008E-1
2.221745021E1,-4.218571484E-1,6.530829668E-1,1.031656265E-1,7.842983882E-1
2.222242094E1,-1.641536653E-1,5.245800018E-1,-6.712055206E-2,5.537470295E-1
2.222740542E1,-9.685033560E-2,4.271073341E-1,-1.033296585E-1,4.499752001E-1
2.223238990E1,-8.530595899E-2,3.722231388E-1,-8.729076385E-2,3.917229240E-1
2.223737438E1,-2.793341875E-3,3.215377331E-1,-1.737375259E-1,3.654846706E-1
2.224235235E1,1.049870253E-2,3.154715300E-1,-3.309516907E-1,4.573418093E-1
2.224733652E1,-8.489966393E-3,2.968968153E-1,-4.586467743E-1,5.464216888E-1
2.225232063E1,-4.491361976E-2,3.347032070E-1,-4.834432602E-1,5.897125197E-1
2.225730480E1,-9.367439151E-2,4.019477367E-1,-2.874126434E-1,5.029342922E-1
2.226232251E1,-1.150166988E-1,3.957228661E-1,1.862525940E-3,4.121030171E-1
2.226730834E1,-1.430502385E-1,3.274191618E-1,2.484645844E-1,4.352026286E-1
2.227229417E1,-1.329011172E-1,2.632110119E-1,4.125366211E-1,5.070790939E-1
2.227728001E1,-1.134808809E-1,2.265516520E-1,5.066776276E-1,5.665031153E-1
2.228223011E1,-1.038433611E-1,2.358890772E-1,5.837612152E-1,6.381255807E-1
2.228721417E1,-6.856708229E-2,2.720215321E-1,6.628789902E-1,7.197956059E-1
2.229219818E1,-2.244518697E-2,2.942543030E-1,6.229381561E-1,6.893049598E-1
2.229718225E1,7.773581147E-2,3.148857355E-1,3.817844391E-1,5.009543300E-1
2.230219605E1,2.822229266E-2,3.675473928E-1,1.855907440E-1,4.127123793E-1
2.230718157E1,-1.102129817E-1,4.263744354E-1,9.324359894E-2,4.501515625E-1
2.231216709E1,-2.568197250E-1,4.963803291E-1,1.987724304E-1,5.931781195E-1
2.231715266E1,-3.201093078E-1,5.226540565E-1,4.411849976E-1,7.551698046E-1
2.232213464E1,-3.043633103E-1,5.549536943E-1,7.529296875E-1,9.836227640E-1
2.232712001E1,-2.562905550E-1,5.856976509E-1,9.910354614E-1,1.179354854E0
2.233210537E1,-2.025293708E-1,5.789294243E-1,1.011361122E0,1.182805455E0
2.233709074E1,-6.673963368E-2,5.968490839E-1,7.539844513E-1,9.639375293E-1
2.234207068E1,9.112000465E-3,6.660915613E-1,3.635749817E-1,7.589122241E-1
2.234705579E1,6.706305593E-2,7.397136688E-1,1.592636108E-4,7.427474609E-1
2.235204084E1,6.542058289E-2,8.090566397E-1,-3.413896561E-1,8.805676556E-1
2.235702594E1,2.888402343E-2,8.345098495E-1,-6.020364761E-1,1.029411917E0
2.236201141E1,2.913158759E-2,8.406406641E-1,-6.424703598E-1,1.058439199E0
2.236699652E1,2.265119739E-2,8.182656765E-1,-6.734981537E-1,1.060033753E0
2.237198162E1,-2.167662978E-2,7.602446079E-1,-7.663803101E-1,1.079713166E0
2.237696672E1,-2.243036032E-2,6.952120066E-1,-8.540945053E-1,1.101499105E0
2.238195172E1,-8.062213659E-3,6.349450350E-1,-8.844203949E-1,1.088769779E0
2.238693683E1,9.056100249E-2,5.243864059E-1,-8.767557144E-1,1.025613466E0
2.239192193E1,1.851345599E-1,3.872870207E-1,-7.577381134E-1,8.708806406E-1
2.239690704E1,2.214882076E-1,2.708902359E-1,-6.825380325E-1,7.670050273E-1
2.240189162E1,2.335992008E-1,2.028963566E-1,-6.696729660E-1,7.376973631E-1
2.240687672E1,2.006041408E-1,1.871397495E-1,-6.330652237E-1,6.899528133E-1
2.241186178E1,2.559916675E-1,1.803456545E-1,-5.729017258E-1,6.528956090E-1
2.241684688E1,2.751303911E-1,1.442452669E-1,-3.350162506E-1,4.568799813E-1
2.242177865E1,2.939688563E-1,-3.341722488E-2,-9.879589081E-2,3.119215085E-1
2.242676105E1,-1.342590153E-1,-1.881718636E-1,7.982883453E-1,8.310826768E-1
2.243174350E1,-1.218422890E0,4.361771345E-1,1.261167526E0,1.807027493E0
2.243672589E1,-9.847804308E-1,7.978289127E-1,1.113059044E0,1.686779152E0
2.244175094E1,-8.145455122E-1,9.492570162E-1,1.185216904E0,1.723169284E0
2.244673547E1,-6.116672158E-1,9.208507538E-1,9.249629974E-1,1.441408839E0
2.245172001E1,-3.233076334E-1,7.306947708E-1,4.181547165E-1,9.018292748E-1
2.245670454E1,-2.039957643E-1,4.189956188E-1,1.937503815E-1,5.046888257E-1
2.246171813E1,-2.632790506E-1,1.232076883E-1,1.993436813E-1,3.524682911E-1
2.246670412E1,-3.830238581E-1,-8.223867416E-2,1.859426498E-1,4.336417236E-1
2.247169011E1,-3.420723677E-1,-1.244579554E-1,1.513252258E-1,3.942113790E-1
2.247667610E1,-1.338193715E-1,-1.450465918E-1,5.295658112E-2,2.043294826E-1
2.248164917E1,1.003531516E-1,-1.939200163E-1,-1.252708435E-1,2.517310310E-1
2.248663448E1,1.816617101E-1,-2.537317276E-1,-3.352870941E-1,4.580373369E-1
2.249161985E1,1.514424831E-1,-3.262265921E-1,-5.721712112E-1,6.758243189E-1
2.249660521E1,1.822477132E-1,-2.992994785E-1,-8.001766205E-1,8.735428042E-1
2.250158818E1,2.625246644E-1,-2.588891983E-1,-9.007587433E-1,9.732980684E-1
2.250657344E1,3.608374596E-1,-2.073899508E-1,-9.889574051E-1,1.072963659E0
2.251155865E1,4.343425930E-1,-1.328712702E-1,-1.117138863E0,1.205946724E0
2.251654391E1,4.716131091E-1,-7.351827621E-2,-1.258859634E0,1.346310306E0
2.252152860E1,4.422637820E-1,6.363868713E-3,-1.395010948E0,1.463452526E0
2.252651381E1,3.994666338E-1,9.964036942E-2,-1.463958740E0,1.520748825E0
2.253149902E1,3.930109143E-1,2.442489862E-1,-1.501885414E0,1.571551763E0
2.253648422E1,3.326047063E-1,3.493994474E-1,-1.547019005E0,1.620485627E0
2.254145422E1,3.159131110E-1,4.231498241E-1,-1.498337746E0,1.588670157E0
2.254643865E1,3.332321346E-1,5.106859207E-1,-1.397471428E0,1.524719698E0
2.255142308E1,4.205665588E-1,5.827177763E-1,-1.105687141E0,1.318704020E0
2.255640756E1,4.438825846E-1,6.002417803E-1,-7.808904648E-1,1.080329515E0
2.256140589E1,4.003047347E-1,6.535211802E-1,-4.851322174E-1,9.070209931E-1
2.256639105E1,3.539403677E-1,6.003602743E-1,-2.300977707E-1,7.339286252E-1
2.257137615E1,3.903336525E-1,5.336253643E-1,-1.016874313E-1,6.689220608E-1
2.257636131E1,4.281714559E-1,4.863449335E-1,-5.661678314E-2,6.504365074E-1
2.258134922E1,4.990260005E-1,3.671140671E-1,-7.558345795E-2,6.241094027E-1
2.258633449E1,5.842136741E-1,2.836058140E-1,-2.254905701E-1,6.874473594E-1
2.259131974E1,6.339144707E-1,2.215644121E-1,-3.723220825E-1,7.678294589E-1
2.259630511E1,6.653656960E-1,1.405013800E-1,-5.615854263E-1,8.819469021E-1
2.260126068E1,7.296059728E-1,8.635866642E-2,-8.172912598E-1,1.098975750E0
2.260624454E1,7.862293720E-1,5.264317989E-2,-1.060612679E0,1.321297538E0
2.261122829E1,8.383902907E-1,2.083134651E-2,-1.294141769E0,1.542120340E0
2.261621214E1,8.818602562E-1,2.968931198E-2,-1.431954384E0,1.681978693E0
2.262122745E1,8.907451630E-1,3.903269768E-2,-1.531697273E0,1.772299928E0
2.262621282E1,8.963503838E-1,2.786457539E-2,-1.567238808E0,1.805673815E0
2.263119824E1,9.106407166E-1,8.545279503E-3,-1.591344833E0,1.833498818E0
2.263618360E1,9.409117103E-1,-1.404941082E-2,-1.549052238E0,1.812477605E0
2.264116068E1,9.706109166E-1,1.048743725E-2,-1.457230568E0,1.750918749E0
2.264614568E1,8.707978129E-1,8.677518368E-2,-1.342221260E0,1.602303553E0
2.265113063E1,7.512086630E-1,1.694269180E-1,-1.160978317E0,1.393158494E0
2.265611558E1,6.784820557E-1,2.367671728E-1,-9.302482605E-1,1.175482207E0
2.266109698E1,6.638297439E-1,2.572107315E-1,-6.355714798E-1,9.543471041E-1
2.266608172E1,5.988525748E-1,2.805231810E-1,-2.266435623E-1,6.990600588E-1
2.267106652E1,5.020981431E-1,2.652803659E-1,1.363887787E-1,5.840189353E-1
2.267605131E1,5.259621739E-1,2.176316977E-1,4.801464081E-1,7.446746521E-1
2.268103678E1,5.642963648E-1,1.465554237E-1,8.574247360E-1,1.036863567E0
2.268602157E1,5.250977278E-1,9.662318230E-2,1.153625488E0,1.271186623E0
2.269100636E1,5.004297495E-1,7.367014885E-3,1.330769539E0,1.421770647E0
2.269599120E1,5.301554203E-1,-1.023006439E-1,1.298203468E0,1.406009401E0
2.270097657E1,5.952278376E-1,-1.559454203E-1,1.065754890E0,1.230629367E0
2.270596141E1,7.085216045E-1,-1.415299177E-1,7.053356171E-1,1.009718730E0
2.271094626E1,8.498264551E-1,-8.742785454E-2,3.413248062E-1,9.199735088E-1
2.271593110E1,9.555686712E-1,-4.828202724E-2,4.713058472E-3,9.567992749E-1
2.272091631E1,9.930284023E-1,-2.610218525E-2,-3.285217285E-1,1.046285457E0
2.272590115E1,9.921524525E-1,5.293011665E-3,-5.172796249E-1,1.118915866E0
2.273088605E1,7.241041660E-1,9.341287613E-2,-8.820772171E-1,1.145038438E0
2.273587089E1,6.315066218E-1,-2.151226997E-2,-8.010663986E-1,1.020279749E0
2.274080344E1,6.059660912E-1,-8.944296837E-2,-4.853734970E-1,7.815256744E-1
2.274578568E1,6.591297388E-1,1.302552223E-1,-4.492273331E-1,8.082225141E-1
2.275076792E1,1.947330385E-1,5.078270435E-1,-5.894231796E-1,8.020155529E-1
2.275575016E1,4.474213719E-2,8.041992188E-1,-3.629589081E-1,8.834463262E-1
2.276075391E1,7.408325076E-1,7.565968037E-1,-7.026672363E-3,1.058924408E0
2.276573719E1,1.079787135E0,4.419064522E-1,-3.448867798E-1,1.216621741E0
2.277072053E1,1.081989646E0,2.011585236E-1,-8.438253403E-1,1.386797588E0
2.277570386E1,9.291323423E-1,1.994946003E-1,-8.856019974E-1,1.298990340E0
2.278074365E1,6.318561435E-1,4.542975426E-1,-6.504659653E-1,1.014265456E0
2.278572980E1,2.321684361E-1,8.415594101E-1,-1.200147629E0,1.484075050E0
2.279071594E1,6.890177727E-2,1.207444191E0,-1.161093712E0,1.676546312E0
2.279570214E1,-2.255897224E-1,1.666929483E0,8.366670609E-1,1.878711366E0
2.280067756E1,-8.565968871E-1,2.014775276E0,1.684517860E0,2.762368198E0
2.280566318E1,-1.119140267E0,1.849814892E0,1.395157814E0,2.573082859E0
2.281064876E1,-9.718682766E-1,1.495890856E0,9.412555695E-1,2.016972842E0
2.281563438E1,-7.398011684E-1,1.226691484E0,7.889909744E-1,1.635415704E0
2.282061459E1,-4.897661209E-1,1.177882195E0,1.169462204E0,1.730583475E0
2.282559990E1,-2.924017906E-1,1.180288315E0,1.443454742E0,1.887363480E0
2.283058527E1,2.616354823E-2,1.050273418E0,1.541764259E0,1.865689100E0
2.283557063E1,5.552144051E-1,8.340179920E-1,1.631985664E0,1.915000328E0
2.284055042E1,9.629561901E-1,5.804548264E-1,1.462900162E0,1.845071628E0
2.284553547E1,1.237698555E0,3.744418621E-1,1.120657921E0,1.711133717E0
2.285052058E1,1.363850951E0,2.435531616E-1,7.844114304E-1,1.592076899E0
2.285550558E1,1.377348661E0,2.226116657E-1,5.756406784E-1,1.509306953E0
2.286042943E1,1.513500214E0,1.339092255E-1,5.510311127E-1,1.616245608E0
2.286541141E1,1.358880281E0,8.539366722E-2,4.305658340E-1,1.428017729E0
2.287039344E1,1.119625807E0,-3.420591354E-3,2.953815460E-1,1.157939509E0
2.287537537E1,8.893352747E-1,-7.289171219E-2,3.224411011E-1,9.487880144E-1
2.288032818E1,7.437241077E-1,-1.612071991E-1,3.871784210E-1,8.538269375E-1
2.288530876E1,6.120601296E-1,-2.207272053E-1,3.414087296E-1,7.347775324E-1
2.289028928E1,3.837692738E-1,-2.607059479E-1,4.027948380E-1,6.144022528E-1
2.289526980E1,1.971916556E-1,-2.592244148E-1,5.830631256E-1,6.678655963E-1
2.290027594E1,5.386096239E-2,-2.596535683E-1,8.750343323E-1,9.143336707E-1
2.290525771E1,-7.570219040E-2,-2.882521152E-1,1.331235886E0,1.364188069E0
2.291023959E1,-3.698910475E-1,-2.929437160E-1,1.593106270E0,1.661512261E0
2.291522141E1,-6.814852953E-1,-4.008820057E-1,1.049031258E0,1.313619111E0
2.292023620E1,-5.292522907E-1,-6.849133968E-1,2.879390717E-1,9.122079025E-1
2.292521969E1,-1.725555658E-1,-9.930740595E-1,-9.519290924E-2,1.012439233E0
2.293020313E1,3.547481298E-1,-1.163470626E0,2.958030701E-1,1.251802536E0
2.293518657E1,5.242820978E-1,-1.178837657E0,9.172782898E-1,1.583012761E0
2.294017235E1,2.754350901E-1,-1.076230645E0,1.262365341E0,1.681577576E0
2.294515594E1,-2.084324360E-1,-8.702687025E-1,1.413153648E0,1.672667011E0
2.295013954E1,-6.981968880E-1,-7.214348316E-1,1.336849213E0,1.671859123E0
2.295512308E1,-8.788096905E-1,-7.043154240E-1,1.155946732E0,1.613870978E0
2.296019318E1,-7.144648433E-1,-7.765500546E-1,1.042982101E0,1.483678423E0
2.296518105E1,-3.726161718E-1,-9.531010389E-1,8.996686935E-1,1.362588771E0
2.297016896E1,1.067531109E-2,-1.026647687E0,7.357788086E-1,1.263127029E0
2.297515688E1,2.068967819E-1,-1.045455813E0,5.345058441E-1,1.192258627E0
2.298012688E1,1.663347483E-1,-1.064858317E0,2.337341309E-1,1.102824614E0
2.298511386E1,3.885626793E-3,-1.070488095E0,-9.946155548E-2,1.075105791E0
2.299010089E1,-1.772938967E-1,-1.066560388E0,-3.648347855E-1,1.141090972E0
2.299508787E1,-3.316392899E-1,-9.569784403E-1,-6.678647995E-1,1.213192377E0
2.300006829E1,-5.307134390E-1,-8.466532230E-1,-9.154329300E-1,1.355173747E0
2.300505495E1,-7.029041052E-1,-7.516562939E-1,-1.074324608E0,1.487694434E0
2.301004162E1,-7.143743038E-1,-6.453955173E-1,-1.204524994E0,1.541994319E0
2.301502829E1,-6.922053099E-1,-6.135141850E-1,-1.272727489E0,1.573335027E0
2.301999917E1,-6.435750723E-1,-6.126399040E-1,-1.248021603E0,1.532016464E0
2.302498506E1,-5.784149170E-1,-6.258370876E-1,-1.230958939E0,1.497162578E0
2.302997094E1,-6.047639847E-1,-6.695539951E-1,-1.214376450E0,1.512862251E0
2.303495683E1,-6.513520479E-1,-7.099173069E-1,-1.121768951E0,1.478718247E0
2.303990542E1,-6.852204800E-1,-7.271842957E-1,-1.070503235E0,1.464343294E0
2.304488969E1,-7.067339420E-1,-7.263832092E-1,-9.719257355E-1,1.404188401E0
2.304987396E1,-7.329187393E-1,-7.121613026E-1,-8.380565643E-1,1.321621127E0
2.305485824E1,-7.689018250E-1,-6.366782188E-1,-7.621431351E-1,1.255958331E0
2.305984251E1,-8.243913651E-1,-5.309152603E-1,-8.015327454E-1,1.266470244E0
2.306487053E1,-8.468389511E-1,-4.521172047E-1,-7.433109283E-1,1.214107620E0
2.306985693E1,-8.261063099E-1,-3.856744766E-1,-6.738853455E-1,1.133718614E0
2.307484334E1,-8.410247564E-1,-3.270518780E-1,-5.166931152E-1,1.039835250E0
2.307982974E1,-9.131326675E-1,-3.124408722E-1,-3.028135300E-1,1.011497208E0
2.308480959E1,-9.589540958E-1,-3.182556629E-1,-1.253910065E-1,1.018136793E0
2.308979568E1,-9.501193762E-1,-3.831059933E-1,-3.201961517E-2,1.024949895E0
2.309478172E1,-9.968193769E-1,-4.260540009E-1,1.234397888E-1,1.091058323E0
2.309976782E1,-1.067961812E0,-3.899872303E-1,3.027477264E-1,1.176557970E0
2.310474922E1,-1.144661427E0,-3.901388645E-1,4.893131256E-1,1.304563318E0
2.310973506E1,-1.203125477E0,-4.316270351E-1,6.498060226E-1,1.433897025E0
2.311472089E1,-1.241245985E0,-4.499590397E-1,7.150154114E-1,1.501466540E0
2.311970672E1,-1.306840420E0,-4.714026451E-1,7.328615189E-1,1.570712686E0
2.312468568E1,-1.363621712E0,-4.643549919E-1,7.175083160E-1,1.609319084E0
2.312967115E1,-1.399373770E0,-4.523308277E-1,7.620582581E-1,1.656376441E0
2.313465662E1,-1.449593306E0,-4.470174313E-1,8.399562836E-1,1.733975748E0
2.313964214E1,-1.494792104E0,-4.005949497E-1,8.817424774E-1,1.781109077E0
2.314454792E1,-1.455785513E0,-4.086172581E-1,9.327812195E-1,1.776614850E0
2.314952949E1,-1.386232138E0,-4.327101707E-1,9.095716476E-1,1.713533838E0
2.315451105E1,-1.340835094E0,-5.493123531E-1,8.647184372E-1,1.687400601E0
2.315949256E1,-1.295280218E0,-6.387190819E-1,8.722810745E-1,1.687183209E0
2.316449532E1,-1.273273706E0,-7.561848164E-1,8.461322784E-1,1.705573581E0
2.316947792E1,-1.164669991E0,-8.466444016E-1,8.508338928E-1,1.672477576E0
2.317446058E1,-1.007724643E0,-8.434858322E-1,9.318542480E-1,1.611002683E0
2.317944318E1,-8.671928644E-1,-8.189826012E-1,1.034261703E0,1.578750530E0
2.318443459E1,-7.718623877E-1,-7.759435177E-1,1.129487991E0,1.572769217E0
2.318941766E1,-7.550166845E-1,-7.481827736E-1,1.117174149E0,1.542045957E0
2.319440074E1,-7.687972784E-1,-6.853399277E-1,1.009381294E0,1.442078593E0
2.319938386E1,-7.511099577E-1,-6.447405815E-1,9.473047256E-1,1.370125114E0
2.320438162E1,-6.804918051E-1,-6.479480267E-1,9.643859863E-1,1.346456859E0
2.320936547E1,-6.212780476E-1,-6.714618206E-1,1.043863297E0,1.387983419E0
2.321434928E1,-6.334829330E-1,-6.726634502E-1,1.195426941E0,1.510901160E0
2.321933308E1,-7.077138424E-1,-6.522450447E-1,1.302101135E0,1.619181845E0
2.322430547E1,-8.372360468E-1,-6.466498375E-1,1.352300644E0,1.716926685E0
2.322928870E1,-9.578946829E-1,-6.418170929E-1,1.334374428E0,1.763532398E0
2.323427193E1,-1.029516339E0,-6.282517910E-1,1.097925186E0,1.630964108E0
2.323925511E1,-1.071598649E0,-5.838916302E-1,7.220621109E-1,1.417965723E0
2.324432454E1,-1.110569596E0,-5.035614967E-1,2.714338303E-1,1.249245906E0
2.324931214E1,-1.042427421E0,-4.048190117E-1,-6.109886169E-1,1.274299984E0
2.325429974E1,-3.751461506E-1,-3.788836002E-1,-3.824506760E0,3.861494448E0
2.325928735E1,1.149871349E-1,-1.477925777E-1,-4.458232880E0,4.462163724E0
2.326426120E1,3.994989395E-2,-2.165317535E-2,-2.312973499E0,2.313419820E0
2.326924808E1,3.670859337E-2,-2.238903046E-1,-1.237869740E0,1.258489524E0
2.327423501E1,-3.573298454E-1,-2.255308628E-1,-1.281814575E-1,4.415645758E-1
2.327922193E1,-1.143798709E0,-9.502458572E-2,9.818658829E-1,1.510419071E0
2.328420600E1,-1.526302576E0,-8.964419365E-2,1.639782906E0,2.241990993E0
2.328919277E1,-1.330866575E0,-2.057297230E-1,1.785051346E0,2.236054308E0
2.329417954E1,-1.019204497E0,-3.125510216E-1,1.736510277E0,2.037629478E0
2.329916631E1,-9.104548693E-1,-2.528374195E-1,1.570715904E0,1.833031173E0
2.330414475E1,-8.311476707E-1,-1.363823414E-1,1.148712158E0,1.424410831E0
2.330913110E1,-3.567802906E-1,-1.226067543E-1,4.845581055E-1,6.141019048E-1
2.331411745E1,4.236335754E-1,-2.889699936E-1,-4.679613113E-1,6.942311231E-1
2.331910381E1,1.280262470E-1,-2.799594402E-1,-1.004339695E0,1.050460009E0
2.332408386E1,-6.985139847E-2,-3.239202499E-1,-1.132975101E0,1.180438955E0
2.332906990E1,-3.173303604E-2,-4.415128231E-1,-1.325647831E0,1.397598916E0
2.333405594E1,1.132557392E-1,-5.985403061E-1,-1.458240032E0,1.580361146E0
