"Time (s)","Linear Acceleration x (m/s^2)","Linear Acceleration y (m/s^2)","Linear Acceleration z (m/s^2)","Absolute acceleration (m/s^2)"
6.785356000E-2,0.000000000E0,0.000000000E0,0.000000000E0,0.000000000E0
7.283423700E-2,-3.812265396E-2,2.438378334E-2,3.795528412E-2,5.906360324E-2
7.781486200E-2,-7.588982582E-2,6.037926674E-2,1.044292450E-1,1.425145211E-1
8.279553900E-2,-1.206617355E-1,4.164266586E-2,1.725263596E-1,2.146129325E-1
8.780772600E-2,-1.949260235E-1,7.001399994E-3,2.077322006E-1,2.849523494E-1
9.279475800E-2,-2.349972725E-1,-1.127243042E-2,2.817487717E-1,3.670601532E-1
9.778178900E-2,-2.476279736E-1,-4.244089127E-3,3.616304398E-1,4.383083396E-1
1.027687680E-1,-2.099058628E-1,-4.412460327E-2,5.399951935E-1,5.810355074E-1
1.077460600E-1,-1.421308517E-1,-6.974148750E-2,7.012901306E-1,7.189387327E-1
1.127311640E-1,-9.910631180E-2,-6.833100319E-2,7.634010315E-1,7.728339549E-1
1.177162160E-1,-3.232955933E-2,-8.367085457E-2,7.851104736E-1,7.902179877E-1
1.227012680E-1,9.865069389E-2,-6.433296204E-2,7.536087036E-1,7.627560341E-1
1.276812160E-1,1.995303631E-1,-6.815457344E-2,5.766544342E-1,6.139932802E-1
1.326652780E-1,2.857739925E-1,-6.906151772E-2,3.747463226E-1,4.763098512E-1
1.376492890E-1,3.045129776E-1,-4.024147987E-2,2.761211395E-1,4.130259240E-1
1.426332990E-1,2.829566002E-1,1.692676544E-2,2.302818298E-1,3.652131900E-1
1.476210600E-1,2.864353657E-1,7.189226151E-2,1.637029648E-1,3.376571881E-1
1.526058510E-1,2.342371941E-1,1.026480198E-1,3.170585632E-2,2.576993216E-1
1.575906430E-1,1.494863033E-1,1.265656948E-1,-8.612251282E-2,2.139675611E-1
1.625754350E-1,1.082563400E-2,1.441168785E-1,-1.867170334E-1,2.361146323E-1
1.675638200E-1,-1.117396355E-1,1.878035069E-1,-2.463169098E-1,3.292839555E-1
1.725493410E-1,-1.582953930E-1,2.112185955E-1,-3.401222229E-1,4.305274126E-1
1.775348620E-1,-2.082915306E-1,2.064354420E-1,-4.417915344E-1,5.302647578E-1
1.825203830E-1,-2.248988152E-1,1.793835163E-1,-5.216197968E-1,5.956887907E-1
1.875096530E-1,-2.205960751E-1,1.630342007E-1,-5.302419662E-1,5.969918942E-1
1.924960080E-1,-1.800758839E-1,8.091521263E-2,-4.887504578E-1,5.271163112E-1
1.974822580E-1,-1.485543251E-1,4.361701012E-2,-4.356546402E-1,4.623481336E-1
2.024685080E-1,-1.073334217E-1,4.023265839E-2,-3.688182831E-1,3.862202172E-1
2.074353830E-1,-7.798361778E-2,2.088356018E-2,-2.720985413E-1,2.838224513E-1
2.124177780E-1,-3.476834297E-2,1.148581505E-2,-2.456798553E-1,2.483935445E-1
2.174001740E-1,2.923583984E-2,2.075314522E-2,-1.690597534E-1,1.728196389E-1
2.223825700E-1,6.014895439E-2,-3.551626205E-2,-2.501201630E-2,7.419503045E-2
2.273819450E-1,8.662796021E-2,-3.510355949E-2,9.207153320E-2,1.312014886E-1
2.323678300E-1,7.616233826E-2,-3.548908234E-2,1.739692688E-1,1.931980415E-1
2.373536640E-1,2.043151855E-2,5.083322525E-3,2.079324722E-1,2.089956940E-1
2.423394970E-1,-3.981208801E-2,5.305290222E-2,1.301212311E-1,1.460518660E-1
2.473155390E-1,-1.136386395E-1,8.739185333E-2,-3.569793701E-2,1.477342855E-1
2.522993410E-1,-1.234345436E-1,1.159026623E-1,-2.527685165E-1,3.042391110E-1
2.572831950E-1,-1.007781029E-1,1.135351658E-1,-4.946899414E-1,5.174597550E-1
2.622670490E-1,-1.161313057E-1,1.187050343E-1,-6.726598740E-1,6.928554477E-1
2.672483510E-1,-1.144857407E-1,7.557368279E-2,-8.214087486E-1,8.327849054E-1
2.722316850E-1,-7.706212997E-2,1.185200214E-1,-9.326090813E-1,9.432630947E-1
2.772150180E-1,-5.609202385E-2,1.357600689E-1,-9.745330811E-1,9.855413931E-1
2.821982990E-1,-4.173183441E-2,1.348176003E-1,-9.885449409E-1,9.985681908E-1
2.872068930E-1,-2.863335609E-2,1.210482121E-1,-1.120656013E0,1.127538221E0
2.921953830E-1,2.914905548E-3,8.088731766E-2,-1.188437462E0,1.191190520E0
2.971838720E-1,-1.422858238E-2,2.687692642E-2,-1.111763000E0,1.112178848E0
3.021723620E-1,-4.335474968E-2,6.730723381E-2,-9.195818901E-1,9.230605347E-1
3.071276740E-1,-1.273307800E-1,1.226890087E-1,-7.028317451E-1,7.247331801E-1
3.121094970E-1,-2.007977962E-1,1.738457680E-1,-5.856676102E-1,6.430774880E-1
3.170912680E-1,-2.063724995E-1,1.333975792E-1,-5.842313766E-1,6.338066141E-1
3.220730910E-1,-2.839021683E-1,1.415252686E-1,-5.130872726E-1,6.032316240E-1
3.270522050E-1,-3.762068748E-1,1.551566124E-1,-3.874664307E-1,5.619033920E-1
3.320334550E-1,-4.581534863E-1,8.488368988E-2,-3.043270111E-1,5.565292333E-1
3.370147050E-1,-5.568449497E-1,5.903625488E-2,-2.507429123E-1,6.135418368E-1
3.419959550E-1,-6.136629581E-1,7.426714897E-2,-2.283124924E-1,6.589570773E-1
3.470094450E-1,-6.623535156E-1,6.391191483E-2,-1.846809387E-1,6.905823352E-1
3.519972050E-1,-6.043834686E-1,-2.618885040E-2,-7.527542114E-2,6.096159628E-1
3.569849140E-1,1.516666412E-1,-4.798409939E-1,1.507205963E-1,5.253254683E-1
3.619726740E-1,4.506905079E-1,-6.684534550E-1,6.989955902E-1,1.067027080E0
3.669691330E-1,1.206185818E-1,-2.730841637E-1,8.982038498E-1,9.465167502E-1
3.719573620E-1,4.076981544E-2,2.280068398E-2,9.520492554E-1,9.531945414E-1
3.769455390E-1,2.482652664E-2,1.833307743E-1,1.002062798E0,1.018997733E0
3.819337680E-1,7.655382156E-3,2.534542084E-1,9.257745743E-1,9.598730140E-1
3.868764240E-1,3.894758224E-2,1.852636337E-1,7.155342102E-1,7.401545339E-1
3.918623620E-1,4.091334343E-2,1.202442646E-1,4.200973511E-1,4.388785358E-1
3.968482470E-1,3.107833862E-2,1.127080917E-1,1.087741852E-1,1.596897005E-1
4.018341330E-1,-1.803493500E-2,1.106603146E-1,-1.951990128E-1,2.251080156E-1
4.068098100E-1,-7.241892815E-2,1.147055626E-1,-4.947767258E-1,5.130359399E-1
4.117952260E-1,-1.432304382E-1,1.419889927E-1,-7.693185806E-1,7.953156046E-1
4.167805910E-1,-2.137525082E-1,1.858570576E-1,-9.321985245E-1,9.742828489E-1
4.217660600E-1,-2.299032211E-1,2.865910530E-1,-1.044122219E0,1.106879005E0
4.267485080E-1,-2.683835030E-1,3.776664734E-1,-1.091658115E0,1.185908559E0
4.317337680E-1,-3.528904915E-1,3.910689354E-1,-1.120564938E0,1.238197234E0
4.367190280E-1,-3.766610622E-1,4.410765171E-1,-1.119200706E0,1.260568233E0
4.417042890E-1,-3.785181046E-1,5.104854107E-1,-1.085464001E0,1.257816921E0
4.467241850E-1,-4.085953236E-1,5.445742607E-1,-1.043277740E0,1.245768722E0
4.517111640E-1,-4.265782833E-1,5.765552521E-1,-9.618244171E-1,1.199787981E0
4.566981430E-1,-4.588484764E-1,5.804669857E-1,-9.337005615E-1,1.191335630E0
4.616851220E-1,-4.744217396E-1,5.799639225E-1,-9.368548393E-1,1.199637916E0
4.666530910E-1,-4.831411839E-1,5.890090466E-1,-9.423756599E-1,1.211787500E0
4.716391330E-1,-4.782209396E-1,5.956852436E-1,-9.667315483E-1,1.232114468E0
4.766251740E-1,-4.743793011E-1,6.095538139E-1,-9.836006165E-1,1.250624542E0
4.816112160E-1,-4.598586559E-1,6.163880825E-1,-1.007262230E0,1.267273235E0
4.865760600E-1,-4.727430344E-1,5.854296684E-1,-1.063606262E0,1.302870736E0
4.915610600E-1,-5.034253597E-1,5.645244122E-1,-1.074155331E0,1.313748294E0
4.965460600E-1,-5.683827400E-1,5.628843307E-1,-1.115092278E0,1.372344161E0
5.015310600E-1,-6.368992329E-1,5.495033264E-1,-1.140975952E0,1.417540356E0
5.065162160E-1,-7.470331192E-1,5.435099602E-1,-1.142469406E0,1.469250796E0
5.115012680E-1,-8.655081987E-1,5.351686478E-1,-1.155201435E0,1.539480523E0
5.164862160E-1,-9.833058119E-1,5.433685780E-1,-1.164658070E0,1.618199045E0
5.214712680E-1,-1.053084731E0,5.463931561E-1,-1.208682060E0,1.693648504E0
5.264625180E-1,-1.110843539E0,5.490443707E-1,-1.346127987E0,1.829612977E0
5.314478830E-1,-1.170663476E0,5.158374310E-1,-1.431619167E0,1.919915277E0
5.364331430E-1,-1.232320666E0,4.259121418E-1,-1.584249496E0,2.051794786E0
5.414184550E-1,-1.278971076E0,3.649826050E-1,-1.741751671E0,2.191501357E0
5.464152780E-1,-1.313057780E0,2.783441544E-1,-1.873350143E0,2.304568715E0
5.514012160E-1,-1.341755509E0,2.016592026E-1,-2.059860229E0,2.466576260E0
5.563871010E-1,-1.388818026E0,1.443073750E-1,-2.217796803E0,2.620737069E0
5.613729870E-1,-1.437610149E0,7.983183861E-2,-2.363937378E0,2.767904621E0
5.663447580E-1,-1.483559847E0,1.045942307E-3,-2.564665318E0,2.962846453E0
5.713299140E-1,-1.529488325E0,-3.962969780E-2,-2.769577026E0,3.164089435E0
5.763151220E-1,-1.580537081E0,-9.704089165E-2,-2.980890274E0,3.375384604E0
5.813003300E-1,-1.616132736E0,-1.375277042E-1,-3.193627357E0,3.581906558E0
5.862862680E-1,-1.682597876E0,-1.606357098E-1,-3.407583237E0,3.803756427E0
5.912714760E-1,-1.756779909E0,-1.682474613E-1,-3.651086807E0,4.055245705E0
5.962566850E-1,-1.846280575E0,-1.835808754E-1,-3.881114960E0,4.301802788E0
6.012419450E-1,-1.910516739E0,-2.462399006E-1,-4.088463783E0,4.519540287E0
6.062419450E-1,-1.961234808E0,-3.363852501E-1,-4.285344124E0,4.724803834E0
6.112279350E-1,-1.966907501E0,-4.201092720E-1,-4.415227890E0,4.851747545E0
6.162138720E-1,-1.944371462E0,-5.681781769E-1,-4.530990601E0,4.963192787E0
6.211998620E-1,-1.943096876E0,-7.939267159E-1,-4.609208584E0,5.064656836E0
6.261732990E-1,-1.931082606E0,-1.006292701E0,-4.605417252E0,5.094268651E0
6.311586640E-1,-1.917321801E0,-1.207734466E0,-4.570254803E0,5.101173825E0
6.361440280E-1,-1.898474574E0,-1.441534758E0,-4.482717514E0,5.077103946E0
6.411293410E-1,-1.935716987E0,-1.684142113E0,-4.314711094E0,5.019966806E0
6.461068410E-1,-1.985282540E0,-1.912004590E0,-4.119175911E0,4.956280713E0
6.510917890E-1,-1.980685592E0,-2.180413246E0,-3.922083378E0,4.905105030E0
6.560767370E-1,-2.033739567E0,-2.461008787E0,-3.666272402E0,4.861503286E0
6.610616850E-1,-2.136904001E0,-2.604659557E0,-3.484837770E0,4.847133628E0
6.660455910E-1,-2.208993435E0,-2.646173239E0,-3.393548727E0,4.837153891E0
6.710304870E-1,-2.294824123E0,-2.650595188E0,-3.422717333E0,4.899680250E0
6.760153830E-1,-2.417322159E0,-2.632410288E0,-3.505247116E0,5.005975198E0
6.810002780E-1,-2.456954718E0,-2.591409206E0,-3.603113174E0,5.072913631E0
6.859855390E-1,-2.399436235E0,-2.589303017E0,-3.723807335E0,5.131132957E0
6.909704350E-1,-2.236134768E0,-2.660910130E0,-3.836354256E0,5.176712798E0
6.959553300E-1,-2.018420219E0,-2.764876127E0,-3.940448284E0,5.219740689E0
7.009402780E-1,-1.780494690E0,-2.909715414E0,-4.133284569E0,5.359164716E0
7.059292890E-1,-1.508513451E0,-3.054191589E0,-4.304678917E0,5.489440743E0
7.109144450E-1,-1.259151697E0,-3.200684071E0,-4.457365036E0,5.630092768E0
7.158995490E-1,-1.050799608E0,-3.315649271E0,-4.537011623E0,5.716833422E0
7.208847050E-1,-9.182331562E-1,-3.444438457E0,-4.475473404E0,5.721640552E0
7.258640800E-1,-8.370466232E-1,-3.572765827E0,-4.311667919E0,5.661782665E0
7.308489240E-1,-7.671751976E-1,-3.664561749E0,-4.007621765E0,5.484396303E0
7.358337160E-1,-7.116050720E-1,-3.815085173E0,-3.582503080E0,5.281627114E0
7.408186120E-1,-6.138935089E-1,-3.933601856E0,-3.128876209E0,5.063591130E0
7.457988200E-1,-4.792881012E-1,-4.051762581E0,-2.610565186E0,4.843712180E0
7.507834550E-1,-3.223805428E-1,-4.193970680E0,-2.089178324E0,4.696592951E0
7.557680390E-1,-1.379771233E-1,-4.394282818E0,-1.540914059E0,4.658666688E0
7.607526740E-1,2.413463593E-2,-4.598590851E0,-1.003781319E0,4.706930765E0
7.657220490E-1,1.981267929E-1,-4.836622715E0,-4.518418312E-1,4.861721357E0
7.707059030E-1,3.885235786E-1,-5.046580315E0,3.493309021E-3,5.061515153E0
7.756897580E-1,5.698742867E-1,-5.227361679E0,3.028540611E-1,5.267047314E0
7.806736120E-1,7.309179306E-1,-5.394040108E0,5.989642143E-1,5.476190997E0
7.856816850E-1,8.838324547E-1,-5.525333881E0,7.656807899E-1,5.647720016E0
7.906667370E-1,1.010795593E0,-5.570517540E0,8.666014671E-1,5.727422762E0
7.956517890E-1,1.090385914E0,-5.620062828E0,8.760714531E-1,5.791506611E0
8.006367890E-1,1.113550663E0,-5.659132004E0,7.563786507E-1,5.817033503E0
8.056246530E-1,1.161366463E0,-5.658604145E0,5.751428604E-1,5.805115179E0
8.106097580E-1,1.226842403E0,-5.610945225E0,3.205323219E-1,5.752442053E0
8.155950180E-1,1.255158424E0,-5.591729641E0,1.073708534E-1,5.731875046E0
8.205801740E-1,1.358362198E0,-5.599782944E0,1.657724380E-2,5.762203718E0
8.255470490E-1,1.505205154E0,-5.641735554E0,-5.725097656E-2,5.839357866E0
8.305313200E-1,1.721472740E0,-5.692624092E0,-8.252382278E-2,5.947793509E0
8.355155910E-1,1.981135845E0,-5.778862953E0,1.593017578E-2,6.109043300E0
8.404998620E-1,2.215305328E0,-5.874395370E0,1.797978878E-1,6.280798193E0
8.454933510E-1,2.438687325E0,-5.922179222E0,3.204107285E-1,6.412648879E0
8.504780910E-1,2.706455708E0,-6.006623268E0,5.011920929E-1,6.607239900E0
8.554628300E-1,2.920984745E0,-6.091836452E0,6.597440243E-1,6.788069344E0
8.604475700E-1,3.154094696E0,-6.190094948E0,7.886369228E-1,6.991962315E0
8.654213720E-1,3.403471947E0,-6.294826031E0,8.990588188E-1,7.212264749E0
8.704055390E-1,3.619044781E0,-6.379389763E0,9.770932198E-1,7.399243882E0
8.753897580E-1,3.879463673E0,-6.513560295E0,1.027187109E0,7.650609091E0
8.803739240E-1,4.162942886E0,-6.625890732E0,1.082629681E0,7.899658758E0
8.853706430E-1,4.423844337E0,-6.728343964E0,1.158224106E0,8.135262399E0
8.903554870E-1,4.609673023E0,-6.902536392E0,1.182188272E0,8.384012353E0
8.953402780E-1,4.756334782E0,-7.026530266E0,1.153048038E0,8.562964902E0
9.003250700E-1,4.866353512E0,-7.133928299E0,1.180749655E0,8.715991006E0
9.053084550E-1,5.006523609E0,-7.227064610E0,1.239102840E0,8.878688944E0
9.102931950E-1,5.145617485E0,-7.270147324E0,1.328537464E0,9.005411329E0
9.152779350E-1,5.319356918E0,-7.332324982E0,1.411178112E0,9.167877144E0
9.202627260E-1,5.456101894E0,-7.375480175E0,1.489610434E0,9.294390509E0
9.252422050E-1,5.553482533E0,-7.345201015E0,1.638055563E0,9.352880424E0
9.302267370E-1,5.685661793E0,-7.320122719E0,1.773408294E0,9.436944612E0
9.352112160E-1,5.828837872E0,-7.264451504E0,1.886126161E0,9.502898425E0
9.401956950E-1,5.966444492E0,-7.173589706E0,2.019157887E0,9.546509714E0
9.451816330E-1,6.146233559E0,-7.064519405E0,2.191198111E0,9.616910655E0
9.501661640E-1,6.365555286E0,-6.959025383E0,2.377988577E0,9.726415478E0
9.551506950E-1,6.648072720E0,-6.814332962E0,2.553013325E0,9.856463952E0
9.601352780E-1,6.943338871E0,-6.652361393E0,2.739854336E0,9.998533321E0
9.651172050E-1,7.189080238E0,-6.523646355E0,2.950067520E0,1.014611920E1
9.701016330E-1,7.440189838E0,-6.316318512E0,3.192694426E0,1.026867090E1
9.750860600E-1,7.724721432E0,-6.109911919E0,3.455246449E0,1.043748403E1
9.800704350E-1,8.006464958E0,-5.866599083E0,3.734688997E0,1.060511046E1
9.850526220E-1,8.234960556E0,-5.615518093E0,4.011250973E0,1.074424279E1
9.900369450E-1,8.390964508E0,-5.323652744E0,4.305864334E0,1.083005224E1
9.950212160E-1,8.445806503E0,-4.979526520E0,4.625139713E0,1.084062956E1
1.000005591E0,8.452135086E0,-4.583409786E0,4.904047966E0,1.079332753E1
1.005027310E0,8.441571236E0,-4.227784634E0,5.209805965E0,1.078315195E1
1.010013455E0,8.403015137E0,-3.870793819E0,5.437752724E0,1.073139613E1
1.014999601E0,8.353788376E0,-3.485445976E0,5.631271839E0,1.066045667E1
1.019985799E0,8.315064430E0,-3.076594830E0,5.725493431E0,1.055400432E1
1.025024601E0,8.304407120E0,-2.679041862E0,5.761745453E0,1.045648859E1
1.030013455E0,8.340616226E0,-2.265804291E0,5.758931160E0,1.038580937E1
1.035002258E0,8.357366562E0,-1.898044109E0,5.700715065E0,1.029302189E1
1.039991112E0,8.378152847E0,-1.573134422E0,5.627043724E0,1.021429479E1
1.044896112E0,8.374553680E0,-1.301613331E0,5.531971931E0,1.012077369E1
1.049870487E0,8.347049713E0,-9.880809784E-1,5.388887882E0,9.984470719E0
1.054854653E0,8.310672760E0,-6.242189407E-1,5.240347862E0,9.844702978E0
1.059838820E0,8.250645638E0,-2.675762177E-1,4.988928318E0,9.645421516E0
1.064821008E0,8.173763275E0,1.199026108E-1,4.697440147E0,9.428187877E0
1.069805070E0,8.079943657E0,4.476227760E-1,4.463929653E0,9.241889612E0
1.074789133E0,8.002244949E0,7.420101166E-1,4.245514393E0,9.089053620E0
1.079773247E0,7.892668724E0,1.031790257E0,4.006794453E0,8.911409120E0
1.084759549E0,7.693930626E0,1.264535904E0,3.762513161E0,8.657489521E0
1.089743716E0,7.442036629E0,1.542978287E0,3.532179832E0,8.380989533E0
1.094727883E0,7.194426060E0,1.814569473E0,3.273289442E0,8.109676472E0
1.099712049E0,6.905794144E0,2.091320515E0,2.979331970E0,7.806409753E0
1.104689549E0,6.602544308E0,2.349450111E0,2.717882872E0,7.516674429E0
1.109673351E0,6.304116249E0,2.613111019E0,2.446451664E0,7.249507337E0
1.114657205E0,6.067641735E0,2.817982197E0,2.156359673E0,7.029024607E0
1.119641060E0,5.921298027E0,3.031042099E0,1.872005582E0,6.910382871E0
1.124639080E0,5.757343769E0,3.185539246E0,1.577186227E0,6.766253317E0
1.129623664E0,5.589620590E0,3.274361610E0,1.291826248E0,6.605612565E0
1.134608195E0,5.389627457E0,3.350354195E0,9.878842235E-1,6.422528520E0
1.139592726E0,5.183675766E0,3.382622242E0,7.062327862E-1,6.229879006E0
1.144578820E0,4.945611000E0,3.442943096E0,4.877847731E-1,6.045730668E0
1.149563403E0,4.656602859E0,3.466969967E0,2.733926773E-1,5.811933800E0
1.154548039E0,4.326425552E0,3.500210762E0,1.062490344E-1,5.566032905E0
1.159532674E0,4.019908428E0,3.542860031E0,-5.861538649E-2,5.358633850E0
1.164512466E0,3.685031891E0,3.580937386E0,-1.897769570E-1,5.141846739E0
1.169496841E0,3.369869232E0,3.636133671E0,-3.060899377E-1,4.967008935E0
1.174481216E0,3.072272778E0,3.691924572E0,-4.526347220E-1,4.824318113E0
1.179465591E0,2.814057350E0,3.717628002E0,-5.623186231E-1,4.696368700E0
1.184457153E0,2.576299667E0,3.687387466E0,-6.493917108E-1,4.544871384E0
1.189441893E0,2.339992523E0,3.656403065E0,-6.827934384E-1,4.394434578E0
1.194426633E0,2.174475670E0,3.572396278E0,-7.222117186E-1,4.244048701E0
1.199411372E0,2.022672653E0,3.454952717E0,-7.913689017E-1,4.080951810E0
1.204386476E0,1.884726524E0,3.330578804E0,-8.089655638E-1,3.911441489E0
1.209370747E0,1.801311493E0,3.189890385E0,-8.039578795E-1,3.750529567E0
1.214355018E0,1.729435921E0,3.025902748E0,-7.358742356E-1,3.562098670E0
1.219339237E0,1.673964977E0,2.857883930E0,-6.453998089E-1,3.374344413E0
1.224330591E0,1.694715023E0,2.681215286E0,-5.377465487E-1,3.217164244E0
1.229315174E0,1.700909615E0,2.479311943E0,-3.725292385E-1,3.029663226E0
1.234299810E0,1.728263855E0,2.302254677E0,-1.763535738E-1,2.884158999E0
1.239284393E0,1.814857006E0,2.183249474E0,2.315044403E-3,2.839064912E0
1.244272518E0,1.867451668E0,2.050480843E0,2.014139891E-1,2.780722031E0
1.249257310E0,1.924283504E0,1.939676762E0,3.918105960E-1,2.760204429E0
1.254242101E0,1.961398125E0,1.819647789E0,6.161144972E-1,2.745505009E0
1.259226893E0,2.000320435E0,1.707072258E0,8.762868047E-1,2.771868702E0
1.264218039E0,2.036299229E0,1.623353004E0,1.105134368E0,2.828977111E0
1.269203143E0,2.073975086E0,1.570626736E0,1.304805636E0,2.910456794E0
1.274188247E0,2.104016304E0,1.536941528E0,1.501351118E0,3.007179584E0
1.279173403E0,2.169187069E0,1.502973080E0,1.668003559E0,3.121944345E0
1.284144445E0,2.257365704E0,1.451941013E0,1.787641287E0,3.224824646E0
1.289128820E0,2.330307007E0,1.419661045E0,1.943735361E0,3.350205275E0
1.294113247E0,2.421353340E0,1.389238358E0,2.102144241E0,3.494559432E0
1.299097622E0,2.456250668E0,1.365221977E0,2.238584280E0,3.592806419E0
1.304085122E0,2.511482239E0,1.297416687E0,2.371663809E0,3.689935273E0
1.309069653E0,2.496383190E0,1.286100388E0,2.526987076E0,3.777783334E0
1.314054185E0,2.425419807E0,1.266508579E0,2.606109381E0,3.778691748E0
1.319038768E0,2.370493412E0,1.272076130E0,2.706603050E0,3.816165191E0
1.324030747E0,2.286162376E0,1.290656567E0,2.725409031E0,3.784202316E0
1.329015643E0,2.141670227E0,1.293591976E0,2.707881927E0,3.686835512E0
1.334000591E0,2.001875401E0,1.326348305E0,2.675578833E0,3.595194993E0
1.338985539E0,1.897917747E0,1.348309994E0,2.545091629E0,3.449278623E0
1.343964393E0,1.810789108E0,1.390599728E0,2.362205982E0,3.285230875E0
1.348949028E0,1.780955315E0,1.405374527E0,2.172619104E0,3.141202503E0
1.353933612E0,1.720009804E0,1.325992584E0,1.957903504E0,2.924051332E0
1.358918247E0,1.692369461E0,1.262448311E0,1.623327494E0,2.663284116E0
1.363903560E0,1.678691387E0,1.159735680E0,1.289216638E0,2.413518419E0
1.368888247E0,1.678894997E0,1.065650463E0,9.439053535E-1,2.201194366E0
1.373872883E0,1.662011147E0,9.706573486E-1,5.519418716E-1,2.002272851E0
1.378857570E0,1.630374432E0,8.507938385E-1,1.518762112E-1,1.845274323E0
1.383846789E0,1.579261780E0,7.562031746E-1,-2.441569567E-1,1.767915052E0
1.388831633E0,1.484956264E0,6.558260918E-1,-5.786181092E-1,1.723369341E0
1.393816528E0,1.402682781E0,5.308008194E-1,-9.060854912E-1,1.752215572E0
1.398801476E0,1.327561378E0,4.408612251E-1,-1.192702413E0,1.838291837E0
1.403784080E0,1.219158649E0,3.335776329E-1,-1.526414275E0,1.981807859E0
1.408768872E0,1.089718342E0,2.092533112E-1,-1.773026824E0,2.091625476E0
1.413753612E0,9.107732773E-1,1.158285141E-1,-2.063591242E0,2.258613075E0
1.418738403E0,7.424163818E-1,1.056146622E-2,-2.302242756E0,2.419011231E0
1.423716893E0,5.801510811E-1,-3.217935562E-2,-2.450632572E0,2.518573166E0
1.428701372E0,4.168148041E-1,-7.690191269E-2,-2.594686508E0,2.629077131E0
1.433685799E0,3.290152550E-1,-1.303510666E-1,-2.712449074E0,2.735438249E0
1.438670278E0,2.165174484E-1,-2.112493515E-1,-2.801354170E0,2.817639310E0
1.443665747E0,1.605525017E-1,-2.526140213E-1,-2.844862938E0,2.860565693E0
1.448650695E0,1.824231148E-1,-3.116273880E-1,-2.868970871E0,2.891605727E0
1.453635747E0,2.384839058E-1,-3.645296097E-1,-2.937716007E0,2.969836990E0
1.458620747E0,2.494940758E-1,-3.114476204E-1,-3.043907881E0,3.069954739E0
1.463602935E0,2.700061798E-1,-2.844262123E-1,-3.101881742E0,3.126575115E0
1.468587778E0,2.426314354E-1,-2.978439331E-1,-3.181376219E0,3.204486803E0
1.473572622E0,2.224712372E-1,-2.799777985E-1,-3.253940105E0,3.273531309E0
1.478557518E0,1.762738228E-1,-2.594847679E-1,-3.360476017E0,3.375085757E0
1.483547935E0,1.087989807E-1,-2.269449234E-1,-3.434226036E0,3.443435738E0
1.488533039E0,1.045179367E-2,-1.515684128E-1,-3.537630081E0,3.540890963E0
1.493518195E0,-1.303524971E-1,-1.073246002E-1,-3.642229080E0,3.646140839E0
1.498503351E0,-3.014807701E-1,1.091146469E-2,-3.686089039E0,3.698413459E0
1.503480955E0,-4.836888313E-1,1.386036873E-1,-3.652496338E0,3.686990014E0
1.508465747E0,-6.818575859E-1,3.091020584E-1,-3.598703384E0,3.675750250E0
1.513450487E0,-9.077944756E-1,4.533405304E-1,-3.545698166E0,3.688032528E0
1.518435226E0,-1.087355137E0,6.121606827E-1,-3.531419754E0,3.745398160E0
1.523424497E0,-1.268392563E0,7.785348892E-1,-3.557768345E0,3.856507729E0
1.528409497E0,-1.419935703E0,8.476510048E-1,-3.571506500E0,3.935783062E0
1.533394445E0,-1.549067020E0,8.677530289E-1,-3.601334095E0,4.015247342E0
1.538379445E0,-1.607905865E0,8.679823875E-1,-3.623095036E0,4.057779236E0
1.543362935E0,-1.589412689E0,8.486866951E-1,-3.657905579E0,4.077594269E0
1.548347830E0,-1.532052994E0,7.815060616E-1,-3.590596199E0,3.981245931E0
1.553332778E0,-1.421768665E0,6.569814682E-1,-3.459590912E0,3.797607150E0
1.558317674E0,-1.318408012E0,5.469260216E-1,-3.312687635E0,3.607107862E0
1.563305174E0,-1.210061550E0,4.537243843E-1,-3.128180981E0,3.384616820E0
1.568290226E0,-1.089650631E0,3.055610657E-1,-2.896908045E0,3.110109690E0
1.573275278E0,-9.975814819E-1,2.029099464E-1,-2.628841877E0,2.819069150E0
1.578260278E0,-8.906478882E-1,5.972957611E-2,-2.333961010E0,2.498838786E0
1.583240539E0,-7.760519981E-1,-2.143955231E-2,-2.079676867E0,2.219858605E0
1.588225330E0,-6.251692772E-1,-7.667732239E-2,-1.749086976E0,1.859037731E0
1.593210174E0,-4.667239189E-1,-1.205163002E-1,-1.414397240E0,1.494280746E0
1.598194914E0,-3.269557953E-1,-1.507353783E-1,-1.078388929E0,1.136901020E0
1.603181008E0,-1.605505943E-1,-1.748571396E-1,-7.560039759E-1,7.923973272E-1
1.608165903E0,-2.721214294E-2,-1.907029152E-1,-4.908007383E-1,5.272508581E-1
1.613150747E0,1.137466431E-1,-1.626462936E-1,-2.472448349E-1,3.170522418E-1
1.618135643E0,2.789921761E-1,-1.459641457E-1,-4.509687424E-2,3.180815842E-1
1.623125383E0,4.302248955E-1,-1.098618507E-1,1.006739140E-1,4.553002568E-1
1.628110539E0,5.697555542E-1,-3.798437119E-2,2.301884890E-1,6.156711334E-1
1.633095643E0,7.000298500E-1,3.607225418E-2,3.120774031E-1,7.672908861E-1
1.638080747E0,8.472547531E-1,1.002306938E-1,3.771965504E-1,9.328258392E-1
1.643050278E0,9.371423721E-1,1.852598190E-1,4.110199213E-1,1.039949230E0
1.648034601E0,1.022202969E0,2.909851074E-1,4.233143330E-1,1.144013228E0
1.653018924E0,1.109647274E0,3.624382019E-1,3.709307909E-1,1.224854348E0
1.658003247E0,1.173038960E0,4.378046989E-1,3.974167109E-1,1.313633662E0
1.662996580E0,1.281618595E0,4.407134056E-1,3.809740543E-1,1.407805299E0
1.667981372E0,1.411250114E0,3.736877441E-1,3.242086172E-1,1.495453324E0
1.672966112E0,1.571359158E0,2.155914307E-1,2.422350645E-1,1.604470970E0
1.677950903E0,1.737785339E0,-2.377939224E-2,2.001820803E-1,1.749438827E0
1.682935383E0,1.869719982E0,-2.893333435E-1,1.698905230E-1,1.899586635E0
1.687920174E0,1.976742744E0,-5.380592346E-1,1.467299461E-1,2.053910732E0
1.692904914E0,2.068430424E0,-7.699975967E-1,1.786653996E-1,2.214322028E0
1.697889653E0,2.149492264E0,-9.565653801E-1,1.919633150E-1,2.360547443E0
1.702877153E0,2.205747604E0,-1.126382351E0,2.442238331E-1,2.488715527E0
1.707862049E0,2.232512474E0,-1.298521519E0,2.926405668E-1,2.599213070E0
1.712846945E0,2.289598465E0,-1.470480919E0,3.542313576E-1,2.744094590E0
1.717831841E0,2.343629837E0,-1.596807003E0,4.241145849E-1,2.867449494E0
1.722818976E0,2.385234356E0,-1.703784943E0,4.973241091E-1,2.973139306E0
1.727803976E0,2.469406605E0,-1.800970078E0,5.858128071E-1,3.112015239E0
1.732788976E0,2.510091782E0,-1.883648872E0,6.369242668E-1,3.202243955E0
1.737773976E0,2.548128605E0,-2.009086609E0,6.887516975E-1,3.317192682E0
1.742749601E0,2.614672184E0,-2.076878071E0,7.385447025E-1,3.419851083E0
1.747734133E0,2.654681206E0,-2.139793396E0,7.957558632E-1,3.501324817E0
1.752718664E0,2.701685905E0,-2.145303726E0,8.651399612E-1,3.556670066E0
1.757703247E0,2.753146648E0,-2.131940365E0,9.250339270E-1,3.602870238E0
1.762689914E0,2.756505489E0,-2.044938087E0,9.799938202E-1,3.569381204E0
1.767674549E0,2.742817879E0,-1.963435650E0,1.080037117E0,3.541837043E0
1.772659185E0,2.716891766E0,-1.832617760E0,1.186405301E0,3.485333020E0
1.777643768E0,2.650112629E0,-1.690845490E0,1.265545368E0,3.388755007E0
1.782627518E0,2.578223705E0,-1.528845310E0,1.386465311E0,3.302558329E0
1.787612101E0,2.472529888E0,-1.339642525E0,1.560615778E0,3.216141749E0
1.792596685E0,2.325912952E0,-1.111496449E0,1.715885639E0,3.096701300E0
1.797581268E0,2.150289059E0,-8.661952019E-1,1.914100409E0,3.006296316E0
1.802562466E0,1.972036362E0,-5.918436050E-1,2.083358288E0,2.929093379E0
1.807546893E0,1.757602215E0,-3.054614067E-1,2.278189659E0,2.893548054E0
1.812531320E0,1.547626019E0,-2.149629593E-2,2.464909554E0,2.910564806E0
1.817515747E0,1.306288242E0,2.599897385E-1,2.621728659E0,2.940653804E0
1.822507987E0,1.069492340E0,5.126914978E-1,2.738971233E0,2.984732795E0
1.827492830E0,8.444962502E-1,7.128443718E-1,2.849857807E0,3.056633857E0
1.832477622E0,6.408791542E-1,8.176665306E-1,2.885199547E0,3.066542201E0
1.837462414E0,4.896402359E-1,8.608822823E-1,2.900333405E0,3.064767483E0
1.842442935E0,3.787956238E-1,8.451910019E-1,2.824030876E0,2.972033705E0
1.847427518E0,2.913851738E-1,7.420001030E-1,2.709431648E0,2.824267928E0
1.852412101E0,1.985239983E-1,5.847835541E-1,2.573517799E0,2.646578441E0
1.857396685E0,1.287512779E-1,4.095225334E-1,2.355168104E0,2.393972096E0
1.862377987E0,2.237749100E-2,2.522487640E-1,2.148340702E0,2.163214729E0
1.867362414E0,-9.675550461E-2,6.514024734E-2,1.898775339E0,1.902354506E0
1.872346841E0,-2.285799980E-1,-6.798982620E-2,1.669314384E0,1.686262716E0
1.877331268E0,-3.658990860E-1,-1.734108925E-1,1.412812829E0,1.469691658E0
1.882318195E0,-4.965772629E-1,-2.914848328E-1,1.170365095E0,1.304341536E0
1.887302726E0,-6.896181107E-1,-3.525915146E-1,9.516938925E-1,1.227035118E0
1.892287258E0,-8.611388206E-1,-4.353947639E-1,7.667074203E-1,1.232464579E0
1.897271841E0,-9.896364212E-1,-5.037837029E-1,6.086694002E-1,1.266355678E0
1.902279601E0,-1.098936081E0,-5.886182785E-1,4.464926720E-1,1.324193224E0
1.907265330E0,-1.191090584E0,-6.367945671E-1,3.209687471E-1,1.388245308E0
1.912251008E0,-1.220870972E0,-7.177453041E-1,2.176519632E-1,1.432849130E0
1.917236737E0,-1.257557869E0,-7.954101562E-1,1.173133850E-1,1.492612321E0
1.922202935E0,-1.291481495E0,-8.314528465E-1,-8.713006973E-3,1.536005926E0
1.927187674E0,-1.315692902E0,-8.811817169E-1,-6.259787083E-2,1.584754720E0
1.932172414E0,-1.337111950E0,-9.275560379E-1,-8.052635193E-2,1.629329022E0
1.937157153E0,-1.360515594E0,-9.062504768E-1,-1.323788166E-1,1.640066084E0
1.942142726E0,-1.376264572E0,-9.224724770E-1,-1.562538147E-1,1.664173939E0
1.947127518E0,-1.422442436E0,-9.425354004E-1,-1.953119040E-1,1.717516290E0
1.952112310E0,-1.434390545E0,-9.283194542E-1,-2.288767099E-1,1.723843900E0
1.957097101E0,-1.479029655E0,-8.751692772E-1,-1.784702539E-1,1.727802540E0
1.962079705E0,-1.532398701E0,-8.358325958E-1,-1.307132244E-1,1.750413623E0
1.967064341E0,-1.551459789E0,-8.103156090E-1,-1.122291088E-1,1.753919678E0
1.972048976E0,-1.641392231E0,-7.652058601E-1,-3.714430332E-2,1.811377422E0
1.977033664E0,-1.713608265E0,-7.339606285E-1,5.119979382E-2,1.864878792E0
1.982012830E0,-1.772845745E0,-6.424674988E-1,4.978632927E-2,1.886325847E0
1.986997205E0,-1.862243176E0,-6.319570541E-1,1.282382011E-1,1.970726871E0
1.991981580E0,-1.981598377E0,-6.256418228E-1,1.835871935E-1,2.086112192E0
1.996966008E0,-2.063965321E0,-5.852384567E-1,2.279623747E-1,2.157411352E0
2.001957466E0,-2.161997795E0,-5.800032616E-1,2.497873306E-1,2.252339220E0
2.006942205E0,-2.223124504E0,-5.405740738E-1,2.921373844E-1,2.306479382E0
2.011926945E0,-2.261751652E0,-4.669504166E-1,3.145360947E-1,2.330771585E0
2.016911685E0,-2.299580574E0,-4.762921333E-1,2.936286926E-1,2.366673366E0
2.021887778E0,-2.305623531E0,-4.919843674E-1,2.464119196E-1,2.370372823E0
2.026872049E0,-2.291933060E0,-4.806065559E-1,2.302769423E-1,2.353076132E0
2.031856372E0,-2.299237728E0,-5.472955704E-1,2.001600266E-1,2.371938154E0
2.036840747E0,-2.313158035E0,-5.867543221E-1,1.322693825E-1,2.390078643E0
2.041833716E0,-2.316893578E0,-6.132783890E-1,7.446086407E-2,2.397842917E0
2.046818455E0,-2.272246361E0,-6.626572609E-1,4.595649242E-2,2.367346652E0
2.051803195E0,-2.241602898E0,-6.801118851E-1,1.811206341E-2,2.342576311E0
2.056787987E0,-2.236946106E0,-7.087750435E-1,-6.546139717E-3,2.346557648E0
2.061784237E0,-2.210486412E0,-7.271418571E-1,-2.312922478E-2,2.327127074E0
2.066769601E0,-2.162375450E0,-7.233877182E-1,-4.343819618E-2,2.280579807E0
2.071754914E0,-2.114214897E0,-7.741003036E-1,-9.624230862E-2,2.253530229E0
2.076740226E0,-2.118517876E0,-7.883725166E-1,-1.218255758E-1,2.263733793E0
2.081716164E0,-2.122529507E0,-8.067955971E-1,-9.883177280E-2,2.272843673E0
2.086701008E0,-2.150306225E0,-8.487091064E-1,-5.602574348E-2,2.312414948E0
2.091685903E0,-2.161098957E0,-8.613996506E-1,-3.172135353E-2,2.326663771E0
2.096670747E0,-2.195506096E0,-8.688302040E-1,5.747330189E-2,2.361867084E0
2.101655330E0,-2.303648949E0,-8.495683670E-1,1.157906055E-1,2.458042382E0
2.106640174E0,-2.339601517E0,-8.131570816E-1,2.077825069E-1,2.485585095E0
2.111625018E0,-2.406164646E0,-8.001089096E-1,3.023808002E-1,2.553671224E0
2.116609862E0,-2.479454517E0,-7.746500969E-1,3.924083710E-1,2.627120440E0
2.121598091E0,-2.549829006E0,-7.772793770E-1,4.732007980E-1,2.707343751E0
2.126583039E0,-2.593312740E0,-7.671594620E-1,5.257648230E-1,2.755037796E0
2.131568091E0,-2.638622284E0,-7.873291969E-1,5.739376545E-1,2.812760077E0
2.136553091E0,-2.652282715E0,-7.684288025E-1,6.319683790E-1,2.832749628E0
2.141538820E0,-2.643868923E0,-7.391490936E-1,6.711250544E-1,2.826091489E0
2.146523872E0,-2.665947437E0,-7.328643799E-1,6.820605993E-1,2.847731132E0
2.151508872E0,-2.627731323E0,-6.922655106E-1,6.935105324E-1,2.804489312E0
2.156493924E0,-2.586759567E0,-6.319108009E-1,6.671229601E-1,2.745121011E0
2.161479966E0,-2.528667927E0,-5.780806541E-1,6.554614305E-1,2.675437985E0
2.166465070E0,-2.463120461E0,-5.212621689E-1,6.133126020E-1,2.591298709E0
2.171450174E0,-2.437948704E0,-4.782619476E-1,5.741438866E-1,2.549895993E0
2.176435278E0,-2.381342888E0,-4.561872482E-1,5.281730890E-1,2.481505101E0
2.181415643E0,-2.310173988E0,-4.717683792E-1,5.019242764E-1,2.410683977E0
2.186400539E0,-2.188770771E0,-4.725127220E-1,4.238653183E-1,2.278957562E0
2.191385330E0,-2.050626278E0,-4.655265808E-1,3.515006304E-1,2.131979320E0
2.196370226E0,-1.883941174E0,-4.939918518E-1,2.155143023E-1,1.959517469E0
2.201425747E0,-1.707986355E0,-6.176033020E-1,6.421065331E-2,1.817353635E0
2.206414185E0,-1.517962456E0,-7.454900742E-1,-1.222121716E-1,1.695553385E0
2.211402570E0,-1.306861401E0,-8.921036720E-1,-2.717363238E-1,1.605483202E0
2.216390955E0,-1.113012791E0,-1.076612473E0,-4.823819399E-1,1.621907588E0
2.221295122E0,-8.909468651E-1,-1.289439201E0,-7.067835927E-1,1.719297187E0
2.226279289E0,-7.196440697E-1,-1.415848732E0,-9.322352409E-1,1.841623676E0
2.231263455E0,-5.512166023E-1,-1.563670635E0,-1.082888484E0,1.980291157E0
2.236247674E0,-3.785414696E-1,-1.778364182E0,-1.292928338E0,2.231039330E0
2.241235278E0,-2.302389145E-1,-2.007160664E0,-1.490583420E0,2.510685727E0
2.246219653E0,-7.538652420E-2,-2.178598404E0,-1.601633310E0,2.705032975E0
2.251204028E0,4.048299789E-2,-2.352749348E0,-1.681399107E0,2.892087710E0
2.256188351E0,1.436457634E-1,-2.570333004E0,-1.715539098E0,3.093593421E0
2.261169497E0,1.840095520E-1,-2.728546619E0,-1.680703163E0,3.209920450E0
2.266153664E0,1.568560600E-1,-2.873044968E0,-1.641664505E0,3.312710908E0
2.271137883E0,8.155441284E-2,-2.991856575E0,-1.589500904E0,3.388859692E0
2.276122049E0,-5.582237244E-2,-3.103794098E0,-1.445939183E0,3.424528298E0
2.281110383E0,-1.450443268E-1,-3.251640797E0,-1.252324462E0,3.487480794E0
2.286094758E0,-2.744188309E-1,-3.363484859E0,-1.002443075E0,3.520401712E0
2.291079133E0,-4.031119347E-1,-3.467915535E0,-7.040079236E-1,3.561539631E0
2.296063560E0,-4.761037827E-1,-3.512330055E0,-3.839042187E-1,3.565181577E0
2.301049705E0,-5.149478912E-1,-3.506408215E0,-9.789937735E-2,3.545370811E0
2.306034185E0,-4.407773018E-1,-3.464516640E0,1.057007313E-1,3.494042476E0
2.311018612E0,-3.424205780E-1,-3.513680458E0,3.221884966E-1,3.544997552E0
2.316003143E0,-2.559809685E-1,-3.548946857E0,5.011668205E-1,3.593287942E0
2.320991893E0,-1.911778450E-1,-3.608943462E0,5.658450723E-1,3.658032604E0
2.325976580E0,-1.672720909E-1,-3.751293182E0,6.216291189E-1,3.806127068E0
2.330961268E0,-1.220827103E-1,-3.873161793E0,6.258597374E-1,3.925300864E0
2.335945955E0,-1.012768745E-1,-4.015446186E0,6.084634066E-1,4.062547575E0
2.340917101E0,-1.216220856E-1,-4.072985649E0,5.541539788E-1,4.112309651E0
2.345901060E0,-2.214345932E-1,-4.072433949E0,4.709712267E-1,4.105553001E0
2.350885070E0,-4.531288147E-1,-3.970683575E0,3.225407600E-1,4.009449627E0
2.355869080E0,-7.492752075E-1,-3.839102268E0,9.325325489E-2,3.912648174E0
2.360858143E0,-1.085505009E0,-3.708181381E0,-1.944815516E-1,3.868688842E0
2.365842466E0,-1.427953243E0,-3.524724483E0,-4.681798220E-1,3.831700079E0
2.370826737E0,-1.735735416E0,-3.348066330E0,-7.154960632E-1,3.838523180E0
2.375811008E0,-2.049119473E0,-3.172589779E0,-9.189745784E-1,3.886995085E0
2.380805955E0,-2.353592396E0,-2.990700722E0,-1.073380113E0,3.954217096E0
2.385790747E0,-2.632202625E0,-2.859118938E0,-1.194648147E0,4.065739288E0
2.390775591E0,-2.839365959E0,-2.717500687E0,-1.270493388E0,4.130491797E0
2.395760383E0,-3.037073612E0,-2.579575539E0,-1.326549053E0,4.199733143E0
2.400860383E0,-3.189298153E0,-2.444986820E0,-1.348469138E0,4.238862144E0
2.405960383E0,-3.329463005E0,-2.265652180E0,-1.307193160E0,4.234059241E0
2.410996164E0,-3.402656078E0,-2.070376396E0,-1.186150551E0,4.155897008E0
2.415991997E0,-3.413733959E0,-1.885546684E0,-1.033756733E0,4.034540721E0
2.420987830E0,-3.393741608E0,-1.711153984E0,-8.458635807E-1,3.893714840E0
2.425892830E0,-3.288064480E0,-1.521533489E0,-5.611733794E-1,3.666244365E0
2.430797830E0,-3.130247593E0,-1.362260342E0,-2.642097473E-1,3.424034174E0
2.435702830E0,-3.004096031E0,-1.181091785E0,-1.789867878E-2,3.227985615E0
2.440615487E0,-2.830880165E0,-1.011972427E0,2.585909367E-1,3.017422737E0
2.445599758E0,-2.663108349E0,-8.453140259E-1,5.169566870E-1,2.841469003E0
2.450580591E0,-2.484534740E0,-6.366400719E-1,7.730357647E-1,2.678769820E0
2.455561424E0,-2.309747219E0,-4.486670494E-1,9.137887955E-1,2.524132386E0
2.460542205E0,-2.122129917E0,-2.936205864E-1,1.096493602E0,2.406646350E0
2.465541685E0,-1.993386269E0,-1.309685707E-1,1.236813188E0,2.349563458E0
2.470523455E0,-1.844863892E0,5.168914795E-4,1.317502260E0,2.267010201E0
2.475505226E0,-1.722082138E0,9.601736069E-2,1.362566352E0,2.198038509E0
2.480486997E0,-1.586783886E0,1.698880196E-1,1.367181182E0,2.101411293E0
2.485478872E0,-1.453332901E0,2.269158363E-1,1.357557297E0,2.001656597E0
2.490461164E0,-1.324436665E0,2.596154213E-1,1.319548726E0,1.887522579E0
2.495443455E0,-1.183263302E0,2.969007492E-1,1.270334244E0,1.761252732E0
2.500425695E0,-1.034696102E0,3.483023643E-1,1.191241622E0,1.615848744E0
2.505425330E0,-9.050869942E-1,3.636136055E-1,1.113726616E0,1.480467594E0
2.510408455E0,-7.924060822E-1,3.903112411E-1,1.042915821E0,1.366720042E0
2.515391633E0,-7.084364891E-1,4.166669846E-1,9.553998709E-1,1.260270823E0
2.520374758E0,-6.196942329E-1,4.188232422E-1,8.539257050E-1,1.135175299E0
2.525361164E0,-5.141992569E-1,4.255890846E-1,7.745815516E-1,1.022498667E0
2.530344497E0,-3.826160431E-1,4.033718109E-1,7.105520964E-1,9.022129105E-1
2.535327778E0,-1.818771362E-1,3.667335510E-1,6.883461475E-1,8.008702822E-1
2.540311112E0,2.568864822E-2,3.084583282E-1,6.982879639E-1,7.638144587E-1
2.545301060E0,2.350010872E-1,2.641601562E-1,6.974637508E-1,7.819602182E-1
2.550284705E0,4.314742088E-1,1.905751228E-1,6.740387678E-1,8.226889636E-1
2.555268351E0,6.199030876E-1,1.140408516E-1,7.259634733E-1,9.614094437E-1
2.560251997E0,7.856736183E-1,2.466773987E-2,7.619309425E-1,1.094728411E0
2.565242101E0,9.671254158E-1,-3.449153900E-2,7.791703939E-1,1.242428162E0
2.570226112E0,1.097115517E0,-1.186628342E-1,7.703541517E-1,1.345804163E0
2.575210070E0,1.209078312E0,-1.443343163E-1,7.517470121E-1,1.431022826E0
2.580194028E0,1.310225487E0,-1.546201706E-1,7.422951460E-1,1.513803259E0
2.585181841E0,1.395787716E0,-1.496148109E-1,6.960060596E-1,1.566854293E0
2.590166060E0,1.496819019E0,-1.509180069E-1,6.125395298E-1,1.624330046E0
2.595150174E0,1.517805576E0,-1.775698662E-1,5.512946844E-1,1.624558603E0
2.600134341E0,1.530503273E0,-1.674604416E-1,4.690890312E-1,1.609511661E0
2.605109758E0,1.532391548E0,-1.613936424E-1,3.754632473E-1,1.585952211E0
2.610093508E0,1.552288532E0,-1.258144379E-1,2.940177917E-1,1.584889719E0
2.615077258E0,1.487481117E0,-5.593442917E-2,1.815277338E-1,1.499560286E0
2.620060955E0,1.378648281E0,4.812240601E-2,1.122694016E-1,1.384048867E0
2.625071633E0,1.252333641E0,1.960101128E-1,3.350484371E-2,1.268022905E0
2.630056685E0,1.096457958E0,3.660159111E-1,-4.750716686E-2,1.156911679E0
2.635041737E0,9.184966087E-1,5.296435356E-1,-9.978199005E-2,1.064948234E0
2.640026789E0,7.472963333E-1,6.583919525E-1,-1.517831683E-1,1.007457147E0
2.644996737E0,5.375576019E-1,8.145761490E-1,-1.914556623E-1,9.945640997E-1
2.649981060E0,2.942204475E-1,9.647855759E-1,-2.234756351E-1,1.033110952E0
2.654965330E0,8.915519714E-2,1.121127129E0,-2.810060382E-1,1.159240735E0
2.659949653E0,-8.961677551E-2,1.264564514E0,-3.349584937E-1,1.311240546E0
2.664934758E0,-2.300496101E-1,1.371421814E0,-3.657955527E-1,1.437889774E0
2.669919133E0,-3.728408813E-1,1.441814899E0,-3.780459762E-1,1.536476257E0
2.674903508E0,-4.916615486E-1,1.499770164E0,-4.289360642E-1,1.635551213E0
2.679887883E0,-6.153707504E-1,1.557206631E0,-4.749948382E-1,1.740457913E0
2.684878664E0,-7.245988846E-1,1.576154232E0,-5.039978623E-1,1.806466040E0
2.689863351E0,-8.075089455E-1,1.592539310E0,-5.657345057E-1,1.873047699E0
2.694847987E0,-8.975234032E-1,1.604114532E0,-6.000735760E-1,1.933602852E0
2.699832674E0,-9.372758865E-1,1.591850281E0,-6.473166943E-1,1.957419808E0
2.704821476E0,-9.864730835E-1,1.567861080E0,-6.668139696E-1,1.968745383E0
2.709806320E0,-1.042733669E0,1.527407169E0,-6.751823425E-1,1.968790837E0
2.714791216E0,-1.089226246E0,1.475413322E0,-6.531673670E-1,1.946762928E0
2.719776112E0,-1.140254974E0,1.462132931E0,-6.295146346E-1,1.958137582E0
2.724747622E0,-1.171832561E0,1.449388027E0,-5.704768300E-1,1.949194967E0
2.729731841E0,-1.181442738E0,1.420580387E0,-4.785571694E-1,1.908631065E0
2.734716060E0,-1.171535969E0,1.413933754E0,-4.041378498E-1,1.880168234E0
2.739700278E0,-1.087182522E0,1.434210777E0,-3.159909248E-1,1.827231965E0
2.744691685E0,-1.009657383E0,1.421649933E0,-2.263993025E-1,1.758338195E0
2.749676268E0,-8.863806725E-1,1.366737843E0,-1.807955503E-1,1.639002763E0
2.754660851E0,-7.700681686E-1,1.279088974E0,-9.291565418E-2,1.495896690E0
2.759645435E0,-6.607966423E-1,1.232742310E0,8.351206779E-3,1.398704953E0
2.764635122E0,-5.369844437E-1,1.198960304E0,8.461940289E-2,1.316441623E0
2.769619966E0,-3.940224648E-1,1.163206577E0,1.452171803E-1,1.236685600E0
2.774604810E0,-2.678022385E-1,1.137443542E0,2.118016481E-1,1.187584014E0
2.779589601E0,-1.511788368E-1,1.119191647E0,2.818664312E-1,1.163998998E0
2.784567987E0,2.527523041E-2,1.075047493E0,3.338464499E-1,1.125974867E0
2.789552518E0,1.969003677E-1,1.036069870E0,3.986936808E-1,1.127460501E0
2.794536997E0,3.803443909E-1,9.567055702E-1,4.569473267E-1,1.126387262E0
2.799521528E0,5.324754715E-1,8.966865540E-1,4.846603870E-1,1.149988085E0
2.804506997E0,6.821451187E-1,8.273019791E-1,5.029481649E-1,1.184359483E0
2.809491580E0,8.174605370E-1,8.059477806E-1,5.715025663E-1,1.282345015E0
2.814476112E0,9.550771713E-1,8.228812218E-1,6.375490427E-1,1.412718900E0
2.819460695E0,1.147635460E0,8.159050941E-1,7.056508064E-1,1.575027407E0
2.824442153E0,1.301791191E0,8.065466881E-1,7.853931189E-1,1.721052067E0
2.829426528E0,1.415194988E0,8.353729248E-1,8.645536900E-1,1.856900068E0
2.834410955E0,1.562108040E0,8.784394264E-1,9.069861174E-1,2.008596816E0
2.839395330E0,1.699368954E0,9.547219276E-1,9.817390442E-1,2.182466575E0
2.844388455E0,1.850948811E0,9.996709824E-1,1.048085451E0,2.350284384E0
2.849373299E0,2.023743629E0,1.027461052E0,1.103403091E0,2.523630891E0
2.854358143E0,2.174647331E0,1.076307774E0,1.121286511E0,2.672978279E0
2.859342987E0,2.329774380E0,1.131651878E0,1.084883332E0,2.808105496E0
2.864320487E0,2.532018661E0,1.224465847E0,1.015747190E0,2.990347382E0
2.869305018E0,2.728575230E0,1.304359436E0,9.376022816E-1,3.166318740E0
2.874289497E0,2.900014877E0,1.352002144E0,7.978043556E-1,3.297648841E0
2.879273924E0,3.051005840E0,1.398390770E0,6.178091764E-1,3.412597480E0
2.884262466E0,3.176694870E0,1.431501389E0,4.072233438E-1,3.508050367E0
2.889247153E0,3.224418640E0,1.511053562E0,1.638866663E-1,3.564690348E0
2.894231841E0,3.284803867E0,1.536428452E0,-1.260856390E-1,3.628559828E0
2.899216528E0,3.326751232E0,1.538855553E0,-4.072860479E-1,3.687984829E0
2.904208976E0,3.352771759E0,1.504123211E0,-6.843780279E-1,3.737892239E0
2.909194080E0,3.334268093E0,1.453964710E0,-9.089222550E-1,3.749332842E0
2.914179133E0,3.302542686E0,1.414866924E0,-1.106973290E0,3.759524767E0
2.919164185E0,3.247908115E0,1.372487068E0,-1.220576406E0,3.731277883E0
2.924140695E0,3.184970379E0,1.291173935E0,-1.280783296E0,3.667638517E0
2.929125383E0,3.116312504E0,1.223790169E0,-1.330258846E0,3.602589985E0
2.934110018E0,3.034917831E0,1.187195301E0,-1.340072870E0,3.523627992E0
2.939094653E0,2.976760387E0,1.131250858E0,-1.286246181E0,3.434422826E0
2.944079810E0,2.944281578E0,1.106279373E0,-1.266724944E0,3.390758049E0
2.949064497E0,2.915947914E0,1.050088882E0,-1.214618087E0,3.328773948E0
2.954049185E0,2.925172329E0,1.022476673E0,-1.134660006E0,3.299931064E0
2.959033820E0,2.890655518E0,1.030561924E0,-1.089181185E0,3.256418716E0
2.964023351E0,2.886528492E0,9.809918404E-1,-1.001903772E0,3.209081316E0
2.969008247E0,2.826514721E0,1.007546425E0,-9.471890926E-1,3.146665289E0
2.973993143E0,2.760897636E0,1.028809547E0,-8.725092411E-1,3.072828863E0
2.978978039E0,2.665800095E0,1.080608368E0,-8.043972254E-1,2.986847751E0
2.983962258E0,2.517438889E0,1.141390324E0,-6.784842610E-1,2.846157290E0
2.988947101E0,2.356792927E0,1.196952343E0,-5.906106830E-1,2.708503053E0
2.993931997E0,2.167208672E0,1.264024258E0,-4.668694735E-1,2.551963529E0
2.998916893E0,2.013404369E0,1.330744743E0,-3.168088198E-1,2.434141852E0
3.003901580E0,1.864389420E0,1.392405987E0,-1.621301174E-1,2.332601234E0
3.008886476E0,1.741718769E0,1.417970657E0,-1.723349094E-2,2.246001347E0
3.013871372E0,1.628626823E0,1.436188221E0,9.637773037E-2,2.173557131E0
3.018856216E0,1.549168587E0,1.389845848E0,2.194947004E-1,2.092790652E0
3.023956216E0,1.512691975E0,1.212065697E0,3.212828636E-1,1.964831530E0
3.028941060E0,1.521978855E0,9.440650940E-1,3.971809149E-1,1.834511165E0
3.034007935E0,1.567202091E0,5.596184731E-1,4.188059568E-1,1.716010973E0
3.039074758E0,1.665266991E0,1.427917480E-1,4.845095873E-1,1.740187683E0
3.044059601E0,1.758823395E0,-3.134307861E-1,5.250663757E-1,1.862093792E0
3.048964601E0,1.876580715E0,-7.348484993E-1,6.028063297E-1,2.103552464E0
3.053869601E0,1.987504005E0,-1.092740059E0,6.892337799E-1,2.370505476E0
3.058774601E0,2.089541435E0,-1.437121868E0,8.133083582E-1,2.663263629E0
3.063679445E0,2.192420483E0,-1.758289337E0,9.514170885E-1,2.967066471E0
3.068697414E0,2.262877464E0,-2.036975861E0,1.127713799E0,3.246786640E0
3.073670747E0,2.329804897E0,-2.196727753E0,1.322691083E0,3.464551252E0
3.078644080E0,2.374293804E0,-2.294934750E0,1.555668831E0,3.650219457E0
3.083617414E0,2.511530876E0,-2.321906567E0,1.783306479E0,3.857359128E0
3.088642778E0,2.698423386E0,-2.308789253E0,1.979368806E0,4.065697659E0
3.093618664E0,2.927661896E0,-2.193700314E0,2.207691669E0,4.272871136E0
3.098594653E0,3.184541702E0,-2.055977821E0,2.436801434E0,4.506256970E0
3.103570591E0,3.401799202E0,-1.793217659E0,2.630142927E0,4.658918244E0
3.108573664E0,3.593585491E0,-1.401100159E0,2.847141266E0,4.794074647E0
3.113551008E0,3.718658447E0,-8.995637894E-1,3.103570938E0,4.926437681E0
3.118528247E0,3.802952766E0,-3.369979858E-1,3.353391647E0,5.081461692E0
3.123505591E0,3.800790310E0,2.885751724E-1,3.612669945E0,5.251729881E0
3.128507466E0,3.762282372E0,9.385962486E-1,3.847406864E0,5.462441866E0
3.133486060E0,3.720311642E0,1.540829659E0,4.076285839E0,5.729832545E0
3.138464549E0,3.731898308E0,2.066419125E0,4.265636444E0,6.032645129E0
3.143443143E0,3.777431965E0,2.450586319E0,4.433903217E0,6.319324592E0
3.148464914E0,3.856409073E0,2.726690769E0,4.516305447E0,6.534810508E0
3.153445643E0,3.951549530E0,2.875439644E0,4.546387672E0,6.674768738E0
3.158426320E0,4.047949791E0,2.884718895E0,4.495629787E0,6.702103237E0
3.163406997E0,4.185837269E0,2.744917393E0,4.400215626E0,6.664660733E0
3.168400278E0,4.302495956E0,2.546755314E0,4.183967113E0,6.519433633E0
3.173381580E0,4.364207268E0,2.278151989E0,3.928595781E0,6.298424118E0
3.178362935E0,4.366064548E0,1.974884033E0,3.636776447E0,6.015715212E0
3.183344237E0,4.353504658E0,1.679961205E0,3.323358059E0,5.728872598E0
3.188336060E0,4.226070404E0,1.419606686E0,2.967524767E0,5.355479198E0
3.193317883E0,4.058409691E0,1.172520638E0,2.574849367E0,4.947256121E0
3.198299758E0,3.900925636E0,9.555296898E-1,2.174793243E0,4.567273088E0
3.203281633E0,3.670224667E0,7.425413132E-1,1.763449907E0,4.139042435E0
3.208270383E0,3.514921188E0,4.979639053E-1,1.310632706E0,3.784230054E0
3.213252570E0,3.337361813E0,2.318558693E-1,8.413096666E-1,3.449571418E0
3.218234758E0,3.188106537E0,9.070396423E-3,3.226258755E-1,3.204402131E0
3.223216945E0,3.060326099E0,-2.322230339E-1,-1.751922369E-1,3.074120312E0
3.228214028E0,2.920679569E0,-4.153175354E-1,-6.108980775E-1,3.012649044E0
3.233196945E0,2.791484833E0,-5.540018082E-1,-9.890151024E-1,3.012881751E0
3.238179914E0,2.641720772E0,-6.482605934E-1,-1.297309279E0,3.013626022E0
3.243162830E0,2.490969658E0,-6.954212189E-1,-1.514135003E0,2.996855905E0
3.248158091E0,2.370265007E0,-7.386660576E-1,-1.642001271E0,2.976567137E0
3.253141685E0,2.232294083E0,-7.824201584E-1,-1.657364964E0,2.888282673E0
3.258125226E0,2.098788738E0,-8.218712807E-1,-1.560835123E0,2.741640540E0
3.263108820E0,1.989100933E0,-8.402724266E-1,-1.338934064E0,2.540733103E0
3.268085903E0,1.848207951E0,-8.378820419E-1,-9.831606746E-1,2.254888879E0
3.273069133E0,1.695164680E0,-8.150210381E-1,-6.306515336E-1,1.983825583E0
3.278052362E0,1.525317669E0,-8.483443260E-1,-2.177777290E-1,1.758894319E0
3.283035591E0,1.331521988E0,-8.782196045E-1,1.995002031E-1,1.607488976E0
3.288032258E0,1.101774693E0,-9.168410301E-1,6.014724970E-1,1.554436912E0
3.293016112E0,9.153256416E-1,-9.736328125E-1,9.300333261E-1,1.628110522E0
3.298000018E0,7.171449661E-1,-1.089342594E0,1.249146461E0,1.805915577E0
3.302983976E0,4.907417297E-1,-1.196880817E0,1.548485637E0,2.017711303E0
3.307961997E0,2.672843933E-1,-1.291532040E0,1.746319532E0,2.188407610E0
3.312945591E0,2.517175674E-2,-1.378233433E0,1.899989247E0,2.347364512E0
3.317929237E0,-2.328338623E-1,-1.456732750E0,2.018677235E0,2.500267924E0
3.322912830E0,-5.041303635E-1,-1.505379677E0,2.063919544E0,2.603858537E0
3.327906737E0,-8.006019592E-1,-1.548080921E0,2.042999744E0,2.685398665E0
3.332890851E0,-1.030933857E0,-1.603439331E0,1.965773940E0,2.738267607E0
3.337875018E0,-1.274177074E0,-1.635566235E0,1.799261570E0,2.745167813E0
3.342859133E0,-1.532525539E0,-1.622702599E0,1.591728568E0,2.741422639E0
3.347840695E0,-1.760476589E0,-1.629319668E0,1.415252209E0,2.785121041E0
3.352824653E0,-1.986723423E0,-1.650425434E0,1.201003671E0,2.848400233E0
3.357808664E0,-2.211207390E0,-1.678612232E0,9.615142345E-1,2.937973242E0
3.362792674E0,-2.410011292E0,-1.677819252E0,7.691711187E-1,3.035598142E0
3.367788716E0,-2.604880810E0,-1.676882267E0,5.502605438E-1,3.146446382E0
3.372773351E0,-2.764329910E0,-1.694148064E0,3.414421082E-1,3.260098193E0
3.377757935E0,-2.941211224E0,-1.724896431E0,1.455624104E-1,3.412796445E0
3.382742518E0,-3.049561977E0,-1.754670143E0,-1.749062538E-2,3.518380521E0
3.387730226E0,-3.144499302E0,-1.828834057E0,-1.405261755E-1,3.640365019E0
3.392714966E0,-3.221233368E0,-1.904008865E0,-2.540403605E-1,3.750484059E0
3.397699705E0,-3.277494907E0,-1.932353020E0,-3.458322287E-1,3.820413720E0
3.402684497E0,-3.308817863E0,-1.983569145E0,-3.990606070E-1,3.878410960E0
3.407661997E0,-3.382089138E0,-2.021601200E0,-4.163048267E-1,3.962159520E0
3.412646372E0,-3.447241306E0,-2.080198765E0,-4.216156006E-1,4.048266202E0
3.417630747E0,-3.521049023E0,-2.147412300E0,-3.960464001E-1,4.143189419E0
3.422615174E0,-3.632163525E0,-2.251868725E0,-3.708518744E-1,4.289645176E0
3.427602778E0,-3.687287331E0,-2.371944427E0,-3.436731100E-1,4.397763003E0
3.432587310E0,-3.798815250E0,-2.445485592E0,-2.791922092E-1,4.526515810E0
3.437571841E0,-3.942667961E0,-2.510761738E0,-2.353609800E-1,4.680165590E0
3.442556372E0,-4.099696636E0,-2.551096439E0,-1.645488739E-1,4.831426485E0
3.447547570E0,-4.229087353E0,-2.592574120E0,-5.744850636E-2,4.960838713E0
3.452532414E0,-4.366507053E0,-2.610924244E0,2.096319199E-2,5.087607366E0
3.457517310E0,-4.512039661E0,-2.637323380E0,1.019082069E-1,5.227270970E0
3.462502205E0,-4.656154633E0,-2.628763199E0,1.541972160E-1,5.349200753E0
3.467489237E0,-4.820116043E0,-2.639949322E0,2.608731985E-1,5.501900210E0
3.472474237E0,-4.936862946E0,-2.694478035E0,2.761170864E-1,5.631080560E0
3.477459237E0,-5.061268806E0,-2.734549999E0,2.954635620E-1,5.760338909E0
3.482444185E0,-5.183795929E0,-2.726762295E0,2.995156050E-1,5.864868493E0
3.487425799E0,-5.251871109E0,-2.761933804E0,2.908372879E-1,5.940960765E0
3.492410643E0,-5.303878784E0,-2.818407059E0,2.888697386E-1,6.013151772E0
3.497395435E0,-5.318307877E0,-2.852983952E0,2.076201439E-1,6.038793110E0
3.502380226E0,-5.285707474E0,-2.939694405E0,1.409220695E-1,6.049823611E0
3.507358872E0,-5.270751953E0,-3.016232491E0,2.458739281E-2,6.072815585E0
3.512343403E0,-5.235305786E0,-3.097083092E0,-1.003819704E-1,6.083619555E0
3.517327883E0,-5.114975929E0,-3.203859806E0,-2.360287905E-1,6.040149502E0
3.522312466E0,-5.007910728E0,-3.322018623E0,-3.460412621E-1,6.019528400E0
3.527305226E0,-4.935712814E0,-3.418200493E0,-5.020071864E-1,6.024729605E0
3.532290174E0,-4.841036797E0,-3.528367519E0,-5.601570606E-1,6.016543073E0
3.537275070E0,-4.752663612E0,-3.657375336E0,-6.377240419E-1,6.030828941E0
3.542260018E0,-4.632294178E0,-3.757308006E0,-6.605749130E-1,6.000989254E0
3.547236008E0,-4.496689796E0,-3.876026154E0,-6.910828352E-1,5.976737685E0
3.552220539E0,-4.372223854E0,-4.049497604E0,-6.981903911E-1,6.000186839E0
3.557205018E0,-4.213413239E0,-4.210744381E0,-6.751440167E-1,5.994917748E0
3.562189445E0,-4.027535915E0,-4.424458027E0,-6.458523870E-1,6.017806883E0
3.567170070E0,-3.852893353E0,-4.602227688E0,-6.177721620E-1,6.033815486E0
3.572154341E0,-3.708658218E0,-4.770644188E0,-5.936266780E-1,6.071703581E0
3.577138560E0,-3.585235596E0,-4.929866791E0,-5.523045659E-1,6.120665093E0
3.582122883E0,-3.492126942E0,-5.065645695E0,-5.541067123E-1,6.177600758E0
3.587146945E0,-3.453199863E0,-5.139803410E0,-5.655933022E-1,6.217882611E0
3.592133247E0,-3.377472878E0,-5.233820915E0,-5.995855927E-1,6.257771752E0
3.597119549E0,-3.329521656E0,-5.237743378E0,-5.967724323E-1,6.235046711E0
3.602105799E0,-3.335629940E0,-5.218734741E0,-6.028515100E-1,6.222945391E0
3.607038403E0,-3.326438427E0,-5.196150303E0,-5.729075670E-1,6.196240284E0
3.612021997E0,-3.323471069E0,-5.191370010E0,-5.734090805E-1,6.190684979E0
3.617005591E0,-3.333908558E0,-5.230702877E0,-6.162884235E-1,6.233378721E0
3.621989185E0,-3.350539684E0,-5.302083969E0,-6.631405354E-1,6.306977561E0
3.626986789E0,-3.397183418E0,-5.367058277E0,-7.138717175E-1,6.391852827E0
3.631971060E0,-3.440219879E0,-5.413526535E0,-8.045089245E-1,6.464411572E0
3.636955330E0,-3.453296661E0,-5.460540295E0,-8.583688736E-1,6.517634177E0
3.641939601E0,-3.512947083E0,-5.484189510E0,-8.730907440E-1,6.571104872E0
3.646919653E0,-3.616517544E0,-5.450747013E0,-8.537455797E-1,6.596872263E0
3.651903716E0,-3.701743603E0,-5.376947403E0,-7.474690676E-1,6.570630037E0
3.656887778E0,-3.782890320E0,-5.291359901E0,-6.258424520E-1,6.534556416E0
3.661871841E0,-3.847811222E0,-5.239088058E0,-4.957373440E-1,6.519160253E0
3.666860278E0,-3.858220100E0,-5.210454464E0,-3.568127751E-1,6.493228274E0
3.671844549E0,-3.811757088E0,-5.183844090E0,-1.679586768E-1,6.436609492E0
3.676828820E0,-3.777702332E0,-5.132800102E0,2.312529087E-2,6.373162996E0
3.681813143E0,-3.705796719E0,-5.066929340E0,2.023867965E-1,6.280737431E0
3.686800018E0,-3.634255886E0,-4.988623142E0,3.626125455E-1,6.182690722E0
3.691784445E0,-3.582213402E0,-4.878927231E0,4.917673469E-1,6.072727468E0
3.696768872E0,-3.508845806E0,-4.685207367E0,6.518225074E-1,5.889655299E0
3.701753299E0,-3.452424049E0,-4.436402798E0,8.020085692E-1,5.678390559E0
3.706758455E0,-3.388841152E0,-4.103770733E0,9.374966025E-1,5.404079798E0
3.711743924E0,-3.332817078E0,-3.783791065E0,1.115554094E0,5.164223604E0
3.716729393E0,-3.303324223E0,-3.390305042E0,1.245064020E0,4.894517710E0
3.721714862E0,-3.240502834E0,-2.959321976E0,1.330934525E0,4.585829465E0
3.726694810E0,-3.149362564E0,-2.539105415E0,1.449692726E0,4.297342187E0
3.731679966E0,-3.029806137E0,-2.151082993E0,1.517616391E0,4.013731777E0
3.736665122E0,-2.860546112E0,-1.800391674E0,1.563382149E0,3.724016378E0
3.741650330E0,-2.641774654E0,-1.470506191E0,1.520139933E0,3.384108036E0
3.746615070E0,-2.402514458E0,-1.195293427E0,1.469453692E0,3.059427438E0
3.751599237E0,-2.147265434E0,-9.695668221E-1,1.332412243E0,2.706682666E0
3.756583403E0,-1.869367123E0,-8.083143234E-1,1.202432156E0,2.365110689E0
3.761567570E0,-1.564214706E0,-7.021369934E-1,1.002883554E0,1.986338196E0
3.766667570E0,-1.287996292E0,-6.088423729E-1,7.816847563E-1,1.625009090E0
3.771763455E0,-1.011176586E0,-5.304260254E-1,5.892468095E-1,1.284928659E0
3.776758508E0,-7.471389771E-1,-4.087514877E-1,3.707871437E-1,9.288581892E-1
3.781753560E0,-4.828929901E-1,-2.832808495E-1,1.524729729E-1,5.802427828E-1
3.786658560E0,-2.459759712E-1,-1.745162010E-1,2.765518427E-2,3.028611762E-1
3.791563560E0,-6.648635864E-2,-3.824424744E-2,-7.307523489E-2,1.059388895E-1
3.796495435E0,1.394362450E-1,9.693336487E-2,-1.952534318E-1,2.587710306E-1
3.801479341E0,3.384637833E-1,1.834526062E-1,-2.548641562E-1,4.617015588E-1
3.806440643E0,5.318012238E-1,2.249407768E-1,-2.995929718E-1,6.505127542E-1
3.811423455E0,7.270646095E-1,2.028799057E-1,-3.531380594E-1,8.333604812E-1
3.816406216E0,9.597206116E-1,1.242141724E-1,-4.031991959E-1,1.048361772E0
3.821389028E0,1.198538303E0,8.462190628E-2,-4.115291238E-1,1.270043760E0
3.826379133E0,1.440948486E0,6.005144119E-2,-4.067643285E-1,1.498464526E0
3.831362310E0,1.619532585E0,4.771184921E-2,-3.960995674E-1,1.667949964E0
3.836345487E0,1.839495182E0,-1.937484741E-2,-3.916348815E-1,1.880823168E0
3.841328664E0,1.981070042E0,-6.471157074E-2,-3.505250812E-1,2.012881996E0
3.846320070E0,2.087443352E0,-9.540319443E-2,-3.591180444E-1,2.120256420E0
3.851303664E0,2.179809093E0,-1.475877762E-1,-3.025394082E-1,2.205647281E0
3.856287205E0,2.253349781E0,-1.901273727E-1,-2.503238916E-1,2.275169379E0
3.861270799E0,2.310547352E0,-2.133383751E-1,-2.025305629E-1,2.329197492E0
3.866255903E0,2.346533775E0,-1.957573891E-1,-1.281985641E-1,2.358172298E0
3.871239601E0,2.337307453E0,-2.307353020E-1,-5.141919851E-2,2.349231543E0
3.876223247E0,2.316500664E0,-2.200150490E-1,4.928314686E-2,2.327447266E0
3.881206893E0,2.262708187E0,-2.185249329E-1,1.473810673E-1,2.278008487E0
3.886219549E0,2.159595490E0,-2.020010948E-1,2.642382383E-1,2.185058115E0
3.891204705E0,2.052388191E0,-1.586856842E-1,3.734993935E-1,2.092123378E0
3.896189810E0,1.958238125E0,-1.336979866E-1,5.058742166E-1,2.026938684E0
3.901174966E0,1.853120327E0,-7.205772400E-2,6.852667332E-1,1.977078086E0
3.906158820E0,1.711166382E0,2.624988556E-3,8.467869759E-1,1.909226403E0
3.911143872E0,1.585106850E0,1.119198799E-1,9.854003787E-1,1.869787071E0
3.916128976E0,1.436872482E0,2.200746536E-1,1.081693769E0,1.811931785E0
3.921114028E0,1.300290585E0,3.393058777E-1,1.233606815E0,1.824190192E0
3.926086320E0,1.192099571E0,4.409108162E-1,1.321302056E0,1.833396536E0
3.931070747E0,1.105365753E0,5.394544601E-1,1.413913846E0,1.874032264E0
3.936055122E0,1.030361176E0,6.754984856E-1,1.511540890E0,1.950050824E0
3.941039549E0,9.433135986E-1,7.845559120E-1,1.633296967E0,2.042798939E0
3.946023351E0,8.417625427E-1,9.454927444E-1,1.649925590E0,2.079609377E0
3.951007726E0,8.261542320E-1,1.096087933E0,1.686058283E0,2.174104897E0
3.955992101E0,7.816157341E-1,1.202900410E0,1.684430122E0,2.212509297E0
3.960976476E0,7.271876335E-1,1.273051262E0,1.642581701E0,2.201712065E0
3.965966841E0,7.131500244E-1,1.402286053E0,1.618131399E0,2.256842563E0
3.970951528E0,6.747446060E-1,1.485249996E0,1.570780754E0,2.264641255E0
3.975936216E0,6.191434860E-1,1.543504715E0,1.507801771E0,2.244818844E0
3.980920903E0,5.367751122E-1,1.620119095E0,1.371986389E0,2.189808223E0
3.985906268E0,4.707255363E-1,1.667296886E0,1.288131714E0,2.158875807E0
3.990891008E0,4.329743385E-1,1.735329628E0,1.184484124E0,2.145189580E0
3.995875695E0,3.972883224E-1,1.807559967E0,1.049385071E0,2.127514999E0
4.000860435E0,3.732852936E-1,1.852970600E0,9.428856373E-1,2.112315147E0
4.005866268E0,3.443408012E-1,1.886060238E0,8.197141886E-1,2.085119939E0
4.010851945E0,2.983708382E-1,1.894873142E0,6.972063780E-1,2.040996354E0
4.015837674E0,2.737541199E-1,1.886721134E0,6.042736769E-1,1.999951158E0
4.020823351E0,3.113217354E-1,1.897681713E0,4.144054651E-1,1.967193177E0
4.025809080E0,3.609681129E-1,1.920720100E0,2.952904701E-1,1.976527294E0
4.030766424E0,4.129209518E-1,1.891171932E0,1.418634653E-1,1.940917369E0
4.035750903E0,5.081300735E-1,1.842787743E0,1.391673088E-2,1.911610973E0
4.040735383E0,6.680383682E-1,1.794737339E0,-9.797132015E-2,1.917538984E0
4.045719862E0,7.657580376E-1,1.754132748E0,-2.250325084E-1,1.927175835E0
4.050697258E0,8.993964195E-1,1.740112305E0,-3.503721356E-1,1.989890797E0
4.055681372E0,1.016205788E0,1.695201874E0,-4.524295926E-1,2.027578884E0
4.060665539E0,1.144970894E0,1.691236019E0,-5.192079544E-1,2.107324019E0
4.065649653E0,1.288059711E0,1.668367386E0,-6.178213358E-1,2.196417710E0
4.070636997E0,1.380879402E0,1.645760059E0,-6.763694286E-1,2.252294319E0
4.075621268E0,1.471216202E0,1.659218311E0,-7.140501142E-1,2.329667376E0
4.080605591E0,1.614164829E0,1.653739452E0,-7.047145367E-1,2.415989414E0
4.085589862E0,1.699557781E0,1.638853550E0,-6.340169907E-1,2.444650313E0
4.090591580E0,1.789695740E0,1.621787071E0,-5.330958366E-1,2.473336879E0
4.095576789E0,1.846273899E0,1.659875870E0,-4.165353179E-1,2.517422667E0
4.100561945E0,1.924355507E0,1.712368011E0,-2.942153811E-1,2.592664848E0
4.105547101E0,2.043128967E0,1.743381977E0,-1.831895113E-1,2.692083783E0
4.110517310E0,2.145071030E0,1.757624149E0,-5.030381680E-2,2.773644326E0
4.115501737E0,2.251692772E0,1.790930271E0,1.041942835E-1,2.878959538E0
4.120486164E0,2.331626415E0,1.843089581E0,2.131950855E-1,2.979750507E0
4.125470591E0,2.406357288E0,1.906868935E0,2.958953381E-1,3.084519182E0
4.130451008E0,2.466293335E0,1.986967087E0,3.950128555E-1,3.191657277E0
4.135435226E0,2.492248535E0,2.037899971E0,4.292824268E-1,3.247864291E0
4.140419445E0,2.551168919E0,2.057263851E0,4.703640938E-1,3.310897127E0
4.145403716E0,2.609636307E0,2.018874168E0,4.609360695E-1,3.331443624E0
4.150394966E0,2.720284939E0,1.889346600E0,4.943362474E-1,3.348723495E0
4.155379601E0,2.813634872E0,1.738119602E0,4.845225811E-1,3.342508501E0
4.160364133E0,2.942236423E0,1.589089394E0,4.960925579E-1,3.380542575E0
4.165348716E0,3.024962425E0,1.432799816E0,4.499861002E-1,3.377247471E0
4.170336060E0,3.109731674E0,1.302791595E0,4.588640928E-1,3.402683247E0
4.175320799E0,3.218135357E0,1.146458626E0,5.225749016E-1,3.455987136E0
4.180305539E0,3.292830944E0,1.016500950E0,5.765813589E-1,3.494060084E0
4.185290226E0,3.340978146E0,9.989361763E-1,6.806719303E-1,3.552931568E0
4.190279914E0,3.410534382E0,9.956355095E-1,8.299512863E-1,3.648541349E0
4.195264862E0,3.532577038E0,9.993638992E-1,9.163740873E-1,3.783856525E0
4.200249810E0,3.647285938E0,1.029247284E0,9.686260223E-1,3.911557370E0
4.205234810E0,3.788109779E0,1.018267155E0,1.001008630E0,4.048291241E0
4.210214653E0,3.950133801E0,9.926881790E-1,9.296071529E-1,4.177697490E0
4.215199341E0,4.138010502E0,9.835777283E-1,8.001264334E-1,4.327904617E0
4.220184080E0,4.339535713E0,1.014749050E0,6.822506189E-1,4.508519907E0
4.225168820E0,4.501648426E0,1.057247639E0,5.450637341E-1,4.656147076E0
4.230150070E0,4.662508965E0,1.151658535E0,4.054847956E-1,4.819722517E0
4.235134601E0,4.776479721E0,1.230903149E0,2.566666603E-1,4.939206299E0
4.240119080E0,4.872148991E0,1.388191223E0,1.178629398E-1,5.067425612E0
4.245103664E0,4.949296474E0,1.506134510E0,-6.132364273E-3,5.173394858E0
4.250086528E0,5.029288769E0,1.644501686E0,-1.295281649E-1,5.292911190E0
4.255071008E0,5.140675068E0,1.764964581E0,-2.042903900E-1,5.439060092E0
4.260055435E0,5.259204865E0,1.807605743E0,-2.544260621E-1,5.566992631E0
4.265039966E0,5.344069958E0,1.815476894E0,-2.608956695E-1,5.650053683E0
4.270024133E0,5.430901051E0,1.721506119E0,-2.549343705E-1,5.702916891E0
4.275008612E0,5.507554531E0,1.547221661E0,-2.558093667E-1,5.726472755E0
4.279993039E0,5.535561085E0,1.290244579E0,-2.393255830E-1,5.688975684E0
4.284977466E0,5.543658257E0,1.015231133E0,-2.006493807E-1,5.639423844E0
4.289971008E0,5.486526966E0,7.174291611E-1,-1.376020908E-1,5.534945084E0
4.294955903E0,5.378753185E0,4.423875809E-1,-7.158792019E-2,5.397389872E0
4.299940799E0,5.218325615E0,1.639022827E-1,7.371091843E-2,5.221419298E0
4.304925695E0,5.034368992E0,-7.003498077E-2,2.024204731E-1,5.038923505E0
4.309898924E0,4.858602524E0,-3.093605042E-1,3.218356371E-1,4.879067594E0
4.314883247E0,4.722113132E0,-5.421152115E-1,4.702823162E-1,4.776338220E0
4.319867570E0,4.553697586E0,-7.847175598E-1,6.406502724E-1,4.665016198E0
4.324851893E0,4.408680439E0,-9.748544693E-1,8.016383648E-1,4.585785485E0
4.329846945E0,4.258438587E0,-1.129252434E0,9.439133406E-1,4.505605692E0
4.334831789E0,4.187004566E0,-1.202369690E0,1.103116155E0,4.493725109E0
4.339816633E0,4.129817963E0,-1.191873550E0,1.240878344E0,4.473895174E0
4.344801528E0,4.098896503E0,-1.085885048E0,1.407328725E0,4.467736902E0
4.349785799E0,4.050898075E0,-9.158010483E-1,1.585463047E0,4.445465088E0
4.354770591E0,3.959210873E0,-6.628084183E-1,1.746322751E0,4.377705893E0
4.359755435E0,3.823693752E0,-3.271713257E-1,1.865772843E0,4.267175095E0
4.364740278E0,3.670559406E0,3.344249725E-2,1.967202425E0,4.164614044E0
4.369722935E0,3.502272606E0,3.902482986E-1,2.047679901E0,4.075684006E0
4.374707622E0,3.361753941E0,7.096266747E-1,2.145171642E0,4.050521071E0
4.379692362E0,3.188775063E0,9.985094070E-1,2.209350824E0,4.005813089E0
4.384677101E0,3.028802872E0,1.199535847E0,2.228486300E0,3.946984199E0
4.389663299E0,2.874378681E0,1.346107483E0,2.248196125E0,3.889530046E0
4.394648091E0,2.687108517E0,1.421460629E0,2.254333258E0,3.784589930E0
4.399632883E0,2.450341225E0,1.454388618E0,2.280591965E0,3.649728494E0
4.404617674E0,2.247766018E0,1.432910442E0,2.276794434E0,3.505635078E0
4.409600851E0,2.005348206E0,1.361978531E0,2.286454678E0,3.332308800E0
4.414585591E0,1.747136593E0,1.272755623E0,2.249818325E0,3.119948020E0
4.419570278E0,1.511712551E0,1.182168484E0,2.265043497E0,2.968706655E0
4.424554966E0,1.251345158E0,1.080734730E0,2.279727697E0,2.816205006E0
4.429539914E0,1.014107704E0,8.992490768E-1,2.274838924E0,2.648009719E0
4.434524653E0,7.955055237E-1,7.408833504E-1,2.219708920E0,2.471607749E0
4.439509341E0,6.625323296E-1,5.674185753E-1,2.200793982E0,2.367362895E0
4.444494080E0,5.125102997E-1,3.121676445E-1,2.137291193E0,2.219938983E0
4.449485018E0,4.172391891E-1,5.187129974E-2,1.977266073E0,2.021474783E0
4.454470018E0,3.576555252E-1,-1.607041359E-1,1.797730327E0,1.839993919E0
4.459455070E0,2.932167053E-1,-3.947653770E-1,1.532258511E0,1.609233321E0
4.464440122E0,2.909159660E-1,-6.214747429E-1,1.279533029E0,1.451918636E0
4.469416008E0,3.053135872E-1,-8.239603043E-1,1.008960366E0,1.337956647E0
4.474400539E0,3.482594490E-1,-9.711565971E-1,7.592670918E-1,1.280982551E0
4.479385122E0,4.508304596E-1,-1.094167233E0,5.450006723E-1,1.302872123E0
4.484369705E0,4.980626106E-1,-1.205044270E0,3.711235523E-1,1.355703045E0
4.489360070E0,5.376110077E-1,-1.258613110E0,2.374615669E-1,1.389071831E0
4.494344966E0,5.456948280E-1,-1.302719116E0,1.821589470E-1,1.424093334E0
4.499329810E0,4.816370010E-1,-1.275322914E0,1.954308748E-1,1.377176809E0
4.504314705E0,4.125485420E-1,-1.265027523E0,2.936527729E-1,1.362616191E0
4.509295851E0,3.218874931E-1,-1.240675449E0,4.643797874E-1,1.363281231E0
4.514280591E0,1.761975288E-1,-1.231108665E0,6.663665771E-1,1.410928251E0
4.519265226E0,5.950307846E-2,-1.238599300E0,9.085646868E-1,1.537256853E0
4.524249914E0,-3.767299652E-2,-1.258339405E0,1.190406322E0,1.732600510E0
4.529224862E0,-1.892147064E-1,-1.294951916E0,1.484997869E0,1.979373976E0
4.534209080E0,-3.355531693E-1,-1.305678368E0,1.803969264E0,2.252042858E0
4.539193247E0,-5.338788033E-1,-1.278524399E0,2.086695194E0,2.504785030E0
4.544177414E0,-7.407565117E-1,-1.244380951E0,2.447396517E0,2.843756999E0
4.549175278E0,-9.273195267E-1,-1.200736523E0,2.691867590E0,3.089958062E0
4.554160122E0,-1.054989338E0,-1.178390503E0,2.927212238E0,3.327187727E0
4.559145018E0,-1.202861309E0,-1.158284664E0,3.129133940E0,3.546826455E0
4.564129862E0,-1.310963154E0,-1.166523933E0,3.330913782E0,3.764888989E0
4.569114185E0,-1.398349285E0,-1.181381702E0,3.436709404E0,3.893843214E0
4.574099028E0,-1.460311890E0,-1.183716297E0,3.494325161E0,3.967871396E0
4.579083872E0,-1.551955700E0,-1.192698479E0,3.489365578E0,4.000845947E0
4.584068716E0,-1.584712982E0,-1.174753666E0,3.424005747E0,3.951604328E0
4.589049133E0,-1.546646595E0,-1.175258160E0,3.298041821E0,3.827587658E0
4.594033716E0,-1.497795582E0,-1.254092693E0,3.166541100E0,3.720634707E0
4.599018351E0,-1.440639496E0,-1.272471905E0,2.900690079E0,3.479745657E0
4.604002935E0,-1.384875298E0,-1.287939548E0,2.608387470E0,3.221855531E0
4.608995643E0,-1.359405518E0,-1.295885086E0,2.368853092E0,3.023039280E0
4.613980643E0,-1.275803089E0,-1.353749752E0,2.115379572E0,2.816938524E0
4.618965643E0,-1.251604557E0,-1.385208607E0,1.882003307E0,2.650896697E0
4.623950695E0,-1.243586540E0,-1.457060814E0,1.640615106E0,2.522132356E0
4.628930539E0,-1.211132526E0,-1.521425247E0,1.403768301E0,2.398362404E0
4.633915330E0,-1.199862480E0,-1.585645676E0,1.185869217E0,2.315216616E0
4.638900070E0,-1.221687317E0,-1.635328770E0,9.822932482E-1,2.265330022E0
4.643884862E0,-1.231225014E0,-1.634713650E0,8.385764360E-1,2.211654175E0
4.648870278E0,-1.240621090E0,-1.586434841E0,7.285144329E-1,2.141646440E0
4.653855070E0,-1.264400482E0,-1.564889431E0,6.521112323E-1,2.114908171E0
4.658839862E0,-1.336072922E0,-1.555732250E0,6.120252609E-1,2.140086121E0
4.663824705E0,-1.448478222E0,-1.525551319E0,5.748956203E-1,2.180802825E0
4.668845330E0,-1.565859795E0,-1.527185917E0,5.646541715E-1,2.258992708E0
4.673831945E0,-1.737886429E0,-1.526494980E0,6.192740798E-1,2.394563958E0
4.678818560E0,-1.916875362E0,-1.528512955E0,6.359445453E-1,2.532822235E0
4.683805122E0,-2.090862751E0,-1.499782562E0,7.197728157E-1,2.671914610E0
4.688752883E0,-2.283307552E0,-1.506722450E0,8.706278205E-1,2.870835893E0
4.693737466E0,-2.465746880E0,-1.506554127E0,1.019160271E0,3.064033399E0
4.698722153E0,-2.645085335E0,-1.503736973E0,1.193729639E0,3.268438735E0
4.703706789E0,-2.833252430E0,-1.479083061E0,1.368090153E0,3.476589809E0
4.708693195E0,-2.998925209E0,-1.506461620E0,1.498964071E0,3.675577820E0
4.713677935E0,-3.106172562E0,-1.525895119E0,1.614995003E0,3.819014631E0
4.718662674E0,-3.210018158E0,-1.594679356E0,1.728292704E0,3.979222850E0
4.723647414E0,-3.279311180E0,-1.650469780E0,1.836409688E0,4.104915694E0
4.728634133E0,-3.314011574E0,-1.714663982E0,1.891528130E0,4.183374708E0
4.733618924E0,-3.342975616E0,-1.796916962E0,1.963342905E0,4.273068207E0
4.738603820E0,-3.354227543E0,-1.885185719E0,1.951420665E0,4.314256624E0
4.743588612E0,-3.376465321E0,-1.981803894E0,1.937139392E0,4.368131610E0
4.748558039E0,-3.361857414E0,-2.041324139E0,1.874961138E0,4.357128502E0
4.753542101E0,-3.336825848E0,-2.171466827E0,1.757838488E0,4.351973238E0
4.758526112E0,-3.308623791E0,-2.288523197E0,1.679067612E0,4.359311627E0
4.763510174E0,-3.306021690E0,-2.464300156E0,1.567149758E0,4.411180459E0
4.768518091E0,-3.285926819E0,-2.574309349E0,1.436705709E0,4.414578913E0
4.773503351E0,-3.262635708E0,-2.678294182E0,1.354716420E0,4.433205168E0
4.778488560E0,-3.262611389E0,-2.778825760E0,1.244891882E0,4.462763883E0
4.783473820E0,-3.268975258E0,-2.894847393E0,1.152858257E0,4.516129186E0
4.788457310E0,-3.276910305E0,-3.011931419E0,1.052355528E0,4.573546127E0
4.793442414E0,-3.269471169E0,-3.105857372E0,9.074705243E-1,4.599923314E0
4.798427622E0,-3.253800392E0,-3.210063457E0,8.352043629E-1,4.646427738E0
4.803412726E0,-3.213178635E0,-3.303016186E0,7.924000621E-1,4.675717134E0
4.808380695E0,-3.128435135E0,-3.418110847E0,7.453322411E-1,4.693198090E0
4.813365018E0,-3.073934078E0,-3.538785458E0,6.801183820E-1,4.736521323E0
4.818349237E0,-3.013733864E0,-3.643467903E0,6.229752302E-1,4.769229319E0
4.823333560E0,-2.924026966E0,-3.751436234E0,5.859434605E-1,4.792341521E0
4.828328039E0,-2.876595497E0,-3.834000111E0,5.451503396E-1,4.824059224E0
4.833312830E0,-2.852159023E0,-3.926939964E0,4.716043472E-1,4.876277190E0
4.838297674E0,-2.798151016E0,-4.013602734E0,4.108136296E-1,4.909931145E0
4.843282466E0,-2.740778923E0,-4.053164959E0,3.721924424E-1,4.906989149E0
4.848262518E0,-2.677711010E0,-4.129457951E0,2.983930111E-1,4.930679224E0
4.853247101E0,-2.594571590E0,-4.156311512E0,2.515400052E-1,4.906118578E0
4.858231685E0,-2.515353680E0,-4.191257477E0,2.484531999E-1,4.894422577E0
4.863216216E0,-2.447216034E0,-4.248640060E0,2.267744839E-1,4.908282321E0
4.868202518E0,-2.373553753E0,-4.249744892E0,2.008942366E-1,4.871801264E0
4.873187205E0,-2.280104637E0,-4.271299362E0,2.567166090E-1,4.848585239E0
4.878171841E0,-2.214675426E0,-4.318024635E0,1.835040152E-1,4.856315241E0
4.883156528E0,-2.165320873E0,-4.349331856E0,1.580670178E-1,4.861099388E0
4.888139445E0,-2.096256733E0,-4.384552002E0,1.177695096E-1,4.861322681E0
4.893123976E0,-2.043449402E0,-4.399895668E0,6.234785914E-2,4.851665137E0
4.898108560E0,-2.049828529E0,-4.400049210E0,3.695386648E-2,4.854234815E0
4.903093091E0,-2.050754547E0,-4.387426853E0,-3.512924910E-2,4.843174854E0
4.908080383E0,-2.050983429E0,-4.376347065E0,-4.636321962E-2,4.833331792E0
4.913065070E0,-2.084027290E0,-4.321433067E0,-1.308578402E-1,4.799487189E0
4.918049758E0,-2.171451092E0,-4.196563721E0,-1.547774673E-1,4.727610704E0
4.923034497E0,-2.332193851E0,-4.004047394E0,-1.971848905E-1,4.637931174E0
4.928021424E0,-2.556405067E0,-3.743709087E0,-1.770340651E-1,4.536728520E0
4.933006268E0,-2.786459446E0,-3.451304913E0,-1.042494923E-1,4.436973045E0
4.937991060E0,-3.029355526E0,-3.040583134E0,2.312687039E-2,4.292164436E0
4.942975903E0,-3.270558834E0,-2.599965096E0,2.286262810E-1,4.184333108E0
4.947962518E0,-3.500458241E0,-2.103150368E0,4.452294111E-1,4.107880060E0
4.952947414E0,-3.783560276E0,-1.554944038E0,7.110079527E-1,4.151952749E0
4.957932310E0,-4.038350105E0,-1.026992798E0,1.004426956E0,4.286240694E0
4.962917205E0,-4.269603729E0,-4.642620087E-1,1.289975286E0,4.484316164E0
4.967888247E0,-4.489388466E0,4.696512222E-2,1.546452999E0,4.748508334E0
4.972872466E0,-4.604208946E0,4.711542130E-1,1.735723734E0,4.943021666E0
4.977856633E0,-4.704955578E0,8.611068726E-1,1.901280522E0,5.147133150E0
4.982840851E0,-4.755812645E0,1.147418976E0,2.043636322E0,5.301959415E0
4.987839549E0,-4.711377144E0,1.311092854E0,2.108420610E0,5.325549411E0
4.992824445E0,-4.653281212E0,1.380664825E0,2.127356052E0,5.299519334E0
4.997809393E0,-4.516880989E0,1.411325932E0,2.131802797E0,5.190244495E0
5.002794341E0,-4.398085594E0,1.400504112E0,2.062542439E0,5.055556347E0
5.007777726E0,-4.218117714E0,1.364778519E0,2.018108845E0,4.871129311E0
5.012762570E0,-4.015530586E0,1.308700085E0,1.991897464E0,4.669565002E0
5.017747466E0,-3.812101603E0,1.298975468E0,2.001007557E0,4.497053161E0
5.022732258E0,-3.617662191E0,1.299372196E0,1.973958731E0,4.321152729E0
5.027715955E0,-3.396529198E0,1.269022465E0,1.908765554E0,4.097586430E0
5.032700747E0,-3.125011444E0,1.269926071E0,1.884455562E0,3.863881664E0
5.037685539E0,-2.832188606E0,1.225170135E0,1.891463041E0,3.619387600E0
5.042670330E0,-2.501680851E0,1.165569305E0,1.889402390E0,3.344667439E0
5.047656112E0,-2.143360138E0,1.019146442E0,1.804174900E0,2.981224450E0
5.052640955E0,-1.819890976E0,8.525404930E-1,1.645934820E0,2.597677788E0
5.057625799E0,-1.517187119E0,6.822676659E-1,1.451067686E0,2.207474428E0
5.062610591E0,-1.283214092E0,5.249466896E-1,1.195799112E0,1.830885838E0
5.067593403E0,-1.067707062E0,3.782134056E-1,9.189249873E-1,1.458583862E0
5.072578143E0,-8.611812592E-1,1.917929649E-1,5.251956582E-1,1.026765885E0
5.077562883E0,-6.636233330E-1,5.660581589E-2,1.246312261E-1,6.775936016E-1
5.082547622E0,-4.773664474E-1,-7.758331299E-2,-3.713367581E-1,6.097449332E-1
5.087534237E0,-3.116178513E-1,-2.248048782E-1,-8.648414612E-1,9.463581095E-1
5.092519080E0,-1.278271675E-1,-3.752808571E-1,-1.346992373E0,1.404123912E0
5.097503924E0,5.748319626E-2,-5.407800674E-1,-1.748848915E0,1.831452955E0
5.102488768E0,2.374911308E-1,-7.185988426E-1,-2.180917025E0,2.308502849E0
5.107467414E0,4.269642830E-1,-8.820934296E-1,-2.531612873E0,2.714673287E0
5.112451945E0,6.455240250E-1,-1.016500950E0,-2.760944605E0,3.012107329E0
5.117436476E0,8.885011673E-1,-1.181576729E0,-2.982646942E0,3.328924852E0
5.122421008E0,1.143992901E0,-1.336594582E0,-3.185598850E0,3.639126938E0
5.127412622E0,1.414537430E0,-1.474266529E0,-3.342199087E0,3.917227677E0
5.132397466E0,1.707206726E0,-1.554057121E0,-3.365388870E0,4.081113891E0
5.137382362E0,2.002762794E0,-1.556957245E0,-3.298965931E0,4.161532276E0
5.142367258E0,2.226632118E0,-1.509737492E0,-3.169722557E0,4.157443803E0
5.147344497E0,2.462139130E0,-1.424788952E0,-3.059265614E0,4.177470376E0
5.152329028E0,2.608651161E0,-1.328575134E0,-2.795559645E0,4.047879259E0
5.157313560E0,2.680077076E0,-1.121122837E0,-2.503245354E0,3.834835961E0
5.162298039E0,2.685783863E0,-9.151606560E-1,-2.096517324E0,3.527936915E0
5.167284549E0,2.652019978E0,-7.227125168E-1,-1.634993911E0,3.198238333E0
5.172269133E0,2.557053089E0,-5.176458359E-1,-1.130247831E0,2.843226666E0
5.177253716E0,2.460730076E0,-3.214693069E-1,-6.202834249E-1,2.557984861E0
5.182238351E0,2.363012791E0,-1.652669907E-1,-5.435481668E-2,2.369408591E0
5.187231528E0,2.282883644E0,1.546573639E-2,4.457301199E-1,2.326042188E0
5.192216633E0,2.169961929E0,1.703777313E-1,9.161678553E-1,2.361594141E0
5.197201633E0,2.057660103E0,2.922525406E-1,1.342860341E0,2.474399026E0
5.202186685E0,1.914748192E0,4.384064674E-1,1.711629748E0,2.605405393E0
5.207172622E0,1.770050049E0,5.562911034E-1,2.111160278E0,2.810611088E0
5.212157674E0,1.575822353E0,6.220993996E-1,2.472169638E0,2.996972884E0
5.217142778E0,1.387241840E0,6.455616951E-1,2.740132332E0,3.138393701E0
5.222127883E0,1.216481209E0,6.580066681E-1,2.941695213E0,3.250595335E0
5.227109914E0,1.068473339E0,6.667633057E-1,3.024492025E0,3.276241840E0
5.232094862E0,9.433727264E-1,6.528577805E-1,3.079615116E0,3.286366481E0
5.237079758E0,8.053264618E-1,5.900440216E-1,3.045016527E0,3.204501257E0
5.242064705E0,6.665086746E-1,5.024652481E-1,2.976048470E0,3.090884927E0
5.247059080E0,5.511670113E-1,3.712949753E-1,2.836849689E0,2.913650836E0
5.252044445E0,4.713344574E-1,2.684121132E-1,2.632531404E0,2.687828646E0
5.257029862E0,3.721046448E-1,1.532416344E-1,2.408683300E0,2.442068817E0
5.262015278E0,3.395233154E-1,1.237854958E-1,2.155884027E0,2.185963145E0
5.266962987E0,2.467722893E-1,1.129856110E-1,1.888681054E0,1.908082397E0
5.271946476E0,1.658501625E-1,8.509254456E-2,1.635562301E0,1.646150375E0
5.276930018E0,1.301817894E-1,7.597923279E-2,1.396851420E0,1.404960509E0
5.281913560E0,6.800842285E-2,7.130622864E-2,1.100885510E0,1.105286674E0
5.286940695E0,-3.932476044E-3,7.820844650E-2,8.337330222E-1,8.374023990E-1
5.291926424E0,-1.141982079E-1,1.159458160E-1,5.720363855E-1,5.947354784E-1
5.296912101E0,-1.883835793E-1,1.200919151E-1,2.963460088E-1,3.711218101E-1
5.301897830E0,-2.503976822E-1,1.839933395E-1,5.458790064E-2,3.154875388E-1
5.306880747E0,-3.311591148E-1,2.216520309E-1,-2.369238138E-1,4.636042231E-1
5.311866268E0,-3.924012184E-1,2.115731239E-1,-4.752477407E-1,6.516151610E-1
5.316851893E0,-4.938812256E-1,2.901740074E-1,-7.057236433E-1,9.089364556E-1
5.321837414E0,-5.708184242E-1,3.546915054E-1,-9.304940701E-1,1.147806147E0
5.326784080E0,-6.565608978E-1,4.507718086E-1,-1.101210117E0,1.359018454E0
5.331767674E0,-7.269501686E-1,5.115962029E-1,-1.270853281E0,1.550888547E0
5.336751320E0,-7.629256248E-1,5.587577820E-1,-1.345589399E0,1.644650905E0
5.341734914E0,-8.241806030E-1,5.995965004E-1,-1.408962607E0,1.738955220E0
5.346738247E0,-8.436298370E-1,6.318717003E-1,-1.405567884E0,1.756870577E0
5.351722935E0,-8.452382088E-1,6.748027802E-1,-1.358808756E0,1.736705979E0
5.356707518E0,-8.384914398E-1,6.902351379E-1,-1.309201002E0,1.701029013E0
5.361692101E0,-8.042578697E-1,6.854510307E-1,-1.246743560E0,1.634332690E0
5.366693143E0,-6.876330376E-1,6.412963867E-1,-1.106943369E0,1.452385580E0
5.371678508E0,-5.533261299E-1,6.103787422E-1,-9.832835197E-1,1.282801035E0
5.376663976E0,-4.205527306E-1,5.997624397E-1,-8.521248102E-1,1.123697591E0
5.381649393E0,-2.296829224E-1,5.805664062E-1,-7.233111262E-1,9.555054067E-1
5.386608091E0,-2.629327774E-2,5.909614563E-1,-5.755869150E-1,8.253648139E-1
5.391592153E0,2.229843140E-1,5.566372871E-1,-4.429672360E-1,7.455112648E-1
5.396576216E0,4.699621201E-1,5.586552620E-1,-3.281643391E-1,8.004073522E-1
5.401560383E0,7.118935585E-1,5.631737709E-1,-2.170516253E-1,9.333105287E-1
5.406573455E0,8.961310387E-1,5.964021683E-1,-1.650515199E-1,1.089030940E0
5.411559028E0,1.070025921E0,6.052432060E-1,-1.220915318E-1,1.235387045E0
5.416544601E0,1.231226444E0,5.562329292E-1,-7.418572903E-2,1.353076920E0
5.421530174E0,1.312582970E0,5.544800758E-1,-7.887381315E-2,1.427075080E0
5.426605539E0,1.345595360E0,5.643072128E-1,-9.547722340E-2,1.462253536E0
5.431595643E0,1.358530045E0,5.804743767E-1,-6.958097219E-2,1.478984752E0
5.436585695E0,1.387510300E0,6.462092400E-1,-6.097817421E-2,1.531825562E0
5.441575747E0,1.399036884E0,7.542872429E-1,-2.654927969E-2,1.589640938E0
5.446480747E0,1.421612740E0,8.208007812E-1,4.916548729E-3,1.641560500E0
5.451431424E0,1.419643879E0,8.938827515E-1,1.934629679E-2,1.677733410E0
5.456415591E0,1.457789421E0,9.305510521E-1,1.210343838E-2,1.729514889E0
5.461399758E0,1.507098198E0,9.976477623E-1,1.188296080E-2,1.807425584E0
5.466358820E0,1.526738644E0,1.025679588E0,1.637399197E-2,1.839352498E0
5.471341789E0,1.552667141E0,1.021921635E0,-5.418837070E-3,1.858797580E0
5.476324653E0,1.589759350E0,1.039092541E0,-1.288855076E-2,1.899266757E0
5.481307570E0,1.587582111E0,1.041166782E0,-3.456109762E-2,1.898852206E0
5.486296893E0,1.594019890E0,1.092757702E0,-2.479159832E-2,1.932778680E0
5.491280122E0,1.594784260E0,1.146050453E0,1.415491104E-2,1.963916709E0
5.496263299E0,1.539693832E0,1.189105988E0,1.287186146E-2,1.945455173E0
5.501246528E0,1.526830673E0,1.260189056E0,5.522614717E-2,1.980489407E0
5.506243195E0,1.486721039E0,1.285081387E0,1.148806214E-1,1.968494647E0
5.511227049E0,1.479074001E0,1.337923527E0,1.921726465E-1,2.003654060E0
5.516211008E0,1.434600353E0,1.373312473E0,3.085489869E-1,2.009792974E0
5.521194914E0,1.360265255E0,1.388706207E0,4.283227921E-1,1.990549399E0
5.526210695E0,1.244391918E0,1.408210278E0,5.753097534E-1,1.965336802E0
5.531196216E0,1.130182743E0,1.381667614E0,7.062944770E-1,1.919679743E0
5.536181685E0,1.017817020E0,1.347550392E0,8.598194122E-1,1.895028487E0
5.541167205E0,9.051451683E-1,1.329967022E0,1.019207239E0,1.904437831E0
5.546140955E0,8.354225159E-1,1.240558624E0,1.189034462E0,1.910685592E0
5.551125851E0,8.207063675E-1,1.156054497E0,1.367000580E0,1.969444472E0
5.556110799E0,8.227734566E-1,1.031062126E0,1.521695733E0,2.013852818E0
5.561095695E0,8.465251923E-1,9.183249474E-1,1.650568962E0,2.069855915E0
5.566079289E0,8.607773781E-1,8.153610229E-1,1.808447361E0,2.162459976E0
5.571064133E0,8.607130051E-1,7.842798233E-1,1.983163357E0,2.299751860E0
5.576048976E0,9.061098099E-1,7.269215584E-1,2.114753008E0,2.412805467E0
5.581033820E0,9.466996193E-1,6.720027924E-1,2.279593468E0,2.558197471E0
5.586019705E0,1.058911324E0,5.716271400E-1,2.398782253E0,2.683692806E0
5.591004601E0,1.151577473E0,4.424390793E-1,2.477332830E0,2.767500852E0
5.595989497E0,1.267853737E0,2.415018082E-1,2.527270794E0,2.837758603E0
5.600974393E0,1.374114037E0,-1.921558380E-2,2.548915863E0,2.895778082E0
5.605997362E0,1.510750294E0,-3.039722443E-1,2.552018642E0,2.981201893E0
5.610984028E0,1.594199657E0,-5.743513107E-1,2.551023960E0,3.062527587E0
5.615970695E0,1.691542149E0,-8.661861420E-1,2.589225054E0,3.211803178E0
5.620957362E0,1.771773338E0,-1.121971607E0,2.650178432E0,3.379563104E0
5.625944080E0,1.775198936E0,-1.372810364E0,2.719342947E0,3.525729091E0
5.630866008E0,1.752233028E0,-1.523009777E0,2.856069088E0,3.680626306E0
5.635849862E0,1.664615631E0,-1.603783131E0,3.056165695E0,3.831868250E0
5.640833768E0,1.579686165E0,-1.626983643E0,3.275701523E0,3.984056302E0
5.645817622E0,1.452379227E0,-1.611535072E0,3.574212074E0,4.181081518E0
5.650806893E0,1.340364933E0,-1.588397503E0,3.824771643E0,4.352983218E0
5.655791060E0,1.262834549E0,-1.547958851E0,4.053550720E0,4.519092956E0
5.660775226E0,1.207942009E0,-1.523596764E0,4.274813652E0,4.696222179E0
5.665759341E0,1.187698841E0,-1.424366474E0,4.483507633E0,4.851936633E0
5.670748872E0,1.180376053E0,-1.362884998E0,4.722239971E0,5.054729814E0
5.675733299E0,1.238559723E0,-1.272152424E0,4.894975185E0,5.207032172E0
5.680717726E0,1.280687809E0,-1.152342796E0,5.049330711E0,5.335147216E0
5.685702153E0,1.332738400E0,-1.061139584E0,5.194816589E0,5.467021882E0
5.690686789E0,1.423091888E0,-9.796080589E-1,5.283421040E0,5.558719309E0
5.695671216E0,1.539480686E0,-9.270620346E-1,5.276766777E0,5.574380003E0
5.700655643E0,1.638445377E0,-8.870210648E-1,5.186792850E0,5.511272965E0
5.705640070E0,1.740972042E0,-8.694581985E-1,5.073416710E0,5.433829066E0
5.710615643E0,1.846590996E0,-8.890447617E-1,4.894001484E0,5.305803372E0
5.715599653E0,1.857037067E0,-8.813414574E-1,4.684698582E0,5.115833288E0
5.720583612E0,1.817655563E0,-9.278445244E-1,4.409821510E0,4.859145291E0
5.725567622E0,1.716588974E0,-9.495501518E-1,4.222709656E0,4.656135740E0
5.730569341E0,1.616092682E0,-9.608368874E-1,4.056605816E0,4.471131157E0
5.735554237E0,1.437323093E0,-9.999313354E-1,3.923784733E0,4.296725146E0
5.740539133E0,1.247549534E0,-9.853348732E-1,3.838958979E0,4.155101767E0
5.745523976E0,1.058994293E0,-9.719200134E-1,3.888588905E0,4.145747351E0
5.750507466E0,8.456530571E-1,-9.642410278E-1,3.962709188E0,4.165087510E0
5.755492258E0,6.268911362E-1,-9.525742531E-1,4.056333065E0,4.213576644E0
5.760477101E0,4.387965202E-1,-9.582824707E-1,4.226929188E0,4.356349164E0
5.765461893E0,2.552785873E-1,-9.644122124E-1,4.362024307E0,4.474652403E0
5.770436580E0,5.740594864E-2,-9.779753685E-1,4.497218609E0,4.602684704E0
5.775420903E0,-9.006738663E-2,-1.013172150E0,4.601275444E0,4.712363064E0
5.780405122E0,-2.015156746E-1,-1.024516106E0,4.647747517E0,4.763590956E0
5.785389445E0,-2.578153610E-1,-9.641785622E-1,4.653328896E0,4.759157370E0
5.790379341E0,-3.164453506E-1,-9.470467567E-1,4.670526981E0,4.776071346E0
5.795363872E0,-3.893628120E-1,-9.467644691E-1,4.670612335E0,4.781483655E0
5.800348455E0,-4.479579926E-1,-9.370942116E-1,4.636824608E0,4.751731723E0
5.805333039E0,-5.329833031E-1,-8.798599243E-1,4.640738964E0,4.753386458E0
5.810323195E0,-6.157369614E-1,-8.253588676E-1,4.644072056E0,4.756863938E0
5.815308091E0,-7.057909966E-1,-7.640299797E-1,4.624965668E0,4.740484170E0
5.820292883E0,-8.055977821E-1,-6.744203568E-1,4.568895817E0,4.688138179E0
5.825277726E0,-9.150338173E-1,-5.540838242E-1,4.578748226E0,4.702045416E0
5.830255955E0,-1.022195816E0,-4.557209015E-1,4.498789310E0,4.635911031E0
5.835240487E0,-1.158114433E0,-3.744769096E-1,4.424768448E0,4.589121682E0
5.840225018E0,-1.291615486E0,-2.648534775E-1,4.328051090E0,4.524427496E0
5.845209549E0,-1.389194965E0,-2.105550766E-1,4.201451302E0,4.430168070E0
5.850192466E0,-1.474889755E0,-1.470246315E-1,4.107666969E0,4.366903246E0
5.855176893E0,-1.558296680E0,-1.053771973E-1,3.922633648E0,4.222137804E0
5.860161372E0,-1.620321751E0,-8.322858810E-2,3.747066498E0,4.083243430E0
5.865145799E0,-1.613243103E0,-1.236667633E-1,3.528563023E0,3.881829953E0
5.870131737E0,-1.642437935E0,-1.310405731E-1,3.348719597E0,3.732116952E0
5.875116268E0,-1.647983551E0,-1.316118240E-1,3.099948406E0,3.513239471E0
5.880100799E0,-1.529471874E0,-1.253905296E-1,2.789144516E0,3.183446894E0
5.885085278E0,-1.375562668E0,-1.554636955E-1,2.499608278E0,2.857338475E0
5.890078612E0,-1.258303165E0,-2.411727905E-1,2.230892658E0,2.572619914E0
5.895063560E0,-1.153881073E0,-3.921594620E-1,2.093508959E0,2.422397642E0
5.900048508E0,-1.096289158E0,-5.514574051E-1,2.006681919E0,2.352175060E0
5.905033455E0,-1.145537853E0,-6.691303253E-1,1.952173352E0,2.360290906E0
5.910014705E0,-1.263149738E0,-7.666940689E-1,1.952052355E0,2.448239256E0
5.914999497E0,-1.391698360E0,-8.657693863E-1,1.987448096E0,2.576107702E0
5.919984237E0,-1.581254482E0,-9.303960800E-1,2.034361601E0,2.739457926E0
5.924969028E0,-1.802789211E0,-1.003444672E0,2.107306480E0,2.949184761E0
5.929945174E0,-2.008012772E0,-1.117996693E0,2.177677870E0,3.166119518E0
5.934929497E0,-2.156264782E0,-1.218996048E0,2.209737539E0,3.319392891E0
5.939913820E0,-2.283102989E0,-1.361106873E0,2.303974628E0,3.517594386E0
5.944898143E0,-2.374145985E0,-1.470110893E0,2.388447285E0,3.674571489E0
5.949900122E0,-2.477210999E0,-1.612975597E0,2.424804449E0,3.823341631E0
5.954885330E0,-2.563041687E0,-1.758034706E0,2.501024008E0,3.989359573E0
5.959870487E0,-2.660352707E0,-1.898112297E0,2.583118439E0,4.165670136E0
5.964855747E0,-2.745147705E0,-1.999666691E0,2.763930559E0,4.378791492E0
5.969825695E0,-2.845934391E0,-2.117526054E0,2.949941158E0,4.613611599E0
5.974810174E0,-2.986553669E0,-2.210957050E0,3.177089214E0,4.888939534E0
5.979794601E0,-3.111908436E0,-2.282313824E0,3.394914627E0,5.139880916E0
5.984779028E0,-3.250401974E0,-2.302576542E0,3.679675579E0,5.422820676E0
5.989775435E0,-3.368558645E0,-2.326792717E0,3.930312395E0,5.675253934E0
5.994760487E0,-3.523506880E0,-2.297209740E0,4.165290833E0,5.919621697E0
5.999745539E0,-3.638568163E0,-2.297411442E0,4.334012032E0,6.107449378E0
6.004730591E0,-3.732746840E0,-2.233850956E0,4.495890141E0,6.255918575E0
6.009711789E0,-3.758128881E0,-2.178148270E0,4.600036144E0,6.326783946E0
6.014696685E0,-3.788927317E0,-2.178061962E0,4.624925613E0,6.363164390E0
6.019681476E0,-3.762919188E0,-2.149722099E0,4.637145042E0,6.346966209E0
6.024666372E0,-3.711398363E0,-2.205669403E0,4.557977200E0,6.278105724E0
6.029651372E0,-3.689419508E0,-2.214283466E0,4.473728180E0,6.207182243E0
6.034636268E0,-3.692151308E0,-2.209063053E0,4.384512901E0,6.142954846E0
6.039621060E0,-3.681384802E0,-2.168594360E0,4.266943455E0,6.038393992E0
6.044605955E0,-3.659503698E0,-2.064197540E0,4.097587109E0,5.868824321E0
6.049582622E0,-3.657662630E0,-1.984494209E0,3.932108641E0,5.725224148E0
6.054567101E0,-3.647211313E0,-1.872147560E0,3.792380810E0,5.584732675E0
6.059551580E0,-3.606627226E0,-1.755877495E0,3.647586584E0,5.421785095E0
6.064536008E0,-3.543126345E0,-1.681125164E0,3.473991632E0,5.239135804E0
6.069531633E0,-3.430479527E0,-1.678977489E0,3.319691658E0,5.060386141E0
6.074516633E0,-3.345355511E0,-1.632274151E0,3.230056047E0,4.928385584E0
6.079501633E0,-3.218416214E0,-1.596121311E0,3.035542250E0,4.703224736E0
6.084486633E0,-3.064159393E0,-1.616057396E0,2.856153250E0,4.489802410E0
6.089466112E0,-2.918624401E0,-1.620436192E0,2.675140858E0,4.277915433E0
6.094450851E0,-2.777183533E0,-1.607080460E0,2.521345139E0,4.080764302E0
6.099435591E0,-2.642386436E0,-1.592946053E0,2.323242188E0,3.862271025E0
6.104420278E0,-2.454538822E0,-1.568581104E0,2.183912754E0,3.640698069E0
6.109405799E0,-2.304805756E0,-1.608395576E0,2.007664680E0,3.453951848E0
6.114390591E0,-2.083307266E0,-1.688590050E0,1.813823700E0,3.237508600E0
6.119375383E0,-1.904968262E0,-1.785272598E0,1.590644360E0,3.057164014E0
6.124360122E0,-1.700591087E0,-1.924950600E0,1.392894864E0,2.921917343E0
6.129343612E0,-1.472836494E0,-2.079148769E0,1.196467280E0,2.814896250E0
6.134328299E0,-1.257738113E0,-2.214520931E0,1.032158494E0,2.747973667E0
6.139313039E0,-1.103309155E0,-2.400673866E0,8.401594758E-1,2.772434679E0
6.144297726E0,-9.713263512E-1,-2.620923042E0,6.727341413E-1,2.874940643E0
6.149277310E0,-8.448948860E-1,-2.853556156E0,4.794810116E-1,3.014387524E0
6.154261737E0,-7.624821663E-1,-3.086842537E0,3.918970227E-1,3.203679007E0
6.159246164E0,-7.360019684E-1,-3.347094536E0,3.162409663E-1,3.441620124E0
6.164230643E0,-7.771453857E-1,-3.490577221E0,2.786799967E-1,3.586885394E0
6.169228976E0,-8.570446968E-1,-3.660808563E0,3.150199652E-1,3.772967337E0
6.174214080E0,-9.155621529E-1,-3.838265896E0,3.938220739E-1,3.965556073E0
6.179199237E0,-9.835462570E-1,-4.015461445E0,4.885834754E-1,4.162932580E0
6.184184393E0,-1.032058716E0,-4.249510288E0,5.607119799E-1,4.408841209E0
6.189162570E0,-1.027406216E0,-4.444418430E0,6.270222068E-1,4.604516865E0
6.194147362E0,-1.050891876E0,-4.595380783E0,6.708511114E-1,4.761506011E0
6.199132153E0,-1.097671509E0,-4.700023651E0,7.111916542E-1,4.878616467E0
6.204116945E0,-1.148453712E0,-4.770200253E0,7.763127685E-1,4.967536401E0
6.209098039E0,-1.212836266E0,-4.729471207E0,8.372854590E-1,4.953778017E0
6.214082622E0,-1.317070484E0,-4.601847172E0,9.225980043E-1,4.874716313E0
6.219067258E0,-1.444186687E0,-4.468536854E0,1.065660238E0,4.815509168E0
6.224051841E0,-1.531865120E0,-4.327034473E0,1.144567251E0,4.730736969E0
6.229038560E0,-1.601733208E0,-4.134383202E0,1.180796266E0,4.588349763E0
6.234023247E0,-1.672863960E0,-3.902527809E0,1.152842641E0,4.399686726E0
6.239007987E0,-1.735641479E0,-3.753433704E0,1.065614343E0,4.270392236E0
6.243992674E0,-1.768649578E0,-3.579514503E0,9.692237377E-1,4.108581271E0
6.248983299E0,-1.869728088E0,-3.390130997E0,8.805594444E-1,3.970422677E0
6.253968299E0,-1.964741230E0,-3.168673992E0,7.301995158E-1,3.799196534E0
6.258953299E0,-2.058381081E0,-2.900760174E0,6.210986376E-1,3.610693254E0
6.263938299E0,-2.229607105E0,-2.586538792E0,6.039656997E-1,3.467867548E0
6.268920383E0,-2.392122746E0,-2.254665852E0,5.808316469E-1,3.338133421E0
6.273905226E0,-2.514678955E0,-1.909791946E0,5.474823713E-1,3.204785870E0
6.278890122E0,-2.573267460E0,-1.602019787E0,5.572443604E-1,3.081995148E0
6.283874966E0,-2.567891121E0,-1.307332516E0,4.717926681E-1,2.919892367E0
6.288852830E0,-2.517675400E0,-1.037607193E0,3.294538260E-1,2.742965171E0
6.293837362E0,-2.432211399E0,-8.525929451E-1,1.755366027E-1,2.583288625E0
6.298821893E0,-2.328518867E0,-6.759476662E-1,1.246105880E-2,2.424677430E0
6.303806372E0,-2.216435432E0,-5.031609535E-1,-1.762247384E-1,2.279651756E0
6.308797830E0,-2.136804104E0,-3.870325089E-1,-3.396918178E-1,2.197980089E0
6.313782726E0,-2.077856064E0,-2.201161385E-1,-4.844798148E-1,2.144914364E0
6.318767570E0,-2.011096478E0,-1.944017410E-2,-6.366316080E-1,2.109546578E0
6.323752414E0,-1.991760254E0,1.453914642E-1,-8.005719185E-1,2.151548973E0
6.328732778E0,-1.912327290E0,2.934236526E-1,-9.616898894E-1,2.160541725E0
6.333717362E0,-1.854262829E0,4.054651260E-1,-1.081840277E0,2.184735909E0
6.338701997E0,-1.765062332E0,5.531725883E-1,-1.134847164E0,2.170097471E0
6.343686633E0,-1.640278816E0,6.453619003E-1,-1.087175369E0,2.070979686E0
6.348671268E0,-1.458549500E0,6.724386215E-1,-1.013087034E0,1.898916976E0
6.353655903E0,-1.287198067E0,6.533346176E-1,-8.936401606E-1,1.697739003E0
6.358640539E0,-1.155170441E0,6.141705513E-1,-7.769063115E-1,1.521580635E0
6.363625174E0,-1.007597923E0,5.500211716E-1,-6.946248412E-1,1.341745331E0
6.368611268E0,-8.779616356E-1,4.776692390E-1,-6.092249751E-1,1.170529626E0
6.373595955E0,-7.663240433E-1,4.066166878E-1,-5.523710251E-1,1.028447091E0
6.378580695E0,-6.701874733E-1,2.150015831E-1,-5.816855431E-1,9.130909052E-1
6.383565435E0,-5.705566406E-1,4.631900787E-2,-6.017183065E-1,8.305090313E-1
6.388546372E0,-4.698076248E-1,-1.568183899E-1,-6.176419258E-1,7.917024443E-1
6.393530903E0,-3.488316536E-1,-3.178439140E-1,-6.174036860E-1,7.771071920E-1
6.398515435E0,-3.059926033E-1,-4.514055252E-1,-5.795619488E-1,7.957954976E-1
6.403499966E0,-3.052954674E-1,-5.550994873E-1,-5.495696068E-1,8.386700876E-1
6.408498820E0,-3.585362434E-1,-6.073217392E-1,-4.889537692E-1,8.581746449E-1
6.413484080E0,-4.201884270E-1,-6.607108116E-1,-4.698020816E-1,9.131325679E-1
6.418469289E0,-4.733471870E-1,-7.079420090E-1,-4.993849695E-1,9.872308723E-1
6.423454549E0,-5.513873100E-1,-7.465252876E-1,-4.677666128E-1,1.039294749E0
6.428430278E0,-6.278839111E-1,-8.146424294E-1,-4.636315107E-1,1.128199748E0
6.433415070E0,-6.906065941E-1,-8.689670563E-1,-4.653640687E-1,1.203580047E0
6.438399810E0,-7.372860909E-1,-9.478554726E-1,-5.133634806E-1,1.305971990E0
6.443384601E0,-8.131380081E-1,-1.022374630E0,-5.263242722E-1,1.408353842E0
6.448371633E0,-8.916587830E-1,-1.066082954E0,-5.426453352E-1,1.491996049E0
6.453356528E0,-9.632067680E-1,-1.055043697E0,-5.049885511E-1,1.515222069E0
6.458341372E0,-1.032527924E0,-1.013200283E0,-3.822947145E-1,1.496274699E0
6.463326268E0,-1.080499172E0,-1.031457424E0,-2.677940726E-1,1.517595646E0
6.468305487E0,-1.116600513E0,-1.002043247E0,-8.507642895E-2,1.502706017E0
6.473290070E0,-1.198299885E0,-9.944252968E-1,6.999707222E-2,1.558750742E0
6.478274653E0,-1.265728951E0,-1.030076981E0,1.925104707E-1,1.643225074E0
6.483259237E0,-1.359273434E0,-9.963307381E-1,3.133831024E-1,1.714207740E0
6.488248403E0,-1.471758366E0,-9.746093750E-1,4.325430989E-1,1.817423906E0
6.493233195E0,-1.571800709E0,-9.646906853E-1,5.233190060E-1,1.917041567E0
6.498218039E0,-1.642468929E0,-9.329266548E-1,6.167103052E-1,1.987055089E0
6.503202830E0,-1.688585281E0,-8.937106133E-1,6.697770357E-1,2.024509864E0
6.508184289E0,-1.745975494E0,-8.470058441E-1,7.161026001E-1,2.068490334E0
6.513168976E0,-1.805149555E0,-7.737827301E-1,7.055853605E-1,2.086900892E0
6.518153612E0,-1.861077309E0,-7.336492538E-1,6.937528849E-1,2.117343392E0
6.523138299E0,-1.868360043E0,-6.739788055E-1,6.188551188E-1,2.080384180E0
6.528127935E0,-1.867849827E0,-5.686082840E-1,5.338599682E-1,2.024150395E0
6.533112830E0,-1.859464645E0,-4.940056801E-1,4.323125184E-1,1.971939272E0
6.538097726E0,-1.800316811E0,-4.143633842E-1,2.380600870E-1,1.862662137E0
6.543082674E0,-1.702534199E0,-3.608417511E-1,6.153112650E-2,1.741440653E0
6.548067362E0,-1.628439426E0,-2.641234398E-1,-1.233401895E-1,1.654324321E0
6.553052258E0,-1.566236019E0,-2.439446449E-1,-3.210111260E-1,1.617297870E0
6.558037153E0,-1.477797508E0,-2.309422493E-1,-5.071467161E-1,1.579372530E0
6.563022049E0,-1.432463646E0,-1.819958687E-1,-6.766794920E-1,1.594669159E0
6.568004133E0,-1.351408958E0,-1.570158005E-1,-8.414608836E-1,1.599692643E0
6.572988924E0,-1.251395702E0,-9.614038467E-2,-1.029946685E0,1.623583799E0
6.577973664E0,-1.173065662E0,-3.285932541E-2,-1.213510036E0,1.688126000E0
6.582958403E0,-1.097269535E0,2.325010300E-2,-1.330153942E0,1.724485578E0
6.587938872E0,-1.016703606E0,4.119729996E-2,-1.442403078E0,1.765194063E0
6.592923351E0,-9.097795486E-1,3.781747818E-2,-1.536065221E0,1.785672241E0
6.597907883E0,-8.434786797E-1,3.941965103E-2,-1.632995486E0,1.838391811E0
6.602892466E0,-7.340025902E-1,4.602050781E-2,-1.652128935E0,1.808426860E0
6.607877518E0,-6.841907501E-1,5.284595490E-2,-1.624807596E0,1.763777027E0
6.612862049E0,-6.030836105E-1,8.380365372E-2,-1.601496935E0,1.713337482E0
6.617846633E0,-5.386147499E-1,1.100902557E-1,-1.548977137E0,1.643641044E0
6.622831164E0,-4.787268639E-1,1.580781937E-1,-1.450506091E0,1.535622364E0
6.627828143E0,-4.354486465E-1,2.539730072E-1,-1.363638878E0,1.453832453E0
6.632813299E0,-4.373950958E-1,3.068790436E-1,-1.257429123E0,1.366242005E0
6.637798508E0,-3.623952866E-1,3.671622276E-1,-1.153675079E0,1.263766052E0
6.642783716E0,-2.561216354E-1,4.514446259E-1,-1.040377736E0,1.162663484E0
6.647760226E0,-1.689143181E-1,4.711489677E-1,-9.415369034E-1,1.066304430E0
6.652744966E0,-7.461643219E-2,4.764447212E-1,-8.810223341E-1,1.004374202E0
6.657729758E0,9.974956512E-3,5.390558243E-1,-8.085047007E-1,9.717821425E-1
6.662714497E0,1.230559349E-1,5.727930069E-1,-7.357153893E-1,9.404848355E-1
6.667701112E0,2.955403328E-1,6.182494164E-1,-7.223628163E-1,9.956829152E-1
6.672685955E0,4.123420715E-1,6.513381004E-1,-6.893697977E-1,1.034165375E0
6.677670799E0,5.356788635E-1,6.768240929E-1,-6.800500751E-1,1.098867964E0
6.682655643E0,6.151704788E-1,7.089457512E-1,-6.514531374E-1,1.142554150E0
6.687644133E0,7.105660439E-1,7.572002411E-1,-6.203730702E-1,1.209594583E0
6.692629133E0,7.953972816E-1,8.119039536E-1,-5.748758316E-1,1.273706044E0
6.697614185E0,8.338136673E-1,8.419723511E-1,-5.699853897E-1,1.314931944E0
6.702599237E0,8.497724533E-1,9.024343491E-1,-5.529937744E-1,1.357314662E0
6.707569393E0,8.672747612E-1,9.454712868E-1,-5.120427608E-1,1.381401192E0
6.712553664E0,9.174685478E-1,9.926781654E-1,-4.973641038E-1,1.440322717E0
6.717537987E0,9.859876633E-1,9.962382317E-1,-5.185713172E-1,1.494516142E0
6.722522205E0,1.046568871E0,1.011240005E0,-5.375261307E-1,1.551401654E0
6.727499497E0,1.082252026E0,9.897055626E-1,-5.180906057E-1,1.555379190E0
6.732483455E0,1.131518364E0,9.533376694E-1,-4.890410304E-1,1.558315645E0
6.737467362E0,1.182473660E0,9.213376045E-1,-4.958826303E-1,1.578925749E0
6.742451268E0,1.242210388E0,8.697395325E-1,-4.571992159E-1,1.583844887E0
6.747446893E0,1.313037872E0,8.702483177E-1,-3.875021935E-1,1.622207921E0
6.752431424E0,1.320765018E0,8.510456085E-1,-3.320611417E-1,1.605915148E0
6.757415903E0,1.325344086E0,8.337497711E-1,-3.266470730E-1,1.599491774E0
6.762400435E0,1.338939190E0,7.874336243E-1,-2.896772921E-1,1.580102149E0
6.767386476E0,1.387799263E0,7.599277496E-1,-2.546659410E-1,1.602601548E0
6.772371008E0,1.462478638E0,6.604614258E-1,-1.809010506E-1,1.614861682E0
6.777355643E0,1.515122414E0,6.062932014E-1,-1.306005716E-1,1.637145041E0
6.782340174E0,1.629404545E0,5.447325706E-1,-8.935701847E-2,1.720371303E0
6.787338143E0,1.719123363E0,5.140314102E-1,-3.302931786E-2,1.794632098E0
6.792323403E0,1.834520340E0,4.591412544E-1,9.553670883E-3,1.891128457E0
6.797308664E0,1.932549953E0,3.753213882E-1,2.874940634E-2,1.968868202E0
6.802293924E0,2.003598690E0,2.864518166E-1,7.935106754E-2,2.025526832E0
6.807282883E0,2.064368248E0,2.522730827E-1,1.518244147E-1,2.085259846E0
6.812268299E0,2.126800060E0,2.774696350E-1,2.627620101E-1,2.160859035E0
6.817253768E0,2.190728664E0,2.781405449E-1,3.114302754E-1,2.230166599E0
6.822239237E0,2.177200317E0,2.781953812E-1,4.389575124E-1,2.238364937E0
6.827206528E0,2.167546272E0,2.847461700E-1,5.637552142E-1,2.257688456E0
6.832191060E0,2.171219349E0,3.048601151E-1,7.022463083E-1,2.302234356E0
6.837175591E0,2.094832420E0,3.432159424E-1,8.352108002E-1,2.281161356E0
6.842160122E0,1.995861053E0,4.308562279E-1,9.529836774E-1,2.253281235E0
6.847135591E0,1.898181438E0,5.030984879E-1,1.108062625E0,2.254773524E0
6.852119601E0,1.715841293E0,5.624413490E-1,1.221483946E0,2.180017120E0
6.857103716E0,1.525638580E0,6.281552315E-1,1.329222441E0,2.118722344E0
6.862087778E0,1.370746136E0,6.453104019E-1,1.426452756E0,2.080898351E0
6.867101060E0,1.179599762E0,6.715078354E-1,1.496427298E0,2.020315081E0
6.872086633E0,1.038427353E0,6.900758743E-1,1.611087441E0,2.037188951E0
6.877072153E0,9.089612961E-1,6.771378517E-1,1.688897371E0,2.033986391E0
6.882057674E0,7.603931427E-1,6.975049973E-1,1.772964597E0,2.051368912E0
6.887045174E0,6.262817383E-1,6.483716965E-1,1.911352634E0,2.113263724E0
6.892030799E0,5.162868500E-1,5.442638397E-1,1.967849731E0,2.105993306E0
6.897016424E0,4.760937691E-1,3.758983612E-1,2.021533012E0,2.110582994E0
6.902002101E0,4.819016457E-1,7.416200638E-2,2.029377699E0,2.087127941E0
6.906964393E0,5.315046310E-1,-2.912287712E-1,2.061099291E0,2.148357898E0
6.911948820E0,5.768241882E-1,-6.916360855E-1,2.018733025E0,2.210513434E0
6.916933351E0,6.586017609E-1,-1.026515007E0,1.993268490E0,2.336794516E0
6.921917778E0,6.980733871E-1,-1.372301579E0,2.032752991E0,2.550020156E0
6.926924341E0,7.359619141E-1,-1.595038891E0,2.053632975E0,2.702442857E0
6.931909914E0,7.534122467E-1,-1.795097351E0,2.087068081E0,2.854094898E0
6.936895487E0,7.959499359E-1,-1.948535919E0,2.164150238E0,3.018919473E0
6.941881060E0,8.493404388E-1,-2.103125572E0,2.299103498E0,3.229611935E0
6.946857258E0,9.566702843E-1,-2.184669971E0,2.427594185E0,3.403118341E0
6.951842362E0,1.010067463E0,-2.164721966E0,2.575829744E0,3.512998198E0
6.956827518E0,1.090926170E0,-2.115128040E0,2.712614059E0,3.608623224E0
6.961812622E0,1.117792606E0,-1.957119465E0,2.766024113E0,3.568005928E0
6.966804653E0,1.138583660E0,-1.764980316E0,2.840792656E0,3.532935208E0
6.971790122E0,1.177184105E0,-1.548368454E0,2.895921230E0,3.488490656E0
6.976775591E0,1.221470833E0,-1.240482807E0,2.916873693E0,3.396901637E0
6.981761008E0,1.259294033E0,-8.966002464E-1,2.941650391E0,3.323104044E0
6.986738247E0,1.321343422E0,-5.290541649E-1,2.955524683E0,3.280392187E0
6.991723299E0,1.373847008E0,-1.309137344E-1,2.975079298E0,3.279586992E0
6.996708351E0,1.390226841E0,2.616720200E-1,3.007102013E0,3.323231173E0
7.001693403E0,1.410799503E0,6.197252274E-1,2.951138496E0,3.329209068E0
7.006662101E0,1.408985138E0,9.550356865E-1,2.922063828E0,3.381684387E0
7.011646320E0,1.425180435E0,1.178936481E0,2.836112022E0,3.385935898E0
7.016630539E0,1.471224785E0,1.265191555E0,2.688678503E0,3.315750915E0
7.021614758E0,1.582751274E0,1.275989056E0,2.506189823E0,3.227109712E0
7.026601528E0,1.658946514E0,1.156208992E0,2.267442226E0,3.038127222E0
7.031585903E0,1.702045441E0,9.871821404E-1,2.039859772E0,2.834169217E0
7.036570226E0,1.762093067E0,8.142538071E-1,1.799825191E0,2.647140336E0
7.041554601E0,1.743333817E0,6.684665680E-1,1.607524872E0,2.463776890E0
7.046538872E0,1.650729179E0,5.235514641E-1,1.465546846E0,2.268664920E0
7.051523247E0,1.534801960E0,4.083890915E-1,1.355155230E0,2.087784568E0
7.056507622E0,1.429244041E0,2.513751984E-1,1.276724219E0,1.932861286E0
7.061491997E0,1.319935322E0,8.625602722E-2,1.166113019E0,1.763374302E0
7.066492778E0,1.206950665E0,-1.107831001E-1,1.050086975E0,1.603647548E0
7.071477883E0,1.145704269E0,-3.489232063E-1,9.480794072E-1,1.527494759E0
7.076463143E0,1.126546383E0,-5.491886139E-1,8.197424412E-1,1.497562204E0
7.081448299E0,1.063507080E0,-7.138605118E-1,7.012943625E-1,1.460293780E0
7.086409445E0,1.004688263E0,-8.140864372E-1,5.690804720E-1,1.412794329E0
7.091393508E0,9.809679985E-1,-8.596930504E-1,4.301580191E-1,1.373465062E0
7.096377466E0,9.638781548E-1,-8.625111580E-1,2.891777158E-1,1.325371777E0
7.101361476E0,9.917860031E-1,-8.464274406E-1,2.034692764E-1,1.319650952E0
7.106344810E0,9.974842072E-1,-7.996802330E-1,1.419053078E-1,1.286312689E0
7.111328820E0,9.739561081E-1,-7.318243980E-1,1.423141360E-1,1.226544236E0
7.116312778E0,9.092078209E-1,-6.190900803E-1,1.755435467E-1,1.113888202E0
7.121296737E0,8.367452621E-1,-4.807229042E-1,2.771614790E-1,1.004019736E0
7.126290591E0,7.445793152E-1,-3.096785545E-1,4.298998713E-1,9.138452074E-1
7.131275070E0,6.162314415E-1,-1.991300583E-1,5.804935098E-1,8.696934428E-1
7.136259549E0,4.564132690E-1,-5.827665329E-2,7.740442157E-1,9.004741464E-1
7.141243976E0,3.371534348E-1,8.669853210E-2,9.693313837E-1,1.029947768E0
7.146218091E0,2.083668709E-1,1.689400673E-1,1.156236887E0,1.186946182E0
7.151202049E0,7.945775986E-2,2.529201508E-1,1.320202351E0,1.346557234E0
7.156185955E0,-5.183935165E-2,3.506646156E-1,1.477591515E0,1.519516263E0
7.161169914E0,-1.806344986E-1,4.072155952E-1,1.632776737E0,1.692457750E0
7.166190591E0,-3.023872375E-1,4.367613792E-1,1.790548444E0,1.867689019E0
7.171176372E0,-3.710660934E-1,4.302949905E-1,1.890933990E0,1.974455667E0
7.176162205E0,-4.538798332E-1,4.331135750E-1,1.957732320E0,2.055799141E0
7.181147987E0,-5.101943016E-1,3.877906799E-1,1.974323869E0,2.075725072E0
7.186113247E0,-5.352931023E-1,3.278446198E-1,1.924201727E0,2.023999280E0
7.191097987E0,-5.604391098E-1,3.344764709E-1,1.857815742E0,1.969123114E0
7.196082778E0,-5.856246948E-1,2.952442169E-1,1.734908819E0,1.854732876E0
7.201067570E0,-5.870819092E-1,2.770514488E-1,1.598994493E0,1.725747972E0
7.206053664E0,-6.056380272E-1,2.654252052E-1,1.429125428E0,1.574689636E0
7.211038508E0,-6.483979225E-1,1.982455254E-1,1.266301632E0,1.436398614E0
7.216023299E0,-7.201590538E-1,1.544632912E-1,1.117951870E0,1.338769717E0
7.221008143E0,-7.682881355E-1,1.268773079E-1,9.771084785E-1,1.249442071E0
7.225993976E0,-8.430418968E-1,1.226787567E-1,8.443611264E-1,1.199464643E0
7.230978820E0,-8.535494804E-1,9.161710739E-2,7.702161074E-1,1.153331376E0
7.235963716E0,-8.811950684E-1,6.003093719E-2,6.351873875E-1,1.087920714E0
7.240948612E0,-9.260034561E-1,7.812929153E-2,5.450091362E-1,1.077321468E0
7.245942153E0,-9.186630249E-1,3.337335587E-2,4.803060889E-1,1.037183433E0
7.250927466E0,-9.237499237E-1,-3.823137283E-2,3.886261582E-1,1.002898724E0
7.255912778E0,-9.175209999E-1,-1.392397881E-1,3.155013323E-1,9.801905909E-1
7.260898091E0,-9.527158737E-1,-2.147526741E-1,2.705746293E-1,1.013408544E0
7.265872101E0,-1.019579887E0,-3.101038933E-1,2.921932936E-1,1.105026919E0
7.270856841E0,-1.072790146E0,-4.087343216E-1,3.274895549E-1,1.193813994E0
7.275841633E0,-1.174437523E0,-5.057954788E-1,3.333074450E-1,1.321448605E0
7.280826320E0,-1.321822643E0,-6.225957870E-1,4.290050864E-1,1.522788882E0
7.285798039E0,-1.430959702E0,-7.732572556E-1,5.089086890E-1,1.704277121E0
7.290782153E0,-1.566453457E0,-9.601602554E-1,5.680403113E-1,1.923110487E0
7.295766216E0,-1.675405979E0,-1.101714134E0,6.467605829E-1,2.106907326E0
7.300750278E0,-1.788740635E0,-1.221710682E0,7.637794614E-1,2.296852001E0
7.305850278E0,-1.921669960E0,-1.316384792E0,8.330549002E-1,2.473795631E0
7.310864185E0,-2.041377544E0,-1.386271954E0,9.089468122E-1,2.629668518E0
7.315855174E0,-2.141069889E0,-1.467658997E0,9.795508385E-1,2.774477076E0
7.320846164E0,-2.259216309E0,-1.565505028E0,1.021016002E0,2.932121757E0
7.325751164E0,-2.332942009E0,-1.731597900E0,1.030636311E0,3.082735946E0
7.330684341E0,-2.413198948E0,-1.870944023E0,1.006535530E0,3.215132108E0
7.335668455E0,-2.502650261E0,-1.998248577E0,9.894291759E-1,3.351898835E0
7.340652518E0,-2.596031189E0,-2.048387527E0,1.007896185E0,3.457039791E0
7.345627674E0,-2.707592487E0,-2.047648907E0,9.946677089E-1,3.537412469E0
7.350611320E0,-2.810969830E0,-2.058192253E0,1.045455813E0,3.637400802E0
7.355594966E0,-2.946719646E0,-2.022464752E0,1.109867096E0,3.742368945E0
7.360578612E0,-3.014265537E0,-2.004934311E0,1.185343027E0,3.809277676E0
7.365564445E0,-3.114194870E0,-1.933897495E0,1.271929979E0,3.880202969E0
7.370548195E0,-3.196258068E0,-1.907437325E0,1.340920448E0,3.956317787E0
7.375531945E0,-3.291567802E0,-1.903951645E0,1.351722240E0,4.035666423E0
7.380515695E0,-3.352218628E0,-1.930460930E0,1.342787623E0,4.094768337E0
7.385497726E0,-3.392678261E0,-1.967860699E0,1.287961602E0,4.128145661E0
7.390481372E0,-3.408253193E0,-2.037716866E0,1.196848392E0,4.147399899E0
7.395465070E0,-3.420493126E0,-2.173439026E0,1.016896605E0,4.178239956E0
7.400448716E0,-3.417358398E0,-2.326967239E0,8.368249536E-1,4.218221303E0
7.405431320E0,-3.396525860E0,-2.493514061E0,6.903572083E-1,4.269729894E0
7.410414862E0,-3.396315098E0,-2.680265903E0,5.368154645E-1,4.359696366E0
7.415398508E0,-3.416686535E0,-2.908647537E0,3.598181009E-1,4.501493801E0
7.420382101E0,-3.428922653E0,-3.118800640E0,2.144739628E-1,4.640089124E0
7.425382414E0,-3.461824894E0,-3.349100590E0,3.167319298E-2,4.816815291E0
7.430366841E0,-3.484096527E0,-3.513145447E0,-1.237947941E-1,4.949388315E0
7.435351268E0,-3.514901638E0,-3.656461716E0,-2.112720311E-1,5.076305908E0
7.440335747E0,-3.565972805E0,-3.793113708E0,-2.883192599E-1,5.214115615E0
7.445316997E0,-3.589345932E0,-3.942048550E0,-3.045702279E-1,5.340029402E0
7.450301268E0,-3.625666142E0,-4.079273224E0,-3.223419785E-1,5.467159167E0
7.455285591E0,-3.684451103E0,-4.247794151E0,-3.201931715E-1,5.632180639E0
7.460269862E0,-3.741635799E0,-4.363702774E0,-3.269260526E-1,5.757483912E0
7.465259185E0,-3.782771111E0,-4.455601692E0,-2.970190644E-1,5.852346883E0
7.470243768E0,-3.812437534E0,-4.539957047E0,-2.881140709E-1,5.935393808E0
7.475228299E0,-3.806804657E0,-4.667079926E0,-2.521840036E-1,6.028017377E0
7.480212830E0,-3.777808189E0,-4.769890785E0,-2.300223708E-1,6.089056011E0
7.485190018E0,-3.687195301E0,-4.872304440E0,-1.545410901E-1,6.112171683E0
7.490174185E0,-3.563747883E0,-5.012629986E0,-1.073207855E-1,6.151282476E0
7.495158351E0,-3.460139275E0,-5.138278484E0,-3.335210681E-2,6.194802817E0
7.500142518E0,-3.383715630E0,-5.237631798E0,8.382299542E-2,6.236132183E0
7.505121789E0,-3.344122410E0,-5.275050640E0,1.555190682E-1,6.247679580E0
7.510105695E0,-3.293428898E0,-5.272095680E0,2.508213520E-1,6.221300356E0
7.515089653E0,-3.312999249E0,-5.233709335E0,3.384064138E-1,6.203401996E0
7.520073612E0,-3.345403671E0,-5.162432194E0,4.921903610E-1,6.171278897E0
7.525070747E0,-3.397627831E0,-5.113104820E0,5.685465336E-1,6.165302988E0
7.530055278E0,-3.407509804E0,-5.107300758E0,6.537340879E-1,6.174383561E0
7.535039914E0,-3.439429760E0,-5.087289333E0,7.026302814E-1,6.180928664E0
7.540024497E0,-3.474275589E0,-5.053194523E0,7.417256832E-1,6.177015683E0
7.545011476E0,-3.530879021E0,-4.980796814E0,7.757228613E-1,6.154444696E0
7.549996216E0,-3.630659103E0,-4.786422253E0,8.691678643E-1,6.070171026E0
7.554980851E0,-3.723299503E0,-4.470247269E0,1.009843588E0,5.904731485E0
7.559965591E0,-3.885102987E0,-4.017861843E0,1.259998560E0,5.729296238E0
7.564951008E0,-4.036938667E0,-3.505872726E0,1.559864283E0,5.569667311E0
7.569935747E0,-4.145247459E0,-2.951074600E0,1.916531801E0,5.437371786E0
7.574920487E0,-4.116746902E0,-2.432450771E0,2.260240316E0,5.288960966E0
7.579905226E0,-4.068905830E0,-1.864132881E0,2.638998270E0,5.195699946E0
7.584895695E0,-3.939792395E0,-1.349364281E0,2.983440161E0,5.122856944E0
7.589880747E0,-3.806363344E0,-9.124794006E-1,3.245738029E0,5.084863412E0
7.594865695E0,-3.609044313E0,-6.015119553E-1,3.449976444E0,5.028852250E0
7.599850747E0,-3.364868402E0,-4.190096855E-1,3.584265947E0,4.934052175E0
7.604837830E0,-3.002182007E0,-3.720798492E-1,3.674669504E0,4.759699169E0
7.609822987E0,-2.564612389E0,-4.634866714E-1,3.570348024E0,4.420344061E0
7.614808091E0,-2.107741833E0,-5.597209930E-1,3.452885389E0,4.083905084E0
7.619793247E0,-1.639407635E0,-6.758093834E-1,3.272026300E0,3.721630265E0
7.624767987E0,-1.234196186E0,-7.906517982E-1,3.053915024E0,3.387442614E0
7.629752622E0,-9.138650894E-1,-8.638901711E-1,2.803012133E0,3.072186948E0
7.634737205E0,-6.907629967E-1,-8.984255791E-1,2.497621298E0,2.742705632E0
7.639721841E0,-5.459737778E-1,-8.921790123E-1,2.147401571E0,2.388598808E0
7.644705695E0,-4.818463326E-1,-8.786544800E-1,1.795571208E0,2.056279540E0
7.649690226E0,-4.982018471E-1,-8.242268562E-1,1.397126317E0,1.696913945E0
7.654674810E0,-5.207433701E-1,-7.885856628E-1,9.644587636E-1,1.350267274E0
7.659659393E0,-5.133919716E-1,-7.786273956E-1,4.977894425E-1,1.057178446E0
7.664647049E0,-5.095047951E-1,-7.988967896E-1,3.575554490E-2,9.482139398E-1
7.669631789E0,-4.898419380E-1,-8.539953232E-1,-4.310383201E-1,1.074731208E0
7.674616476E0,-4.805827141E-1,-9.054412842E-1,-8.402060270E-1,1.325416852E0
7.679601268E0,-4.360384941E-1,-9.027647972E-1,-1.251258254E0,1.603359307E0
7.684581997E0,-4.015007019E-1,-8.601841927E-1,-1.640118241E0,1.895021769E0
7.689566528E0,-3.575410843E-1,-8.037676811E-1,-2.001765251E0,2.186536584E0
7.694551060E0,-2.944822311E-1,-6.784143448E-1,-2.269197464E0,2.386676128E0
7.699535591E0,-1.859760284E-1,-5.486998558E-1,-2.444816828E0,2.512526206E0
7.704522570E0,-9.429693222E-2,-4.122495651E-1,-2.521068573E0,2.556291917E0
7.709507205E0,4.751110077E-2,-3.718910217E-1,-2.581543684E0,2.608625697E0
7.714491893E0,1.964216232E-1,-3.174338341E-1,-2.554464579E0,2.581595432E0
7.719476528E0,3.164076805E-1,-2.824931145E-1,-2.451924562E0,2.488342870E0
7.724453247E0,4.528017044E-1,-2.910618782E-1,-2.245348454E0,2.308968618E0
7.729437518E0,5.673136711E-1,-2.594037056E-1,-1.923202395E0,2.021841373E0
7.734421789E0,6.693682671E-1,-2.283444405E-1,-1.478442669E0,1.638898345E0
7.739406008E0,7.899999619E-1,-1.859798431E-1,-1.064534545E0,1.338626998E0
7.744403143E0,8.718967438E-1,-1.202859879E-1,-5.908036828E-1,1.060057377E0
7.749387987E0,9.219741821E-1,-4.111003876E-2,-7.226654887E-2,9.257153352E-1
7.754372935E0,9.356350899E-1,5.403280258E-2,3.710095286E-1,1.007958648E0
7.759357830E0,9.726696014E-1,1.603126526E-1,7.866453528E-1,1.261188809E0
7.764336216E0,9.899764061E-1,2.920327187E-1,1.169412494E0,1.559763435E0
7.769320747E0,9.734349251E-1,4.540786743E-1,1.540246725E0,1.877797372E0
7.774305330E0,9.851970673E-1,6.487493515E-1,1.834267497E0,2.180831546E0
7.779289862E0,1.030159950E0,8.091535568E-1,1.996349216E0,2.387754006E0
7.784281216E0,1.067590714E0,9.663662910E-1,2.078836679E0,2.528868458E0
7.789266112E0,1.106835842E0,1.079572201E0,2.127309084E0,2.629829967E0
7.794251008E0,1.138326168E0,1.187076569E0,2.089167118E0,2.658863760E0
7.799235955E0,1.159603596E0,1.296021461E0,2.051033020E0,2.689068347E0
7.804218508E0,1.160947323E0,1.449331284E0,1.955698252E0,2.696871430E0
7.809203299E0,1.192699909E0,1.577684402E0,1.800991416E0,2.674918920E0
7.814188091E0,1.214167118E0,1.693082333E0,1.596943259E0,2.625063304E0
7.819172883E0,1.222691536E0,1.781028271E0,1.370334148E0,2.558290830E0
7.824152518E0,1.218365192E0,1.896636486E0,1.128742218E0,2.521051903E0
7.829137049E0,1.210716248E0,1.996821880E0,9.107351899E-1,2.506505544E0
7.834121580E0,1.237961292E0,2.074440002E0,6.999103427E-1,2.515099197E0
7.839106112E0,1.218693256E0,2.131906986E0,4.894244671E-1,2.503952268E0
7.844100487E0,1.248641968E0,2.157355785E0,2.604902387E-1,2.506221441E0
7.849085487E0,1.246311665E0,2.167515278E0,6.837135553E-2,2.501217681E0
7.854070487E0,1.257241726E0,2.191174984E0,-1.107984781E-1,2.528671760E0
7.859055539E0,1.286113739E0,2.211541176E0,-2.268443108E-1,2.568357698E0
7.864027830E0,1.330651283E0,2.211992741E0,-3.443736434E-1,2.604253814E0
7.869012258E0,1.378888130E0,2.202143669E0,-4.538005590E-1,2.637556476E0
7.873996633E0,1.411662579E0,2.177243710E0,-5.382349491E-1,2.650071370E0
7.878981008E0,1.412268639E0,2.132531166E0,-6.672430038E-1,2.643370029E0
7.883973716E0,1.462200642E0,2.115960598E0,-7.715331912E-1,2.685252955E0
7.888958508E0,1.530375957E0,2.089288712E0,-8.869955540E-1,2.737505983E0
7.893943351E0,1.578385353E0,2.061992168E0,-9.732317924E-1,2.773137600E0
7.898928091E0,1.678068161E0,2.022181034E0,-1.039777517E0,2.825998261E0
7.903913716E0,1.762449741E0,1.984244347E0,-1.177620530E0,2.903488390E0
7.908898560E0,1.810102463E0,1.967343330E0,-1.319876313E0,2.981439952E0
7.913883351E0,1.890378952E0,1.880566120E0,-1.456981421E0,3.038561563E0
7.918868247E0,1.955459595E0,1.812512398E0,-1.584135532E0,3.101372084E0
7.923850383E0,2.029385567E0,1.753667355E0,-1.682230949E0,3.166015783E0
7.928835070E0,2.090491772E0,1.718286514E0,-1.748913288E0,3.222012117E0
7.933819810E0,2.121956825E0,1.713476181E0,-1.829499245E0,3.284169435E0
7.938804497E0,2.152588844E0,1.734486103E0,-1.852106452E0,3.327518457E0
7.943787414E0,2.196751595E0,1.752598286E0,-1.914895177E0,3.400609042E0
7.948771997E0,2.261505604E0,1.731935024E0,-1.964921474E0,3.460480158E0
7.953756633E0,2.291898727E0,1.670186996E0,-2.014263153E0,3.478445117E0
7.958741216E0,2.321492195E0,1.610550880E0,-2.050483465E0,3.491086162E0
7.963731841E0,2.388339520E0,1.569643021E0,-2.087909460E0,3.539394127E0
7.968716737E0,2.449220657E0,1.556957245E0,-2.056994438E0,3.557249472E0
7.973701685E0,2.449085712E0,1.560459614E0,-2.020066500E0,3.537474197E0
7.978686580E0,2.438119888E0,1.532253742E0,-2.032053947E0,3.524411066E0
7.983681737E0,2.418711662E0,1.532202244E0,-2.001705408E0,3.493513183E0
7.988667153E0,2.345459938E0,1.457460403E0,-1.919536829E0,3.363033569E0
7.993652570E0,2.283178329E0,1.406285763E0,-1.847743988E0,3.256485955E0
7.998637987E0,2.200736046E0,1.340394974E0,-1.774209261E0,3.128532616E0
8.003615955E0,2.088807583E0,1.291005135E0,-1.701466680E0,2.987440416E0
8.008601008E0,2.005065441E0,1.174565792E0,-1.564916015E0,2.801580689E0
8.013586060E0,1.947376251E0,1.027173996E0,-1.396006703E0,2.606951361E0
8.018571060E0,1.891914368E0,8.728656769E-1,-1.225800753E0,2.417399832E0
8.023535851E0,1.807714462E0,7.428007126E-1,-1.011345267E0,2.200546233E0
8.028519862E0,1.730627537E0,5.771241188E-1,-7.551452518E-1,1.974433658E0
8.033503872E0,1.696859837E0,4.932689667E-1,-5.314068794E-1,1.845275278E0
8.038487935E0,1.718342781E0,4.122304916E-1,-2.684243917E-1,1.787368889E0
8.043489133E0,1.744735718E0,3.028612137E-1,1.454353333E-4,1.770826830E0
8.048473976E0,1.826306820E0,2.130317688E-1,1.641398668E-1,1.846001363E0
8.053458872E0,1.914916515E0,1.281929016E-1,3.503381014E-1,1.950916571E0
8.058443768E0,1.952830315E0,5.290889740E-2,5.803250074E-1,2.037921172E0
8.063427518E0,2.038333893E0,8.790969849E-3,7.200561762E-1,2.161796299E0
8.068412310E0,2.094496250E0,2.740859985E-3,8.366256952E-1,2.255407858E0
8.073397153E0,2.121290207E0,-4.905033112E-2,9.299255610E-1,2.316687209E0
8.078381997E0,2.130732536E0,-7.722091675E-2,1.018778563E0,2.363026443E0
8.083481997E0,2.141723633E0,-7.002162933E-2,1.093603492E0,2.405795450E0
8.088579862E0,2.139994144E0,-2.751445770E-2,1.170697451E0,2.439439383E0
8.093575591E0,2.147368908E0,-1.180076599E-2,1.218431950E0,2.468989449E0
8.098571372E0,2.115828514E0,-1.426696777E-3,1.253765225E0,2.459402280E0
8.103476372E0,2.083891392E0,-1.062870026E-1,1.300284505E0,2.458584970E0
8.108381372E0,2.080203533E0,-2.688903809E-1,1.274238825E0,2.454227650E0
8.113286372E0,2.128752708E0,-4.746990204E-1,1.214279532E0,2.496277636E0
8.118245955E0,2.174536705E0,-7.642297745E-1,1.197259426E0,2.597323076E0
8.123245122E0,2.231849194E0,-1.053699493E0,1.177888751E0,2.734749596E0
8.128228247E0,2.272174835E0,-1.316679001E0,1.180039048E0,2.879047452E0
8.133211372E0,2.293298244E0,-1.565017700E0,1.196766257E0,3.023366785E0
8.138194549E0,2.364905834E0,-1.822402000E0,1.261695504E0,3.241265833E0
8.143179914E0,2.456103802E0,-2.064703941E0,1.296033502E0,3.460513125E0
8.148163143E0,2.571712017E0,-2.327755928E0,1.345328927E0,3.720491941E0
8.153146372E0,2.735830307E0,-2.537257195E0,1.438194633E0,3.998855504E0
8.158129601E0,2.943518639E0,-2.700520515E0,1.524288058E0,4.275577986E0
8.163114497E0,3.172976971E0,-2.824937820E0,1.620374441E0,4.546830751E0
8.168097830E0,3.399892807E0,-2.829510689E0,1.697806358E0,4.737926579E0
8.173081164E0,3.568783760E0,-2.753026009E0,1.694233656E0,4.815163280E0
8.178064445E0,3.729655266E0,-2.559992313E0,1.688110113E0,4.828416386E0
8.183059080E0,3.822267532E0,-2.255695820E0,1.662552357E0,4.739406404E0
8.188042987E0,3.798625469E0,-1.902723312E0,1.612109780E0,4.544096104E0
8.193026893E0,3.704045296E0,-1.439194679E0,1.562835932E0,4.270092391E0
8.198010747E0,3.552637577E0,-1.016136169E0,1.574564457E0,4.016593046E0
8.203017414E0,3.408867836E0,-5.906162262E-1,1.541826725E0,3.787669085E0
8.208002466E0,3.203360081E0,-2.104892731E-1,1.517399073E0,3.550819833E0
8.212987518E0,3.002910137E0,9.542083740E-2,1.482257366E0,3.350173328E0
8.217972570E0,2.814706802E0,3.080782890E-1,1.386398554E0,3.152711145E0
8.222936737E0,2.636383057E0,3.893651962E-1,1.297138810E0,2.963897766E0
8.227920695E0,2.434255600E0,3.440732956E-1,1.162176251E0,2.719308809E0
8.232904705E0,2.230242252E0,2.323923111E-1,1.022370219E0,2.464391924E0
8.237888716E0,2.010227203E0,8.565950394E-2,9.426154494E-1,2.221907929E0
8.242879080E0,1.776959419E0,-1.054520607E-1,9.249982834E-1,2.006072466E0
8.247863455E0,1.569072723E0,-2.976231575E-1,9.811718464E-1,1.874371080E0
8.252847778E0,1.324597359E0,-4.787344933E-1,1.056076050E0,1.760409470E0
8.257832101E0,1.110853672E0,-6.509885788E-1,1.197260857E0,1.758185306E0
8.262813612E0,9.088473320E-1,-8.142790794E-1,1.395008445E0,1.853402939E0
8.267797778E0,7.018990517E-1,-9.805369377E-1,1.536784172E0,1.953412541E0
8.272781997E0,5.333046913E-1,-1.101746082E0,1.639354229E0,2.045908261E0
8.277766164E0,3.697533607E-1,-1.206492424E0,1.650091171E0,2.077292081E0
8.282750330E0,2.661533356E-1,-1.325967789E0,1.609661579E0,2.102388778E0
8.287734549E0,1.243519783E-1,-1.486503124E0,1.482204556E0,2.102875484E0
8.292718716E0,1.751422882E-3,-1.604371548E0,1.320623159E0,2.077993421E0
8.297702883E0,-1.565752029E-1,-1.646041393E0,1.077408433E0,1.973518937E0
8.302694549E0,-3.864531517E-1,-1.673761368E0,8.509283662E-1,1.917003453E0
8.307679080E0,-6.588339806E-1,-1.632278442E0,6.103892326E-1,1.863053983E0
8.312663612E0,-9.113621712E-1,-1.535857201E0,3.848772645E-1,1.826901436E0
8.317648195E0,-1.172443867E0,-1.365123749E0,2.295098305E-1,1.814073381E0
8.322629497E0,-1.463325977E0,-1.213167667E0,1.226524711E-1,1.904768315E0
8.327613872E0,-1.685925961E0,-1.020151615E0,7.383441925E-2,1.971929812E0
8.332598299E0,-1.954799652E0,-7.810254097E-1,3.278964758E-2,2.105306992E0
8.337582622E0,-2.212424278E0,-5.100927353E-1,9.034657478E-2,2.272262813E0
8.342574341E0,-2.468493938E0,-2.816452980E-1,2.292790413E-1,2.495066187E0
8.347559133E0,-2.672521591E0,-8.096504211E-2,3.778982162E-1,2.700321102E0
8.352543872E0,-2.843730927E0,8.718252182E-2,5.623142123E-1,2.900104075E0
8.357528664E0,-2.979830027E0,1.988725662E-1,7.344155908E-1,3.075435505E0
8.362516008E0,-3.088089228E0,2.924284935E-1,9.134815931E-1,3.233613787E0
8.367500903E0,-3.170953989E0,3.822011948E-1,1.137533545E0,3.390429106E0
8.372485799E0,-3.214405298E0,4.129099846E-1,1.294021606E0,3.489611439E0
8.377470643E0,-3.228006601E0,4.062328339E-1,1.438113332E0,3.557136726E0
8.382450539E0,-3.214282274E0,3.741345406E-1,1.515142202E0,3.573127914E0
8.387435174E0,-3.168681383E0,3.236207962E-1,1.580064297E0,3.555541493E0
8.392419810E0,-3.136773825E0,2.857394218E-1,1.604409575E0,3.534844711E0
8.397404497E0,-3.068468571E0,2.125325203E-1,1.576408386E0,3.456259950E0
8.402397310E0,-2.990264416E0,1.445412636E-1,1.474553347E0,3.337196582E0
8.407382362E0,-2.916637897E0,3.862714767E-2,1.330221653E0,3.205894310E0
8.412367414E0,-2.845234394E0,-4.784774780E-2,1.159959912E0,3.072971715E0
8.417352466E0,-2.821623802E0,-1.293649673E-1,1.004717469E0,2.997958200E0
8.422317518E0,-2.843239307E0,-1.938447952E-1,7.808076739E-1,2.954868218E0
8.427301528E0,-2.817008495E0,-2.247958183E-1,5.554986596E-1,2.880043191E0
8.432285591E0,-2.826608181E0,-2.317228317E-1,3.337354064E-1,2.855659048E0
8.437269653E0,-2.886308193E0,-2.337408066E-1,1.586129069E-1,2.900097896E0
8.442263039E0,-2.933727264E0,-2.354841232E-1,-3.693139553E-2,2.943394700E0
8.447247570E0,-2.956745625E0,-2.558736801E-1,-1.834692359E-1,2.973462122E0
8.452232101E0,-2.929105759E0,-3.116288185E-1,-3.240453601E-1,2.963406564E0
8.457216580E0,-2.929738045E0,-3.619585037E-1,-4.989812374E-1,2.993887313E0
8.462205591E0,-2.937216282E0,-4.165606499E-1,-6.052948236E-1,3.027729196E0
8.467190330E0,-2.874827862E0,-4.823794365E-1,-6.740232706E-1,2.991927894E0
8.472175070E0,-2.807434082E0,-5.524544716E-1,-7.338184118E-1,2.953875679E0
8.477159810E0,-2.756514549E0,-6.075825691E-1,-7.749769688E-1,2.927134835E0
8.482149185E0,-2.710207462E0,-6.694731712E-1,-7.690718174E-1,2.895667501E0
8.487134133E0,-2.680417538E0,-7.141771317E-1,-7.019438744E-1,2.861365470E0
8.492119133E0,-2.607432842E0,-8.064022064E-1,-6.263809204E-1,2.800239919E0
8.497104080E0,-2.565520287E0,-8.792862892E-1,-5.403867364E-1,2.765331182E0
8.502170851E0,-2.559795856E0,-9.524359703E-1,-4.249354303E-1,2.764101884E0
8.507159966E0,-2.539375305E0,-1.032440662E0,-2.884687185E-1,2.756369871E0
8.512149080E0,-2.562024593E0,-1.114955425E0,-1.600074172E-1,2.798695766E0
8.517138195E0,-2.627658367E0,-1.173678875E0,2.693080902E-2,2.877991637E0
8.522043195E0,-2.685607910E0,-1.224957466E0,2.071023583E-1,2.959037348E0
8.527002362E0,-2.772173882E0,-1.309910774E0,3.233683109E-1,3.083079845E0
8.531986060E0,-2.848862171E0,-1.404386997E0,4.398311973E-1,3.206519919E0
8.536969758E0,-2.941662788E0,-1.562982082E0,4.917793870E-1,3.367215454E0
8.541981789E0,-3.002743244E0,-1.749742508E0,5.797321796E-1,3.523372707E0
8.546966945E0,-3.082060814E0,-1.940346718E0,6.318981647E-1,3.696395479E0
8.551952049E0,-3.136573315E0,-2.125195503E0,6.965653896E-1,3.852239794E0
8.556937205E0,-3.221250534E0,-2.325706005E0,6.902970672E-1,4.032601327E0
8.561901424E0,-3.237773418E0,-2.517602921E0,6.518610716E-1,4.152881413E0
8.566885487E0,-3.272322655E0,-2.705612183E0,6.514111161E-1,4.295668665E0
8.571869601E0,-3.276990891E0,-2.884824276E0,6.559094191E-1,4.414872316E0
8.576853716E0,-3.292398930E0,-3.059911728E0,6.752465963E-1,4.545207197E0
8.581842466E0,-3.272925854E0,-3.192337513E0,6.909933686E-1,4.623908982E0
8.586826737E0,-3.194687366E0,-3.277318954E0,7.608609200E-1,4.639585783E0
8.591811112E0,-3.129648685E0,-3.379654408E0,8.036311865E-1,4.675744635E0
8.596795435E0,-3.022802353E0,-3.446719170E0,8.983707428E-1,4.671646079E0
8.601883508E0,-2.883858681E0,-3.461922169E0,1.028505802E0,4.621619865E0
8.606873091E0,-2.748903751E0,-3.485374451E0,1.126608849E0,4.579689334E0
8.611862674E0,-2.594153881E0,-3.464647770E0,1.218849182E0,4.496555555E0
8.616852258E0,-2.479552746E0,-3.466969490E0,1.295220733E0,4.454846351E0
8.621757258E0,-2.429036140E0,-3.444639206E0,1.362216949E0,4.429603915E0
8.626701112E0,-2.401951790E0,-3.342808247E0,1.421972275E0,4.354967798E0
8.631684549E0,-2.383889198E0,-3.264396191E0,1.476424217E0,4.303375265E0
8.636667987E0,-2.379562855E0,-3.156719208E0,1.551559091E0,4.246708272E0
8.641649549E0,-2.376930714E0,-3.101054192E0,1.661378384E0,4.245764342E0
8.646632883E0,-2.342347145E0,-3.123432636E0,1.703071833E0,4.259445416E0
8.651616216E0,-2.242353439E0,-3.209382057E0,1.683964014E0,4.261926435E0
8.656599549E0,-2.072247028E0,-3.387522221E0,1.599311233E0,4.281040873E0
8.661602258E0,-1.875223637E0,-3.586075783E0,1.473248482E0,4.306607052E0
8.666586528E0,-1.694573402E0,-3.750292301E0,1.339093089E0,4.327752495E0
8.671570799E0,-1.537479877E0,-3.870692253E0,1.125031948E0,4.314139517E0
8.676555174E0,-1.423033237E0,-4.021449566E0,9.651183486E-1,4.373617911E0
8.681538247E0,-1.387176514E0,-4.054419518E0,7.828739285E-1,4.356084009E0
8.686522466E0,-1.379546642E0,-4.039045334E0,6.116751432E-1,4.311749370E0
8.691506737E0,-1.356990337E0,-3.951387882E0,4.468388855E-1,4.201732257E0
8.696490955E0,-1.400749207E0,-3.796235085E0,3.122500181E-1,4.058447884E0
8.701477362E0,-1.407932758E0,-3.583269596E0,1.957852542E-1,3.854922505E0
8.706461789E0,-1.433556557E0,-3.338831425E0,7.607761025E-2,3.634373053E0
8.711446060E0,-1.415516376E0,-3.139595032E0,-6.368312240E-2,3.444531770E0
8.716430435E0,-1.377767563E0,-2.975924969E0,-2.137049288E-1,3.286341838E0
8.721409966E0,-1.358735561E0,-2.852726460E0,-3.787615001E-1,3.182400172E0
8.726394080E0,-1.320131779E0,-2.757985115E0,-5.849763155E-1,3.113105700E0
8.731378143E0,-1.281173229E0,-2.694135189E0,-7.988341451E-1,3.088349924E0
8.736362258E0,-1.268246651E0,-2.620584488E0,-1.015522361E0,3.083374497E0
8.741360643E0,-1.278892994E0,-2.544490814E0,-1.132348895E0,3.064672056E0
8.746345487E0,-1.327443600E0,-2.453907013E0,-1.175438643E0,3.027444820E0
8.751330278E0,-1.401814938E0,-2.353539944E0,-1.211635590E0,2.995379139E0
8.756315122E0,-1.482913494E0,-2.260216236E0,-1.142800212E0,2.934893897E0
8.761296633E0,-1.596876621E0,-2.113970757E0,-9.521272182E-1,2.815214653E0
8.766281268E0,-1.726915836E0,-1.943556309E0,-7.855133414E-1,2.716004536E0
8.771265903E0,-1.860965729E0,-1.770441532E0,-5.377382040E-1,2.624274955E0
8.776250591E0,-1.958350182E0,-1.647220612E0,-2.997227609E-1,2.576490813E0
8.781241060E0,-2.054684639E0,-1.492238045E0,-4.294344783E-2,2.539753430E0
8.786226008E0,-2.140418530E0,-1.346231937E0,2.251920700E-1,2.538590825E0
8.791210955E0,-2.194022655E0,-1.202023983E0,4.614244103E-1,2.543916185E0
8.796195903E0,-2.244269371E0,-1.004686356E0,6.751550436E-1,2.549896864E0
8.801295903E0,-2.285717964E0,-8.134279251E-1,8.924533129E-1,2.585081143E0
8.806302362E0,-2.285905361E0,-5.909967422E-1,1.025357723E0,2.574101577E0
8.811293820E0,-2.261105537E0,-4.086694717E-1,1.169514775E0,2.578250143E0
8.816285226E0,-2.173118114E0,-2.879853249E-1,1.229034305E0,2.513146078E0
8.821190226E0,-2.084804535E0,-1.744818687E-1,1.273545504E0,2.449239070E0
8.826101320E0,-1.959831715E0,-1.083626747E-1,1.288637161E0,2.348035041E0
8.831084601E0,-1.805127621E0,-7.975244522E-2,1.295741081E0,2.223463768E0
8.836067987E0,-1.650006771E0,-9.156417847E-2,1.275994062E0,2.087837923E0
8.841052726E0,-1.461018085E0,-1.557359695E-1,1.160164356E0,1.872113477E0
8.846036112E0,-1.267045498E0,-2.006130219E-1,1.070365667E0,1.670728147E0
8.851019549E0,-1.084980011E0,-2.502684593E-1,1.013852596E0,1.505892763E0
8.856002935E0,-9.460592270E-1,-2.785401344E-1,9.046143293E-1,1.338259972E0
8.860979289E0,-7.498869896E-1,-2.998771667E-1,7.977808714E-1,1.135214134E0
8.865962362E0,-5.658302307E-1,-3.142395020E-1,6.933594942E-1,9.485028744E-1
8.870945435E0,-3.796987534E-1,-3.815541267E-1,5.723966956E-1,7.857433882E-1
8.875928455E0,-2.037234306E-1,-4.039487839E-1,4.349351525E-1,6.275718629E-1
8.880924185E0,-1.162624359E-2,-4.508490562E-1,2.976825237E-1,5.403840542E-1
8.885907883E0,1.244850159E-1,-4.938149452E-1,1.679192185E-1,5.362337021E-1
8.890891528E0,2.095971107E-1,-5.590362549E-1,2.869004011E-2,5.977253563E-1
8.895875226E0,2.627544403E-1,-5.437760353E-1,-1.558507681E-1,6.237160687E-1
8.900975226E0,2.872362137E-1,-5.048179626E-1,-2.856142521E-1,6.472413142E-1
8.906075226E0,2.824597359E-1,-4.068288803E-1,-3.891368508E-1,6.298577053E-1
8.911175226E0,3.010387421E-1,-2.737946510E-1,-5.117756128E-1,6.538364574E-1
8.916184497E0,3.401575089E-1,-1.706318855E-1,-5.984266996E-1,7.091804326E-1
8.921089497E0,3.209171295E-1,-5.898857117E-2,-6.490858793E-1,7.264846415E-1
8.925994497E0,3.205113411E-1,7.355022430E-2,-7.263931036E-1,7.973607065E-1
8.930899497E0,3.700985909E-1,1.792044640E-1,-8.184828162E-1,9.159701563E-1
8.935804497E0,4.170656204E-1,2.484550476E-1,-8.874120116E-1,1.011520499E0
8.940747674E0,4.783372879E-1,3.699202538E-1,-9.719026685E-1,1.144658181E0
8.945729185E0,5.393280983E-1,5.003132820E-1,-1.052777648E0,1.284339890E0
8.950710747E0,5.902814865E-1,5.677185059E-1,-1.173174143E0,1.430759975E0
8.955692258E0,6.096863747E-1,6.654710770E-1,-1.266060948E0,1.554824606E0
8.960685799E0,6.117339134E-1,7.814207077E-1,-1.355388045E0,1.679855189E0
8.965667883E0,6.177368164E-1,9.058122635E-1,-1.426700115E0,1.799324276E0
8.970650070E0,5.871567726E-1,9.693813324E-1,-1.494391680E0,1.875542518E0
8.975632205E0,5.583825111E-1,1.008172035E0,-1.531882048E0,1.916993607E0
8.980617674E0,4.451985359E-1,1.101044655E0,-1.519937992E0,1.928914868E0
8.985600018E0,3.480958939E-1,1.183363438E0,-1.472765803E0,1.921082739E0
8.990582310E0,2.286548615E-1,1.245514870E0,-1.449883699E0,1.925033267E0
8.995564653E0,8.460474014E-2,1.340231419E0,-1.412840843E0,1.949229967E0
9.000664653E0,-5.954265594E-2,1.396118641E0,-1.357260108E0,1.948036855E0
9.005764653E0,-1.467456818E-1,1.420277119E0,-1.344380975E0,1.961142931E0
9.010864653E0,-2.511992455E-1,1.412820339E0,-1.354636073E0,1.973373067E0
9.015878508E0,-3.037557602E-1,1.380855083E0,-1.378150582E0,1.974418231E0
9.020876372E0,-3.663263321E-1,1.310292244E0,-1.395982504E0,1.949314725E0
9.025781372E0,-4.009103775E-1,1.279978275E0,-1.414841175E0,1.949576638E0
9.030686372E0,-4.192056656E-1,1.280476093E0,-1.463768959E0,1.989465250E0
9.035591372E0,-4.618659019E-1,1.235262871E0,-1.499630809E0,1.997019538E0
9.040496372E0,-5.167045593E-1,1.216320992E0,-1.522272825E0,2.015870757E0
9.045424080E0,-5.478181839E-1,1.192506790E0,-1.596568823E0,2.066690401E0
9.050405487E0,-5.477232933E-1,1.111413479E0,-1.639126420E0,2.054744789E0
9.055386893E0,-5.883417130E-1,1.085453510E0,-1.707049727E0,2.106744898E0
9.060368299E0,-6.314949989E-1,1.021242142E0,-1.747534871E0,2.120282899E0
9.065362830E0,-6.648383141E-1,9.788775444E-1,-1.830057144E0,2.179293551E0
9.070344862E0,-6.979560852E-1,9.966497421E-1,-1.880116701E0,2.239484810E0
9.075326945E0,-7.282996178E-1,9.765381813E-1,-1.890721083E0,2.249193937E0
9.080309028E0,-7.342209816E-1,9.665417671E-1,-1.921533585E0,2.272790081E0
9.085303716E0,-7.133989334E-1,9.236292839E-1,-1.910097837E0,2.238415252E0
9.090286424E0,-6.775870323E-1,8.670969009E-1,-1.871047974E0,2.170668501E0
9.095269185E0,-6.651544571E-1,8.017425537E-1,-1.842344284E0,2.116472073E0
9.100251893E0,-6.282958984E-1,7.394824028E-1,-1.828835964E0,2.070321459E0
9.105238872E0,-5.404748917E-1,7.354855537E-1,-1.775549531E0,1.996403828E0
9.110221789E0,-4.544801712E-1,7.393627167E-1,-1.675429821E0,1.886868977E0
9.115204758E0,-3.560991287E-1,7.342476845E-1,-1.571658611E0,1.770885948E0
9.120187622E0,-2.788271904E-1,7.368359566E-1,-1.433405519E0,1.635641528E0
9.125187205E0,-1.747202873E-1,6.945486069E-1,-1.299086690E0,1.483425487E0
9.130171008E0,-7.019329071E-2,6.551880836E-1,-1.228562355E0,1.394117636E0
9.135154758E0,2.983903885E-2,6.377396584E-1,-1.121555567E0,1.290538310E0
9.140138560E0,1.061797142E-1,6.086421013E-1,-1.013994455E0,1.187393825E0
9.145112778E0,2.066330910E-1,5.965461731E-1,-9.059848785E-1,1.104252313E0
9.150096060E0,3.048744202E-1,6.014308929E-1,-8.262348175E-1,1.066457456E0
9.155079341E0,3.985118866E-1,6.614928246E-1,-6.912110448E-1,1.036415548E0
9.160062674E0,4.923019409E-1,7.455291748E-1,-6.063175797E-1,1.079720315E0
9.165063664E0,5.933327675E-1,7.817244530E-1,-5.283920169E-1,1.114600833E0
9.170047830E0,6.847639084E-1,7.819943428E-1,-4.887155294E-1,1.148590280E0
9.175032049E0,7.618174553E-1,7.559356689E-1,-4.442433119E-1,1.161532045E0
9.180016216E0,8.890728951E-1,6.964268684E-1,-4.283455610E-1,1.207866266E0
9.184993299E0,1.006748676E0,6.633582115E-1,-4.216932058E-1,1.277267464E0
9.189977101E0,1.162664413E0,5.945625305E-1,-4.096629620E-1,1.368618604E0
9.194960955E0,1.342339516E0,5.282697678E-1,-4.162685871E-1,1.501407293E0
9.199944758E0,1.497924328E0,4.381933212E-1,-4.652851820E-1,1.628582506E0
9.204925018E0,1.653290749E0,3.506131172E-1,-4.610635042E-1,1.751821741E0
9.209908664E0,1.808535099E0,2.990965843E-1,-4.895548224E-1,1.897346014E0
9.214892310E0,1.944533825E0,2.166557312E-1,-5.387043357E-1,2.029372776E0
9.219875903E0,2.099834442E0,2.015028000E-1,-5.584203601E-1,2.182141462E0
9.224879028E0,2.305527687E0,1.364374161E-1,-5.748105645E-1,2.380016863E0
9.229863664E0,2.530217171E0,1.241836548E-1,-6.285330653E-1,2.610071709E0
9.234848299E0,2.792988777E0,1.096458435E-1,-6.383423209E-1,2.867104714E0
9.239832883E0,3.026709080E0,1.118688583E-1,-6.473441124E-1,3.097182089E0
9.244818299E0,3.293426037E0,8.291530609E-2,-6.507257223E-1,3.358120601E0
9.249802935E0,3.518756866E0,1.015863419E-1,-6.414511204E-1,3.578187979E0
9.254787570E0,3.726254940E0,1.484069824E-1,-6.389282942E-1,3.783547261E0
9.259772205E0,3.932601452E0,2.376613617E-1,-6.550470591E-1,3.993860758E0
9.264750435E0,4.039689064E0,3.142194748E-1,-6.757287979E-1,4.107849927E0
9.269734810E0,4.140656948E0,4.114265442E-1,-6.436638832E-1,4.210536184E0
9.274719133E0,4.233025074E0,5.244145393E-1,-6.929439306E-1,4.321305726E0
9.279703455E0,4.319118023E0,5.981163979E-1,-6.681108475E-1,4.411223847E0
9.284691112E0,4.370181561E0,6.899399757E-1,-6.075589657E-1,4.465829367E0
9.289675591E0,4.407599449E0,7.782402039E-1,-5.759450197E-1,4.512682504E0
9.294660122E0,4.347581387E0,8.509907722E-1,-5.040198565E-1,4.458664063E0
9.299644601E0,4.324159622E0,9.082002640E-1,-3.728670478E-1,4.434209512E0
9.304627622E0,4.291927338E0,8.853960037E-1,-2.398155332E-1,4.388858376E0
9.309612049E0,4.250733852E0,7.897911072E-1,-1.477346420E-1,4.326006681E0
9.314596476E0,4.239029408E0,5.952773094E-1,-2.963173389E-2,4.280724639E0
9.319580851E0,4.206845760E0,3.117227554E-1,1.049951315E-1,4.219685569E0
9.324566945E0,4.161276817E0,3.007984161E-2,1.989681721E-1,4.166139446E0
9.329551424E0,4.171732903E0,-2.424306870E-1,2.692626715E-1,4.187437216E0
9.334535903E0,4.121297836E0,-4.841251373E-1,3.995293379E-1,4.168824378E0
9.339520487E0,4.034112453E0,-6.543073654E-1,5.346863270E-1,4.121658754E0
9.344501893E0,3.972561359E0,-7.936306000E-1,6.866145134E-1,4.108835939E0
9.349486216E0,3.886788368E0,-8.947343826E-1,8.696888685E-1,4.082160232E0
9.354470591E0,3.853618145E0,-9.718437195E-1,1.014616966E0,4.101743606E0
9.359454914E0,3.830058575E0,-1.046438217E0,1.128662705E0,4.127742861E0
9.364451164E0,3.842564106E0,-1.075374603E0,1.250250697E0,4.181489717E0
9.369436112E0,3.874340534E0,-1.094593048E0,1.343430519E0,4.244225969E0
9.374421008E0,3.946802616E0,-1.041960716E0,1.427569628E0,4.324452343E0
9.379405955E0,4.023961544E0,-9.104413986E-1,1.502632141E0,4.390794165E0
9.384377205E0,4.110367775E0,-7.289819717E-1,1.518238783E0,4.442025097E0
9.389361476E0,4.201118946E0,-3.996906281E-1,1.598628998E0,4.512733946E0
9.394345695E0,4.276905537E0,-3.767585754E-2,1.702699661E0,4.603534140E0
9.399329966E0,4.306208134E0,3.686618805E-1,1.803629398E0,4.683206068E0
9.404325539E0,4.307950020E0,8.071088791E-1,1.936830997E0,4.791781759E0
9.409310383E0,4.293891907E0,1.255932331E0,2.061246634E0,4.925810736E0
9.414295174E0,4.287496567E0,1.683723927E0,2.183702469E0,5.097657260E0
9.419280018E0,4.228753567E0,2.040131092E0,2.270458937E0,5.215311629E0
9.424267830E0,4.227327824E0,2.260409832E0,2.335605621E0,5.332429723E0
9.429252778E0,4.280531406E0,2.401954174E0,2.407719135E0,5.467123961E0
9.434237778E0,4.285177231E0,2.357046127E0,2.467538357E0,5.477878776E0
9.439222726E0,4.317640781E0,2.223784924E0,2.507739782E0,5.465894265E0
9.444197830E0,4.274950027E0,1.992590904E0,2.473244429E0,5.325650594E0
9.449182310E0,4.166665077E0,1.730418682E0,2.486025333E0,5.151288056E0
9.454166841E0,3.971350193E0,1.468358994E0,2.491307974E0,4.912668919E0
9.459151268E0,3.720480442E0,1.247175217E0,2.462899685E0,4.632849620E0
9.464141685E0,3.428887367E0,1.062259674E0,2.475306273E0,4.360367569E0
9.469126476E0,3.171192646E0,8.684010506E-1,2.402244091E0,4.072021593E0
9.474111216E0,2.935757160E0,6.586713791E-1,2.313732147E0,3.795507152E0
9.479096008E0,2.782616138E0,4.213123322E-1,2.181507111E0,3.560818716E0
9.484082205E0,2.649733543E0,1.302156448E-1,2.006044388E0,3.325997302E0
9.489067049E0,2.544238567E0,-1.403741837E-1,1.802569032E0,3.121235318E0
9.494051893E0,2.432620525E0,-3.809022903E-1,1.578686953E0,2.924890027E0
9.499036737E0,2.315049648E0,-5.505981445E-1,1.373315215E0,2.747472997E0
9.504016476E0,2.167747974E0,-7.068014145E-1,1.141584039E0,2.549885024E0
9.509001060E0,2.009960175E0,-8.015956879E-1,8.745462894E-1,2.333950891E0
9.513985643E0,1.839655876E0,-8.348064423E-1,6.513106823E-1,2.122602446E0
9.518970174E0,1.709685802E0,-8.590064049E-1,4.882808924E-1,1.974673587E0
9.523953143E0,1.582028389E0,-7.902708054E-1,3.498046398E-1,1.802693833E0
9.528937726E0,1.458881378E0,-7.030348778E-1,2.092800140E-1,1.632908766E0
9.533922153E0,1.345251083E0,-6.426205635E-1,1.813035011E-1,1.501843076E0
9.538906685E0,1.217269897E0,-5.588264465E-1,1.647510529E-1,1.349509507E0
9.543898924E0,1.086833477E0,-4.876623154E-1,1.617488861E-1,1.202158160E0
9.548883820E0,9.733581543E-1,-4.170484543E-1,2.193800211E-1,1.081426421E0
9.553868716E0,8.408012390E-1,-3.447961807E-1,3.012046814E-1,9.573689936E-1
9.558853612E0,6.869068146E-1,-2.661104202E-1,4.258626699E-1,8.508905578E-1
9.563836060E0,5.355539322E-1,-2.169885635E-1,5.713464022E-1,8.126123075E-1
9.568820851E0,3.485031128E-1,-1.472196579E-1,7.420648336E-1,8.329395324E-1
9.573805591E0,9.718799591E-2,-8.074426651E-2,9.351478815E-1,9.436454331E-1
9.578790383E0,-1.368632317E-1,4.031658173E-3,1.126308441E0,1.134600592E0
9.583767830E0,-3.607478142E-1,8.323907852E-2,1.327398300E0,1.378061674E0
9.588752258E0,-5.434312820E-1,1.161632538E-1,1.504708767E0,1.604044866E0
9.593736633E0,-7.469172478E-1,1.341252327E-1,1.672515631E0,1.836622849E0
9.598721008E0,-9.328041077E-1,1.252899170E-1,1.794946194E0,2.026734542E0
9.603703455E0,-1.089181900E0,7.293844223E-2,1.819512010E0,2.121853242E0
9.608687778E0,-1.218375683E0,-6.037235260E-3,1.830055475E0,2.198540151E0
9.613672101E0,-1.332230091E0,-9.231996536E-2,1.793199301E0,2.235827302E0
9.618656372E0,-1.414004803E0,-1.786580086E-1,1.663852811E0,2.190829624E0
9.623652414E0,-1.451978683E0,-2.508368492E-1,1.540505171E0,2.131740463E0
9.628637310E0,-1.517694473E0,-2.917594910E-1,1.438259125E0,2.111186734E0
9.633622153E0,-1.508382797E0,-3.636455536E-1,1.158994317E0,1.936678749E0
9.638607049E0,-1.529445648E0,-4.569659233E-1,9.133827686E-1,1.839100304E0
9.643589549E0,-1.511571884E0,-5.310802460E-1,6.584755182E-1,1.732191039E0
9.648574289E0,-1.476428509E0,-5.860729218E-1,4.661980867E-1,1.655494871E0
9.653559080E0,-1.438435555E0,-6.984872818E-1,2.362736464E-1,1.616417818E0
9.658543872E0,-1.361875057E0,-7.942090034E-1,3.126883507E-2,1.576847917E0
9.663529862E0,-1.313874722E0,-8.948807716E-1,-1.510797739E-1,1.596841720E0
9.668514705E0,-1.289877415E0,-9.959993362E-1,-3.418672681E-1,1.665134124E0
9.673499549E0,-1.299447536E0,-1.068950176E0,-5.006329417E-1,1.755520356E0
9.678484341E0,-1.337875366E0,-1.152130604E0,-5.865483284E-1,1.860471544E0
9.683465070E0,-1.441021919E0,-1.219274521E0,-7.025237083E-1,2.014128618E0
9.688449705E0,-1.570463657E0,-1.279907703E0,-7.984119058E-1,2.177609102E0
9.693434289E0,-1.749986649E0,-1.302814484E0,-8.501223922E-1,2.341471104E0
9.698418924E0,-1.910007000E0,-1.338082314E0,-8.602347970E-1,2.485677961E0
9.703415122E0,-2.076732635E0,-1.376029491E0,-8.624798656E-1,2.636313168E0
9.708400278E0,-2.280833721E0,-1.464018345E0,-8.451645970E-1,2.838988442E0
9.713385539E0,-2.474430084E0,-1.578020096E0,-7.603918314E-1,3.031690519E0
9.718370695E0,-2.628706932E0,-1.660470486E0,-7.089216709E-1,3.189017451E0
9.723341945E0,-2.784214973E0,-1.766227722E0,-6.119999886E-1,3.353499273E0
9.728326528E0,-2.948204994E0,-1.849946976E0,-5.249009728E-1,3.519905898E0
9.733311008E0,-3.120422363E0,-1.918493271E0,-4.453164935E-1,3.689980885E0
9.738295487E0,-3.281754017E0,-1.979066372E0,-3.565553427E-1,3.848862799E0
9.743287466E0,-3.456092834E0,-2.000455379E0,-2.560343742E-1,4.001493847E0
9.748272310E0,-3.602579117E0,-2.070828438E0,-1.818561554E-1,4.159324269E0
9.753257205E0,-3.754620075E0,-2.170810223E0,-8.625543118E-2,4.337859948E0
9.758242101E0,-3.869168758E0,-2.266800880E0,-4.087972641E-2,4.484475919E0
9.763232101E0,-3.941410065E0,-2.351474285E0,-1.944828033E-2,4.589610315E0
9.768217205E0,-3.947370529E0,-2.419803619E0,-3.063678741E-4,4.630030642E0
9.773202362E0,-3.954142094E0,-2.495752811E0,-4.569900036E-2,4.676121276E0
9.778187518E0,-3.937840939E0,-2.619943142E0,-1.316331625E-1,4.731598104E0
9.783162049E0,-3.915225506E0,-2.756365776E0,-2.508745193E-1,4.794734724E0
9.788146633E0,-3.852864742E0,-2.876355648E0,-3.653028011E-1,4.821974147E0
9.793131216E0,-3.765202045E0,-2.953555584E0,-4.865310788E-1,4.810088307E0
9.798115799E0,-3.695380688E0,-3.043116570E0,-5.597200990E-1,4.819718194E0
9.803117310E0,-3.588550568E0,-3.128422260E0,-6.826900244E-1,4.809447649E0
9.808102778E0,-3.502222061E0,-3.199954033E0,-7.858896255E-1,4.808626382E0
9.813088195E0,-3.445984364E0,-3.236225128E0,-8.501242399E-1,4.803193993E0
9.818073664E0,-3.369674683E0,-3.335472584E0,-9.497426152E-1,4.835503682E0
9.823030487E0,-3.311552525E0,-3.442545891E0,-1.003378153E0,4.881011171E0
9.828014445E0,-3.278981686E0,-3.505127430E0,-1.020605326E0,4.907063728E0
9.832998508E0,-3.283899784E0,-3.592650890E0,-1.044641495E0,4.978193856E0
9.837982518E0,-3.340517521E0,-3.630804539E0,-1.010957241E0,5.036251925E0
9.842981372E0,-3.398661613E0,-3.672431469E0,-9.364389777E-1,5.090635679E0
9.847966164E0,-3.484436512E0,-3.688468456E0,-8.425641060E-1,5.143540768E0
9.852950903E0,-3.571510792E0,-3.662195683E0,-7.054439783E-1,5.163818138E0
9.857935643E0,-3.662205219E0,-3.677185535E0,-5.393173099E-1,5.217691414E0
9.862917310E0,-3.737338543E0,-3.702164650E0,-4.086178541E-1,5.276427867E0
9.867901893E0,-3.770548820E0,-3.655684948E0,-3.085638285E-1,5.260825266E0
9.872886476E0,-3.747546196E0,-3.645431042E0,-1.888833046E-1,5.231533893E0
9.877871112E0,-3.716318607E0,-3.714530945E0,-1.117087603E-1,5.255591592E0
9.882861685E0,-3.640928268E0,-3.752807140E0,-4.370856285E-2,5.228941626E0
9.887846580E0,-3.516746998E0,-3.791572094E0,-6.147563457E-2,5.171779930E0
9.892831476E0,-3.444288254E0,-3.835738182E0,-9.590804577E-2,5.156084496E0
9.897816372E0,-3.378063202E0,-3.878192902E0,-1.591246128E-1,5.145581777E0
9.902803091E0,-3.344454765E0,-3.900014400E0,-2.608635426E-1,5.144272523E0
9.907788091E0,-3.317132473E0,-3.891739845E0,-3.940721154E-1,5.128771753E0
9.912773091E0,-3.279194832E0,-3.881793976E0,-5.345900655E-1,5.109523437E0
9.917758039E0,-3.276085854E0,-3.939535618E0,-7.134894133E-1,5.173175673E0
9.922733143E0,-3.219289780E0,-4.000320911E0,-9.163352847E-1,5.215943293E0
9.927717674E0,-3.168509007E0,-4.114059448E0,-1.128432274E0,5.313971572E0
9.932702205E0,-3.097389221E0,-4.266249180E0,-1.323304653E0,5.435608269E0
9.937686685E0,-3.063293934E0,-4.437641144E0,-1.508089423E0,5.599175149E0
9.942681737E0,-3.003928185E0,-4.518074989E0,-1.646724463E0,5.669945996E0
9.947666737E0,-2.888203621E0,-4.591299534E0,-1.741504908E0,5.696893093E0
9.952651789E0,-2.840568066E0,-4.559324265E0,-1.801825523E0,5.665936807E0
9.957636789E0,-2.906359673E0,-4.424739361E0,-1.813518524E0,5.595899784E0
9.962623924E0,-2.958657265E0,-4.259358406E0,-1.757387400E0,5.475782804E0
9.967609028E0,-3.021255970E0,-4.036725998E0,-1.650085926E0,5.305273601E0
9.972594185E0,-3.086933136E0,-3.797543049E0,-1.508285642E0,5.121075568E0
9.977579289E0,-3.138876915E0,-3.572887897E0,-1.375100374E0,4.950654225E0
9.982549705E0,-3.143679142E0,-3.322205544E0,-1.214484096E0,4.732308088E0
9.987534080E0,-3.134882450E0,-3.083839893E0,-1.090877056E0,4.530736057E0
9.992518455E0,-3.131639481E0,-2.843600273E0,-9.352403879E-1,4.332193778E0
9.997502883E0,-3.152974129E0,-2.560830116E0,-7.334929109E-1,4.127603250E0
1.000249872E1,-3.115213394E0,-2.178403854E0,-5.409671068E-1,3.839614988E0
1.000748366E1,-3.095065594E0,-1.787686825E0,-3.032965064E-1,3.587094086E0
1.001246866E1,-3.047165871E0,-1.436809063E0,-1.023648977E-1,3.370477518E0
1.001745361E1,-2.954782963E0,-1.128174782E0,1.094521284E-1,3.164727550E0
1.002242070E1,-2.856482029E0,-8.717579842E-1,2.934952974E-1,3.000931698E0
1.002740470E1,-2.735599995E0,-6.843681335E-1,4.353811741E-1,2.853318040E0
1.003238877E1,-2.618722916E0,-5.280332565E-1,5.255274773E-1,2.722628869E0
1.003737283E1,-2.481928349E0,-4.457855225E-1,6.021608114E-1,2.592545217E0
1.004236169E1,-2.411530495E0,-3.995313644E-1,6.175739765E-1,2.521210474E0
1.004734596E1,-2.321511745E0,-4.420342445E-1,6.100642681E-1,2.440694464E0
1.005233028E1,-2.240611553E0,-4.560012817E-1,5.655311346E-1,2.355441098E0
1.005731460E1,-2.144805908E0,-4.771909714E-1,5.056929588E-1,2.254690439E0
1.006231169E1,-2.060170650E0,-5.410957336E-1,4.788442850E-1,2.183203965E0
1.006729663E1,-1.963117123E0,-5.690808296E-1,4.424401522E-1,2.091275954E0
1.007228158E1,-1.863080025E0,-5.728940964E-1,3.946382999E-1,1.988721753E0
1.007726648E1,-1.736147881E0,-5.405955315E-1,3.953990936E-1,1.860858252E0
1.008224575E1,-1.611179352E0,-5.297074318E-1,4.116541147E-1,1.745264443E0
1.008723044E1,-1.430775642E0,-5.521302223E-1,3.981730938E-1,1.584458436E0
1.009221507E1,-1.168718338E0,-5.910553932E-1,3.768998384E-1,1.362828867E0
1.009719971E1,-8.754048347E-1,-7.158985138E-1,3.240267038E-1,1.176366274E0
1.010218502E1,-5.726737976E-1,-8.455810547E-1,2.969137430E-1,1.063541428E0
1.010716970E1,-2.297315598E-1,-1.013864040E0,2.549544573E-1,1.070373139E0
1.011215439E1,9.809160233E-2,-1.156436920E0,1.670181751E-1,1.172545685E0
1.011713908E1,3.698601723E-1,-1.247363567E0,9.030735493E-2,1.304173238E0
1.012212648E1,6.285748482E-1,-1.282019615E0,3.190457821E-2,1.428180148E0
1.012711132E1,8.500971794E-1,-1.294206619E0,-2.522671223E-2,1.548635649E0
1.013209611E1,1.027140617E0,-1.286529064E0,-8.396768570E-2,1.648400878E0
1.013708096E1,1.178787231E0,-1.271090508E0,-9.461748600E-2,1.736134466E0
1.014207049E1,1.321577549E0,-1.267227650E0,-1.411576271E-1,1.836398271E0
1.014705559E1,1.409915447E0,-1.239225864E0,-2.049039602E-1,1.888260560E0
1.015204064E1,1.446288586E0,-1.213366985E0,-2.789759636E-1,1.908359951E0
1.015702570E1,1.397308826E0,-1.151346684E0,-3.135081530E-1,1.837487008E0
1.016201429E1,1.320515633E0,-1.079440117E0,-3.303006291E-1,1.737253870E0
1.016699955E1,1.170578003E0,-9.856066704E-1,-3.128317595E-1,1.561901751E0
1.017198476E1,9.501299858E-1,-8.146867752E-1,-2.898603082E-1,1.284710290E0
1.017697002E1,6.786251068E-1,-6.119441986E-1,-2.326289415E-1,9.429336998E-1
1.018194648E1,4.376158714E-1,-4.441552162E-1,-1.840986609E-1,6.501336970E-1
1.018693127E1,1.701664925E-1,-2.821192741E-1,-1.371085048E-1,3.568566408E-1
1.019191611E1,-1.091847420E-1,-1.400113106E-1,-1.011477113E-1,2.043412207E-1
1.019690090E1,-3.522758484E-1,-1.033735275E-2,-2.119940519E-2,3.530645111E-1
1.020200090E1,-5.557708740E-1,1.102004051E-1,2.880162001E-2,5.673225952E-1
1.020710090E1,-7.511849403E-1,2.021403313E-1,9.193742275E-2,7.833211460E-1
1.021220090E1,-8.976798058E-1,3.398437500E-1,1.828987002E-1,9.771257558E-1
1.021722075E1,-1.002714634E0,4.752421379E-1,2.611789703E-1,1.139958851E0
1.022212575E1,-1.109608173E0,6.081671715E-1,3.437797427E-1,1.311213986E0
1.022703075E1,-1.141222000E0,7.415385246E-1,4.165325165E-1,1.423294198E0
1.023193575E1,-1.107107639E0,8.873782158E-1,4.889830351E-1,1.500743759E0
1.023684075E1,-1.017217159E0,9.999737740E-1,5.492296219E-1,1.528506289E0
1.024175715E1,-9.504837990E-1,1.077018738E0,5.807493329E-1,1.549405887E0
1.024674689E1,-8.444924355E-1,1.135469437E0,6.220132709E-1,1.545755098E0
1.025173663E1,-7.525615692E-1,1.184371948E0,6.419878006E-1,1.543124805E0
1.025672637E1,-6.270418167E-1,1.254686356E0,6.193746924E-1,1.533311547E0
1.026169049E1,-5.233459473E-1,1.324584484E0,6.212934852E-1,1.553840607E0
1.026667898E1,-4.339108467E-1,1.368048191E0,6.142361760E-1,1.561127976E0
1.027166741E1,-3.350152969E-1,1.411234856E0,5.717243552E-1,1.559066325E0
1.027665585E1,-2.433204651E-1,1.439859390E0,4.817877412E-1,1.537699366E0
1.028163866E1,-1.422729492E-1,1.492052078E0,3.683558106E-1,1.543420552E0
1.028662689E1,-4.137325287E-2,1.522406101E0,2.385869026E-1,1.541543315E0
1.029161502E1,6.176567078E-2,1.550070286E0,1.043642759E-1,1.554806995E0
1.029660320E1,1.360383034E-1,1.579829693E0,-4.138499498E-2,1.586215936E0
1.030157351E1,2.174596786E-1,1.602207184E0,-1.961920261E-1,1.628756545E0
1.030656080E1,3.014836311E-1,1.569569111E0,-3.312662840E-1,1.632230659E0
1.031154804E1,4.263548851E-1,1.575232506E0,-3.987838924E-1,1.679929918E0
1.031653533E1,5.634737015E-1,1.554700375E0,-4.464722574E-1,1.712872833E0
1.032151377E1,7.175045013E-1,1.527062893E0,-5.125237703E-1,1.763353170E0
1.032650059E1,9.246153831E-1,1.485372066E0,-5.347291827E-1,1.829529743E0
1.033148741E1,1.165445328E0,1.429508686E0,-5.252338052E-1,1.917714381E0
1.033647424E1,1.391893387E0,1.368874073E0,-4.651081562E-1,2.006865473E0
1.034144820E1,1.649234772E0,1.329639435E0,-4.191876948E-1,2.159545017E0
1.034643434E1,1.882329941E0,1.318873882E0,-3.971412480E-1,2.332448390E0
1.035142054E1,2.071862698E0,1.290957928E0,-3.130183518E-1,2.461131426E0
1.035640674E1,2.270430088E0,1.291313171E0,-2.194867134E-1,2.621167089E0
1.036139616E1,2.456200123E0,1.322113991E0,-1.428853571E-1,2.793084437E0
1.036638252E1,2.583653450E0,1.356953144E0,-7.141000032E-2,2.919192761E0
1.037136887E1,2.722078323E0,1.362288475E0,-4.996597767E-3,3.043939102E0
1.037635523E1,2.856916904E0,1.333269119E0,1.332467794E-2,3.152738221E0
1.038133106E1,2.985620022E0,1.377452850E0,4.998803139E-3,3.288058433E0
1.038631689E1,3.096286774E0,1.387200356E0,5.143690109E-2,3.393223006E0
1.039130267E1,3.124079227E0,1.429337502E0,7.111799717E-2,3.436267522E0
1.039628851E1,3.150392532E0,1.467967987E0,1.357481480E-1,3.478265470E0
1.040138851E1,3.173571587E0,1.515528202E0,1.784644127E-1,3.521396299E0
1.040640851E1,3.144547939E0,1.580821037E0,2.684199214E-1,3.529762903E0
1.041140137E1,3.147471428E0,1.652144432E0,3.388513327E-1,3.570851137E0
1.041639424E1,3.118000507E0,1.729662418E0,4.471369386E-1,3.593548481E0
1.042129924E1,3.060441017E0,1.758058548E0,5.498415828E-1,3.572029513E0
1.042620424E1,3.006537437E0,1.761684895E0,6.493014097E-1,3.544628803E0
1.043117788E1,2.971122742E0,1.740889549E0,7.505731583E-1,3.524432839E0
1.043616174E1,2.910889626E0,1.714691639E0,8.152755499E-1,3.475358982E0
1.044115512E1,2.876193523E0,1.668813705E0,8.959387541E-1,3.443854616E0
1.044613950E1,2.802526951E0,1.615296364E0,9.399662018E-1,3.368512448E0
1.045112387E1,2.759427547E0,1.575758457E0,9.976245165E-1,3.330571990E0
1.045610825E1,2.692111492E0,1.490555763E0,1.016346455E0,3.240706850E0
1.046108903E1,2.696315289E0,1.431519508E0,1.001043797E0,3.212701810E0
1.046607325E1,2.702845573E0,1.358105659E0,1.011516571E0,3.189512651E0
1.047105747E1,2.742761135E0,1.299017906E0,1.014347792E0,3.199857435E0
1.047604163E1,2.818540573E0,1.254301071E0,9.543629885E-1,3.229280238E0
1.048104127E1,2.937276363E0,1.214367867E0,9.012612104E-1,3.303718136E0
1.048602627E1,3.055689812E0,1.114545345E0,7.975883484E-1,3.348969801E0
1.049101127E1,3.161739826E0,1.009869576E0,6.818090081E-1,3.388406530E0
1.049599627E1,3.303324223E0,9.577755928E-1,5.516852736E-1,3.483337716E0
1.050097830E1,3.398966789E0,8.816204071E-1,4.552210569E-1,3.540827020E0
1.050596320E1,3.541882038E0,8.387761116E-1,3.303173184E-1,3.654802767E0
1.051094799E1,3.621935368E0,8.148231506E-1,2.632099390E-1,3.721778076E0
1.051593288E1,3.694037914E0,8.479084969E-1,1.844670177E-1,3.794587331E0
1.052091554E1,3.798695564E0,8.637566566E-1,1.061260104E-1,3.897104859E0
1.052590028E1,3.880852699E0,9.245653152E-1,8.570086956E-2,3.990386364E0
1.053088502E1,3.964287281E0,1.018226147E0,5.599141121E-2,4.093347429E0
1.053586976E1,4.051136971E0,1.056092739E0,3.139096498E-2,4.186648782E0
1.054085486E1,4.126807213E0,1.076358795E0,4.045718908E-2,4.265058360E0
1.054583960E1,4.236437321E0,1.076497555E0,4.017090797E-2,4.371254037E0
1.055082434E1,4.305537224E0,9.655122757E-1,2.836155891E-2,4.412558115E0
1.055580913E1,4.381949425E0,7.339663506E-1,-9.216070175E-3,4.443002622E0
1.056078846E1,4.487225533E0,4.202957153E-1,6.450712681E-3,4.506870653E0
1.056577294E1,4.482382298E0,1.253986359E-2,2.077734470E-2,4.482447993E0
1.057075736E1,4.475428581E0,-4.388313293E-1,1.079192162E-1,4.498186354E0
1.057574189E1,4.430891991E0,-9.215984344E-1,2.558394074E-1,4.532946206E0
1.058072606E1,4.367997646E0,-1.354400635E0,4.094700813E-1,4.591456225E0
1.058571054E1,4.275276661E0,-1.713133812E0,6.215786338E-1,4.647491580E0
1.059069497E1,4.150829792E0,-1.976123810E0,8.705877662E-1,4.678928973E0
1.059567944E1,4.021431446E0,-2.193497658E0,1.081939936E0,4.706796881E0
1.060077944E1,3.937425613E0,-2.360473633E0,1.315353751E0,4.775490731E0
1.060587945E1,3.834533215E0,-2.407600403E0,1.580066919E0,4.795497486E0
1.061097273E1,3.770537853E0,-2.301375389E0,1.822930574E0,4.778740447E0
1.061597153E1,3.685657501E0,-2.111324310E0,2.043606758E0,4.713606914E0
1.062097038E1,3.603621483E0,-1.842459679E0,2.213265419E0,4.612948003E0
1.062587538E1,3.500543594E0,-1.475760460E0,2.355319023E0,4.469810073E0
1.063078038E1,3.402575016E0,-1.040163040E0,2.500494480E0,4.348784719E0
1.063568538E1,3.352415562E0,-5.479049683E-1,2.588826180E0,4.270937946E0
1.064059038E1,3.246797562E0,-1.021251678E-1,2.694004297E0,4.220163872E0
1.064552330E1,3.133207798E0,2.969932556E-1,2.736940861E0,4.170856192E0
1.065050570E1,3.054453850E0,6.541490555E-1,2.760852575E0,4.168921473E0
1.065548809E1,3.017438889E0,9.405541420E-1,2.744126081E0,4.185666911E0
1.066047049E1,2.981237888E0,1.172899246E0,2.758644342E0,4.227716948E0
1.066546351E1,2.935654163E0,1.286303520E0,2.658535957E0,4.164187262E0
1.067044648E1,2.935533524E0,1.285583973E0,2.573148251E0,4.109887485E0
1.067542939E1,2.901623726E0,1.242441654E0,2.476573467E0,4.012044074E0
1.068041231E1,2.814685822E0,1.073147297E0,2.307211637E0,3.794380969E0
1.068540090E1,2.686509609E0,8.709573746E-1,2.094202518E0,3.515904552E0
1.069038408E1,2.546103954E0,6.432394981E-1,1.909925461E0,3.247186115E0
1.069536731E1,2.338476181E0,4.545917511E-1,1.721648216E0,2.939251110E0
1.070035049E1,2.071063519E0,2.787561417E-1,1.556021690E0,2.605419848E0
1.070534903E1,1.830334187E0,1.111249924E-1,1.447040319E0,2.335893338E0
1.071033304E1,1.581131935E0,-1.052322388E-1,1.344943047E0,2.078442643E0
1.071531700E1,1.340278625E0,-2.625856400E-1,1.240691662E0,1.845159563E0
1.072030101E1,1.144020557E0,-4.587926865E-1,1.165773153E0,1.696555572E0
1.072528596E1,9.209299088E-1,-6.337690353E-1,1.101488113E0,1.569411084E0
1.073027002E1,7.454814911E-1,-8.016757965E-1,1.016982436E0,1.494215517E0
1.073525408E1,5.986742973E-1,-8.930616379E-1,9.816629887E-1,1.455895678E0
1.074023809E1,4.688100815E-1,-9.628362656E-1,1.005002499E0,1.468627451E0
1.074522174E1,3.274621964E-1,-1.041930199E0,1.051074028E0,1.515785816E0
1.075020570E1,2.273182869E-1,-1.027480125E0,1.138868690E0,1.550616298E0
1.075518971E1,1.686377525E-1,-1.010305405E0,1.239093661E0,1.607640757E0
1.076017372E1,1.035604477E-1,-1.007156372E0,1.408963442E0,1.735012019E0
1.076516283E1,7.986688614E-2,-1.039615631E0,1.576146126E0,1.889819036E0
1.077014710E1,5.935335159E-2,-9.784936905E-1,1.754239559E0,2.009559443E0
1.077513132E1,7.780790329E-2,-9.363870621E-1,1.928245902E0,2.144995818E0
1.078011564E1,1.158571243E-1,-8.919095993E-1,2.102633476E0,2.286917826E0
1.078508965E1,7.532739639E-2,-8.212556839E-1,2.248275280E0,2.394760291E0
1.079007335E1,1.345348358E-2,-7.294564247E-1,2.381361961E0,2.490616884E0
1.079505715E1,-3.631162643E-2,-6.357192993E-1,2.503931284E0,2.583627186E0
1.080004085E1,-1.217064857E-1,-5.112986565E-1,2.574741840E0,2.627838338E0
1.080503304E1,-2.093777657E-1,-4.233179092E-1,2.662880898E0,2.704435574E0
1.081001721E1,-3.039526939E-1,-3.477110863E-1,2.731979609E0,2.770740482E0
1.081500137E1,-3.720722198E-1,-2.917237282E-1,2.779520035E0,2.819445352E0
1.081998554E1,-4.712376595E-1,-2.338576317E-1,2.827151775E0,2.875681047E0
1.082499736E1,-5.848650932E-1,-2.101278305E-1,2.839027405E0,2.906251449E0
1.082998294E1,-6.718187332E-1,-2.296915054E-1,2.726386547E0,2.817318264E0
1.083496846E1,-7.729244232E-1,-2.280259132E-1,2.659412861E0,2.778827945E0
1.083995408E1,-9.048037529E-1,-2.026753426E-1,2.628648520E0,2.787389489E0
1.084491794E1,-1.002640247E0,-1.510877609E-1,2.555325508E0,2.749145945E0
1.084990241E1,-1.109897137E0,-9.750509262E-2,2.446913719E0,2.688636392E0
1.085488689E1,-1.195302010E0,-3.938055038E-2,2.339726210E0,2.627663688E0
1.085987137E1,-1.285082817E0,-1.248979568E-2,2.229240417E0,2.573151119E0
1.086485533E1,-1.362429142E0,1.197385788E-2,2.089466572E0,2.494439235E0
1.086983986E1,-1.441763401E0,5.287170410E-3,1.983012676E0,2.451744059E0
1.087482429E1,-1.487220287E0,1.293087006E-2,1.850371003E0,2.373997523E0
1.087980877E1,-1.505980968E0,-8.106708527E-3,1.718180418E0,2.284773150E0
1.088479273E1,-1.514931679E0,-4.114198685E-2,1.615317822E0,2.214940703E0
1.088977715E1,-1.499903679E0,-8.390092850E-2,1.487151742E0,2.113852103E0
1.089476163E1,-1.527792454E0,-1.243348122E-1,1.360093236E0,2.049259022E0
1.089974606E1,-1.529385567E0,-1.386928558E-1,1.277522445E0,1.997578413E0
1.090473377E1,-1.564580441E0,-1.533880234E-1,1.153502345E0,1.949873714E0
1.090971840E1,-1.626099586E0,-1.994571686E-1,1.112419128E0,1.980267493E0
1.091470299E1,-1.680401802E0,-2.194490433E-1,1.058629036E0,1.998150028E0
1.091968757E1,-1.744375706E0,-2.589616776E-1,1.018745422E0,2.036602560E0
1.092469137E1,-1.789473534E0,-3.540005684E-1,9.810212255E-1,2.071215724E0
1.092967694E1,-1.870203972E0,-4.275016785E-1,9.790835381E-1,2.153839631E0
1.093466252E1,-1.943703175E0,-5.107970238E-1,9.391354918E-1,2.218303654E0
1.093964809E1,-1.988470078E0,-5.871682167E-1,9.354534745E-1,2.274610509E0
1.094460960E1,-2.061655521E0,-6.731233597E-1,9.175350666E-1,2.354864995E0
1.094959398E1,-2.144399166E0,-7.976737022E-1,9.595827460E-1,2.481034092E0
1.095457835E1,-2.274610996E0,-9.054732323E-1,1.015545487E0,2.650484785E0
1.095956273E1,-2.377908230E0,-1.015495300E0,1.116234422E0,2.816319857E0
1.096455580E1,-2.502058506E0,-1.094182968E0,1.270471573E0,3.011914865E0
1.096954064E1,-2.591858864E0,-1.213130474E0,1.477935553E0,3.220824648E0
1.097452544E1,-2.668688774E0,-1.264481068E0,1.685373068E0,3.400190365E0
1.097951028E1,-2.732627392E0,-1.320098400E0,1.908900857E0,3.585221713E0
1.098448174E1,-2.795449734E0,-1.358216763E0,2.074031353E0,3.736428514E0
1.098946590E1,-2.857241631E0,-1.453034878E0,2.232962132E0,3.906566264E0
1.099445002E1,-2.937023640E0,-1.518229961E0,2.385148525E0,4.076771218E0
1.099943418E1,-2.991739273E0,-1.551398277E0,2.463107586E0,4.174235196E0
1.100445424E1,-3.038211346E0,-1.621928692E0,2.509789467E0,4.261504902E0
1.100944023E1,-3.138294697E0,-1.693484306E0,2.498474836E0,4.354211663E0
1.101442616E1,-3.203560829E0,-1.730263710E0,2.469806671E0,4.399609015E0
1.101941215E1,-3.243467808E0,-1.784720421E0,2.364500284E0,4.392740829E0
1.102436320E1,-3.269809723E0,-1.873315334E0,2.197265863E0,4.362217697E0
1.102934741E1,-3.268531799E0,-1.972381592E0,2.057106018E0,4.336504864E0
1.103433163E1,-3.208490849E0,-2.105701923E0,1.858390450E0,4.264036724E0
1.103931585E1,-3.154364109E0,-2.218276978E0,1.685427427E0,4.208495134E0
1.104430715E1,-3.089402676E0,-2.329249382E0,1.528982162E0,4.160240141E0
1.104929174E1,-3.035172939E0,-2.412353516E0,1.446894884E0,4.138264015E0
1.105427627E1,-2.917723656E0,-2.498931885E0,1.351050854E0,4.072236524E0
1.105926085E1,-2.825710773E0,-2.577149868E0,1.325553417E0,4.047645572E0
1.106424648E1,-2.720780373E0,-2.668462753E0,1.324982762E0,4.034714193E0
1.106923111E1,-2.677244186E0,-2.725221157E0,1.375643849E0,4.060401801E0
1.107421570E1,-2.604260445E0,-2.742805004E0,1.434516907E0,4.045119344E0
1.107920033E1,-2.549757004E0,-2.819379807E0,1.527867436E0,4.096894211E0
1.108418413E1,-2.504083633E0,-2.887829304E0,1.638617158E0,4.158732874E0
1.108916866E1,-2.452981949E0,-2.962634563E0,1.757305861E0,4.228764345E0
1.109415325E1,-2.363083839E0,-3.039112091E0,1.845387459E0,4.269171162E0
1.109913783E1,-2.323009491E0,-3.122159958E0,1.948383212E0,4.352063078E0
1.110412866E1,-2.315963268E0,-3.187859058E0,2.054208994E0,4.443636554E0
1.110911351E1,-2.310677052E0,-3.259950638E0,2.150470734E0,4.537734123E0
1.111409840E1,-2.300057411E0,-3.326555729E0,2.263349771E0,4.634543052E0
1.111908335E1,-2.310217381E0,-3.385039330E0,2.385367870E0,4.741895769E0
1.112405882E1,-2.314848423E0,-3.428255558E0,2.530857801E0,4.849402087E0
1.112904325E1,-2.285105228E0,-3.513391495E0,2.653911591E0,4.960733054E0
1.113402762E1,-2.201851845E0,-3.635549545E0,2.766511440E0,5.071386161E0
1.113901205E1,-2.160851955E0,-3.780408859E0,2.837868929E0,5.197525601E0
1.114400804E1,-2.090305805E0,-3.921624184E0,2.813019276E0,5.259428870E0
1.114899304E1,-2.030877113E0,-4.051973343E0,2.739615917E0,5.296078284E0
1.115397804E1,-1.987416744E0,-4.128505230E0,2.619826078E0,5.278055459E0
1.115896304E1,-1.959905148E0,-4.146469593E0,2.541801929E0,5.243586113E0
1.116394002E1,-2.005752563E0,-4.098777294E0,2.421336651E0,5.165838734E0
1.116892460E1,-2.067372322E0,-3.997328281E0,2.315711021E0,5.061144065E0
1.117390919E1,-2.194958687E0,-3.818263054E0,2.200789690E0,4.923459317E0
1.117889377E1,-2.364425182E0,-3.616561890E0,2.062075615E0,4.787711581E0
1.118388007E1,-2.546799660E0,-3.418344021E0,1.971805096E0,4.696730745E0
1.118886470E1,-2.696392059E0,-3.187482834E0,1.872594595E0,4.575717154E0
1.119384939E1,-2.868159294E0,-2.916785240E0,1.810024619E0,4.473272068E0
1.119883408E1,-3.025907993E0,-2.637079239E0,1.824748039E0,4.409082841E0
1.120381731E1,-3.186337471E0,-2.307708263E0,1.842663765E0,4.344384152E0
1.120880189E1,-3.327739239E0,-1.885527134E0,1.899695158E0,4.270585757E0
1.121378653E1,-3.371155024E0,-1.461501598E0,2.010344982E0,4.188336193E0
1.121877111E1,-3.383971453E0,-1.016898632E0,2.117141962E0,4.119179009E0
1.122375054E1,-3.371180773E0,-5.950112343E-1,2.219929934E0,4.080071946E0
1.122873486E1,-3.328275919E0,-2.678437233E-1,2.308914900E0,4.059587278E0
1.123371924E1,-3.288940191E0,7.687377930E-2,2.362714529E0,4.050365058E0
1.123870356E1,-3.179439545E0,2.688674927E-1,2.321738243E0,3.946085911E0
1.124369814E1,-3.105211735E0,3.607392311E-1,2.262936592E0,3.859190942E0
1.124868299E1,-3.061725140E0,4.311928749E-1,2.133651733E0,3.756668450E0
1.125366783E1,-2.996497631E0,4.322471619E-1,2.015177011E0,3.636863216E0
1.125865267E1,-2.912018776E0,3.543214798E-1,1.881497145E0,3.485029206E0
1.126363247E1,-2.863485336E0,2.260022163E-1,1.711469293E0,3.343613676E0
1.126861705E1,-2.838774204E0,3.551387787E-2,1.533905029E0,3.226881599E0
1.127360163E1,-2.792453766E0,-1.382050514E-1,1.365870237E0,3.111671605E0
1.127858622E1,-2.770026684E0,-3.287057877E-1,1.188517809E0,3.032106513E0
1.128357184E1,-2.723644257E0,-5.264129639E-1,9.399762750E-1,2.928976620E0
1.128855653E1,-2.729844093E0,-6.643505096E-1,6.778041124E-1,2.890126085E0
1.129354116E1,-2.719189167E0,-7.856063843E-1,4.381050766E-1,2.864105999E0
1.129852580E1,-2.760947227E0,-9.283638000E-1,1.827846467E-1,2.918578278E0
1.130351366E1,-2.766571522E0,-1.071064472E0,-1.095088571E-1,2.968684772E0
1.130849846E1,-2.767160177E0,-1.199327946E0,-4.097309411E-1,3.043590382E0
1.131348325E1,-2.786540270E0,-1.329821110E0,-6.553511620E-1,3.156377038E0
1.131846804E1,-2.776709795E0,-1.457611084E0,-8.558239341E-1,3.250720222E0
1.132345153E1,-2.795093775E0,-1.544442654E0,-1.008517981E0,3.348874563E0
1.132843627E1,-2.839199305E0,-1.587914467E0,-1.110703826E0,3.437468259E0
1.133342101E1,-2.861200571E0,-1.578549862E0,-1.183511734E0,3.475483909E0
1.133840575E1,-2.901639223E0,-1.516293526E0,-1.238750219E0,3.500451163E0
1.134339773E1,-2.943526030E0,-1.451235771E0,-1.211911559E0,3.498451140E0
1.134838283E1,-2.948587656E0,-1.378607273E0,-1.126722336E0,3.444449216E0
1.135336799E1,-2.911967039E0,-1.355726719E0,-1.011824727E0,3.367690047E0
1.135835309E1,-2.836150885E0,-1.310863495E0,-8.864034414E-1,3.247741677E0
1.136333460E1,-2.699578524E0,-1.291827202E0,-7.531393766E-1,3.086059080E0
1.136831955E1,-2.521329641E0,-1.329599857E0,-6.339684129E-1,2.920077891E0
1.137330444E1,-2.344739199E0,-1.376519203E0,-5.272203088E-1,2.769579080E0
1.137828939E1,-2.148435593E0,-1.430327892E0,-3.906390965E-1,2.610404620E0
1.138326767E1,-1.896635532E0,-1.510203838E0,-2.346126139E-1,2.435771963E0
1.138825226E1,-1.644315720E0,-1.589736462E0,-3.846962750E-2,2.287469369E0
1.139323684E1,-1.451459885E0,-1.645164967E0,1.943703890E-1,2.202517517E0
1.139822142E1,-1.282239914E0,-1.655076027E0,4.179474115E-1,2.134969763E0
1.140319366E1,-1.146444321E0,-1.650800705E0,6.033718586E-1,2.098460185E0
1.140817767E1,-1.017465115E0,-1.632133007E0,7.646563649E-1,2.069732536E0
1.141316163E1,-8.929171562E-1,-1.534516335E0,1.001537561E0,2.038410880E0
1.141814559E1,-7.704353333E-1,-1.472831249E0,1.203246593E0,2.051975842E0
1.142314377E1,-5.900478363E-1,-1.463619232E0,1.314399242E0,2.053772888E0
1.142812846E1,-4.071803093E-1,-1.447296143E0,1.423129082E0,2.070207311E0
1.143311314E1,-2.267103195E-1,-1.440685749E0,1.443252444E0,2.051816418E0
1.143809783E1,-2.246141434E-2,-1.408013344E0,1.417708158E0,1.998224841E0
1.144308090E1,1.095800400E-1,-1.328037262E0,1.380316496E0,1.918583953E0
1.144806554E1,1.980261803E-1,-1.227270126E0,1.259674311E0,1.769798209E0
1.145305012E1,2.403254509E-1,-1.086791992E0,1.082952023E0,1.552951461E0
1.145803476E1,2.221970558E-1,-8.899269104E-1,8.746644258E-1,1.267430193E0
1.146302809E1,1.128025055E-1,-6.964330673E-1,6.688464880E-1,9.721620477E-1
1.146801309E1,2.011013031E-2,-5.109386444E-1,4.948158562E-1,7.115514368E-1
1.147299814E1,-3.633499146E-2,-3.570756912E-1,3.767452836E-1,5.203463170E-1
1.147798320E1,-4.213047028E-2,-2.993230820E-1,3.341644704E-1,4.505942490E-1
1.148296470E1,1.238155365E-2,-2.872600555E-1,2.669051886E-1,3.923136781E-1
1.148794955E1,1.461877823E-1,-2.993612289E-1,1.970764697E-1,3.870751193E-1
1.149293439E1,2.993769646E-1,-2.973537445E-1,1.179630905E-1,4.381336634E-1
1.149791929E1,3.808794022E-1,-2.933206558E-1,4.401019216E-2,4.827452984E-1
1.150290877E1,4.817843437E-1,-2.847938538E-1,3.649443388E-3,5.596758092E-1
1.150789387E1,6.307663918E-1,-2.861270905E-1,-3.186821938E-3,6.926363466E-1
1.151287898E1,8.013520241E-1,-2.686710358E-1,2.218991518E-3,8.451947207E-1
1.151786408E1,9.814071655E-1,-2.325344086E-1,-3.273350000E-2,1.009110379E0
1.152283736E1,1.160871029E0,-1.756134033E-1,-8.158156276E-2,1.176910007E0
1.152782189E1,1.299212456E0,-1.408996582E-1,-1.827950627E-1,1.319552861E0
1.153280642E1,1.403612137E0,-9.731101990E-2,-2.720656693E-1,1.433044380E0
1.153779090E1,1.517037392E0,-2.578830719E-2,-3.566782475E-1,1.558616969E0
1.154278710E1,1.648972511E0,4.967594147E-2,-3.890875578E-1,1.694982941E0
1.154777221E1,1.720322609E0,1.553030014E-1,-4.147728086E-1,1.776419259E0
1.155275731E1,1.745557785E0,2.695569992E-1,-4.195361137E-1,1.815390731E0
1.155774241E1,1.815726757E0,4.164133072E-1,-4.321539402E-1,1.912333843E0
1.156273747E1,1.866275787E0,5.838899612E-1,-4.337157309E-1,2.003003279E0
1.156772304E1,1.892188549E0,7.096538544E-1,-4.433791935E-1,2.068954134E0
1.157270861E1,1.893612385E0,8.559908867E-1,-4.324627221E-1,2.122619200E0
1.157769424E1,1.911062241E0,9.463195801E-1,-4.195832610E-1,2.173414307E0
1.158266517E1,2.008843422E0,1.033274651E0,-4.327398539E-1,2.300080907E0
1.158765007E1,2.074579716E0,1.109764099E0,-4.742841721E-1,2.400083921E0
1.159263491E1,2.127049923E0,1.209136009E0,-5.534526110E-1,2.508517701E0
1.159761981E1,2.213809013E0,1.228456974E0,-6.866955757E-1,2.623281856E0
1.160259372E1,2.265417099E0,1.299365044E0,-8.355641365E-1,2.742012322E0
1.160757804E1,2.322571278E0,1.357267380E0,-9.546457529E-1,2.854445759E0
1.161256236E1,2.406668663E0,1.366344452E0,-1.098521471E0,2.977532642E0
1.161754663E1,2.488920689E0,1.355384827E0,-1.305235505E0,3.120165692E0
1.162253512E1,2.590856552E0,1.343596458E0,-1.459849834E0,3.263272997E0
1.162751965E1,2.662072182E0,1.333342075E0,-1.612565279E0,3.385970492E0
1.163250418E1,2.733910561E0,1.346297264E0,-1.823027492E0,3.551086103E0
1.163748866E1,2.823000431E0,1.320272923E0,-2.004894257E0,3.705678481E0
1.164247559E1,2.924619675E0,1.293648720E0,-2.134279728E0,3.844746703E0
1.164746023E1,3.017207623E0,1.271228313E0,-2.237541676E0,3.965621769E0
1.165244486E1,3.117392063E0,1.243480682E0,-2.297527075E0,4.067309693E0
1.165742950E1,3.186672211E0,1.222342491E0,-2.359367609E0,4.149170575E0
1.166242924E1,3.263442516E0,1.219829559E0,-2.449384689E0,4.258817508E0
1.166741455E1,3.361959457E0,1.188141823E0,-2.438011646E0,4.319531592E0
1.167240002E1,3.443897724E0,1.191862583E0,-2.461783409E0,4.397879660E0
1.167738538E1,3.523463726E0,1.178314686E0,-2.420022488E0,4.433929518E0
1.168235684E1,3.634052277E0,1.164262295E0,-2.389095068E0,4.502179237E0
1.168734153E1,3.744333744E0,1.166347504E0,-2.359480143E0,4.576849160E0
1.169232622E1,3.830369473E0,1.153445721E0,-2.316848755E0,4.622764917E0
1.169731096E1,3.889623165E0,1.094392300E0,-2.211068869E0,4.606049111E0
1.170230840E1,3.962601185E0,1.051310539E0,-2.056603432E0,4.586619635E0
1.170729377E1,3.970297813E0,9.427804947E-1,-1.915978074E0,4.508111774E0
1.171227908E1,3.932074547E0,8.286447525E-1,-1.681958795E0,4.356242389E0
1.171726445E1,3.847868443E0,7.685756683E-1,-1.428983331E0,4.175978145E0
1.172222528E1,3.744180679E0,7.313814163E-1,-1.114525318E0,3.974414978E0
1.172720939E1,3.603936195E0,7.885141373E-1,-8.370547891E-1,3.782958018E0
1.173219351E1,3.377164841E0,8.394384384E-1,-5.466147661E-1,3.522596621E0
1.173717762E1,3.150082588E0,9.103946686E-1,-2.817820907E-1,3.291084914E0
1.174217752E1,2.920358658E0,9.080781937E-1,-6.735205650E-3,3.058291363E0
1.174716241E1,2.683595181E0,9.450411797E-1,2.612510920E-1,2.857103088E0
1.175214731E1,2.454283714E0,9.040937424E-1,4.050318003E-1,2.646685626E0
1.175713221E1,2.201505184E0,8.499393463E-1,5.442832708E-1,2.421831176E0
1.176210679E1,1.985248089E0,7.897825241E-1,7.576169968E-1,2.266925213E0
1.176709116E1,1.764971733E0,6.830673218E-1,9.807556868E-1,2.131569352E0
1.177207554E1,1.492845535E0,5.561456680E-1,1.187677741E0,1.987074285E0
1.177705991E1,1.221802235E0,4.450435638E-1,1.462462306E0,1.956951832E0
1.178205106E1,9.592165947E-1,3.546562195E-1,1.724339962E0,2.004800692E0
1.178703580E1,6.817426682E-1,2.254428864E-1,1.990103364E0,2.115681677E0
1.179202054E1,3.851237297E-1,7.445621490E-2,2.238538980E0,2.272646207E0
1.179700523E1,2.086434364E-1,-6.930828094E-2,2.414590120E0,2.424578555E0
1.180200012E1,7.120323181E-2,-2.104558945E-1,2.568677664E0,2.578268125E0
1.180698533E1,-3.160810471E-2,-3.320846558E-1,2.726560831E0,2.746891563E0
1.181197059E1,-8.772897720E-2,-4.485511780E-1,2.794178724E0,2.831312289E0
1.181695580E1,-1.424484253E-1,-5.191659927E-1,2.787371397E0,2.838884321E0
1.182192304E1,-2.027034760E-1,-5.463113785E-1,2.762360573E0,2.823150856E0
1.182690736E1,-2.541422844E-1,-5.922155380E-1,2.694553375E0,2.770546054E0
1.183189168E1,-3.443560600E-1,-5.538778305E-1,2.554724693E0,2.636660768E0
1.183687601E1,-4.684867859E-1,-4.600477219E-1,2.388009071E0,2.476633017E0
1.184186450E1,-5.908360481E-1,-2.893524170E-1,2.167874575E0,2.265500437E0
1.184684898E1,-7.375392914E-1,-8.954811096E-2,1.971053839E0,2.106427380E0
1.185183351E1,-8.868699074E-1,1.562404633E-1,1.783421040E0,1.997883860E0
1.185681809E1,-1.050827026E0,3.834180832E-1,1.664835095E0,2.005722503E0
1.186180846E1,-1.150562763E0,5.609378815E-1,1.536696792E0,1.999970752E0
1.186679330E1,-1.276913881E0,6.889829636E-1,1.432850122E0,2.039182694E0
1.187177809E1,-1.372359991E0,7.581629753E-1,1.360778332E0,2.076030036E0
1.187676294E1,-1.422700644E0,7.541909218E-1,1.356842279E0,2.105683271E0
1.188174997E1,-1.432800055E0,7.632780075E-1,1.438306808E0,2.168925031E0
1.188673491E1,-1.426841974E0,6.657342911E-1,1.554982185E0,2.212927871E0
1.189171981E1,-1.378617048E0,5.549449921E-1,1.740847111E0,2.288907506E0
1.189670481E1,-1.254856110E0,3.304271698E-1,1.886262894E0,2.289505116E0
1.190168830E1,-1.117869854E0,3.057670593E-2,2.008384943E0,2.298734005E0
1.190667320E1,-9.655160904E-1,-3.302936554E-1,2.088433743E0,2.324407606E0
1.191165809E1,-8.169536591E-1,-7.210168839E-1,2.191267729E0,2.447229635E0
1.191664294E1,-6.389403343E-1,-1.151256561E0,2.245584249E0,2.603129855E0
1.192162887E1,-4.480710030E-1,-1.613679886E0,2.335118055E0,2.873587780E0
1.192661382E1,-2.681798935E-1,-2.036443710E0,2.374099970E0,3.139327015E0
1.193159872E1,-1.254925728E-1,-2.472169876E0,2.405731916E0,3.451799290E0
1.193658366E1,5.429315567E-2,-2.803610802E0,2.427350998E0,3.708802252E0
1.194156299E1,1.518006325E-1,-3.040338516E0,2.483947515E0,3.928956221E0
1.194654757E1,2.292518616E-1,-3.192098618E0,2.562829018E0,4.100017387E0
1.195153221E1,2.320609093E-1,-3.170287132E0,2.658753633E0,4.144097447E0
1.195651689E1,2.106533051E-1,-3.030060768E0,2.766249180E0,4.108257246E0
1.196150163E1,2.129359245E-1,-2.850453377E0,2.872755289E0,4.052548471E0
1.196648622E1,2.149291039E-1,-2.598067284E0,2.949080229E0,3.936143077E0
1.197147090E1,2.930612564E-1,-2.320878029E0,2.970943928E0,3.781384343E0
1.197645554E1,3.585734367E-1,-2.040557861E0,2.937991858E0,3.595030939E0
1.198143919E1,4.470224380E-1,-1.745361328E0,2.876556873E0,3.394214883E0
1.198642377E1,5.052285194E-1,-1.469125748E0,2.813134193E0,3.213613279E0
1.199140835E1,5.520715714E-1,-1.166573524E0,2.771685600E0,3.057436487E0
1.199639294E1,6.087999344E-1,-9.096488953E-1,2.678501606E0,2.893521959E0
1.200149294E1,7.016692162E-1,-6.624450684E-1,2.603541613E0,2.776617022E0
1.200659294E1,7.581887245E-1,-4.612627029E-1,2.546911955E0,2.697104731E0
1.201169294E1,8.067216873E-1,-2.990989685E-1,2.587692976E0,2.726979100E0
1.201671132E1,8.468356133E-1,-1.474800110E-1,2.620563507E0,2.757940174E0
1.202161632E1,8.374457359E-1,-4.013919830E-2,2.739058733E0,2.864501572E0
1.202652177E1,8.265347481E-1,3.261280060E-2,2.924214602E0,3.038956123E0
1.203142677E1,7.850537300E-1,9.212779999E-2,3.097112894E0,3.196389396E0
1.203633177E1,7.774682045E-1,1.479091644E-1,3.243354321E0,3.338514816E0
1.204126052E1,7.200121880E-1,1.712541580E-1,3.460733891E0,3.538986380E0
1.204625000E1,6.126418114E-1,1.764917374E-1,3.595791340E0,3.651875502E0
1.205123953E1,5.081548691E-1,1.469898224E-1,3.707685947E0,3.745231964E0
1.205622901E1,3.947119713E-1,9.482765198E-2,3.805605888E0,3.827195579E0
1.206119630E1,1.696414948E-1,5.598545074E-2,3.879465342E0,3.883576180E0
1.206618468E1,-1.623821259E-2,6.155014038E-2,3.873931408E0,3.874454368E0
1.207117307E1,-2.414841652E-1,4.475498199E-2,3.779547453E0,3.787518523E0
1.207616145E1,-5.034065247E-1,5.837631226E-2,3.618222237E0,3.653540485E0
1.208113703E1,-7.490758896E-1,1.025381088E-1,3.469155788E0,3.550587365E0
1.208612474E1,-1.011740208E0,1.869134903E-1,3.222652674E0,3.382904840E0
1.209111255E1,-1.224147797E0,2.422695160E-1,3.005807877E0,3.254552709E0
1.209610026E1,-1.424363852E0,2.831439972E-1,2.766645193E0,3.124629343E0
1.210107583E1,-1.564427614E0,3.335628510E-1,2.510269880E0,2.976600881E0
1.210606296E1,-1.665855169E0,3.218278885E-1,2.260937452E0,2.826744558E0
1.211105010E1,-1.757232428E0,3.078994751E-1,2.040649652E0,2.710520042E0
1.211603724E1,-1.816869497E0,2.751636505E-1,1.811335206E0,2.580245150E0
1.212101161E1,-1.842563868E0,2.498636246E-1,1.563869834E0,2.429642421E0
1.212599812E1,-1.829607248E0,1.865415573E-1,1.338862419E0,2.274821534E0
1.213098458E1,-1.854483843E0,1.618270874E-1,1.160514355E0,2.193648080E0
1.213597109E1,-1.833259344E0,7.059192657E-2,1.004959941E0,2.091833532E0
1.214094171E1,-1.816207170E0,-6.077861786E-2,8.717911839E-1,2.015520378E0
1.214592739E1,-1.736395121E0,-2.035522461E-1,7.633923292E-1,1.907686919E0
1.215091307E1,-1.675214052E0,-3.051147461E-1,6.915788651E-1,1.837857028E0
1.215589880E1,-1.659065962E0,-3.918943405E-1,6.730498672E-1,1.832778536E0
1.216089322E1,-1.673730135E0,-4.233713150E-1,6.576454043E-1,1.847461316E0
1.216587937E1,-1.695238352E0,-4.067764282E-1,6.596628428E-1,1.863989055E0
1.217086552E1,-1.814235449E0,-3.778953552E-1,7.293757796E-1,1.991543168E0
1.217585161E1,-1.906216383E0,-3.438835144E-1,7.401419282E-1,2.073578271E0
1.218083604E1,-1.987779379E0,-2.878913879E-1,7.805267572E-1,2.154848099E0
1.218582213E1,-2.037250757E0,-2.170076370E-1,8.579092622E-1,2.221146385E0
1.219080812E1,-2.080939054E0,-1.575183868E-1,9.462146759E-1,2.291384211E0
1.219579416E1,-2.063812971E0,-1.069889069E-1,1.014474392E0,2.302157444E0
1.220089463E1,-2.043177366E0,-4.616928101E-2,1.062885046E0,2.303568964E0
1.220599463E1,-1.985644579E0,-3.251552582E-2,1.089126229E0,2.264958630E0
1.221109463E1,-1.877083063E0,-3.260517120E-2,1.107592463E0,2.179739661E0
1.221619463E1,-1.753501177E0,-4.886817932E-2,1.156500220E0,2.101106193E0
1.222121052E1,-1.617505312E0,-1.005506516E-1,1.242861629E0,2.042336626E0
1.222611552E1,-1.464546919E0,-1.351490021E-1,1.321100712E0,1.976985084E0
1.223102052E1,-1.287441730E0,-1.981010437E-1,1.417652845E0,1.925224616E0
1.223592552E1,-1.088730812E0,-2.775001526E-1,1.501359224E0,1.875212158E0
1.224083052E1,-8.711180687E-1,-3.639535904E-1,1.581645012E0,1.841985301E0
1.224573552E1,-6.588277817E-1,-4.624280930E-1,1.634477973E0,1.821925364E0
1.225063932E1,-4.927077293E-1,-5.826129913E-1,1.650200605E0,1.818065137E0
1.225563015E1,-3.512530327E-1,-6.264915466E-1,1.698386669E0,1.844013999E0
1.226062104E1,-2.347297668E-1,-6.660957336E-1,1.745075703E0,1.882570264E0
1.226556901E1,-1.432094574E-1,-6.919393539E-1,1.758805871E0,1.895438501E0
1.227055776E1,-9.343194962E-2,-7.064542770E-1,1.792293549E0,1.928762126E0
1.227554645E1,-1.260604858E-1,-7.049169540E-1,1.873984933E0,2.006145231E0
1.228053515E1,-1.236934662E-1,-7.016143799E-1,1.920052648E0,2.047966060E0
1.228551703E1,-1.581106186E-1,-6.391658783E-1,1.975748777E0,2.082574181E0
1.229050541E1,-1.955780983E-1,-5.796833038E-1,2.072077274E0,2.160506366E0
1.229549374E1,-1.930599213E-1,-5.518636703E-1,2.180135012E0,2.257169536E0
1.230048213E1,-2.270932198E-1,-5.173854828E-1,2.261351585E0,2.330873240E0
1.230544823E1,-2.785439491E-1,-4.882354736E-1,2.425342560E0,2.489627912E0
1.231043546E1,-3.137426376E-1,-4.571199417E-1,2.566755533E0,2.625952599E0
1.231542270E1,-3.614449501E-1,-4.264516830E-1,2.742825270E0,2.799213095E0
1.232041000E1,-4.380769730E-1,-4.271192551E-1,2.912645340E0,2.976213226E0
1.232539369E1,-4.910039902E-1,-4.160356522E-1,3.066239357E0,3.133048735E0
1.233038078E1,-4.890546799E-1,-3.787879944E-1,3.187019348E0,3.246497674E0
1.233536786E1,-5.231251717E-1,-3.584136963E-1,3.289017677E0,3.349590662E0
1.234035494E1,-5.692663193E-1,-3.716239929E-1,3.369581223E0,3.437476713E0
1.234533541E1,-5.891156197E-1,-3.585329056E-1,3.438240051E0,3.506721789E0
1.235032213E1,-5.897688866E-1,-3.717060089E-1,3.442389250E0,3.512269415E0
1.235530890E1,-6.025104523E-1,-3.896999359E-1,3.372616291E0,3.448104629E0
1.236029562E1,-5.747256279E-1,-4.364233017E-1,3.269650221E0,3.348340994E0
1.236526515E1,-5.734491348E-1,-4.688196182E-1,3.128726244E0,3.215208182E0
1.237025098E1,-6.632609367E-1,-4.845561981E-1,2.926254988E0,3.039354871E0
1.237523687E1,-7.652549744E-1,-4.646053314E-1,2.703103304E0,2.847497280E0
1.238022276E1,-8.505492210E-1,-3.850002289E-1,2.488562107E0,2.657931623E0
1.238520151E1,-9.284992218E-1,-2.958908081E-1,2.301994324E0,2.499767998E0
1.239018703E1,-1.013394833E0,-2.522468567E-1,2.117335081E0,2.360869630E0
1.239517255E1,-1.076478481E0,-2.420263290E-1,1.961328506E0,2.250376007E0
1.240015807E1,-1.132033825E0,-2.220926285E-1,1.793736935E0,2.132678576E0
1.240513291E1,-1.184838295E0,-2.139682770E-1,1.629080892E0,2.025716851E0
1.241011796E1,-1.203702450E0,-2.008304596E-1,1.489166737E0,1.925318163E0
1.241510291E1,-1.198088169E0,-1.945428848E-1,1.333341837E0,1.803070339E0
1.242008791E1,-1.160894871E0,-2.357730865E-1,1.209477067E0,1.692956179E0
1.242508218E1,-1.111165524E0,-2.622041702E-1,1.105797887E0,1.589411468E0
1.243006760E1,-1.034680367E0,-3.384885788E-1,9.841488004E-1,1.467544493E0
1.243505307E1,-9.364323616E-1,-4.288120270E-1,8.949887156E-1,1.364474303E0
1.244003848E1,-8.665714264E-1,-4.565753937E-1,8.335209489E-1,1.286143188E0
1.244502041E1,-7.605800629E-1,-5.701637268E-1,7.592475414E-1,1.216563001E0
1.245000572E1,-6.854095459E-1,-6.283559799E-1,6.626912951E-1,1.141830651E0
1.245499093E1,-5.431032181E-1,-7.197809219E-1,6.326433420E-1,1.101491389E0
1.245997624E1,-4.104299545E-1,-8.421154022E-1,5.757641196E-1,1.099597845E0
1.246496250E1,-2.491989136E-1,-9.834194183E-1,5.349867344E-1,1.146919638E0
1.246994781E1,-7.869672775E-2,-1.129409790E0,4.770744741E-1,1.228560012E0
1.247493312E1,9.859323502E-2,-1.284923553E0,4.378210902E-1,1.361042421E0
1.247991848E1,2.680149078E-1,-1.442976952E0,3.884836435E-1,1.518200914E0
1.248490046E1,4.271059036E-1,-1.644280434E0,4.103133976E-1,1.747694104E0
1.248988557E1,5.901827812E-1,-1.821866035E0,4.793480039E-1,1.974154522E0
1.249487072E1,7.259407043E-1,-1.975916862E0,5.094246864E-1,2.165814134E0
1.249985588E1,8.342833519E-1,-2.144819260E0,6.201273203E-1,2.383450495E0
1.250484250E1,9.365892410E-1,-2.311946869E0,7.465835214E-1,2.603782765E0
1.250982765E1,1.051820278E0,-2.448731422E0,8.813855648E-1,2.807036158E0
1.251481291E1,1.103387356E0,-2.569607735E0,1.029153943E0,2.979849896E0
1.251979817E1,1.107962608E0,-2.672303200E0,1.163072467E0,3.117935711E0
1.252478474E1,1.096671104E0,-2.787941933E0,1.333041430E0,3.279071086E0
1.252977005E1,1.021910191E0,-2.894851685E0,1.495589614E0,3.414857978E0
1.253475536E1,9.434790611E-1,-3.014606476E0,1.679256916E0,3.577416489E0
1.253974062E1,8.615002632E-1,-3.084935188E0,1.838266969E0,3.692997870E0
1.254471807E1,7.473344803E-1,-3.074774742E0,2.025031090E0,3.756793773E0
1.254970296E1,6.394762993E-1,-3.055810928E0,2.212718964E0,3.826621954E0
1.255468786E1,4.853186607E-1,-3.032809258E0,2.410436153E0,3.904314107E0
1.255967276E1,2.969965935E-1,-2.976979256E0,2.629836321E0,3.983296567E0
1.256465828E1,1.011133194E-1,-2.921644211E0,2.796481609E0,4.045557834E0
1.256964322E1,-7.571983337E-2,-2.890466690E0,2.998289585E0,4.165365724E0
1.257462812E1,-2.932162285E-1,-2.806809425E0,3.168014526E0,4.242696188E0
1.257961307E1,-5.583114624E-1,-2.704071999E0,3.341495752E0,4.334663877E0
1.258459093E1,-7.988562584E-1,-2.560497284E0,3.499515533E0,4.409186618E0
1.258957546E1,-1.052836418E0,-2.361552238E0,3.608354807E0,4.439101025E0
1.259456005E1,-1.317544460E0,-2.130978584E0,3.670099497E0,4.443717301E0
1.259954463E1,-1.580859661E0,-1.895009041E0,3.737395763E0,4.478649755E0
1.260453442E1,-1.835438967E0,-1.608097076E0,3.783899307E0,4.502522224E0
1.260951921E1,-2.057032824E0,-1.303537369E0,3.778508902E0,4.495300127E0
1.261450411E1,-2.255195856E0,-1.017202377E0,3.726183653E0,4.472700934E0
1.261948895E1,-2.386729956E0,-7.226648331E-1,3.629662991E0,4.403768587E0
1.262446338E1,-2.451822519E0,-4.391603470E-1,3.450654984E0,4.255739101E0
1.262944770E1,-2.543981314E0,-1.811761856E-1,3.249087095E0,4.130524505E0
1.263443203E1,-2.624978304E0,4.644393921E-2,2.994169712E0,3.982175335E0
1.263941630E1,-2.683043480E0,2.650790215E-1,2.681824207E0,3.802784543E0
1.264441442E1,-2.727836132E0,4.292168617E-1,2.369840860E0,3.638882078E0
1.264939942E1,-2.701968193E0,5.054178238E-1,2.020726919E0,3.411658918E0
1.265438442E1,-2.682166576E0,5.462875366E-1,1.663411498E0,3.203027541E0
1.265936942E1,-2.615921736E0,5.350322723E-1,1.310338259E0,2.974271745E0
1.266434458E1,-2.608564138E0,5.075297356E-1,1.002442837E0,2.840261421E0
1.266932916E1,-2.588471651E0,5.019145012E-1,6.585202217E-1,2.717674104E0
1.267431364E1,-2.562971354E0,5.156664848E-1,2.886969447E-1,2.630224327E0
1.267929812E1,-2.591902018E0,5.582938194E-1,1.037536561E-2,2.651368648E0
1.268429583E1,-2.560249567E0,5.701150894E-1,-2.551805973E-1,2.635341761E0
1.268928099E1,-2.587668657E0,5.200934410E-1,-4.667659998E-1,2.680372505E0
1.269426614E1,-2.547399759E0,4.776434898E-1,-6.719950438E-1,2.677492516E0
1.269925130E1,-2.547098398E0,4.523744583E-1,-8.849842548E-1,2.734145210E0
1.270422437E1,-2.522046804E0,4.563403130E-1,-1.045414448E0,2.768006129E0
1.270920890E1,-2.515178442E0,4.442076683E-1,-1.143663883E0,2.798465673E0
1.271419343E1,-2.507465124E0,4.398775101E-1,-1.217428446E0,2.821879798E0
1.271917802E1,-2.465320826E0,4.410738945E-1,-1.237771153E0,2.793641062E0
1.272417010E1,-2.438962698E0,4.621944427E-1,-1.259724021E0,2.783714668E0
1.272915505E1,-2.356680155E0,4.506258965E-1,-1.230301023E0,2.696413480E0
1.273413994E1,-2.230660200E0,4.134888649E-1,-1.178234577E0,2.556375303E0
1.273912489E1,-2.087445974E0,3.913512230E-1,-1.070116282E0,2.378178995E0
1.274411500E1,-1.948700666E0,3.649878502E-1,-9.754198194E-1,2.209546162E0
1.274910015E1,-1.788290262E0,3.294939995E-1,-8.345701694E-1,2.000763786E0
1.275408531E1,-1.572834969E0,2.943949699E-1,-6.644810438E-1,1.732631898E0
1.275907057E1,-1.388648033E0,2.308659554E-1,-4.750604331E-1,1.485706857E0
1.276404390E1,-1.147569656E0,1.362829208E-1,-3.168573976E-1,1.198285342E0
1.276902849E1,-8.999733925E-1,2.733802795E-2,-1.447559595E-1,9.119505265E-1
1.277401307E1,-7.178258896E-1,-1.296072006E-1,-7.018864155E-3,7.294664479E-1
1.277899765E1,-5.367531776E-1,-2.605762482E-1,1.558097601E-1,6.166689843E-1
1.278409765E1,-3.853368759E-1,-3.655509949E-1,3.002277613E-1,6.101219111E-1
1.278915677E1,-3.070087433E-1,-4.424848557E-1,4.331015348E-1,6.911035779E-1
1.279415020E1,-2.299895287E-1,-5.082178116E-1,5.610864758E-1,7.912007082E-1
1.279914380E1,-1.611490250E-1,-5.984487534E-1,7.076086998E-1,9.406487074E-1
1.280404880E1,-1.101703644E-1,-6.558628082E-1,8.005532026E-1,1.040758840E0
1.280895380E1,-9.113454819E-2,-7.281703949E-1,8.851639628E-1,1.149805580E0
1.281388953E1,-4.184961319E-2,-7.699480057E-1,9.635660648E-1,1.234111374E0
1.281887213E1,-1.008272171E-2,-7.907495499E-1,9.947454929E-1,1.270789167E0
1.282386057E1,-2.697849274E-2,-7.882747650E-1,1.038415909E0,1.303998675E0
1.282884348E1,-6.135129929E-2,-7.529811859E-1,1.005774021E0,1.257905414E0
1.283382635E1,-1.034460068E-1,-6.919603348E-1,9.496408701E-1,1.179545660E0
1.283880921E1,-1.674556732E-1,-6.123390198E-1,8.626546860E-1,1.071061896E0
1.284379958E1,-2.581853867E-1,-4.902591705E-1,7.975949049E-1,9.711701089E-1
1.284878281E1,-3.155617714E-1,-3.949441910E-1,6.755957007E-1,8.437948189E-1
1.285376614E1,-3.563308716E-1,-2.952375412E-1,5.305269957E-1,7.039856454E-1
1.285874937E1,-3.805642128E-1,-2.150716782E-1,4.058673978E-1,5.965008729E-1
1.286374276E1,-3.955478668E-1,-1.760034561E-1,2.897373438E-1,5.209443923E-1
1.286872651E1,-4.059677124E-1,-1.444292068E-1,1.439985037E-1,4.543183337E-1
1.287371026E1,-4.478354454E-1,-1.013031006E-1,5.723845959E-2,4.627041664E-1
1.287869406E1,-4.780278206E-1,-6.333446503E-2,-9.466767311E-2,4.914100325E-1
1.288368776E1,-5.180420876E-1,-3.526878357E-2,-1.848227680E-1,5.511541954E-1
1.288867203E1,-5.773854256E-1,-2.956390381E-4,-2.894015908E-1,6.458539292E-1
1.289365630E1,-6.177344322E-1,1.291847229E-2,-4.010874331E-1,7.366368472E-1
1.289864057E1,-6.676807404E-1,2.601623535E-2,-4.815526605E-1,8.236306092E-1
1.290362135E1,-6.937828064E-1,4.376125336E-2,-5.258662105E-1,8.716564123E-1
1.290860546E1,-6.912178993E-1,6.861495972E-2,-5.696765184E-1,8.983437720E-1
1.291358958E1,-6.959376335E-1,6.707477570E-2,-6.271874905E-1,9.392509587E-1
1.291857364E1,-6.911044121E-1,8.944511414E-2,-6.721653342E-1,9.682107071E-1
1.292355895E1,-6.792397499E-1,5.670833588E-2,-7.189941406E-1,9.907245063E-1
1.292854312E1,-6.697306633E-1,-1.180839539E-2,-7.772455812E-1,1.026055210E0
1.293352724E1,-6.482706070E-1,-8.472442627E-3,-8.252742887E-1,1.049478067E0
1.293851140E1,-6.364779472E-1,-7.557868958E-3,-8.344430923E-1,1.049503012E0
1.294350484E1,-6.344289780E-1,-3.304386139E-2,-8.790410757E-1,1.084576064E0
1.294848942E1,-6.086740494E-1,-3.468036652E-2,-9.372327924E-1,1.118075191E0
1.295347406E1,-6.070408821E-1,-6.984043121E-2,-9.681591392E-1,1.144861755E0
1.295845869E1,-6.031055450E-1,-7.863903046E-2,-1.012505531E0,1.181138369E0
1.296343843E1,-6.088242531E-1,-1.065158844E-1,-1.024654388E0,1.196632450E0
1.296842281E1,-6.169486046E-1,-1.175165176E-1,-1.016462803E0,1.194835697E0
1.297340718E1,-5.962967873E-1,-1.044216156E-1,-1.026249886E0,1.191495934E0
1.297839156E1,-5.469336510E-1,-9.596633911E-2,-1.006102085E0,1.149168118E0
1.298337744E1,-4.880905151E-1,-1.065311432E-1,-9.345186353E-1,1.059672740E0
1.298836187E1,-4.652433395E-1,-1.122198105E-1,-8.810640574E-1,1.002655736E0
1.299334635E1,-4.258618355E-1,-1.274747849E-1,-8.194874525E-1,9.322916971E-1
1.299833078E1,-3.915219307E-1,-9.014225006E-2,-7.378728986E-1,8.401615689E-1
1.300334713E1,-3.718638420E-1,-6.491947174E-2,-6.220231056E-1,7.276056616E-1
1.300833323E1,-3.143615723E-1,-6.384086609E-2,-5.821783543E-1,6.647033101E-1
1.301331932E1,-2.789349556E-1,-4.392623901E-2,-4.773795605E-1,5.546399451E-1
1.301830536E1,-2.655868530E-1,-3.633975983E-2,-3.605861068E-1,4.493097985E-1
1.302324354E1,-2.408986092E-1,-5.111694336E-4,-2.607862353E-1,3.550237481E-1
1.302822724E1,-2.506709099E-1,6.328105927E-2,-1.802774668E-1,3.151830620E-1
1.303321088E1,-2.852649689E-1,8.088207245E-2,-1.167339683E-1,3.186609977E-1
1.303819458E1,-3.278155327E-1,9.543371201E-2,-8.705830574E-2,3.523489257E-1
1.304319140E1,-3.473544121E-1,3.267669678E-2,-8.674985170E-2,3.595113223E-1
1.304817572E1,-4.369034767E-1,-2.105855942E-2,-5.148059130E-2,4.404297471E-1
1.305316005E1,-5.604004860E-1,-6.810140610E-2,-6.737130880E-2,5.685291545E-1
1.305814437E1,-6.746330261E-1,-1.083898544E-1,-7.948839664E-2,6.878927865E-1
1.306312937E1,-8.607339859E-1,-1.274442673E-1,-7.574248314E-2,8.734082433E-1
1.306811375E1,-1.022626877E0,-1.393756866E-1,-6.791973114E-2,1.034313493E0
1.307309807E1,-1.162502766E0,-1.176862717E-1,-9.399574995E-2,1.172219237E0
1.307808244E1,-1.292245865E0,-7.430553436E-2,-9.894788265E-2,1.298156913E0
1.308306562E1,-1.375689507E0,-6.402540207E-2,-1.377727985E-1,1.384052822E0
1.308804989E1,-1.460692406E0,-7.003355026E-2,-2.007648349E-1,1.476087234E0
1.309303421E1,-1.482711792E0,-5.642700195E-2,-2.374715209E-1,1.502667957E0
1.309801848E1,-1.511069775E0,-1.835489273E-2,-3.099751472E-1,1.542644923E0
1.310300286E1,-1.502876282E0,1.534748077E-2,-3.703861237E-1,1.547920716E0
1.310798708E1,-1.518011570E0,2.074956894E-2,-5.023089647E-1,1.599094734E0
1.311297140E1,-1.542100430E0,2.420806885E-2,-5.835790038E-1,1.649007040E0
1.311795573E1,-1.544193745E0,1.719951630E-3,-6.883028746E-1,1.690650208E0
1.312294953E1,-1.555342674E0,-1.073741913E-2,-7.827599049E-1,1.741240706E0
1.312793432E1,-1.570595264E0,-6.324338913E-2,-8.356660604E-1,1.780198578E0
1.313291911E1,-1.611529350E0,-1.485939026E-1,-9.210294485E-1,1.862096195E0
1.313790385E1,-1.644415379E0,-2.259368896E-1,-9.886599779E-1,1.931993263E0
1.314289494E1,-1.647666454E0,-3.238883018E-1,-1.055087566E0,1.983158629E0
1.314788005E1,-1.659342766E0,-3.561487198E-1,-1.074795842E0,2.008842061E0
1.315286515E1,-1.665008068E0,-4.661879539E-1,-1.095479250E0,2.046865375E0
1.315785026E1,-1.659951687E0,-5.104279518E-1,-1.080861211E0,2.045540822E0
1.316282984E1,-1.632056236E0,-5.796813965E-1,-1.057207465E0,2.029119441E0
1.316781463E1,-1.574055672E0,-5.853343010E-1,-1.024353743E0,1.967121779E0
1.317279948E1,-1.495361805E0,-5.727596283E-1,-9.702959061E-1,1.872334015E0
1.317778427E1,-1.372242451E0,-5.827345848E-1,-9.020802975E-1,1.742520532E0
1.318276588E1,-1.202340603E0,-5.434818268E-1,-8.698146343E-1,1.580371133E0
1.318775046E1,-9.953713417E-1,-4.527635574E-1,-7.634961605E-1,1.333673623E0
1.319273515E1,-7.539319992E-1,-3.251199722E-1,-6.835622787E-1,1.068350993E0
1.319771979E1,-4.711480141E-1,-2.229847908E-1,-6.443568468E-1,8.287933483E-1
1.320273281E1,-1.689362526E-1,-1.728897095E-1,-6.194065809E-1,6.649021143E-1
1.320771885E1,1.354031563E-1,-1.010875702E-1,-6.328523159E-1,6.550227212E-1
1.321270494E1,3.864607811E-1,-1.986742020E-2,-6.941447854E-1,7.947223621E-1
1.321769104E1,5.887036324E-1,5.612134933E-2,-7.242398262E-1,9.350106408E-1
1.322264729E1,8.137555122E-1,4.779577255E-2,-6.565525532E-1,1.046682246E0
1.322763187E1,1.016015530E0,1.082830429E-1,-7.388567328E-1,1.260921110E0
1.323261651E1,1.140022755E0,1.987657547E-1,-6.227583289E-1,1.314149018E0
1.323760109E1,1.216958523E0,2.569470406E-1,-4.526974857E-1,1.323610532E0
1.324258348E1,1.232388973E0,3.424673080E-1,-2.940362692E-1,1.312449529E0
1.324756802E1,1.136401176E0,4.147453308E-1,-3.023809195E-2,1.210097379E0
1.325255244E1,1.063230038E0,4.140825272E-1,3.447753191E-1,1.191969997E0
1.325753692E1,1.125517368E0,3.383555412E-1,7.131670713E-1,1.374729461E0
1.326251291E1,1.170046806E0,1.469802856E-1,1.095801830E0,1.609780850E0
1.326749692E1,1.210960388E0,-8.831405640E-2,1.430202484E0,1.876087306E0
1.327248099E1,1.233964920E0,-3.555059433E-1,1.727459788E0,2.152480248E0
1.327746505E1,1.289280415E0,-7.454509735E-1,1.993939996E0,2.488722132E0
1.328246041E1,1.348381519E0,-1.135887146E0,2.202913284E0,2.821559723E0
1.328744500E1,1.447143078E0,-1.541128159E0,2.277786016E0,3.107669259E0
1.329242963E1,1.458702087E0,-1.875097275E0,2.398272514E0,3.375724015E0
1.329741421E1,1.459530354E0,-2.169052124E0,2.478514671E0,3.602506203E0
1.330239979E1,1.413733006E0,-2.432607651E0,2.499973059E0,3.763786164E0
1.330738437E1,1.342978477E0,-2.637003899E0,2.482651234E0,3.862762988E0
1.331236906E1,1.194817066E0,-2.841954231E0,2.477904558E0,3.955287938E0
1.331735374E1,1.027064323E0,-3.049598694E0,2.385722876E0,4.005819137E0
1.332232698E1,8.330717087E-1,-3.214139938E0,2.321069479E0,4.051181006E0
1.332731098E1,6.154294014E-1,-3.321162224E0,2.319843531E0,4.097626859E0
1.333229510E1,4.200878143E-1,-3.344079971E0,2.401208878E0,4.138254306E0
1.333727916E1,1.973571777E-1,-3.311303139E0,2.476377487E0,4.139580147E0
1.334227437E1,-1.662969589E-2,-3.177308559E0,2.552350044E0,4.075543765E0
1.334725895E1,-2.359318733E-1,-2.965944767E0,2.686126709E0,4.008462162E0
1.335224364E1,-4.531278610E-1,-2.660419464E0,2.767283916E0,3.865361155E0
1.335722822E1,-6.825194359E-1,-2.275195599E0,2.876853704E0,3.730768691E0
1.336220942E1,-9.121427536E-1,-1.848665237E0,2.914200783E0,3.569612551E0
1.336719390E1,-1.118040562E0,-1.380877018E0,2.893644571E0,3.395587569E0
1.337217833E1,-1.285970211E0,-9.221882820E-1,2.877328157E0,3.283773430E0
1.337716286E1,-1.406588554E0,-5.205712318E-1,2.788725138E0,3.166460747E0
1.338215531E1,-1.508821487E0,-1.856698990E-1,2.680682421E0,3.081732278E0
1.338714020E1,-1.576032162E0,1.112537384E-1,2.539495468E0,2.990868102E0
1.339212500E1,-1.567840576E0,3.509354591E-1,2.413210869E0,2.899114773E0
1.339710989E1,-1.554067612E0,4.973263741E-1,2.283237457E0,2.806355813E0
1.340220989E1,-1.518003941E0,5.456695557E-1,2.079714775E0,2.631977350E0
1.340724786E1,-1.517639637E0,5.460562706E-1,1.900223732E0,2.492440120E0
1.341224078E1,-1.469262123E0,5.128965378E-1,1.711433291E0,2.313179188E0
1.341723380E1,-1.372860432E0,3.697752953E-1,1.503884792E0,2.069577011E0
1.342213880E1,-1.298169613E0,2.219247818E-1,1.257015228E0,1.820599417E0
1.342704380E1,-1.209254265E0,9.799337387E-2,1.068149686E0,1.616428882E0
1.343199359E1,-1.132438183E0,-1.160907745E-2,9.085285664E-1,1.451886760E0
1.343697671E1,-1.082170963E0,-1.260442734E-1,7.546622753E-1,1.325328753E0
1.344197791E1,-1.013000965E0,-2.643728256E-1,5.782667398E-1,1.196016876E0
1.344696192E1,-9.299778938E-1,-3.094549179E-1,3.967804909E-1,1.057381666E0
1.345194588E1,-8.307218552E-1,-4.407052994E-1,1.959472895E-1,9.605807107E-1
1.345692984E1,-7.655692101E-1,-5.551786423E-1,4.880428314E-3,9.456972871E-1
1.346191526E1,-6.796331406E-1,-6.385660172E-1,-1.951651573E-1,9.527629310E-1
1.346689932E1,-5.727796555E-1,-7.075147629E-1,-3.827187419E-1,9.874853461E-1
1.347188338E1,-4.332141876E-1,-7.835664749E-1,-5.860770941E-1,1.070110888E0
1.347686744E1,-3.351683617E-1,-8.236484528E-1,-7.810550332E-1,1.183546184E0
1.348184546E1,-1.640300751E-1,-8.183860779E-1,-9.677484035E-1,1.277966592E0
1.348682921E1,-3.946542740E-2,-8.132429123E-1,-1.124547839E0,1.388354925E0
1.349181291E1,6.720495224E-2,-8.226156235E-1,-1.251563549E0,1.499207886E0
1.349679671E1,1.582980156E-1,-8.274335861E-1,-1.375244141E0,1.612761931E0
1.350178729E1,2.457151413E-1,-7.751617432E-1,-1.464617610E0,1.675218315E0
1.350677135E1,2.864532471E-1,-7.567348480E-1,-1.507904410E0,1.711279873E0
1.351175546E1,2.710652351E-1,-7.458276749E-1,-1.529426694E0,1.723044194E0
1.351673958E1,2.355127335E-1,-7.065725327E-1,-1.448017836E0,1.628332473E0
1.352173015E1,1.608004570E-1,-6.557292938E-1,-1.340664864E0,1.501072940E0
1.352671453E1,5.184459686E-2,-6.124830246E-1,-1.205569625E0,1.353226307E0
1.353169895E1,-7.416343689E-2,-5.431413651E-1,-1.047990680E0,1.182703354E0
1.353668338E1,-2.121901512E-1,-4.644289017E-1,-8.160338998E-1,9.626163257E-1
1.354166145E1,-3.403682709E-1,-3.929433823E-1,-5.772442818E-1,7.768307553E-1
1.354664557E1,-4.251723289E-1,-3.167438507E-1,-3.583770394E-1,6.399470905E-1
1.355162968E1,-4.929409027E-1,-2.550096512E-1,-9.284198284E-2,5.627079967E-1
1.355661375E1,-5.340795517E-1,-1.958093643E-1,1.494010687E-1,5.881351495E-1
1.356160286E1,-5.940470695E-1,-1.200494766E-1,3.967424631E-1,7.243675722E-1
1.356658724E1,-6.608648300E-1,-1.210670471E-1,5.746085644E-1,8.840670539E-1
1.357157151E1,-6.963391304E-1,-8.647060394E-2,7.521364689E-1,1.028627541E0
1.357655588E1,-7.650432587E-1,-1.922607422E-3,8.959107399E-1,1.178113296E0
1.358154661E1,-8.335466385E-1,6.310033798E-2,9.700632095E-1,1.280548430E0
1.358653125E1,-8.662052155E-1,1.085114479E-1,9.797730446E-1,1.312265761E0
1.359151588E1,-9.253206253E-1,1.797485352E-1,9.541171789E-1,1.341218620E0
1.359650057E1,-9.750881195E-1,2.193746567E-1,8.576356173E-1,1.316989344E0
1.360160057E1,-1.073153019E0,2.846999168E-1,6.908116341E-1,1.307643743E0
1.360664119E1,-1.161871910E0,3.400621414E-1,4.783233404E-1,1.301684222E0
1.361163406E1,-1.262734890E0,3.951497078E-1,2.925231457E-1,1.355069181E0
1.361662692E1,-1.330323219E0,4.428410530E-1,7.405447960E-2,1.404048479E0
1.362153192E1,-1.390842915E0,4.809498787E-1,-7.599234581E-2,1.473611766E0
1.362643692E1,-1.511293888E0,5.023574829E-1,-2.338008881E-1,1.609669255E0
1.363141468E1,-1.591253281E0,5.549335480E-1,-4.012498260E-1,1.732350908E0
1.363639885E1,-1.628369808E0,5.598239899E-1,-5.586417913E-1,1.810268428E0
1.364137224E1,-1.706220388E0,5.746498108E-1,-6.913104057E-1,1.928553991E0
1.364635583E1,-1.688380003E0,5.397181511E-1,-7.583153248E-1,1.927943165E0
1.365133942E1,-1.649172783E0,5.363621712E-1,-9.197363853E-1,1.963000322E0
1.365632302E1,-1.631740093E0,5.860085487E-1,-1.077351332E0,2.041241691E0
1.366130057E1,-1.564166546E0,5.595722198E-1,-1.195168495E0,2.046500863E0
1.366628390E1,-1.513389111E0,5.098052025E-1,-1.285070539E0,2.049793705E0
1.367126718E1,-1.426503181E0,4.297018051E-1,-1.337708235E0,2.002253303E0
1.367625052E1,-1.255928516E0,3.334364891E-1,-1.300767064E0,1.838622116E0
1.368124437E1,-1.068859100E0,2.160801888E-1,-1.212852001E0,1.630999816E0
1.368622822E1,-9.898853302E-1,1.443352699E-1,-1.050698996E0,1.450749467E0
1.369121208E1,-9.352340698E-1,1.012463570E-1,-8.389911652E-1,1.260483941E0
1.369619593E1,-9.046950340E-1,7.485342026E-2,-6.118462086E-1,1.094729155E0
1.370119343E1,-8.527183533E-1,2.451038361E-2,-4.387834668E-1,9.593019752E-1
1.370617796E1,-8.127417564E-1,-3.784894943E-2,-3.156780005E-1,8.727166239E-1
1.371116250E1,-7.990293503E-1,-1.194419861E-1,-1.597190499E-1,8.235438456E-1
1.371614703E1,-7.899866104E-1,-2.154846191E-1,-1.694691181E-2,8.190236038E-1
1.372112510E1,-7.878813744E-1,-2.756729126E-1,6.692951918E-2,8.373960684E-1
1.372610932E1,-8.238105774E-1,-3.000607491E-1,9.183490276E-2,8.815520234E-1
1.373109354E1,-8.593173027E-1,-2.981677055E-1,1.244013906E-1,9.180446140E-1
1.373607776E1,-9.228873253E-1,-2.627062798E-1,1.571007967E-1,9.723251848E-1
1.374105786E1,-9.999375343E-1,-2.629070282E-1,1.586968303E-1,1.046030526E0
1.374604182E1,-1.071166992E0,-2.172985077E-1,1.243030429E-1,1.100031187E0
1.375102583E1,-1.181949139E0,-1.641240120E-1,1.161336899E-1,1.198927642E0
1.375600984E1,-1.260236263E0,-1.772909164E-1,1.128927469E-1,1.277643252E0
1.376099156E1,-1.320328712E0,-1.538033485E-1,1.099215746E-1,1.333793886E0
1.376597546E1,-1.324081421E0,-1.272020340E-1,1.531740427E-1,1.338967608E0
1.377095937E1,-1.274006367E0,-1.214084625E-1,2.189840674E-1,1.298378319E0
1.377594328E1,-1.213311195E0,-1.435956955E-1,1.883665919E-1,1.236214283E0
1.378094374E1,-1.139802933E0,-1.699352264E-1,2.529649734E-1,1.179838965E0
1.378592843E1,-1.034426212E0,-2.482767105E-1,3.051929474E-1,1.106716607E0
1.379091317E1,-9.117007256E-1,-3.451662064E-1,3.332716525E-1,1.030246532E0
1.379589791E1,-7.790265083E-1,-4.965744019E-1,3.997410834E-1,1.006608847E0
1.380086916E1,-6.509733200E-1,-5.877923965E-1,4.498286843E-1,9.857038146E-1
1.380585323E1,-5.442805290E-1,-6.715030670E-1,5.028382540E-1,1.000001986E0
1.381083739E1,-4.638586044E-1,-7.621879578E-1,5.394054055E-1,1.042618568E0
1.381582151E1,-3.786201477E-1,-8.646507263E-1,5.737907887E-1,1.104631144E0
1.382080567E1,-2.671322823E-1,-9.119806290E-1,5.940674543E-1,1.120707127E0
1.382581265E1,-1.795163155E-1,-1.009372711E0,5.954861641E-1,1.185606659E0
1.383079796E1,-6.572198868E-2,-1.142561913E0,5.827879906E-1,1.284293170E0
1.383578322E1,2.643299103E-2,-1.201466560E0,5.227824450E-1,1.310542668E0
1.384076849E1,1.040377617E-1,-1.308208466E0,4.801532030E-1,1.397419172E0
1.384575833E1,1.981325150E-1,-1.386257172E0,4.333948493E-1,1.465877394E0
1.385074385E1,2.776565552E-1,-1.485835075E0,3.777025938E-1,1.558030257E0
1.385572937E1,3.521704674E-1,-1.580632210E0,3.537769616E-1,1.657582685E0
1.386071484E1,4.192605019E-1,-1.682636261E0,3.375148773E-1,1.766624026E0
1.386568625E1,4.598360062E-1,-1.810952187E0,2.953975201E-1,1.891628047E0
1.387067104E1,5.100650787E-1,-1.934274673E0,2.468257993E-1,2.015566390E0
1.387565588E1,5.866174698E-1,-2.040703773E0,2.633275986E-1,2.139610565E0
1.388064067E1,6.798086166E-1,-2.144668579E0,2.851305902E-1,2.267827710E0
1.388561312E1,7.584681511E-1,-2.255786896E0,3.145219982E-1,2.400577544E0
1.389059729E1,8.345665932E-1,-2.366881371E0,3.921363354E-1,2.540157422E0
1.389558145E1,9.272580147E-1,-2.470767975E0,4.341430664E-1,2.674505938E0
1.390056567E1,1.007692814E0,-2.589072227E0,5.193401575E-1,2.826385325E0
1.390555474E1,1.087929726E0,-2.716935158E0,5.853394270E-1,2.984618901E0
1.391053916E1,1.117602348E0,-2.758801460E0,6.295575500E-1,3.042427191E0
1.391552359E1,1.190026760E0,-2.815206528E0,6.734521389E-1,3.129710732E0
1.392050802E1,1.206923962E0,-2.833649635E0,7.289109826E-1,3.165050857E0
1.392549442E1,1.170656204E0,-2.749674797E0,7.599909306E-1,3.083623462E0
1.393047895E1,1.086008549E0,-2.675832748E0,8.477478623E-1,3.009679701E0
1.393546349E1,9.769830704E-1,-2.518824577E0,9.919034243E-1,2.877993324E0
1.394044802E1,8.365507126E-1,-2.388663292E0,1.137012601E0,2.774585928E0
1.394543140E1,7.102599144E-1,-2.263731956E0,1.283057332E0,2.697255574E0
1.395041593E1,5.767841339E-1,-2.167781830E0,1.494375348E0,2.695387853E0
1.395540036E1,4.649991989E-1,-2.103044510E0,1.629683375E0,2.700905102E0
1.396038484E1,3.630108833E-1,-2.062232971E0,1.736594319E0,2.720356881E0
1.396537500E1,3.139457703E-1,-2.069162369E0,1.817767382E0,2.772052148E0
1.397035979E1,2.796096802E-1,-1.992163658E0,1.882875204E0,2.755379583E0
1.397534453E1,2.215590477E-1,-1.843404770E0,1.900834441E0,2.657141534E0
1.398032927E1,1.136131287E-1,-1.646816254E0,1.957566619E0,2.560659834E0
1.398530765E1,-3.471374512E-3,-1.352210999E0,1.952657700E0,2.375154464E0
1.399029208E1,-1.439700127E-1,-1.052927971E0,1.948235154E0,2.219235204E0
1.399527651E1,-3.031172752E-1,-7.155265808E-1,1.992101312E0,2.138299793E0
1.400026093E1,-4.760999680E-1,-3.639621735E-1,1.964676976E0,2.054043637E0
1.400525500E1,-5.983204842E-1,-2.694129944E-2,1.949853063E0,2.039764742E0
1.401023989E1,-7.224655151E-1,3.027124405E-1,1.892683029E0,2.048375037E0
1.401522479E1,-8.127808571E-1,6.249256134E-1,1.833950520E0,2.101075737E0
1.402020974E1,-8.883919716E-1,8.799529076E-1,1.783191919E0,2.177918923E0
1.402520312E1,-9.372587204E-1,1.070330143E0,1.659050107E0,2.185522313E0
1.403018848E1,-9.308748245E-1,1.231898785E0,1.528645158E0,2.172753684E0
1.403517385E1,-8.574700356E-1,1.304827690E0,1.408912063E0,2.103060475E0
1.404015916E1,-7.938189507E-1,1.363232136E0,1.278793931E0,2.030729992E0
1.404512682E1,-7.210693359E-1,1.337591648E0,1.079181552E0,1.863793236E0
1.405011130E1,-6.680574417E-1,1.287704945E0,8.867990971E-1,1.700263923E0
1.405509573E1,-6.205744743E-1,1.184804440E0,7.447739840E-1,1.530869859E0
1.406008026E1,-5.571403503E-1,1.110228062E0,6.386805773E-1,1.396755025E0
1.406507859E1,-5.471553802E-1,1.073484898E0,5.207573771E-1,1.312606979E0
1.407006374E1,-5.354509354E-1,1.038728714E0,4.273073077E-1,1.244289589E0
1.407504890E1,-5.078067780E-1,1.027402401E0,3.656644523E-1,1.202968790E0
1.408003406E1,-4.429054260E-1,9.771919250E-1,2.569541335E-1,1.103220151E0
1.408510265E1,-4.172983170E-1,9.264178276E-1,1.562376469E-1,1.028006848E0
1.409009198E1,-3.784174919E-1,8.511228561E-1,6.890442222E-2,9.340009282E-1
1.409508130E1,-3.166537285E-1,7.824668884E-1,-6.723556668E-2,8.467848822E-1
1.410007062E1,-2.536473274E-1,6.845216751E-1,-2.016964853E-1,7.573561663E-1
1.410497562E1,-1.415653229E-1,5.549426079E-1,-3.151742518E-1,6.537100639E-1
1.410993484E1,-3.562879562E-2,4.080147743E-1,-4.605146348E-1,6.162947315E-1
1.411491864E1,7.126951218E-2,2.317552567E-1,-5.108631253E-1,5.654829575E-1
1.411990244E1,1.505045891E-1,7.645893097E-2,-5.214102268E-1,5.480567709E-1
1.412488135E1,2.233819962E-1,-1.024436951E-2,-4.828818440E-1,5.321459749E-1
1.412986494E1,2.875080109E-1,-1.193208694E-1,-3.979969621E-1,5.052721128E-1
1.413484849E1,3.093004227E-1,-1.838760376E-1,-2.623249292E-1,4.452993568E-1
1.413983208E1,3.079028130E-1,-2.661762238E-1,-1.026361734E-1,4.197476723E-1
1.414482724E1,2.545318604E-1,-2.945537567E-1,7.344504446E-2,3.961597633E-1
1.414981135E1,1.853718758E-1,-3.526239395E-1,2.774532437E-1,4.854757229E-1
1.415479546E1,1.075930595E-1,-4.308176041E-1,4.394984841E-1,6.247711517E-1
1.415977963E1,-5.269193649E-2,-5.074558258E-1,5.805511475E-1,7.728696463E-1
1.416476281E1,-2.354483604E-1,-5.681114197E-1,7.073998451E-1,9.373372160E-1
1.416974692E1,-4.549026489E-1,-5.864572525E-1,8.413887024E-1,1.121964116E0
1.417473104E1,-6.603336334E-1,-5.598678589E-1,9.509706497E-1,1.286016214E0
1.417971510E1,-8.753881454E-1,-5.288810730E-1,1.033539176E0,1.454036734E0
1.418470421E1,-1.095140934E0,-5.173473358E-1,1.036088705E0,1.593882598E0
1.418968859E1,-1.333517551E0,-4.149875641E-1,1.044739246E0,1.744122654E0
1.419467296E1,-1.528009415E0,-3.604192734E-1,1.078303814E0,1.904587603E0
1.419965729E1,-1.712000608E0,-2.722024918E-1,1.019795418E0,2.011224248E0
1.420466062E1,-1.950123549E0,-1.432704926E-1,9.123699665E-1,2.157759774E0
1.420964593E1,-2.177232504E0,-3.311252594E-2,7.804918289E-1,2.313137547E0
1.421463125E1,-2.333235502E0,1.111049652E-1,6.529438496E-1,2.425421178E0
1.421961656E1,-2.429865599E0,1.652045250E-1,5.013495684E-1,2.486541927E0
1.422457682E1,-2.498308182E0,2.799348831E-1,3.097104132E-1,2.532948450E0
1.422956083E1,-2.541101456E0,4.097027779E-1,7.828462124E-2,2.575108047E0
1.423454489E1,-2.558234215E0,5.139060020E-1,-1.250713766E-1,2.612336986E0
1.423952895E1,-2.535468102E0,5.925540924E-1,-2.926328182E-1,2.620181828E0
1.424451895E1,-2.530582905E0,6.526274681E-1,-4.648802578E-1,2.654408805E0
1.424950328E1,-2.507637262E0,7.707633972E-1,-6.147602797E-1,2.694485304E0
1.425448770E1,-2.471679926E0,8.511357307E-1,-7.775350809E-1,2.727305353E0
1.425947203E1,-2.398942232E0,8.746128082E-1,-9.697005749E-1,2.731334949E0
1.426445328E1,-2.356666803E0,8.865680695E-1,-1.136025310E0,2.762324179E0
1.426943750E1,-2.323319674E0,8.702936172E-1,-1.252552748E0,2.779228971E0
1.427442166E1,-2.287039995E0,8.736019135E-1,-1.352785349E0,2.797098576E0
1.427940588E1,-2.252644777E0,8.510661125E-1,-1.438849688E0,2.805175653E0
1.428446760E1,-2.162932158E0,8.623528481E-1,-1.501539707E0,2.770658666E0
1.428945573E1,-2.151908636E0,8.310184479E-1,-1.616331100E0,2.816705285E0
1.429444380E1,-2.135921240E0,7.881040573E-1,-1.642329693E0,2.807225386E0
1.429943192E1,-2.114795446E0,7.337899208E-1,-1.703888178E0,2.813190778E0
1.430433760E1,-2.062052965E0,6.778845787E-1,-1.754885912E0,2.791274708E0
1.430932156E1,-2.011254072E0,6.274876595E-1,-1.767199993E0,2.749887183E0
1.431430557E1,-1.900286913E0,5.706300735E-1,-1.778955698E0,2.664843787E0
1.431928953E1,-1.800843477E0,4.762902260E-1,-1.747471809E0,2.554123594E0
1.432427718E1,-1.698541641E0,3.540835381E-1,-1.670571327E0,2.408573731E0
1.432926135E1,-1.595764637E0,2.614307404E-1,-1.574766159E0,2.257144050E0
1.433424546E1,-1.473536968E0,2.292327881E-1,-1.426912785E0,2.063961958E0
1.433922963E1,-1.355893135E0,2.119169235E-1,-1.284447670E0,1.879670395E0
1.434421713E1,-1.233419418E0,1.638889313E-1,-1.133248329E0,1.682983903E0
1.434920145E1,-1.144402504E0,1.090288162E-1,-9.522514343E-1,1.492758242E0
1.435418578E1,-1.019585133E0,4.484272003E-2,-8.085885644E-1,1.302067655E0
1.435917010E1,-9.164280891E-1,-4.791736603E-3,-6.546075344E-1,1.126221305E0
1.436415401E1,-8.205394745E-1,-6.145191193E-2,-5.026651621E-1,9.642269608E-1
1.436913828E1,-7.583246231E-1,-1.156535149E-1,-3.695880771E-1,8.514853588E-1
1.437412260E1,-6.986918449E-1,-1.531195641E-1,-2.341598272E-1,7.526265473E-1
1.437910692E1,-6.463251114E-1,-1.786074638E-1,-8.700656891E-2,6.761707763E-1
1.438409573E1,-5.964612961E-1,-1.706542969E-1,4.717707634E-3,6.204121401E-1
1.438908026E1,-5.755238533E-1,-1.628932953E-1,1.269295812E-1,6.114515925E-1
1.439406479E1,-5.308365822E-1,-1.792535782E-1,2.314186096E-1,6.061962514E-1
1.439904932E1,-4.934520721E-1,-1.838321686E-1,3.083092570E-1,6.101998129E-1
1.440403020E1,-4.897856712E-1,-1.672048569E-1,3.620762825E-1,6.316222782E-1
1.440901458E1,-5.054726601E-1,-1.342592239E-1,3.181205392E-1,6.121509836E-1
1.441399890E1,-5.666527748E-1,-1.280145645E-1,2.789304256E-1,6.444263172E-1
1.441898323E1,-6.587672234E-1,-1.435947418E-1,1.915479302E-1,7.009167668E-1
1.442397458E1,-7.670693398E-1,-1.185331345E-1,4.665011168E-2,7.775742465E-1
1.442895927E1,-8.674001694E-1,-6.228351593E-2,-9.579879045E-2,8.748941070E-1
1.443394401E1,-9.571514130E-1,-4.882431030E-2,-2.282994390E-1,9.852122992E-1
1.443892864E1,-1.074485302E0,2.005290985E-2,-3.791500330E-1,1.139594459E0
1.444390119E1,-1.190540791E0,7.026100159E-2,-4.835364819E-1,1.286907732E0
1.444888526E1,-1.290606022E0,1.379790306E-1,-5.842126608E-1,1.423378569E0
1.445386937E1,-1.367496490E0,2.089209557E-1,-6.495311856E-1,1.528262209E0
1.445885348E1,-1.382824421E0,2.832126617E-1,-6.768991351E-1,1.565440906E0
1.446384718E1,-1.305640697E0,2.962975502E-1,-7.448249459E-1,1.532075086E0
1.446883171E1,-1.205599785E0,3.007822037E-1,-8.217127323E-1,1.489682043E0
1.447381630E1,-1.116378784E0,2.918047905E-1,-8.929636478E-1,1.459053015E0
1.447880088E1,-1.004583359E0,2.933063507E-1,-9.628036022E-1,1.422043289E0
1.448378317E1,-8.416128159E-1,2.622485161E-1,-9.877874851E-1,1.323937511E0
1.448876765E1,-7.090563774E-1,2.344059944E-1,-1.020440221E0,1.264517837E0
1.449375208E1,-5.711765289E-1,2.168669701E-1,-1.041425467E0,1.207410830E0
1.449873656E1,-4.185442924E-1,1.665358543E-1,-1.026557565E0,1.121041457E0
1.450371651E1,-2.440524101E-1,1.527709961E-1,-1.033248663E0,1.072615195E0
1.450870072E1,-3.109645844E-2,1.061277390E-1,-1.015925646E0,1.021927103E0
1.451368500E1,1.698589325E-1,8.152580261E-2,-9.601804018E-1,9.784911433E-1
1.451866921E1,3.825674057E-1,2.620124817E-2,-9.474619627E-1,1.022119609E0
1.452366177E1,6.355071068E-1,-7.374763489E-3,-8.895071745E-1,1.093227645E0
1.452864640E1,8.327884674E-1,-2.179145813E-2,-8.297144771E-1,1.175771071E0
1.453363104E1,9.887557030E-1,-4.588317871E-2,-7.541939020E-1,1.244408112E0
1.453861573E1,1.129636765E0,-3.681278229E-2,-6.471387148E-1,1.302391230E0
1.454360343E1,1.193399906E0,-1.134681702E-2,-5.377542973E-1,1.309011753E0
1.454858823E1,1.261418343E0,6.153202057E-2,-4.454168677E-1,1.339163400E0
1.455357307E1,1.326621532E0,9.091091156E-2,-4.183470607E-1,1.393988432E0
1.455855786E1,1.355664730E0,1.510438919E-1,-3.967854381E-1,1.420591356E0
1.456354239E1,1.410734177E0,2.083749771E-1,-4.000372291E-1,1.481087719E0
1.456852718E1,1.448847294E0,2.486076355E-1,-3.922834992E-1,1.521463303E0
1.457351198E1,1.486747742E0,2.717294693E-1,-4.167676568E-1,1.567785391E0
1.457849677E1,1.555716991E0,2.587499619E-1,-4.735043049E-1,1.646636944E0
1.458349812E1,1.636651993E0,2.001714706E-1,-4.980120659E-1,1.722415275E0
1.458848375E1,1.714900494E0,1.533079147E-1,-5.450271368E-1,1.805946178E0
1.459346937E1,1.776181221E0,6.082344055E-2,-5.880143642E-1,1.871972252E0
1.459845494E1,1.856382847E0,-6.286239624E-2,-6.005735397E-1,1.952126413E0
1.460340953E1,1.936185837E0,-2.177667618E-1,-5.992004871E-1,2.038450191E0
1.460839348E1,1.972776413E0,-4.299993515E-1,-5.766000748E-1,2.099812816E0
1.461337750E1,2.011390686E0,-6.684827805E-1,-5.203815699E-1,2.182512016E0
1.461836151E1,2.068852901E0,-8.709421158E-1,-4.854795933E-1,2.296602476E0
1.462336807E1,2.145162106E0,-1.149791718E0,-4.192375541E-1,2.469716903E0
1.462835323E1,2.237736702E0,-1.392620087E0,-3.621776700E-1,2.660456524E0
1.463333833E1,2.310627460E0,-1.649661064E0,-3.138697743E-1,2.856377973E0
1.463832348E1,2.435548306E0,-1.920913696E0,-2.455577254E-1,3.111607876E0
1.464329885E1,2.550205231E0,-2.184861183E0,-2.145949602E-1,3.364998678E0
1.464828354E1,2.625958443E0,-2.460612297E0,-1.587585211E-1,3.602148649E0
1.465326817E1,2.672313213E0,-2.705204010E0,-1.093943119E-1,3.804123258E0
1.465825276E1,2.670278072E0,-2.944927216E0,-3.785419464E-2,3.975476604E0
1.466324031E1,2.643972874E0,-3.093605995E0,2.003169060E-2,4.069569004E0
1.466822510E1,2.634205341E0,-3.160830498E0,1.002535820E-1,4.115815593E0
1.467320989E1,2.629219532E0,-3.163329124E0,1.811779737E-1,4.117313682E0
1.467819463E1,2.612123966E0,-3.077365875E0,2.579339743E-1,4.044737603E0
1.468318437E1,2.559223175E0,-2.974703789E0,2.824976444E-1,3.934245901E0
1.468816942E1,2.479967594E0,-2.747838974E0,2.837039232E-1,3.712323560E0
1.469315442E1,2.388815403E0,-2.482959747E0,2.807722092E-1,3.456929442E0
1.469813948E1,2.257115364E0,-2.170542717E0,2.664757967E-1,3.142743197E0
1.470312343E1,2.116100311E0,-1.791522026E0,3.121522665E-1,2.790138121E0
1.470810838E1,1.960932255E0,-1.389062881E0,4.200893641E-1,2.439513491E0
1.471309338E1,1.779570103E0,-9.489269257E-1,5.470130444E-1,2.089630429E0
1.471807838E1,1.559933186E0,-4.545335770E-1,7.429172993E-1,1.786594086E0
1.472304948E1,1.373846531E0,1.989364624E-2,9.451684952E-1,1.667691078E0
1.472803369E1,1.257082939E0,3.834543228E-1,1.167833447E0,1.758160884E0
1.473301796E1,1.156858444E0,6.864042282E-1,1.329204202E0,1.891099160E0
1.473800224E1,1.108815193E0,8.473849297E-1,1.510474801E0,2.056469420E0
1.474299369E1,1.107889652E0,9.190506935E-1,1.687581062E0,2.218108090E0
1.474797833E1,1.108108997E0,9.586257935E-1,1.807804465E0,2.327020831E0
1.475296296E1,1.068520069E0,9.396977425E-1,1.835413933E0,2.322393440E0
1.475794760E1,1.101524830E0,8.192787170E-1,1.727467299E0,2.206517128E0
1.476293453E1,9.723100662E-1,7.049026489E-1,1.749650598E0,2.122157351E0
1.476791932E1,8.725934029E-1,6.038951874E-1,1.825579643E0,2.111598844E0
1.477290406E1,8.146657944E-1,6.001567841E-1,1.577557921E0,1.874181826E0
1.477788874E1,6.766858101E-1,5.645313263E-1,1.417317867E0,1.668948544E0
1.478288135E1,6.165933609E-1,5.210666656E-1,1.211476207E0,1.455806458E0
1.478786645E1,5.987644196E-1,4.843473434E-1,9.173885584E-1,1.197795035E0
1.479285161E1,5.920867920E-1,4.687652588E-1,6.669430733E-1,1.007531985E0
1.479783677E1,6.421213150E-1,4.696407318E-1,3.456892967E-1,8.674003055E-1
1.480281328E1,7.321748734E-1,4.631519318E-1,1.861691475E-3,8.663678335E-1
1.480779796E1,8.908128738E-1,5.162496567E-1,-3.427657485E-1,1.085149595E0
1.481278265E1,1.041340828E0,6.001768112E-1,-6.973431110E-1,1.389564802E0
1.481776739E1,1.157243252E0,6.598024368E-1,-9.899215698E-1,1.659667411E0
1.482275036E1,1.269537926E0,7.262172699E-1,-1.265733242E0,1.934217854E0
1.482773494E1,1.354212284E0,7.826089859E-1,-1.488936424E0,2.159467391E0
1.483271958E1,1.399259567E0,8.170256615E-1,-1.678422451E0,2.332929530E0
1.483770416E1,1.455189705E0,8.535113335E-1,-1.781752110E0,2.453711322E0
1.484269239E1,1.488178253E0,8.894572258E-1,-1.794369936E0,2.495109644E0
1.484767718E1,1.419101238E0,9.414558411E-1,-1.737864017E0,2.433178737E0
1.485266198E1,1.303192139E0,1.028633118E0,-1.588607550E0,2.297840244E0
1.485764682E1,1.126149178E0,1.105467796E0,-1.365950584E0,2.087125300E0
1.486262937E1,9.480080605E-1,1.152876854E0,-1.034484029E0,1.816040068E0
1.486761411E1,7.737975121E-1,1.144636631E0,-6.953745484E-1,1.546771272E0
1.487259875E1,5.892400742E-1,1.061645985E0,-2.846114039E-1,1.247116559E0
1.487758343E1,4.302811623E-1,9.876799583E-1,6.589579582E-2,1.079349728E0
1.488256708E1,2.517318726E-1,8.797736168E-1,4.202708006E-1,1.006974726E0
1.488755171E1,1.135540009E-1,7.858443260E-1,7.877477407E-1,1.118477679E0
1.489253635E1,-5.645275116E-3,7.346243858E-1,1.074653506E0,1.301762273E0
1.489752099E1,-7.224655151E-2,6.687130928E-1,1.337975979E0,1.497523450E0
1.490250567E1,-1.342043877E-1,6.430768967E-1,1.508246303E0,1.645103529E0
1.490749031E1,-1.866030693E-1,6.074957848E-1,1.616320968E0,1.736768639E0
1.491247494E1,-2.222599983E-1,5.906791687E-1,1.645431876E0,1.762313095E0
1.491745958E1,-2.580757141E-1,5.734000206E-1,1.581412077E0,1.701838657E0
1.492244708E1,-2.656106949E-1,5.985651016E-1,1.460429430E0,1.600525958E0
1.492743187E1,-2.614560127E-1,5.993084908E-1,1.273289442E0,1.431361561E0
1.493241666E1,-2.815761566E-1,6.019454002E-1,1.051460505E0,1.243861966E0
1.493740145E1,-2.829699516E-1,6.064805984E-1,8.050506115E-1,1.046898847E0
1.494237942E1,-3.157472610E-1,6.129951477E-1,5.963271856E-1,9.116279374E-1
1.494736385E1,-3.848180771E-1,6.238069534E-1,3.658195734E-1,8.191727705E-1
1.495234833E1,-4.900665283E-1,6.700778008E-1,1.976054907E-1,8.533565440E-1
1.495733276E1,-5.881104469E-1,7.137026787E-1,8.933019638E-2,9.290991849E-1
1.496232958E1,-6.575727463E-1,7.378888130E-1,2.915978432E-3,9.883776201E-1
1.496731468E1,-6.887402534E-1,7.500047684E-1,-4.928678274E-2,1.019460385E0
1.497229968E1,-6.862802505E-1,7.239022255E-1,-1.172631383E-1,1.004373266E0
1.497728474E1,-6.455488205E-1,6.691474915E-1,-1.052085757E-1,9.357138929E-1
1.498226411E1,-5.403618813E-1,5.570282936E-1,-1.065322757E-1,7.833393954E-1
1.498724885E1,-3.949151039E-1,3.994383812E-1,-9.726530313E-2,5.700609607E-1
1.499223364E1,-3.004727364E-1,2.846779823E-1,-8.451062441E-2,4.224540976E-1
1.499721843E1,-1.832847595E-1,2.052145004E-1,-4.670852423E-2,2.790841817E-1
1.500231843E1,-1.448192596E-1,9.575080872E-2,-9.955883026E-3,1.738963914E-1
1.500741843E1,-1.508803368E-1,-1.695919037E-2,4.738640785E-2,1.590533301E-1
1.501250083E1,-1.822996140E-1,-9.712409973E-2,3.890109062E-2,2.101892834E-1
1.501750052E1,-2.527790070E-1,-1.444253922E-1,-7.398766279E-2,3.003832460E-1
1.502240552E1,-3.525090218E-1,-2.162265778E-1,-1.576666832E-1,4.425780455E-1
1.502731052E1,-4.819064140E-1,-2.817583084E-1,-2.648259997E-1,6.178627245E-1
1.503221552E1,-6.788024902E-1,-3.671088219E-1,-3.861805201E-1,8.629467550E-1
1.503713328E1,-8.497056961E-1,-4.506344795E-1,-5.073528290E-1,1.087418088E0
1.504208614E1,-9.872045517E-1,-5.154471397E-1,-5.855983496E-1,1.258246402E0
1.504707546E1,-1.122026920E0,-5.900206566E-1,-6.166075468E-1,1.409706938E0
1.505206479E1,-1.287303448E0,-6.645445824E-1,-5.911719799E-1,1.564689739E0
1.505705416E1,-1.494627953E0,-6.717929840E-1,-5.522866249E-1,1.729230767E0
1.506202380E1,-1.686040401E0,-7.095098495E-1,-4.381300211E-1,1.880982291E0
1.506701213E1,-1.787484646E0,-7.848472595E-1,-2.990381718E-1,1.974970989E0
1.507200052E1,-1.901707172E0,-8.401808739E-1,-1.492703557E-1,2.084388570E0
1.507698885E1,-1.935417175E0,-9.017996788E-1,4.940730333E-2,2.135772316E0
1.508196427E1,-2.032315254E0,-9.100103378E-1,2.345950603E-1,2.239075468E0
1.508695192E1,-2.087315559E0,-8.961215019E-1,4.038167596E-1,2.307160152E0
1.509193963E1,-2.155545235E0,-8.506574631E-1,5.139068961E-1,2.373624586E0
1.509692734E1,-2.241919279E0,-8.359508514E-1,6.771904826E-1,2.486685109E0
1.510189765E1,-2.339317083E0,-7.970290184E-1,7.452779412E-1,2.581297907E0
1.510688448E1,-2.445469141E0,-8.057522774E-1,7.518270016E-1,2.682312415E0
1.511187130E1,-2.526979685E0,-8.740420341E-1,7.547169924E-1,2.778340070E0
1.511685812E1,-2.612630606E0,-9.277000427E-1,7.303674221E-1,2.867037255E0
1.512183932E1,-2.671299219E0,-1.016866207E0,6.649882197E-1,2.934632129E0
1.512682588E1,-2.714882612E0,-1.122196674E0,6.358267665E-1,3.005692707E0
1.513181239E1,-2.781751394E0,-1.231733322E0,5.882253647E-1,3.098599180E0
1.513679895E1,-2.792953730E0,-1.342926502E0,5.256230831E-1,3.143297910E0
1.514177864E1,-2.798776388E0,-1.441328049E0,4.606710076E-1,3.181633793E0
1.514676484E1,-2.811109781E0,-1.579473495E0,3.982318640E-1,3.248948036E0
1.515175104E1,-2.832331896E0,-1.649670601E0,3.193132877E-1,3.293247339E0
1.515673724E1,-2.850394487E0,-1.780996323E0,2.387111187E-1,3.369522167E0
1.516171895E1,-2.810098886E0,-1.944490433E0,1.134002209E-1,3.419145859E0
1.516670494E1,-2.795153379E0,-2.085080147E0,6.715655327E-4,3.487182542E0
1.517169093E1,-2.776595831E0,-2.166759014E0,-7.350939512E-2,3.522745047E0
1.517667687E1,-2.754469156E0,-2.285336018E0,-8.809453249E-2,3.580170623E0
1.518166312E1,-2.735913992E0,-2.340293407E0,-8.615505695E-2,3.601336043E0
1.518664911E1,-2.737646341E0,-2.377136707E0,-5.816918612E-2,3.626137073E0
1.519163510E1,-2.757132292E0,-2.391063690E0,4.557871819E-2,3.649800195E0
1.519662109E1,-2.760581732E0,-2.427339077E0,1.790704727E-1,3.680333236E0
1.520157734E1,-2.735977411E0,-2.416587353E0,3.153656125E-1,3.664003589E0
1.520656198E1,-2.716881037E0,-2.447381973E0,4.592665434E-1,3.685382863E0
1.521154677E1,-2.688976526E0,-2.474318504E0,6.008006334E-1,3.703215930E0
1.521653151E1,-2.635504007E0,-2.483037472E0,7.541935444E-1,3.698670621E0
1.522151619E1,-2.566111326E0,-2.569261551E0,8.309013247E-1,3.725107954E0
1.522650833E1,-2.492771626E0,-2.634871483E0,8.571584821E-1,3.727087170E0
1.523149343E1,-2.415569305E0,-2.684747696E0,8.521661162E-1,3.710664678E0
1.523647854E1,-2.317753315E0,-2.742819786E0,8.971868753E-1,3.701349092E0
1.524146364E1,-2.204144001E0,-2.828245163E0,8.962618709E-1,3.696012286E0
1.524647807E1,-2.081981182E0,-2.847742558E0,8.737761974E-1,3.634249325E0
1.525146468E1,-1.977683067E0,-2.861300468E0,8.581720591E-1,3.582559137E0
1.525645125E1,-1.864912510E0,-2.864121914E0,8.592463136E-1,3.524116518E0
1.526143786E1,-1.794047832E0,-2.865929127E0,8.650542498E-1,3.490053902E0
1.526638734E1,-1.676599979E0,-2.840473175E0,8.563097119E-1,3.407717957E0
1.527137208E1,-1.579454422E0,-2.806781292E0,8.885673285E-1,3.340995269E0
1.527635687E1,-1.457427979E0,-2.824903011E0,9.019209146E-1,3.304184419E0
1.528134161E1,-1.317761421E0,-2.823068142E0,8.631336689E-1,3.232832911E0
1.528633734E1,-1.191578388E0,-2.810905933E0,8.486704826E-1,3.168799901E0
1.529132265E1,-1.055049896E0,-2.829189777E0,8.678516150E-1,3.141752935E0
1.529630796E1,-8.890495300E-1,-2.899409771E0,8.871330023E-1,3.159745409E0
1.530129328E1,-7.510724068E-1,-2.952216148E0,8.947224617E-1,3.174935941E0
1.530627479E1,-6.149377823E-1,-2.961490154E0,8.855429888E-1,3.151627959E0
1.531125989E1,-5.285048485E-1,-2.960794926E0,8.692810535E-1,3.130698567E0
1.531624500E1,-4.343123436E-1,-2.919076443E0,9.029512405E-1,3.086252652E0
1.532123010E1,-3.491377831E-1,-2.860339642E0,9.527355433E-1,3.034986832E0
1.532623744E1,-2.920708656E-1,-2.765458107E0,1.011373878E0,2.959043942E0
1.533122364E1,-2.655701637E-1,-2.617859840E0,1.113743544E0,2.857296333E0
1.533620989E1,-2.529654503E-1,-2.448780060E0,1.233295798E0,2.753458521E0
1.534119614E1,-3.450632095E-1,-2.219962597E0,1.328888535E0,2.610219778E0
1.534613859E1,-4.510898590E-1,-1.941230774E0,1.402350307E0,2.436892562E0
1.535112260E1,-5.585231781E-1,-1.631335258E0,1.523184419E0,2.300715897E0
1.535610666E1,-7.033619881E-1,-1.299999237E0,1.652586460E0,2.217150899E0
1.536109067E1,-8.209228516E-1,-9.782814980E-1,1.711562395E0,2.135508101E0
1.536610265E1,-9.061865807E-1,-6.564064026E-1,1.764836669E0,2.089663119E0
1.537108807E1,-9.785189629E-1,-3.608331680E-1,1.750543237E0,2.037670621E0
1.537607354E1,-1.037662029E0,-1.009058952E-1,1.718963027E0,2.010412489E0
1.538105895E1,-1.050123692E0,2.190732956E-1,1.648821354E0,1.967070089E0
1.538604578E1,-1.044780731E0,5.486993790E-1,1.554674864E0,1.951832912E0
1.539103130E1,-1.026628017E0,8.495435715E-1,1.412915707E0,1.942168932E0
1.539601677E1,-9.740328789E-1,1.100192547E0,1.250020385E0,1.929174604E0
1.540100229E1,-8.561677933E-1,1.348357201E0,1.039883971E0,1.905898503E0
1.540597744E1,-6.424117088E-1,1.524423599E0,8.333541155E-1,1.852306453E0
1.541096244E1,-3.641815186E-1,1.635508060E0,5.374589562E-1,1.759652501E0
1.541594739E1,-7.949542999E-2,1.729146481E0,2.292684019E-1,1.746090225E0
1.542093239E1,2.278156281E-1,1.747610092E0,-4.539254308E-2,1.762980850E0
1.542590812E1,6.096162796E-1,1.735985279E0,-3.649319410E-1,1.875753774E0
1.543089260E1,9.673609734E-1,1.715609074E0,-7.311693430E-1,2.100883232E0
1.543587713E1,1.352866650E0,1.659688473E0,-1.088855267E0,2.402169809E0
1.544086166E1,1.689002037E0,1.520110607E0,-1.318357229E0,2.627076307E0
1.544584817E1,1.965931416E0,1.394859314E0,-1.563119411E0,2.872953381E0
1.545083276E1,2.190368652E0,1.240595341E0,-1.755681515E0,3.069073022E0
1.545581739E1,2.338273525E0,1.124236107E0,-1.929351449E0,3.233237838E0
1.546080198E1,2.366476536E0,9.858622551E-1,-2.131565094E0,3.334022395E0
1.546577838E1,2.239140034E0,8.087210655E-1,-2.271176100E0,3.290291587E0
1.547076260E1,2.078880310E0,6.577343941E-1,-2.353169441E0,3.208077975E0
1.547574682E1,1.855161667E0,4.805951118E-1,-2.348941803E0,3.031521741E0
1.548073099E1,1.664346218E0,3.375377655E-1,-2.294306278E0,2.854438890E0
1.548573619E1,1.463801384E0,1.713962555E-1,-2.235034466E0,2.677213146E0
1.549072145E1,1.220537186E0,1.354122162E-2,-2.088117123E0,2.418703683E0
1.549570671E1,9.085779190E-1,-6.894969940E-2,-1.875690103E0,2.085301239E0
1.550069192E1,6.099195480E-1,-1.021022797E-1,-1.622128248E0,1.736008866E0
1.550567093E1,2.917823792E-1,-1.405286789E-1,-1.382881045E0,1.420297593E0
1.551065588E1,-7.141113281E-3,-1.959285736E-1,-1.072233677E0,1.090011036E0
1.551564078E1,-2.699532509E-1,-1.725339890E-1,-7.170107365E-1,7.853324972E-1
1.552062572E1,-4.892525673E-1,-1.300497055E-1,-3.367092609E-1,6.079918806E-1
1.552560198E1,-7.293391228E-1,-1.232976913E-1,-3.934997320E-2,7.407336209E-1
1.553058645E1,-9.255795479E-1,-8.525657654E-2,2.658070028E-1,9.667572322E-1
1.553557099E1,-1.132802963E0,-7.081127167E-2,5.857182741E-1,1.277232432E0
1.554055541E1,-1.324433327E0,-3.433704376E-2,8.171201944E-1,1.556595028E0
1.554554567E1,-1.464595318E0,5.044174194E-2,9.788165092E-1,1.762289866E0
1.555053046E1,-1.593833923E0,1.190037727E-1,1.237916470E0,2.021609670E0
1.555551520E1,-1.748053312E0,2.000298500E-1,1.407507181E0,2.253170830E0
1.556050005E1,-1.831623793E0,3.101963997E-1,1.506762385E0,2.391944901E0
1.556548927E1,-1.928284883E0,3.777346611E-1,1.540374517E0,2.496741821E0
1.557047427E1,-2.016474962E0,4.624891281E-1,1.506158352E0,2.559019431E0
1.557545927E1,-2.144041300E0,5.954909325E-1,1.483067393E0,2.674137513E0
1.558044427E1,-2.251083612E0,6.834626198E-1,1.454555273E0,2.765904847E0
1.558542791E1,-2.373502016E0,7.671380043E-1,1.340072155E0,2.831573047E0
1.559041286E1,-2.448932886E0,8.920946121E-1,1.147333026E0,2.847714549E0
1.559539781E1,-2.463074923E0,9.769926071E-1,9.149426818E-1,2.803278926E0
1.560038276E1,-2.439880133E0,1.050583363E0,7.409836054E-1,2.757860977E0
1.560546932E1,-2.391442060E0,1.076916218E0,5.272079110E-1,2.675199404E0
1.561045932E1,-2.339487314E0,1.065681458E0,2.112306952E-1,2.579437200E0
1.561544932E1,-2.253088713E0,1.035950184E0,-2.511024475E-2,2.479966140E0
1.562043927E1,-2.173003912E0,1.025998116E0,-2.676767707E-1,2.417905910E0
1.562534427E1,-2.096957922E0,1.004734993E0,-5.036332011E-1,2.379153491E0
1.563028833E1,-2.015377283E0,9.888815880E-1,-7.238550782E-1,2.358728166E0
1.563527198E1,-1.940329313E0,9.831938744E-1,-9.136744142E-1,2.359311123E0
1.564025562E1,-1.848048449E0,9.517621994E-1,-1.106071711E0,2.354682353E0
1.564524369E1,-1.733713865E0,9.114794731E-1,-1.243189096E0,2.319930543E0
1.565022755E1,-1.599958420E0,8.574242592E-1,-1.382628202E0,2.281820337E0
1.565521140E1,-1.427722931E0,7.991738319E-1,-1.572131157E0,2.269067640E0
1.566019531E1,-1.291261673E0,7.486410141E-1,-1.720853925E0,2.277972411E0
1.566517755E1,-1.190699577E0,6.842031479E-1,-1.840693831E0,2.296530690E0
1.567016130E1,-1.066107273E0,5.987839699E-1,-1.905433297E0,2.264023633E0
1.567514510E1,-9.462227821E-1,4.852352142E-1,-1.972539186E0,2.240915351E0
1.568012890E1,-8.096804619E-1,4.152383804E-1,-2.037118196E0,2.231110914E0
1.568510874E1,-6.946725845E-1,2.835631371E-1,-2.013312340E0,2.148582004E0
1.569009229E1,-5.868239403E-1,1.524448395E-1,-1.953957438E0,2.045862028E0
1.569507588E1,-4.645738602E-1,1.954364777E-2,-1.904324770E0,1.960271322E0
1.570005953E1,-3.901963234E-1,-8.413600922E-2,-1.811964035E0,1.855409848E0
1.570505541E1,-2.870340347E-1,-1.657686234E-1,-1.672286510E0,1.704819623E0
1.571003963E1,-1.789870262E-1,-2.564802170E-1,-1.502377868E0,1.534587148E0
1.571502380E1,-8.992052078E-2,-3.778104782E-1,-1.321847677E0,1.377718309E0
1.572000802E1,-1.028633118E-2,-4.413127899E-1,-1.119006991E0,1.202929522E0
1.572499776E1,1.078610420E-1,-5.259342194E-1,-9.491459131E-1,1.090467226E0
1.572998224E1,2.310299873E-1,-5.934381485E-1,-7.577229738E-1,9.897917944E-1
1.573496671E1,3.521447182E-1,-6.820859909E-1,-5.714331269E-1,9.569655271E-1
1.573995114E1,4.830164909E-1,-7.370138168E-1,-4.695969820E-1,9.985066961E-1
1.574493770E1,5.973100662E-1,-7.535514832E-1,-3.162395358E-1,1.012238409E0
1.574992234E1,7.022161484E-1,-7.413539886E-1,-2.408416867E-1,1.049151073E0
1.575490687E1,8.048553467E-1,-6.981544495E-1,-1.982182860E-1,1.083744552E0
1.575989145E1,8.884840012E-1,-6.933832169E-1,-1.718947291E-1,1.140057851E0
1.576488114E1,9.817471504E-1,-6.744518280E-1,-1.667657495E-1,1.202715075E0
1.576986599E1,1.063116550E0,-5.816497803E-1,-1.927700639E-1,1.227067058E0
1.577485083E1,1.125347614E0,-4.796924591E-1,-2.379013896E-1,1.246238011E0
1.577983562E1,1.144425392E0,-3.662719727E-1,-3.259187341E-1,1.245025163E0
1.578481177E1,1.151468277E0,-2.414140701E-1,-4.375759363E-1,1.255242067E0
1.578979614E1,1.153656483E0,-6.925392151E-2,-6.061287522E-1,1.305033122E0
1.579478057E1,1.158274174E0,5.936908722E-2,-7.596185803E-1,1.386414129E0
1.579976494E1,1.136776447E0,1.876616478E-1,-9.098606110E-1,1.468102148E0
1.580476062E1,1.163204670E0,3.203744888E-1,-1.078002334E0,1.617953630E0
1.580974557E1,1.168140411E0,4.144854546E-1,-1.225461245E0,1.743016200E0
1.581473052E1,1.178052425E0,4.725422859E-1,-1.364056826E0,1.863264542E0
1.581971552E1,1.238237381E0,5.639128685E-1,-1.462253809E0,1.997352181E0
1.582468895E1,1.259920120E0,6.095380783E-1,-1.593908429E0,2.121197647E0
1.582967333E1,1.314892769E0,6.693081856E-1,-1.732370853E0,2.275527459E0
1.583465776E1,1.390910149E0,6.976838112E-1,-1.781552553E0,2.365443561E0
1.583964213E1,1.482994556E0,7.544198036E-1,-1.868072271E0,2.501622694E0
1.584462734E1,1.512068748E0,7.748737335E-1,-1.979664922E0,2.608803252E0
1.584961177E1,1.600050926E0,7.614760399E-1,-2.032285452E0,2.696329521E0
1.585459619E1,1.665272236E0,7.356696129E-1,-2.111722708E0,2.788138123E0
1.585958062E1,1.714731693E0,7.045416832E-1,-2.193949461E0,2.872298383E0
1.586456760E1,1.755525589E0,6.920170784E-1,-2.278635979E0,2.958536742E0
1.586955213E1,1.749234200E0,6.478013992E-1,-2.327259302E0,2.982549714E0
1.587453666E1,1.734240055E0,6.030993462E-1,-2.397080898E0,3.019489067E0
1.587952125E1,1.729742527E0,5.555663109E-1,-2.464129448E0,3.061469757E0
1.588451203E1,1.714332581E0,4.862012863E-1,-2.501850367E0,3.071576654E0
1.588949687E1,1.664227009E0,4.261574745E-1,-2.553511858E0,3.077610199E0
1.589448177E1,1.550879955E0,3.659105301E-1,-2.523495197E0,2.984484405E0
1.589946661E1,1.420212269E0,3.415889740E-1,-2.481207848E0,2.879249607E0
1.590443661E1,1.284355164E0,3.077659607E-1,-2.364704609E0,2.708526529E0
1.590942072E1,1.134183884E0,3.124904633E-1,-2.250933886E0,2.539828090E0
1.591440484E1,9.939804077E-1,3.032827377E-1,-2.068397999E0,2.314788922E0
1.591938895E1,8.567204475E-1,3.136663437E-1,-1.829540968E0,2.044401295E0
1.592438994E1,7.322158813E-1,3.772344589E-1,-1.577545404E0,1.779633512E0
1.592937489E1,6.539831161E-1,4.579901695E-1,-1.281923056E0,1.510223703E0
1.593435984E1,5.837869644E-1,5.582828522E-1,-9.862205982E-1,1.274801173E0
1.593934484E1,5.263609886E-1,6.589150429E-1,-7.264270186E-1,1.113068344E0
1.594432692E1,4.959936142E-1,6.999945641E-1,-4.169767499E-1,9.538719332E-1
1.594931166E1,4.807105064E-1,7.126717567E-1,-1.585339308E-1,8.741376500E-1
1.595429651E1,4.611849785E-1,7.255473137E-1,5.123758316E-2,8.612408366E-1
1.595928130E1,4.709405899E-1,7.314491272E-1,2.289189100E-1,8.995591877E-1
1.596426583E1,4.569854736E-1,7.158222198E-1,4.152207375E-1,9.453282151E-1
1.596925067E1,3.930764198E-1,6.954402924E-1,5.789291859E-1,9.865623520E-1
1.597423546E1,3.606133461E-1,6.870865822E-1,6.794966459E-1,1.031428935E0
1.597922020E1,3.355689049E-1,6.596240997E-1,8.199031353E-1,1.104514189E0
1.598420687E1,3.538107872E-1,5.652832985E-1,9.165621996E-1,1.133496161E0
1.598919177E1,3.986005783E-1,4.089860916E-1,9.935965538E-1,1.146030609E0
1.599417666E1,4.817943573E-1,1.955795288E-1,1.068002701E0,1.187858124E0
1.599916156E1,6.296644211E-1,-4.852962494E-2,1.099298477E0,1.267789237E0
1.600426156E1,7.536525726E-1,-3.113050461E-1,1.114212632E0,1.380714605E0
1.600935349E1,8.488264084E-1,-5.569953918E-1,1.110168219E0,1.504401413E0
1.601434911E1,9.200286865E-1,-7.569408417E-1,1.094132662E0,1.617571792E0
1.601934468E1,9.626917839E-1,-9.349861145E-1,1.068581939E0,1.715471324E0
1.602424968E1,1.010314941E0,-1.124654770E0,1.100397348E0,1.869882070E0
1.602915468E1,1.084649563E0,-1.328147888E0,1.122806787E0,2.049667429E0
1.603405968E1,1.166619778E0,-1.562131882E0,1.107152224E0,2.242106993E0
1.603902005E1,1.232654095E0,-1.783295631E0,1.089495659E0,2.426227569E0
1.604402338E1,1.359424114E0,-2.032214165E0,1.067572832E0,2.667890569E0
1.604900666E1,1.484545708E0,-2.299400330E0,1.000560522E0,2.914144676E0
1.605398994E1,1.581981182E0,-2.460306168E0,9.820342660E-1,3.085476008E0
1.605897323E1,1.725992203E0,-2.541301727E0,9.881496429E-1,3.227027002E0
1.606395963E1,1.873481750E0,-2.516220093E0,9.899337888E-1,3.289569323E0
1.606894307E1,1.964677334E0,-2.447384834E0,9.728641510E-1,3.285744088E0
1.607392651E1,2.052568436E0,-2.315546036E0,9.799807072E-1,3.245790014E0
1.607890994E1,2.208776474E0,-2.139995575E0,9.610494375E-1,3.222094132E0
1.608390583E1,2.418599129E0,-1.877917290E0,9.400634766E-1,3.203110119E0
1.608888989E1,2.614387512E0,-1.508303642E0,9.264073968E-1,3.157250799E0
1.609387395E1,2.795614719E0,-1.096189499E0,9.175460339E-1,3.139901878E0
1.609885802E1,2.885322571E0,-6.873416901E-1,9.540576339E-1,3.115726385E0
1.610383885E1,2.931060314E0,-2.556619644E-1,1.024062395E0,3.115314012E0
1.610882276E1,2.973122120E0,9.336376190E-2,1.127427578E0,3.181079200E0
1.611380666E1,2.989680290E0,3.500766754E-1,1.232648373E0,3.252716392E0
1.611879052E1,3.004541397E0,5.719141960E-1,1.387585044E0,3.358533476E0
1.612376770E1,3.022224426E0,7.348527908E-1,1.572857022E0,3.485359138E0
1.612875124E1,3.018692970E0,8.221426010E-1,1.785631657E0,3.602347307E0
1.613373479E1,3.005612850E0,9.078207016E-1,2.083058834E0,3.767888154E0
1.613871833E1,2.944647789E0,9.439964294E-1,2.347445488E0,3.882342100E0
1.614372609E1,2.862099171E0,9.521975517E-1,2.611867428E0,3.990005426E0
1.614871083E1,2.746006012E0,9.635133743E-1,2.878390312E0,4.093169656E0
1.615369562E1,2.596669674E0,9.039211273E-1,3.081802130E0,4.130044935E0
1.615868036E1,2.483631611E0,8.166060448E-1,3.288601398E0,4.201210608E0
1.616366229E1,2.318456650E0,7.398934364E-1,3.412527561E0,4.191423134E0
1.616864692E1,2.142163754E0,6.978416443E-1,3.427293777E0,4.101486455E0
1.617363156E1,1.971435547E0,6.784214973E-1,3.352612495E0,3.948015247E0
1.617861614E1,1.725231647E0,6.530609131E-1,3.186435699E0,3.681886101E0
1.618359979E1,1.518414974E0,6.648335457E-1,2.927206039E0,3.363944541E0
1.618858437E1,1.365795135E0,6.518363953E-1,2.628113508E0,3.032699730E0
1.619356895E1,1.233978748E0,6.261901855E-1,2.294764042E0,2.679693958E0
1.619855348E1,1.122823715E0,5.974640846E-1,1.937663078E0,2.317808153E0
1.620356479E1,1.051565170E0,5.897002220E-1,1.626874328E0,2.024908822E0
1.620855078E1,1.001034260E0,6.388154030E-1,1.344014883E0,1.793468905E0
1.621353666E1,9.616012573E-1,6.873354912E-1,1.074847460E0,1.597624523E0
1.621852260E1,9.213109016E-1,7.520236969E-1,8.745024204E-1,1.476180172E0
1.622347510E1,8.297529221E-1,8.255782127E-1,7.024162412E-1,1.365085299E0
1.622845937E1,7.322921753E-1,9.341721535E-1,5.653950572E-1,1.314762721E0
1.623344364E1,6.004810333E-1,9.798665047E-1,5.016685128E-1,1.253948617E0
1.623842791E1,4.917502403E-1,1.094195366E0,4.579970241E-1,1.284072845E0
1.624341583E1,3.486413956E-1,1.183774471E0,5.060346723E-1,1.333770562E0
1.624840026E1,1.831555367E-1,1.227072239E0,5.568717718E-1,1.359911174E0
1.625338468E1,2.173948288E-2,1.262407303E0,6.218690276E-1,1.407432375E0
1.625836916E1,-1.785125732E-1,1.277893543E0,7.127797604E-1,1.474087390E0
1.626335484E1,-3.647966385E-1,1.268811226E0,8.099642992E-1,1.548870776E0
1.626833937E1,-5.655422211E-1,1.230561733E0,8.725817204E-1,1.611061464E0
1.627332390E1,-7.112369537E-1,1.191940308E0,9.147607684E-1,1.662337801E0
1.627830838E1,-8.160996437E-1,1.131529808E0,9.387504458E-1,1.681556046E0
1.628329348E1,-9.255061150E-1,1.025505543E0,9.397263527E-1,1.670721043E0
1.628827796E1,-9.915609360E-1,9.313597679E-1,9.130234718E-1,1.638363808E0
1.629326255E1,-1.040569782E0,7.988972664E-1,8.108958602E-1,1.542262756E0
1.629824703E1,-1.091564178E0,7.191386223E-1,6.647991538E-1,1.466502857E0
1.630323338E1,-1.099231720E0,6.584858894E-1,4.917978048E-1,1.372508332E0
1.630821802E1,-1.092344761E0,5.738692284E-1,3.040227890E-1,1.270815810E0
1.631320260E1,-1.059064388E0,5.035624504E-1,9.477180243E-2,1.176509335E0
1.631818724E1,-1.075984478E0,4.714865685E-1,-1.235048175E-1,1.181226321E0
1.632316932E1,-1.049919605E0,3.771309853E-1,-3.407219648E-1,1.166469209E0
1.632815385E1,-1.021589279E0,3.138313293E-1,-5.544499159E-1,1.203972370E0
1.633313833E1,-1.017356873E0,2.265563011E-1,-7.117404938E-1,1.262108274E0
1.633812281E1,-9.750208855E-1,1.464343071E-1,-8.102198839E-1,1.276152418E0
1.634310536E1,-9.641833305E-1,7.334184647E-2,-8.855460882E-1,1.311190450E0
1.634808979E1,-9.680347443E-1,-5.245399475E-2,-9.375264645E-1,1.348628399E0
1.635307416E1,-9.579606056E-1,-1.640143394E-1,-9.351541996E-1,1.348741118E0
1.635805859E1,-1.000927448E0,-2.565488815E-1,-8.783223629E-1,1.356142787E0
1.636305036E1,-1.039604187E0,-3.493165970E-1,-7.695727348E-1,1.339791456E0
1.636803515E1,-1.100220680E0,-4.351081848E-1,-6.186567545E-1,1.335118293E0
1.637301989E1,-1.158805370E0,-4.421863556E-1,-4.424226284E-1,1.316850956E0
1.637800468E1,-1.246282101E0,-5.044727325E-1,-2.770469785E-1,1.372758843E0
1.638298833E1,-1.345816612E0,-5.549569130E-1,-7.746374607E-2,1.457806627E0
1.638797307E1,-1.428661823E0,-5.960683823E-1,1.057326794E-1,1.551628667E0
1.639295776E1,-1.511189461E0,-6.108307838E-1,2.960666418E-1,1.656642173E0
1.639794250E1,-1.593377113E0,-6.567296982E-1,4.522846937E-1,1.781770458E0
1.640293885E1,-1.660811424E0,-7.098197937E-1,5.811672211E-1,1.897338680E0
1.640792416E1,-1.698925495E0,-7.293038368E-1,6.153694391E-1,1.948566517E0
1.641290942E1,-1.722015858E0,-7.869987488E-1,6.402851343E-1,1.998667230E0
1.641789474E1,-1.765865803E0,-7.824015617E-1,6.291599274E-1,2.031323817E0
1.642286791E1,-1.789710999E0,-8.016653061E-1,5.194152594E-1,2.028675660E0
1.642785255E1,-1.800801754E0,-8.568606377E-1,3.679031134E-1,2.027917604E0
1.643283724E1,-1.885003090E0,-9.167165756E-1,1.886918545E-1,2.104568969E0
1.643782192E1,-1.998958588E0,-9.667406082E-1,-6.457090378E-3,2.220464936E0
1.644280671E1,-2.094567776E0,-9.732522964E-1,-2.412617803E-1,2.322206159E0
1.644779145E1,-2.219624043E0,-9.959983826E-1,-3.957259059E-1,2.464821020E0
1.645277609E1,-2.352271557E0,-9.700832367E-1,-5.268970728E-1,2.598434815E0
1.645776078E1,-2.463703156E0,-9.718647003E-1,-6.602448225E-1,2.729519639E0
1.646274979E1,-2.563593626E0,-9.438471794E-1,-7.614383698E-1,2.835956306E0
1.646773468E1,-2.673439264E0,-8.906712532E-1,-8.082063198E-1,2.931513301E0
1.647271963E1,-2.743065596E0,-8.194575310E-1,-7.951879501E-1,2.971236003E0
1.647770448E1,-2.784573317E0,-7.755870819E-1,-7.480404377E-1,2.985791080E0
1.648268593E1,-2.757520914E0,-6.992430687E-1,-7.474348545E-1,2.941346855E0
1.648767067E1,-2.679056883E0,-6.432347298E-1,-7.474083900E-1,2.854770744E0
1.649265541E1,-2.568647146E0,-6.435313225E-1,-7.260347009E-1,2.745761663E0
1.649764015E1,-2.453104019E0,-6.764698029E-1,-7.380115390E-1,2.649526704E0
1.650263072E1,-2.318427563E0,-7.374296188E-1,-7.423180938E-1,2.543608649E0
1.650761578E1,-2.195917606E0,-8.383908272E-1,-7.505435348E-1,2.467441775E0
1.651260078E1,-2.045205116E0,-9.436397552E-1,-7.481808066E-1,2.373414097E0
1.651758583E1,-1.909681320E0,-1.046234608E0,-7.542652488E-1,2.304431744E0
1.652256619E1,-1.842177391E0,-1.163099289E0,-7.519611716E-1,2.304747947E0
1.652755098E1,-1.773278236E0,-1.322902679E0,-7.579668164E-1,2.338610891E0
1.653253583E1,-1.710215092E0,-1.458692074E0,-7.029814124E-1,2.355164770E0
1.653752062E1,-1.686538219E0,-1.606470585E0,-6.732980609E-1,2.424559586E0
1.654250250E1,-1.716354370E0,-1.749356270E0,-5.997160673E-1,2.523049552E0
1.654748718E1,-1.813633919E0,-1.925423622E0,-4.994168282E-1,2.691828613E0
1.655247182E1,-1.887197495E0,-2.060381413E0,-4.182184935E-1,2.825171261E0
1.655745651E1,-1.998994350E0,-2.163701534E0,-3.277562857E-1,2.963951235E0
1.656243531E1,-2.107983112E0,-2.292599678E0,-1.806622744E-1,3.119654619E0
1.656741968E1,-2.190091133E0,-2.356078148E0,-1.398261786E-1,3.219806636E0
1.657240401E1,-2.247456074E0,-2.354012966E0,-1.073367596E-1,3.256371758E0
1.657738838E1,-2.263105869E0,-2.396294117E0,-5.954658985E-2,3.296576932E0
1.658238635E1,-2.256151199E0,-2.444605827E0,2.474749088E-2,3.326699314E0
1.658737140E1,-2.233622551E0,-2.491730690E0,7.077860832E-2,3.347058581E0
1.659235645E1,-2.159679890E0,-2.561648846E0,1.141589880E-1,3.352505676E0
1.659734151E1,-2.101313114E0,-2.606503487E0,1.667079926E-1,3.352188656E0
1.660244151E1,-2.022758961E0,-2.638370037E0,1.639741659E-1,3.328578945E0
1.660754151E1,-1.924189568E0,-2.712473869E0,2.156401873E-1,3.332644697E0
1.661263598E1,-1.841466904E0,-2.804803848E0,1.614873409E-1,3.359167032E0
1.661763656E1,-1.745992661E0,-2.879654884E0,1.279852390E-1,3.370056801E0
1.662254156E1,-1.668971062E0,-2.989758968E0,7.438147068E-2,3.424858493E0
1.662744656E1,-1.612701893E0,-3.084713459E0,2.739870548E-2,3.480950331E0
1.663235156E1,-1.567666531E0,-3.205270290E0,-8.283138275E-3,3.568109387E0
1.663725624E1,-1.512184143E0,-3.339282513E0,-3.973639011E-2,3.665936110E0
1.664220505E1,-1.443938732E0,-3.376745701E0,-5.475366116E-2,3.672923706E0
1.664719468E1,-1.391744137E0,-3.432660103E0,-5.336439610E-2,3.704450686E0
1.665218442E1,-1.396355629E0,-3.456918716E0,9.760975838E-3,3.728296036E0
1.665717411E1,-1.457726002E0,-3.466330051E0,1.177669764E-1,3.762217190E0
1.666213651E1,-1.554143429E0,-3.415411472E0,2.153625488E-1,3.758560675E0
1.666712479E1,-1.668675900E0,-3.316041470E0,3.648338318E-1,3.730109115E0
1.667211307E1,-1.796325207E0,-3.204020977E0,4.821482897E-1,3.704726932E0
1.667710140E1,-1.905963898E0,-3.057828426E0,6.534138918E-1,3.661961603E0
1.668208369E1,-1.999765873E0,-2.941846371E0,7.877457142E-1,3.643359291E0
1.668707171E1,-2.113535881E0,-2.846408367E0,9.138758183E-1,3.661180619E0
1.669205968E1,-2.120364189E0,-2.745049000E0,1.010348678E0,3.612761099E0
1.669704770E1,-2.087426662E0,-2.647434235E0,1.125034690E0,3.554147036E0
1.670201270E1,-2.033962727E0,-2.553628922E0,1.143135786E0,3.459014956E0
1.670699963E1,-1.950392246E0,-2.418179989E0,1.162778974E0,3.317179421E0
1.671198640E1,-1.884880543E0,-2.255728722E0,1.167482495E0,3.162926193E0
1.671697333E1,-1.813835144E0,-2.128773212E0,1.162205219E0,3.028596092E0
1.672195312E1,-1.785186768E0,-1.963260174E0,1.168348789E0,2.899365654E0
1.672693963E1,-1.743799210E0,-1.780711174E0,1.185796618E0,2.760051012E0
1.673192614E1,-1.677897453E0,-1.593229294E0,1.123827577E0,2.572296225E0
1.673691260E1,-1.656957150E0,-1.424836636E0,1.023144126E0,2.412983700E0
1.674189421E1,-1.635446548E0,-1.263545036E0,9.912804365E-1,2.292131841E0
1.674688041E1,-1.627754688E0,-1.068733215E0,9.755560160E-1,2.177954442E0
1.675186671E1,-1.629146099E0,-8.524312973E-1,9.426531792E-1,2.066240825E0
1.675685296E1,-1.634607315E0,-6.407637596E-1,8.927530050E-1,1.969651542E0
1.676183177E1,-1.555669308E0,-4.265975952E-1,8.591972589E-1,1.827652164E0
1.676681760E1,-1.440247536E0,-2.792887688E-1,8.562604189E-1,1.698675097E0
1.677180348E1,-1.310026646E0,-1.701841354E-1,8.120647669E-1,1.550671351E0
1.677678932E1,-1.122063160E0,-8.735656738E-2,7.744641304E-1,1.366181391E0
1.678177708E1,-9.508414268E-1,1.444196701E-2,7.244424820E-1,1.195460120E0
1.678676307E1,-7.511868477E-1,8.236312866E-2,6.859754324E-1,1.020601616E0
1.679174901E1,-6.043620110E-1,1.308307648E-1,5.943317413E-1,8.576714686E-1
1.679673500E1,-4.243416786E-1,1.262640953E-1,4.565774202E-1,6.359806779E-1
1.680171036E1,-2.187600136E-1,1.807780266E-1,3.277063370E-1,4.335067263E-1
1.680669578E1,-1.391553879E-2,1.866712570E-1,2.001987696E-1,2.740790903E-1
1.681168135E1,1.708006859E-1,1.772809029E-1,-9.657621384E-3,2.463628675E-1
1.681666687E1,3.184771538E-1,2.051086426E-1,-1.820878983E-1,4.203013864E-1
1.682165239E1,4.218320847E-1,2.437086105E-1,-3.959721327E-1,6.277978372E-1
1.682664802E1,5.430927277E-1,2.046084404E-1,-5.651667714E-1,8.100788877E-1
1.683163401E1,7.132239342E-1,1.595683098E-1,-7.017277479E-1,1.013199022E0
1.683662005E1,8.006534576E-1,1.229434013E-1,-8.703213930E-1,1.188957681E0
1.684160604E1,9.202027321E-1,5.639410019E-2,-1.023259878E0,1.377321364E0
1.684658802E1,9.760270119E-1,-4.296779633E-3,-1.177354813E0,1.529317346E0
1.685157385E1,9.802994728E-1,-9.727716446E-2,-1.308634162E0,1.637978410E0
1.685655963E1,9.689521790E-1,-1.914486885E-1,-1.457923889E0,1.760983530E0
1.686154546E1,9.087319374E-1,-2.603631020E-1,-1.543938041E0,1.810339016E0
1.686653000E1,8.786144257E-1,-3.278989792E-1,-1.621423244E0,1.873097538E0
1.687151578E1,8.164715767E-1,-3.939337730E-1,-1.704396248E0,1.930486007E0
1.687650145E1,6.986684799E-1,-3.960456848E-1,-1.809201002E0,1.979443885E0
1.688148724E1,6.066145897E-1,-3.820729256E-1,-1.849545956E0,1.983628298E0
1.688644479E1,5.260348320E-1,-3.662352562E-1,-1.884963393E0,1.990961552E0
1.689142911E1,4.425735474E-1,-3.700804710E-1,-1.944302917E0,2.028088936E0
1.689641348E1,3.516864777E-1,-3.119945526E-1,-1.921797395E0,1.978466377E0
1.690139786E1,2.460341454E-1,-3.045272827E-1,-1.860417008E0,1.901163094E0
1.690639432E1,1.113696098E-1,-2.423286438E-1,-1.855825782E0,1.874890849E0
1.691137927E1,2.776622772E-3,-1.851353645E-1,-1.821560264E0,1.830946369E0
1.691636427E1,-1.252131462E-1,-1.473264694E-1,-1.815248728E0,1.825516739E0
1.692134921E1,-2.438669205E-1,-9.060907364E-2,-1.779500365E0,1.798416701E0
1.692632765E1,-3.626012802E-1,-2.927207947E-2,-1.759966373E0,1.797169491E0
1.693131224E1,-5.291414261E-1,2.714729309E-2,-1.737674594E0,1.816656439E0
1.693629687E1,-6.739730835E-1,9.786272049E-2,-1.674395442E0,1.807599769E0
1.694128156E1,-7.852363586E-1,1.971864700E-1,-1.629829407E0,1.819841350E0
1.694627114E1,-9.201149940E-1,3.156743050E-1,-1.623198748E0,1.892362556E0
1.695125604E1,-1.050050259E0,4.388766289E-1,-1.599290848E0,1.962893134E0
1.695624093E1,-1.117418766E0,5.430173874E-1,-1.567846298E0,2.000408607E0
1.696122583E1,-1.174981117E0,6.017560959E-1,-1.586293221E0,2.063738648E0
1.696623203E1,-1.232511044E0,6.604194641E-1,-1.616396785E0,2.137282365E0
1.697121796E1,-1.258931160E0,7.190093994E-1,-1.650946975E0,2.197159097E0
1.697620395E1,-1.330851555E0,7.607879639E-1,-1.663492084E0,2.262116288E0
1.698118989E1,-1.443498611E0,8.096480370E-1,-1.709035397E0,2.379079690E0
1.698614140E1,-1.491409302E0,8.753399849E-1,-1.749094486E0,2.459644957E0
1.699112567E1,-1.548662663E0,9.196724892E-1,-1.764577866E0,2.521485390E0
1.699610989E1,-1.574532032E0,9.332108498E-1,-1.817480326E0,2.579393019E0
1.700109411E1,-1.578586102E0,9.255981445E-1,-1.835977793E0,2.592196069E0
1.700610849E1,-1.601394653E0,9.184632301E-1,-1.927717447E0,2.669107360E0
1.701109427E1,-1.638283014E0,8.974685669E-1,-1.989397526E0,2.728941842E0
1.701608000E1,-1.607670784E0,8.771352768E-1,-2.069011450E0,2.763110570E0
1.702106578E1,-1.600337505E0,8.384842873E-1,-2.063618183E0,2.742746076E0
1.702604494E1,-1.577861309E0,7.960124016E-1,-2.064069748E0,2.717290190E0
1.703103036E1,-1.502206326E0,7.592215538E-1,-2.043756723E0,2.647637203E0
1.703601583E1,-1.435670376E0,7.089562416E-1,-1.988269567E0,2.552838470E0
1.704100124E1,-1.349471569E0,6.931304932E-1,-1.959743977E0,2.478326018E0
1.704597218E1,-1.198363304E0,6.207275391E-1,-1.883980274E0,2.317489797E0
1.705095692E1,-1.071138859E0,5.395002365E-1,-1.792009592E0,2.156315686E0
1.705594161E1,-9.081053734E-1,4.445881844E-1,-1.655164003E0,1.939557140E0
1.706092630E1,-7.860178947E-1,3.645792007E-1,-1.521265864E0,1.750711842E0
1.706591270E1,-6.690177917E-1,2.826728821E-1,-1.383121371E0,1.562214291E0
1.707089750E1,-5.570521355E-1,2.155833244E-1,-1.238547564E0,1.375057569E0
1.707588229E1,-4.335474968E-1,1.463813782E-1,-1.039899826E0,1.136126132E0
1.708086708E1,-3.154029846E-1,7.732629776E-2,-9.045274258E-1,9.610558064E-1
1.708585031E1,-1.978616714E-1,2.270317078E-2,-7.679193020E-1,7.933251095E-1
1.709083500E1,-1.359086037E-1,-5.347251892E-2,-6.591676474E-1,6.751536463E-1
1.709581974E1,-5.770683289E-2,-1.225318909E-1,-5.570105314E-1,5.732406780E-1
1.710080442E1,-2.781391144E-2,-1.462168694E-1,-4.829790592E-1,5.053926772E-1
1.710580151E1,1.618194580E-2,-1.627449989E-1,-3.893038034E-1,4.222620530E-1
1.711078687E1,9.107065201E-2,-1.864714622E-1,-2.690168619E-1,3.397580638E-1
1.711577218E1,1.177549362E-1,-1.816329956E-1,-1.485028267E-1,2.625068754E-1
1.712075750E1,1.156873703E-1,-1.482486725E-1,-6.669330597E-2,1.995225140E-1
1.712572859E1,1.093692780E-1,-1.531152725E-1,9.161829948E-3,1.883875388E-1
1.713071317E1,4.636669159E-2,-1.267852783E-1,8.119428158E-2,1.575337686E-1
1.713569786E1,4.426574707E-2,-1.121683121E-1,1.443417072E-1,1.880843296E-1
1.714068244E1,8.640146255E-2,-4.702186584E-2,1.984182596E-1,2.214634831E-1
1.714567656E1,9.129571915E-2,3.025150299E-2,3.055982590E-1,3.203753387E-1
1.715066166E1,6.606721878E-2,1.913471222E-1,3.273050785E-1,3.848469994E-1
1.715564677E1,4.676485062E-2,3.046994209E-1,3.758642673E-1,4.861096953E-1
1.716063182E1,4.060316086E-2,4.421329498E-1,3.866806030E-1,5.887716457E-1
1.716560124E1,6.427574158E-2,6.561675072E-1,3.692183495E-1,7.556516115E-1
1.717058552E1,9.865999222E-2,7.960705757E-1,3.545402288E-1,8.770182036E-1
1.717556984E1,1.531634331E-1,9.264607430E-1,3.190224171E-1,9.917478752E-1
1.718055416E1,2.563748360E-1,1.061626911E0,2.196058035E-1,1.114004697E0
1.718554822E1,3.792319298E-1,1.170330048E0,1.307561398E-1,1.237168721E0
1.719053302E1,5.000667572E-1,1.245440483E0,-1.407909393E-2,1.342157584E0
1.719551781E1,6.616559029E-1,1.267757893E0,-1.236644983E-1,1.435371560E0
1.720050260E1,7.752132416E-1,1.294676781E0,-1.569331884E-1,1.517159043E0
1.720548140E1,8.835186958E-1,1.287788868E0,-2.356669903E-1,1.579412671E0
1.721046588E1,1.012805462E0,1.242394924E0,-2.733575106E-1,1.626051776E0
1.721545036E1,1.115129471E0,1.211194992E0,-3.102775812E-1,1.675344509E0
1.722043489E1,1.209728241E0,1.201438904E0,-4.084080458E-1,1.753195650E0
1.722541942E1,1.318295479E0,1.158196449E0,-5.270714760E-1,1.832246251E0
1.723040395E1,1.467345238E0,1.031446934E0,-6.040406227E-1,1.892577580E0
1.723538843E1,1.597284794E0,9.649796486E-1,-7.299407721E-1,2.003825832E0
1.724037296E1,1.746472359E0,8.752017021E-1,-8.132711649E-1,2.116023087E0
1.724536369E1,1.986848354E0,7.408323288E-1,-8.656988144E-1,2.290378432E0
1.725034854E1,2.263330460E0,6.169238091E-1,-9.040552974E-1,2.514075523E0
1.725533333E1,2.585493088E0,4.723372459E-1,-8.784241676E-1,2.771192162E0
1.726031812E1,2.909939766E0,3.332171440E-1,-8.056112528E-1,3.037728197E0
1.726530104E1,3.202745438E0,1.849575043E-1,-6.855753660E-1,3.280518434E0
1.727028578E1,3.423226357E0,7.048892975E-2,-4.852280617E-1,3.458163335E0
1.727527046E1,3.595052242E0,3.842353821E-3,-2.098101377E-1,3.601171432E0
1.728025520E1,3.720392227E0,7.077789307E-2,1.257889271E-1,3.723190928E0
1.728524598E1,3.772811413E0,1.920518875E-1,4.590398073E-1,3.805483863E0
1.729023098E1,3.754900455E0,3.937945366E-1,7.843488455E-1,3.856106155E0
1.729521604E1,3.716959000E0,6.016516685E-1,1.046089053E0,3.907949749E0
1.730020104E1,3.706803799E0,8.083300591E-1,1.320355892E0,4.017104874E0
1.730517531E1,3.683610916E0,9.945340157E-1,1.582729697E0,4.130753029E0
1.731015979E1,3.632886410E0,1.186442375E0,1.749198437E0,4.202999446E0
1.731514421E1,3.585596561E0,1.340880394E0,1.805298805E0,4.232442168E0
1.732012874E1,3.532017231E0,1.453080654E0,1.823119998E0,4.232062811E0
1.732511552E1,3.414684772E0,1.558958530E0,1.819611549E0,4.171499729E0
1.733010010E1,3.312430382E0,1.622611523E0,1.713714957E0,4.067171270E0
1.733508468E1,3.175446987E0,1.646825314E0,1.594504833E0,3.916368579E0
1.734006927E1,3.149785519E0,1.524182796E0,1.435970783E0,3.782366204E0
1.734506307E1,3.199659348E0,1.257478714E0,1.284045100E0,3.669856193E0
1.735004812E1,3.327476978E0,8.734092712E-1,1.134652257E0,3.622482925E0
1.735503322E1,3.463724613E0,3.937005997E-1,9.428142309E-1,3.611272218E0
1.736001828E1,3.622724533E0,-9.051799774E-2,7.666730881E-1,3.704067248E0
1.736499786E1,3.711083412E0,-4.692029953E-1,6.449377537E-1,3.795818258E0
1.736998265E1,3.745917320E0,-7.111997604E-1,5.920650959E-1,3.858528573E0
1.737496744E1,3.780359745E0,-8.571310043E-1,5.646141768E-1,3.917216171E0
1.737995224E1,3.833613873E0,-9.429149628E-1,5.818333626E-1,3.990515507E0
1.738493885E1,3.867676735E0,-9.421920776E-1,6.291763783E-1,4.030200014E0
1.738992369E1,3.985303879E0,-9.746761322E-1,6.396923065E-1,4.152330287E0
1.739490859E1,4.212649822E0,-1.030787468E0,6.851685047E-1,4.390717163E0
1.739989348E1,4.417698860E0,-1.132268906E0,7.199399471E-1,4.616969744E0
1.740487494E1,4.643003464E0,-1.198007584E0,7.251454592E-1,4.849591660E0
1.740985963E1,4.861573219E0,-1.218797684E0,6.963889599E-1,5.060169913E0
1.741484432E1,4.989571095E0,-1.225948334E0,7.290385962E-1,5.189437956E0
1.741982906E1,5.127580166E0,-1.183701515E0,7.842929363E-1,5.320558527E0
1.742481484E1,5.181586266E0,-1.078310966E0,8.544923067E-1,5.361133077E0
1.742979963E1,5.077023029E0,-8.768129349E-1,9.128384590E-1,5.232421793E0
1.743478432E1,4.845234394E0,-6.223831177E-1,9.831422567E-1,4.982993656E0
1.743976911E1,4.534362793E0,-3.221673965E-1,1.046384692E0,4.664671338E0
1.744475099E1,4.202018738E0,9.383201599E-3,1.128444314E0,4.350912098E0
1.744973557E1,3.860565662E0,3.101215363E-1,1.214281201E0,4.058894115E0
1.745472020E1,3.510136127E0,6.135125160E-1,1.257977486E0,3.778883512E0
1.745970479E1,3.167607784E0,8.549990654E-1,1.364585042E0,3.553428600E0
1.746469401E1,2.838065624E0,1.051523685E0,1.404724479E0,3.336700378E0
1.746967885E1,2.507197857E0,1.215015411E0,1.392378449E0,3.114646254E0
1.747466369E1,2.156041145E0,1.355150223E0,1.370628238E0,2.891983284E0
1.747964854E1,1.815913677E0,1.543777466E0,1.282013059E0,2.706353419E0
1.748464895E1,1.405540466E0,1.713844299E0,1.250800967E0,2.545055863E0
1.748963463E1,1.083550930E0,1.820344925E0,1.291118741E0,2.480871997E0
1.749462026E1,8.569159508E-1,1.827348232E0,1.208891869E0,2.352642357E0
1.749960588E1,6.225028038E-1,1.854366779E0,1.176377773E0,2.282553517E0
1.750457911E1,3.615846634E-1,1.736675739E0,1.112532973E0,2.093923520E0
1.750956411E1,2.365207672E-1,1.522150517E0,9.724072218E-1,1.821664095E0
1.751454911E1,6.014823914E-2,1.308706284E0,8.498977423E-1,1.561619710E0
1.751953416E1,-2.152962685E-1,1.106034756E0,6.645127535E-1,1.308144703E0
1.752450291E1,-4.504857063E-1,8.715944290E-1,4.411078691E-1,1.075727834E0
1.752948713E1,-7.055892944E-1,6.530566216E-1,1.824449301E-1,9.785833413E-1
1.753447130E1,-9.730000496E-1,4.747567177E-1,-9.631562233E-2,1.086922139E0
1.753945552E1,-1.197071075E0,2.488012314E-1,-2.795864344E-1,1.254212816E0
1.754447500E1,-1.351869583E0,3.503894806E-2,-5.290976763E-1,1.452144431E0
1.754946093E1,-1.530274391E0,-1.205224991E-1,-7.457264662E-1,1.706567710E0
1.755444687E1,-1.724929333E0,-2.486729622E-1,-9.452707171E-1,1.982613471E0
1.755943286E1,-1.803964615E0,-4.613790512E-1,-1.103094935E0,2.164249846E0
1.756439953E1,-1.829419136E0,-6.434764862E-1,-1.254909277E0,2.309899058E0
1.756938448E1,-1.837316990E0,-8.093204498E-1,-1.314279556E0,2.399596646E0
1.757436953E1,-1.769893646E0,-9.848217964E-1,-1.321510315E0,2.418426555E0
1.757935453E1,-1.610172272E0,-1.212812424E0,-1.319920540E0,2.409514256E0
1.758433015E1,-1.360649586E0,-1.419228554E0,-1.235883236E0,2.322279991E0
1.758931468E1,-1.066909790E0,-1.613910675E0,-1.142030954E0,2.246606078E0
1.759429921E1,-8.033294678E-1,-1.749447823E0,-1.041669846E0,2.188831192E0
1.759928374E1,-6.227178574E-1,-1.807172298E0,-8.470213413E-1,2.090716241E0
1.760427265E1,-4.342880249E-1,-1.852098942E0,-6.498557925E-1,2.010270910E0
1.760925739E1,-3.266100883E-1,-1.812831879E0,-5.110548139E-1,1.911598962E0
1.761424213E1,-2.949285507E-1,-1.742401123E0,-4.052367210E-1,1.813053039E0
1.761922692E1,-3.510541916E-1,-1.676875114E0,-2.784644365E-1,1.735710701E0
1.762421203E1,-4.732508659E-1,-1.573220730E0,-1.434255838E-1,1.649109076E0
1.762919682E1,-6.349420547E-1,-1.460131645E0,-2.972078323E-2,1.592488354E0
1.763418156E1,-8.001160622E-1,-1.328004360E0,8.845388889E-2,1.552934443E0
1.763916635E1,-9.447178841E-1,-1.181556225E0,2.009353638E-1,1.526087158E0
1.764416468E1,-1.176439762E0,-1.018410683E0,3.076431751E-1,1.586132137E0
1.764915015E1,-1.408705235E0,-8.717379570E-1,4.295713902E-1,1.711405587E0
1.765413557E1,-1.639142990E0,-7.246704102E-1,5.718369484E-1,1.881205582E0
1.765912104E1,-1.843885899E0,-5.747518539E-1,7.275189161E-1,2.063864984E0
1.766408343E1,-2.022740364E0,-4.623303413E-1,8.252220154E-1,2.232984393E0
1.766906770E1,-2.099508286E0,-3.922672272E-1,8.943277001E-1,2.315519521E0
1.767405203E1,-2.086230278E0,-3.261337280E-1,9.303898215E-1,2.307454269E0
1.767903630E1,-2.042964935E0,-3.500919342E-1,9.719974995E-1,2.289333796E0
1.768402302E1,-1.967479706E0,-3.779902458E-1,9.955428839E-1,2.237176491E0
1.768900739E1,-1.898464203E0,-4.125103951E-1,9.607294202E-1,2.167332963E0
1.769399187E1,-1.845603466E0,-4.465622902E-1,9.609864950E-1,2.128183516E0
1.769897624E1,-1.768496990E0,-4.277529716E-1,9.366975427E-1,2.046449730E0
1.770396822E1,-1.712881088E0,-4.065814018E-1,9.168339372E-1,1.984906680E0
1.770895302E1,-1.659810066E0,-3.712611198E-1,8.489927053E-1,1.900945262E0
1.771393786E1,-1.623936653E0,-3.555326462E-1,8.077214956E-1,1.848239089E0
1.771892260E1,-1.648509502E0,-3.285017014E-1,7.762884498E-1,1.851518486E0
1.772390083E1,-1.738113403E0,-2.900838852E-1,7.091666460E-1,1.899501038E0
1.772888531E1,-1.844898224E0,-2.618746758E-1,6.805095673E-1,1.983764369E0
1.773386979E1,-1.928140163E0,-2.534098625E-1,6.804713607E-1,2.060335487E0
1.773885427E1,-2.014123440E0,-2.670145035E-1,6.468504667E-1,2.132230171E0
1.774383145E1,-2.174362183E0,-2.857174873E-1,6.466572881E-1,2.286405702E0
1.774881557E1,-2.322654724E0,-2.569150925E-1,5.886685252E-1,2.409825920E0
1.775379963E1,-2.497091770E0,-2.665734291E-1,5.829676986E-1,2.578057416E0
1.775878369E1,-2.635217190E0,-3.192143440E-1,5.622020960E-1,2.713362975E0
1.776379109E1,-2.808626175E0,-3.882904053E-1,5.622872114E-1,2.890556579E0
1.776877635E1,-2.969203234E0,-4.950642586E-1,5.209152102E-1,3.054931934E0
1.777376161E1,-3.076180220E0,-5.651931763E-1,5.101553202E-1,3.169004027E0
1.777874687E1,-3.193933249E0,-6.438941956E-1,4.845657945E-1,3.294026919E0
1.778371489E1,-3.276753187E0,-7.548103333E-1,4.607767463E-1,3.393989584E0
1.778869927E1,-3.365508795E0,-8.119702339E-1,4.101309180E-1,3.486280608E0
1.779368369E1,-3.407478571E0,-8.846573830E-1,3.710595369E-1,3.539945491E0
1.779866802E1,-3.469498396E0,-9.391760826E-1,3.365532756E-1,3.610088495E0
1.780369203E1,-3.525241137E0,-9.827041626E-1,3.258915544E-1,3.674130897E0
1.780867838E1,-3.536357164E0,-9.936232567E-1,2.745616436E-1,3.683543575E0
1.781366479E1,-3.526759863E0,-1.065165997E0,2.520393729E-1,3.692714121E0
1.781865114E1,-3.510711908E0,-1.070406437E0,2.559679151E-1,3.679183009E0
1.782360067E1,-3.445190668E0,-1.069208622E0,2.744887471E-1,3.617718879E0
1.782858520E1,-3.349521399E0,-1.111903191E0,3.318850994E-1,3.544822989E0
1.783356974E1,-3.276502371E0,-1.122082710E0,3.634219766E-1,3.482328665E0
1.783855421E1,-3.235635996E0,-1.114104271E0,4.242017269E-1,3.448262712E0
1.784356203E1,-3.186294317E0,-1.126304150E0,4.881337285E-1,3.414572748E0
1.784854770E1,-3.092700720E0,-1.139626503E0,5.192513466E-1,3.336640267E0
1.785353338E1,-3.043348551E0,-1.087118149E0,6.319902539E-1,3.292902664E0
1.785851911E1,-3.030887842E0,-1.090676308E0,7.860705853E-1,3.315684377E0
1.786347536E1,-2.914098978E0,-1.083223343E0,8.257548809E-1,3.216709000E0
1.786845958E1,-2.807723045E0,-1.071799755E0,9.305667877E-1,3.146111562E0
1.787344385E1,-2.652211666E0,-1.068627357E0,1.004743457E0,3.030792069E0
1.787842807E1,-2.433465958E0,-1.085850239E0,1.086603165E0,2.877765408E0
1.788341968E1,-2.237834454E0,-1.094953060E0,1.140102148E0,2.739828125E0
1.788840427E1,-2.048783302E0,-1.110531330E0,1.160492659E0,2.603370136E0
1.789338885E1,-1.887941360E0,-1.170956135E0,1.147907972E0,2.500630633E0
1.789837348E1,-1.726635933E0,-1.221244812E0,1.092708349E0,2.380487780E0
1.790336198E1,-1.552919388E0,-1.278166771E0,1.026084304E0,2.257901220E0
1.790834677E1,-1.383629322E0,-1.296374798E0,9.646525383E-1,2.127339239E0
1.791333161E1,-1.192539215E0,-1.354915142E0,8.892334104E-1,2.012133415E0
1.791831635E1,-9.893431664E-1,-1.384495258E0,8.093475699E-1,1.884322295E0
1.792330276E1,-8.195447922E-1,-1.468908787E0,7.414748073E-1,1.838241437E0
1.792828765E1,-6.665248871E-1,-1.553235531E0,6.784802675E-1,1.821299402E0
1.793327250E1,-4.970111847E-1,-1.589854240E0,6.467283964E-1,1.786872755E0
1.793825739E1,-3.350930214E-1,-1.657873631E0,6.102685332E-1,1.798126800E0
1.794324109E1,-2.310247421E-1,-1.687947750E0,5.713387132E-1,1.796932932E0
1.794822593E1,-1.274585724E-1,-1.682612419E0,5.536784530E-1,1.775947654E0
1.795321072E1,-5.537843704E-2,-1.725505829E0,5.619983673E-1,1.815565835E0
1.795819557E1,4.012298584E-2,-1.756893635E0,5.245851278E-1,1.833977823E0
1.796318802E1,1.041917801E-1,-1.793367386E0,5.536728501E-1,1.879780874E0
1.796817322E1,2.155890465E-1,-1.856596947E0,5.654969811E-1,1.952746193E0
1.797315843E1,2.977509499E-1,-1.994351864E0,5.958734155E-1,2.102655491E0
1.797814364E1,3.649272919E-1,-2.070342541E0,6.402332783E-1,2.197587044E0
1.798311515E1,4.362072945E-1,-2.168379784E0,6.338405609E-1,2.300848006E0
1.798809968E1,4.997467995E-1,-2.262021542E0,6.580296755E-1,2.408213315E0
1.799308421E1,5.770978928E-1,-2.408632755E0,6.720154881E-1,2.566351212E0
1.799806874E1,7.231907845E-1,-2.586660385E0,6.950144172E-1,2.774321881E0
1.800305260E1,8.015484810E-1,-2.781790257E0,6.842448711E-1,2.974731592E0
1.800803708E1,8.744616508E-1,-3.027444839E0,6.782188416E-1,3.223365668E0
1.801302161E1,9.204006195E-1,-3.232697487E0,6.624180675E-1,3.425823702E0
1.801800609E1,9.130024910E-1,-3.366583347E0,6.798806787E-1,3.553828178E0
1.802298625E1,8.739490509E-1,-3.409974098E0,7.973965406E-1,3.609369964E0
1.802797046E1,7.556710243E-1,-3.369970322E0,9.310560226E-1,3.576954568E0
1.803295479E1,5.558528900E-1,-3.251462936E0,1.099622130E0,3.477089658E0
1.803793901E1,3.250899315E-1,-3.071044922E0,1.276389599E0,3.341582078E0
1.804293427E1,8.529710770E-2,-2.890666008E0,1.525737166E0,3.269724678E0
1.804791911E1,-1.130957603E-1,-2.691022873E0,1.735009551E0,3.203849699E0
1.805290390E1,-2.626857758E-1,-2.524514675E0,1.913676381E0,3.178731737E0
1.805788874E1,-4.063916206E-1,-2.376605034E0,2.080841541E0,3.184855908E0
1.806288421E1,-5.010075569E-1,-2.228004932E0,2.186182261E0,3.161393273E0
1.806786958E1,-5.993247032E-1,-1.999912739E0,2.263260126E0,3.079153692E0
1.807285494E1,-7.419443130E-1,-1.713912964E0,2.359683037E0,3.009332658E0
1.807784031E1,-8.449783325E-1,-1.401063919E0,2.425103664E0,2.925422409E0
1.808281520E1,-9.418921471E-1,-1.047016621E0,2.507323742E0,2.875774151E0
1.808780000E1,-1.027895927E0,-6.637878418E-1,2.525053978E0,2.805901268E0
1.809278489E1,-1.115143776E0,-3.233098984E-1,2.499777794E0,2.756259050E0
1.809776968E1,-1.179832458E0,3.175067902E-2,2.512899160E0,2.776269966E0
1.810275786E1,-1.238819122E0,3.486757278E-1,2.514204979E0,2.824442291E0
1.810774286E1,-1.282649994E0,6.513233185E-1,2.467878819E0,2.856543179E0
1.811272786E1,-1.371097565E0,9.588360786E-1,2.419552803E0,2.941685048E0
1.811771286E1,-1.456357956E0,1.204172611E0,2.338130713E0,3.006304276E0
1.812269036E1,-1.533643246E0,1.418477535E0,2.250027418E0,3.070303488E0
1.812767494E1,-1.583665848E0,1.644928932E0,2.186251163E0,3.161247042E0
1.813265958E1,-1.615887165E0,1.821410656E0,2.118110895E0,3.227231301E0
1.813764421E1,-1.580235958E0,1.909603119E0,1.990648866E0,3.179058455E0
1.814263182E1,-1.452737331E0,1.964687824E0,1.861422777E0,3.071699653E0
1.814761661E1,-1.341272831E0,1.967424393E0,1.725914121E0,2.940841903E0
1.815260135E1,-1.198328972E0,1.943918228E0,1.512526274E0,2.739077606E0
1.815758614E1,-1.040863037E0,1.903619289E0,1.266898513E0,2.512408029E0
1.816257890E1,-8.763303757E-1,1.848740578E0,1.053928614E0,2.301426117E0
1.816756406E1,-7.362008095E-1,1.771868706E0,8.454002738E-1,2.096714565E0
1.817254921E1,-6.589307785E-1,1.675266266E0,5.911608338E-1,1.894776494E0
1.817753437E1,-5.752420425E-1,1.604305744E0,3.249228299E-1,1.735014459E0
1.818251484E1,-4.780135155E-1,1.491990566E0,7.090553641E-2,1.568298558E0
1.818749979E1,-3.886647224E-1,1.391083717E0,-1.562328637E-1,1.452784527E0
1.819248474E1,-2.643222809E-1,1.272792339E0,-3.752145171E-1,1.353016090E0
1.819746963E1,-1.576533318E-1,1.101300716E0,-5.737400651E-1,1.251756967E0
1.820245161E1,-2.085685730E-2,9.053921700E-1,-8.254588842E-1,1.225378456E0
1.820743640E1,7.165479660E-2,6.778039932E-1,-1.022496581E0,1.228841699E0
1.821242119E1,1.534433365E-1,4.879984856E-1,-1.209971905E0,1.313666392E0
1.821740599E1,2.318243980E-1,3.049645424E-1,-1.378228545E0,1.430475392E0
1.822238708E1,2.756476402E-1,1.191453934E-1,-1.519687772E0,1.549073326E0
1.822737166E1,2.802109718E-1,-3.829479218E-2,-1.624551535E0,1.648985254E0
1.823235630E1,2.816820145E-1,-1.600131989E-1,-1.675898790E0,1.706922885E0
1.823734088E1,2.491593361E-1,-2.363529205E-1,-1.702526212E0,1.736818522E0
1.824233598E1,1.972374916E-1,-2.624511719E-1,-1.663935184E0,1.696014016E0
1.824732114E1,1.525712013E-1,-2.524986267E-1,-1.512368321E0,1.540873605E0
1.825230624E1,1.248850822E-1,-2.327470779E-1,-1.391665816E0,1.416510230E0
1.825729140E1,1.069998741E-1,-2.056074142E-1,-1.251811385E0,1.273088813E0
1.826227942E1,8.237123489E-2,-1.781654358E-1,-1.019116640E0,1.037847132E0
1.826726474E1,6.785202026E-2,-1.121406555E-1,-7.707344294E-1,7.817998362E-1
1.827225000E1,1.135797501E-1,-6.503391266E-2,-5.236790180E-1,5.397865164E-1
1.827723526E1,1.502647400E-1,-3.439426422E-2,-2.569506466E-1,2.996432751E-1
1.828221510E1,2.088251114E-1,2.270984650E-2,1.720911264E-2,2.107600954E-1
1.828720010E1,3.202791214E-1,6.074810028E-2,2.887392640E-1,4.354760727E-1
1.829218510E1,4.174833298E-1,1.322479248E-1,5.285551548E-1,6.864054166E-1
1.829717010E1,4.883050919E-1,1.724586487E-1,7.744717598E-1,9.316599997E-1
1.830215948E1,5.541739464E-1,2.148084641E-1,9.545482397E-1,1.124461552E0
1.830714468E1,6.221208572E-1,2.687597275E-1,1.094929099E0,1.287686252E0
1.831212989E1,6.778063774E-1,3.438463211E-1,1.204819679E0,1.424514737E0
1.831711510E1,7.330670357E-1,3.945112228E-1,1.240925312E0,1.494296495E0
1.832209494E1,7.445621490E-1,4.469137192E-1,1.205653191E0,1.485834541E0
1.832707989E1,6.980834007E-1,5.632715225E-1,1.206630707E0,1.503513520E0
1.833206484E1,6.753673553E-1,6.528544426E-1,1.184202671E0,1.511514457E0
1.833704979E1,6.787133217E-1,7.395853996E-1,1.078821421E0,1.473598994E0
1.834204250E1,7.244949341E-1,8.376178741E-1,9.813507795E-1,1.479711447E0
1.834702786E1,7.073607445E-1,9.636416435E-1,8.369607925E-1,1.459269615E0
1.835201317E1,6.680631638E-1,1.053101063E0,6.532902718E-1,1.407877274E0
1.835699854E1,6.114525795E-1,1.074985981E0,4.902746677E-1,1.330352722E0
1.836196708E1,5.664963722E-1,1.129988194E0,2.837898135E-1,1.295503036E0
1.836695166E1,5.499796867E-1,1.165506840E0,1.177650690E-1,1.294122274E0
1.837193609E1,5.499877930E-1,1.169683456E0,-4.576295614E-2,1.293344582E0
1.837692062E1,5.618481636E-1,1.197647572E0,-1.682893038E-1,1.333549532E0
1.838192114E1,5.687689781E-1,1.203932285E0,-3.094998002E-1,1.367019102E0
1.838690651E1,6.042695045E-1,1.238828182E0,-4.212642312E-1,1.441284306E0
1.839189182E1,6.635770798E-1,1.247344017E0,-5.297694206E-1,1.508925869E0
1.839687713E1,7.418503761E-1,1.262991905E0,-6.492386460E-1,1.602186429E0
1.840197713E1,8.370094299E-1,1.245265961E0,-6.890944242E-1,1.651097582E0
1.840699385E1,9.554843903E-1,1.191503048E0,-7.372083068E-1,1.695908612E0
1.841198609E1,1.063715458E0,1.139994144E0,-8.437600732E-1,1.772853148E0
1.841697828E1,1.178416729E0,1.097890377E0,-8.987485766E-1,1.844391030E0
1.842188328E1,1.299211502E0,1.062620163E0,-9.809874892E-1,1.944080397E0
1.842678828E1,1.400159836E0,1.039114952E0,-9.976279736E-1,2.008847685E0
1.843175046E1,1.498020649E0,9.843182564E-1,-1.001397491E0,2.053228002E0
1.843673328E1,1.621397495E0,9.197463989E-1,-9.707877636E-1,2.101735511E0
1.844171453E1,1.686476231E0,8.764476776E-1,-9.178771377E-1,2.110654175E0
1.844669718E1,1.767216682E0,8.255867958E-1,-8.832914233E-1,2.141226774E0
1.845167989E1,1.837201118E0,7.790842056E-1,-8.526979685E-1,2.170109208E0
1.845666260E1,1.886888981E0,7.751870155E-1,-8.023128510E-1,2.192024372E0
1.846166937E1,1.921188831E0,7.636857033E-1,-7.536661625E-1,2.200498822E0
1.846665328E1,1.894646645E0,7.612528801E-1,-6.786146164E-1,2.151676010E0
1.847163713E1,1.857546806E0,8.085041046E-1,-6.108832359E-1,2.115971964E0
1.847662104E1,1.795782566E0,8.170275688E-1,-5.886470079E-1,2.058852684E0
1.848160463E1,1.742966175E0,8.060359955E-1,-5.522750020E-1,1.998157349E0
1.848658854E1,1.713532448E0,8.282027245E-1,-5.377204418E-1,1.977689681E0
1.849157239E1,1.700462818E0,8.548765182E-1,-5.067868233E-1,1.969573695E0
1.849655635E1,1.701535225E0,8.717703819E-1,-4.932720661E-1,1.974467789E0
1.850154093E1,1.697405338E0,9.051232338E-1,-4.706168771E-1,1.980382083E0
1.850652489E1,1.704932690E0,9.382328987E-1,-4.316772223E-1,1.993344344E0
1.851150880E1,1.683296680E0,1.021222115E0,-3.909341097E-1,2.007289665E0
1.851649276E1,1.646771908E0,1.046376705E0,-3.794024587E-1,1.987638838E0
1.852148046E1,1.614537716E0,1.054429531E0,-3.803315759E-1,1.965503951E0
1.852646463E1,1.598709583E0,1.121996880E0,-3.603090048E-1,1.986094637E0
1.853144869E1,1.577723503E0,1.184438229E0,-3.503542542E-1,2.003709927E0
1.853643281E1,1.541794300E0,1.229707241E0,-3.311333656E-1,1.999739700E0
1.854143463E1,1.519680977E0,1.296121597E0,-3.240594268E-1,2.023456443E0
1.854641963E1,1.434766293E0,1.331032753E0,-3.336532712E-1,1.985327935E0
1.855140463E1,1.420958996E0,1.379881859E0,-3.597969413E-1,2.013120029E0
1.855638968E1,1.404273987E0,1.435602665E0,-4.095924497E-1,2.049562494E0
1.856136437E1,1.384823799E0,1.450411320E0,-4.472173452E-1,2.054612690E0
1.856634885E1,1.412668705E0,1.412333012E0,-4.821133018E-1,2.054933245E0
1.857133338E1,1.456629276E0,1.405114174E0,-5.238074064E-1,2.090571426E0
1.857631786E1,1.509321213E0,1.378416538E0,-5.649952292E-1,2.120684391E0
1.858130640E1,1.546634197E0,1.313046455E0,-6.271029115E-1,2.123541004E0
1.858629114E1,1.568650246E0,1.240173340E0,-6.789803505E-1,2.111802032E0
1.859127578E1,1.560994148E0,1.174149036E0,-7.491464615E-1,2.092020342E0
1.859626052E1,1.593216419E0,1.064860344E0,-8.230215311E-1,2.085576791E0
1.860136052E1,1.598051548E0,9.409480095E-1,-8.979209661E-1,2.060440236E0
1.860646052E1,1.602082253E0,8.336462975E-1,-9.475167990E-1,2.039466052E0
1.861156052E1,1.595982552E0,7.263541222E-1,-9.380518198E-1,1.988640700E0
1.861658078E1,1.572734833E0,6.502666473E-1,-9.505918026E-1,1.949350236E0
1.862158078E1,1.556317329E0,5.503530502E-1,-9.110802412E-1,1.885491797E0
1.862648578E1,1.508761883E0,4.913434982E-1,-8.245266676E-1,1.788190448E0
1.863139078E1,1.473080158E0,4.851083755E-1,-7.554882765E-1,1.725125452E0
1.863629578E1,1.444620132E0,4.527521133E-1,-6.369447708E-1,1.642440393E0
1.864120078E1,1.401880264E0,4.779691696E-1,-4.788469076E-1,1.556604370E0
1.864611515E1,1.349645138E0,5.152349472E-1,-3.386999369E-1,1.483821652E0
1.865109755E1,1.314116478E0,5.787944794E-1,-1.138392687E-1,1.440439012E0
1.865607994E1,1.293136597E0,6.232800484E-1,5.423641205E-2,1.436531192E0
1.866106234E1,1.238715172E0,7.036280632E-1,2.110134959E-1,1.440150834E0
1.866605968E1,1.184283257E0,7.718935013E-1,4.088925123E-1,1.471577214E0
1.867104281E1,1.134656906E0,8.424406052E-1,5.544451475E-1,1.518078354E0
1.867602599E1,1.106491089E0,9.223899841E-1,6.955172420E-1,1.599646851E0
1.868100911E1,1.109285831E0,9.997048378E-1,8.053514957E-1,1.696618947E0
1.868599307E1,1.133543015E0,1.026589870E0,9.386590123E-1,1.794404433E0
1.869097624E1,1.197957039E0,1.031587601E0,1.042935491E0,1.893934656E0
1.869595942E1,1.235437870E0,1.014652252E0,1.120380521E0,1.952198360E0
1.870094260E1,1.286787510E0,9.782485962E-1,1.151675224E0,1.984728756E0
1.870594135E1,1.344603539E0,9.414024353E-1,1.182230353E0,2.022836086E0
1.871092536E1,1.444652081E0,8.514299393E-1,1.192651510E0,2.057758538E0
1.871590932E1,1.548388958E0,7.177963257E-1,1.225674629E0,2.101194476E0
1.872089328E1,1.564613342E0,6.359968185E-1,1.259579062E0,2.106904430E0
1.872587031E1,1.541298389E0,5.533723831E-1,1.220177889E0,2.042218353E0
1.873085395E1,1.406485558E0,4.936847687E-1,1.136424303E0,1.874402964E0
1.873583755E1,1.239080429E0,4.042272568E-1,1.003895044E0,1.645152043E0
1.874082119E1,1.020361423E0,3.259162903E-1,8.947260976E-1,1.395669607E0
1.874582323E1,7.911124229E-1,2.229251862E-1,8.235307932E-1,1.163510839E0
1.875080781E1,5.614252090E-1,7.648181915E-2,7.739283442E-1,9.591729855E-1
1.875579234E1,3.938980103E-1,-2.159118652E-1,8.202502728E-1,9.351920049E-1
1.876077692E1,2.838778496E-1,-6.156520844E-1,9.030950069E-1,1.129245197E0
1.876575078E1,2.315545082E-1,-1.043497086E0,9.942085743E-1,1.459778869E0
1.877073484E1,1.938314438E-1,-1.482615471E0,1.168261170E0,1.897512431E0
1.877571880E1,1.970534325E-1,-1.904238701E0,1.337014437E0,2.335072309E0
1.878070286E1,1.335701942E-1,-2.305976868E0,1.586822510E0,2.802387551E0
1.878568541E1,8.733510971E-2,-2.659042358E0,1.901009560E0,3.269857953E0
1.879066932E1,1.759114265E-1,-3.106707573E0,2.296281576E0,3.867232324E0
1.879565328E1,2.508254051E-1,-3.514940262E0,2.541257858E0,4.344618502E0
1.880063718E1,3.094725609E-1,-3.826574326E0,2.808083773E0,4.756446027E0
1.880563187E1,3.735694885E-1,-4.041664124E0,3.048474073E0,5.076199092E0
1.881061635E1,4.672837257E-1,-4.148258209E0,3.321709156E0,5.334805710E0
1.881560083E1,5.163750648E-1,-4.175274849E0,3.600962639E0,5.537733760E0
1.882058526E1,4.850101471E-1,-4.139606476E0,3.871236324E0,5.688413425E0
1.882556296E1,4.115390778E-1,-4.019855499E0,4.074517250E0,5.738492264E0
1.883054708E1,3.030982018E-1,-3.715769768E0,4.224802494E0,5.634515915E0
1.883553119E1,1.742644310E-1,-3.337487221E0,4.471921921E0,5.582765865E0
1.884051536E1,-1.094341278E-2,-2.921089172E0,4.726136684E0,5.556010230E0
1.884550828E1,-1.758227348E-1,-2.447423935E0,4.943703175E0,5.519148361E0
1.885049286E1,-3.706531525E-1,-1.966797829E0,5.049908638E0,5.432058055E0
1.885547744E1,-5.812902451E-1,-1.488942146E0,5.108641624E0,5.352855902E0
1.886046203E1,-7.910661697E-1,-1.033059120E0,5.164199352E0,5.325594031E0
1.886544880E1,-9.857130051E-1,-6.709165573E-1,5.148905754E0,5.285166943E0
1.887043348E1,-1.205892563E0,-4.310798645E-1,5.014829159E0,5.175762573E0
1.887541817E1,-1.363201618E0,-3.038997650E-1,4.824498177E0,5.022594586E0
1.888040286E1,-1.483896732E0,-3.011112213E-1,4.506600380E0,4.754162856E0
1.888538385E1,-1.630105734E0,-3.794555664E-1,4.061919212E0,4.393224205E0
1.889036838E1,-1.739685774E0,-4.838638306E-1,3.572910309E0,4.003288507E0
1.889535286E1,-1.817145109E0,-5.877656937E-1,3.100379467E0,3.641406006E0
1.890033739E1,-1.876912355E0,-7.198495865E-1,2.662231684E0,3.335934795E0
1.890532255E1,-1.906905890E0,-8.273487091E-1,2.294950485E0,3.096383970E0
1.891030708E1,-1.938287497E0,-8.839807510E-1,1.970581770E0,2.901994642E0
1.891529161E1,-1.971029997E0,-9.447069168E-1,1.656910658E0,2.742769282E0
1.892027619E1,-1.973963022E0,-9.591836929E-1,1.416945934E0,2.612335957E0
1.892526583E1,-1.928083658E0,-1.013541222E0,1.222654343E0,2.497930352E0
1.893025067E1,-1.862180948E0,-1.062242508E0,1.060378671E0,2.391752486E0
1.893523546E1,-1.783468008E0,-1.131546021E0,8.636274338E-1,2.281886692E0
1.894022026E1,-1.701463461E0,-1.202210426E0,7.498834729E-1,2.214184509E0
1.894520057E1,-1.599757433E0,-1.240944862E0,6.570926905E-1,2.128600197E0
1.895018515E1,-1.430720806E0,-1.216788292E0,6.237046719E-1,1.979025844E0
1.895516974E1,-1.302287579E0,-1.149110794E0,5.970481038E-1,1.836538862E0
1.896015432E1,-1.186010838E0,-1.071658134E0,6.104069352E-1,1.711043392E0
1.896512677E1,-1.113106251E0,-9.559116364E-1,6.940926313E-1,1.623125738E0
1.897011072E1,-1.052302837E0,-8.210239410E-1,8.185682297E-1,1.565718851E0
1.897509474E1,-9.942703247E-1,-6.648550034E-1,9.520353675E-1,1.528717435E0
1.898007869E1,-9.964165688E-1,-4.994688034E-1,1.194117785E0,1.633472481E0
1.898507859E1,-1.015768051E0,-3.345642090E-1,1.446344852E0,1.798786084E0
1.899006333E1,-1.068922997E0,-1.844692230E-1,1.681574345E0,2.001079095E0
1.899504812E1,-1.146299839E0,-2.530670166E-2,1.849079967E0,2.175716083E0
1.900003286E1,-1.211912632E0,1.309757233E-1,2.008077621E0,2.349098253E0
1.900501984E1,-1.215609550E0,2.723731995E-1,2.139065742E0,2.475377949E0
1.901000479E1,-1.245816708E0,3.893961906E-1,2.203321218E0,2.560920353E0
1.901498963E1,-1.300221920E0,4.676446915E-1,2.279614925E0,2.665691806E0
1.901997448E1,-1.318991661E0,5.526046753E-1,2.257694721E0,2.672507509E0
1.902496718E1,-1.338071346E0,6.083745956E-1,2.216517448E0,2.659606019E0
1.902995244E1,-1.388539314E0,6.804480553E-1,2.120517015E0,2.624432014E0
1.903493770E1,-1.420167923E0,7.161841393E-1,1.993800402E0,2.550497342E0
1.903992296E1,-1.444925785E0,7.730445862E-1,1.870210648E0,2.486583263E0
1.904489854E1,-1.438888550E0,7.697343826E-1,1.759647369E0,2.399843775E0
1.904988333E1,-1.452432156E0,7.875599861E-1,1.626489878E0,2.318464841E0
1.905486812E1,-1.456779957E0,7.691855431E-1,1.454643250E0,2.197689975E0
1.905985291E1,-1.475651264E0,7.721881866E-1,1.308840513E0,2.118226791E0
1.906483927E1,-1.458879471E0,7.343559265E-1,1.160821438E0,2.003775024E0
1.906982416E1,-1.394501686E0,6.701426506E-1,1.032378197E0,1.859981415E0
1.907480901E1,-1.328145027E0,6.225457191E-1,8.280579448E-1,1.684402667E0
1.907979390E1,-1.231218815E0,5.914888382E-1,7.035157681E-1,1.536454767E0
1.908477786E1,-1.147055626E0,5.385551453E-1,5.395635962E-1,1.377282516E0
1.908976265E1,-1.056582451E0,4.996147156E-1,3.748204708E-1,1.227384098E0
1.909474750E1,-9.696502686E-1,4.577574730E-1,2.121366858E-1,1.093053302E0
1.909973229E1,-9.486064911E-1,4.343948364E-1,9.709668159E-2,1.047845845E0
1.910472015E1,-9.408292770E-1,3.888349533E-1,6.175160408E-3,1.018032653E0
1.910970510E1,-9.533882141E-1,3.474845886E-1,-6.750863791E-2,1.016981830E0
1.911469010E1,-1.010055065E0,2.506375313E-1,-9.991341829E-2,1.045472667E0
1.911967505E1,-1.057996273E0,1.917257309E-1,-9.107822180E-2,1.079078362E0
1.912464885E1,-1.132859707E0,1.014957428E-1,-2.195757627E-2,1.137609176E0
1.912963328E1,-1.203382492E0,-2.709293365E-2,4.058784246E-2,1.204371547E0
1.913461765E1,-1.233418465E0,-1.627464294E-1,1.537239552E-1,1.253570327E0
1.913960208E1,-1.246685505E0,-2.861795425E-1,3.197333813E-1,1.318466122E0
1.914459729E1,-1.226289272E0,-4.379854202E-1,4.783114791E-1,1.387226902E0
1.914958224E1,-1.169843674E0,-5.703248978E-1,6.624588966E-1,1.460361770E0
1.915456718E1,-1.060487747E0,-7.237987518E-1,8.453301787E-1,1.537238435E0
1.915955213E1,-9.748806953E-1,-8.626060486E-1,1.023990631E0,1.656212057E0
1.916452927E1,-8.796267509E-1,-9.868698120E-1,1.190814734E0,1.779240000E0
1.916951380E1,-8.060007095E-1,-1.065667152E0,1.364596605E0,1.909818714E0
1.917449838E1,-8.114366531E-1,-1.108697891E0,1.527971268E0,2.054832512E0
1.917948296E1,-8.359951973E-1,-1.094444275E0,1.687860012E0,2.178432386E0
1.918446432E1,-8.917460442E-1,-1.125906944E0,1.850992918E0,2.342872646E0
1.918944874E1,-9.641819000E-1,-1.138375282E0,2.005141258E0,2.499227178E0
1.919443312E1,-1.074707508E0,-1.112662315E0,2.193266392E0,2.683920849E0
1.919941755E1,-1.215884686E0,-1.077338219E0,2.329230309E0,2.839779399E0
1.920441000E1,-1.354077816E0,-1.034709454E0,2.510918140E0,3.034610402E0
1.920939474E1,-1.465071678E0,-9.678111076E-1,2.671047688E0,3.196496381E0
1.921437958E1,-1.572649002E0,-8.980603218E-1,2.855017185E0,3.380955538E0
1.921936437E1,-1.633755684E0,-8.349986076E-1,3.010090113E0,3.525198263E0
1.922435546E1,-1.624491215E0,-7.977004051E-1,3.143378735E0,3.627137647E0
1.922934062E1,-1.633416653E0,-8.076415062E-1,3.266871452E0,3.740692964E0
1.923432572E1,-1.605714321E0,-7.692527771E-1,3.328133345E0,3.774458885E0
1.923931088E1,-1.498362541E0,-7.495188713E-1,3.351400852E0,3.746832865E0
1.924428661E1,-1.359453201E0,-7.724523544E-1,3.336631536E0,3.684820980E0
1.924927125E1,-1.232441425E0,-7.808828354E-1,3.221925020E0,3.536875840E0
1.925425593E1,-1.165302753E0,-7.964687347E-1,3.088979006E0,3.396186722E0
1.925924062E1,-1.100752831E0,-8.193316460E-1,2.887896538E0,3.197328190E0
1.926422911E1,-1.046012402E0,-8.279795647E-1,2.721711159E0,3.031073034E0
1.926921395E1,-1.006014824E0,-8.153729439E-1,2.507065535E0,2.821750602E0
1.927419880E1,-9.831032753E-1,-8.580250740E-1,2.256428480E0,2.606562595E0
1.927918369E1,-9.867811203E-1,-8.864812851E-1,2.027700186E0,2.423046449E0
1.928417000E1,-9.740152359E-1,-9.079589844E-1,1.766089201E0,2.211824193E0
1.928915489E1,-9.757757187E-1,-9.151835442E-1,1.500641584E0,2.010379153E0
1.929413984E1,-9.321322441E-1,-9.917564392E-1,1.293753386E0,1.877830977E0
1.929912474E1,-9.100799561E-1,-1.080194473E0,1.092566252E0,1.785711802E0
1.930411265E1,-8.809318542E-1,-1.170941830E0,9.377615452E-1,1.739696070E0
1.930909776E1,-8.685073853E-1,-1.290216923E0,8.102784753E-1,1.753714912E0
1.931408281E1,-8.463535309E-1,-1.325500488E0,7.196004987E-1,1.729477008E0
1.931906786E1,-8.431715965E-1,-1.396448135E0,6.251320839E-1,1.746938997E0
1.932405864E1,-8.111605644E-1,-1.507832050E0,6.081866026E-1,1.816983736E0
1.932904401E1,-7.597746849E-1,-1.592533588E0,5.970301032E-1,1.862757565E0
1.933402937E1,-7.153491974E-1,-1.652990341E0,5.985654593E-1,1.897994244E0
1.933901474E1,-7.065682411E-1,-1.696409225E0,6.318202019E-1,1.943254926E0
1.934400067E1,-6.735215187E-1,-1.804052353E0,7.012718916E-1,2.049394641E0
1.934898599E1,-6.211457253E-1,-1.820510387E0,7.254040241E-1,2.055794513E0
1.935397135E1,-5.877246857E-1,-1.872638702E0,7.662761211E-1,2.106982465E0
1.935895677E1,-5.900583267E-1,-1.881548882E0,7.854392529E-1,2.122571516E0
1.936392864E1,-5.993957520E-1,-1.899900436E0,7.827341557E-1,2.140460159E0
1.936891338E1,-6.132807732E-1,-1.896550655E0,7.629950047E-1,2.134286549E0
1.937389807E1,-6.460332870E-1,-1.924120903E0,7.308335900E-1,2.157247782E0
1.937888276E1,-6.950759888E-1,-1.853323460E0,7.340365052E-1,2.111101150E0
1.938386760E1,-7.196974754E-1,-1.799024582E0,6.865895987E-1,2.055689466E0
1.938885229E1,-7.630949020E-1,-1.778038502E0,6.673488617E-1,2.046726471E0
1.939383703E1,-8.011727333E-1,-1.749545574E0,6.645237207E-1,2.035774850E0
1.939882177E1,-8.002619743E-1,-1.691874027E0,6.424072385E-1,1.978773360E0
1.940382494E1,-8.035430908E-1,-1.686429501E0,6.297588348E-1,1.971375700E0
1.940881057E1,-7.606592178E-1,-1.644562244E0,5.908348560E-1,1.905852368E0
1.941379624E1,-6.958003044E-1,-1.633438110E0,5.210233927E-1,1.850330646E0
1.941878187E1,-6.521172523E-1,-1.612432957E0,5.183188915E-1,1.814897084E0
1.942375317E1,-5.865888596E-1,-1.591152668E0,5.231183171E-1,1.774684782E0
1.942873812E1,-5.471944809E-1,-1.529037476E0,5.284958482E-1,1.707830572E0
1.943372302E1,-5.434741974E-1,-1.469182491E0,5.680766106E-1,1.666305024E0
1.943870796E1,-5.180406570E-1,-1.385315418E0,6.251564026E-1,1.605704038E0
1.944368312E1,-4.828410149E-1,-1.339611053E0,7.164573669E-1,1.594052816E0
1.944866760E1,-4.380545616E-1,-1.346495628E0,7.965942025E-1,1.624655225E0
1.945365208E1,-3.788352013E-1,-1.401059628E0,8.585506678E-1,1.686295774E0
1.945863645E1,-3.316297531E-1,-1.508130074E0,9.739307165E-1,1.825643901E0
1.946362328E1,-3.131184578E-1,-1.540874004E0,1.087704897E0,1.911919927E0
1.946860781E1,-2.920522690E-1,-1.559078693E0,1.216271639E0,1.998834060E0
1.947359239E1,-3.089914322E-1,-1.498142242E0,1.411662102E0,2.081512857E0
1.947857692E1,-3.518838882E-1,-1.358136654E0,1.623206496E0,2.145496859E0
1.948356474E1,-3.896479607E-1,-1.129641533E0,1.838174701E0,2.192441962E0
1.948854948E1,-4.676823616E-1,-8.533973694E-1,2.041625738E0,2.261691738E0
1.949353421E1,-5.596756935E-1,-5.438551903E-1,2.204313755E0,2.338378601E0
1.949851890E1,-6.202597618E-1,-2.178711891E-1,2.292273521E0,2.384681934E0
1.950350796E1,-6.377716064E-1,9.324884415E-2,2.293373823E0,2.382228256E0
1.950849291E1,-6.817374229E-1,3.631072044E-1,2.176271200E0,2.309278912E0
1.951347781E1,-7.523717880E-1,6.130743027E-1,2.007885456E0,2.230140671E0
1.951846281E1,-7.971134186E-1,8.167963028E-1,1.742878199E0,2.083307567E0
1.952345729E1,-8.925437927E-1,9.599423409E-1,1.477071047E0,1.974806977E0
1.952844270E1,-9.191174507E-1,1.061651230E0,1.182203650E0,1.835615889E0
1.953342812E1,-9.844703674E-1,1.100477695E0,8.967750072E-1,1.727552742E0
1.953841359E1,-1.095888615E0,1.150498867E0,6.020994782E-1,1.699159581E0
1.954339562E1,-1.234087944E0,1.175901413E0,2.866441607E-1,1.728549120E0
1.954838088E1,-1.339159489E0,1.183957577E0,-1.335304976E-2,1.787535170E0
1.955336614E1,-1.432477951E0,1.143735409E0,-1.829987913E-1,1.842175975E0
1.955835140E1,-1.547233105E0,1.084209442E0,-3.418358862E-1,1.919971919E0
1.956332437E1,-1.645284653E0,1.055544376E0,-5.559898615E-1,2.032304171E0
1.956830901E1,-1.776777744E0,9.956374168E-1,-7.481990457E-1,2.169800643E0
1.957329364E1,-1.941449165E0,9.549517632E-1,-8.772770166E-1,2.334688993E0
1.957827833E1,-2.064916372E0,8.882436752E-1,-9.929713011E-1,2.457406856E0
1.958327401E1,-2.194926023E0,7.861151695E-1,-1.073484302E0,2.566718889E0
1.958825916E1,-2.321616411E0,6.943440437E-1,-1.122856975E0,2.670734767E0
1.959324437E1,-2.365977526E0,6.441535950E-1,-1.145334005E0,2.706394925E0
1.959822953E1,-2.392582178E0,5.567255020E-1,-1.133209705E0,2.705283164E0
1.960320880E1,-2.442062616E0,4.919834137E-1,-1.095618963E0,2.721414782E0
1.960819369E1,-2.449921846E0,4.355516434E-1,-1.043986678E0,2.698468171E0
1.961317859E1,-2.447011709E0,3.398551941E-1,-9.182463884E-1,2.635629771E0
1.961816348E1,-2.368777990E0,2.408142090E-1,-7.711943984E-1,2.502766759E0
1.962313854E1,-2.222439528E0,1.121373177E-1,-5.672798157E-1,2.296436069E0
1.962812296E1,-2.008197546E0,-3.191852570E-2,-3.547296226E-1,2.039536536E0
1.963310734E1,-1.817060947E0,-2.392530441E-1,-9.090906382E-2,1.834997810E0
1.963809177E1,-1.641947746E0,-3.832116127E-1,1.805263162E-1,1.695710262E0
1.964308791E1,-1.406621933E0,-4.928660393E-1,4.302444458E-1,1.551326039E0
1.964807291E1,-1.168763161E0,-5.469622612E-1,6.673020124E-1,1.452744650E0
1.965305786E1,-9.907550812E-1,-6.151237488E-1,9.055309892E-1,1.476468499E0
1.965804286E1,-7.866430283E-1,-6.377701759E-1,1.084438324E0,1.483767007E0
1.966302698E1,-6.569747925E-1,-6.006994247E-1,1.239643574E0,1.526162464E0
1.966801192E1,-5.468988419E-1,-5.759391785E-1,1.341922045E0,1.559345714E0
1.967299682E1,-4.421796799E-1,-5.492453575E-1,1.441208839E0,1.604455126E0
1.967798182E1,-3.644590378E-1,-5.159649849E-1,1.546452522E0,1.670498626E0
1.968296979E1,-3.018531799E-1,-4.666247368E-1,1.578440785E0,1.673418447E0
1.968795489E1,-2.233824730E-1,-4.013357162E-1,1.606372476E0,1.670749118E0
1.969294000E1,-2.128596306E-1,-3.488912582E-1,1.608416677E0,1.659529613E0
1.969792510E1,-2.222428322E-1,-3.426580429E-1,1.591524124E0,1.643093256E0
1.970289854E1,-2.492175102E-1,-2.917699814E-1,1.555788755E0,1.602409979E0
1.970788307E1,-3.080430031E-1,-2.583980560E-1,1.541838884E0,1.593401140E0
1.971286760E1,-4.368247986E-1,-2.089633942E-1,1.537550688E0,1.611999914E0
1.971785208E1,-5.348968506E-1,-1.624927521E-1,1.562238097E0,1.659248748E0
1.972284093E1,-6.571884155E-1,-1.236829758E-1,1.599200249E0,1.733388453E0
1.972782567E1,-7.891335487E-1,-8.521747589E-2,1.614869475E0,1.799388007E0
1.973281041E1,-8.898425102E-1,-6.365394592E-2,1.652676225E0,1.878086851E0
1.973779515E1,-9.688696861E-1,-1.091375351E-1,1.691353083E0,1.952253754E0
1.974278583E1,-1.038002968E0,-1.544885635E-1,1.666456103E0,1.969363558E0
1.974777083E1,-1.073333263E0,-2.020883560E-1,1.657102108E0,1.984659012E0
1.975275588E1,-1.070013523E0,-2.207593918E-1,1.677852154E0,2.002211652E0
1.975774093E1,-1.107060432E0,-2.823190689E-1,1.628301859E0,1.989133933E0
1.976272724E1,-1.131791592E0,-3.245267868E-1,1.620942593E0,2.003428244E0
1.976771234E1,-1.125025749E0,-3.377914429E-1,1.572151661E0,1.962510341E0
1.977269744E1,-1.141876698E0,-3.891324997E-1,1.503912330E0,1.927967528E0
1.977768255E1,-1.153729439E0,-4.068403244E-1,1.418761015E0,1.873364216E0
1.978266541E1,-1.148574352E0,-4.100198746E-1,1.312245727E0,1.791459792E0
1.978765041E1,-1.193392754E0,-4.249811172E-1,1.237244844E0,1.770754082E0
1.979263536E1,-1.161517620E0,-4.398422241E-1,1.136384606E0,1.683435279E0
1.979762031E1,-1.155845642E0,-4.569425583E-1,9.933909774E-1,1.591100652E0
1.980272031E1,-1.154538155E0,-4.976100922E-1,8.822971582E-1,1.535910945E0
1.980782031E1,-1.131521702E0,-5.476064682E-1,7.914321423E-1,1.485455836E0
1.981282260E1,-1.122786045E0,-5.686960220E-1,6.828638911E-1,1.431910180E0
1.981781895E1,-1.101778984E0,-5.942411423E-1,5.660144091E-1,1.373831058E0
1.982272395E1,-1.075840950E0,-5.908575058E-1,4.600903988E-1,1.310812541E0
1.982762895E1,-1.035167217E0,-5.966815948E-1,4.031893015E-1,1.261016140E0
1.983253395E1,-1.058642387E0,-5.710077286E-1,3.691244125E-1,1.258183755E0
1.983749234E1,-1.055171490E0,-5.400686264E-1,3.436126709E-1,1.234151798E0
1.984247567E1,-9.984717369E-1,-4.990692139E-1,3.244130015E-1,1.162436960E0
1.984745859E1,-9.507079124E-1,-4.838666916E-1,2.897292972E-1,1.105402902E0
1.985244145E1,-8.856182098E-1,-4.227418900E-1,3.016526103E-1,1.026657010E0
1.985742432E1,-8.390669823E-1,-4.018373489E-1,3.551735282E-1,9.958187038E-1
1.986242229E1,-7.369217873E-1,-3.852500916E-1,3.928544521E-1,9.196771032E-1
1.986740588E1,-6.652965546E-1,-3.897209167E-1,4.478824139E-1,8.916841117E-1
1.987238953E1,-5.787234306E-1,-3.674182892E-1,5.583575368E-1,8.841267710E-1
1.987737317E1,-4.533472061E-1,-3.542804718E-1,6.212952137E-1,8.467857371E-1
1.988235713E1,-3.729963303E-1,-3.551597595E-1,7.513247132E-1,9.109080864E-1
1.988734078E1,-2.757005692E-1,-3.367452621E-1,8.908509612E-1,9.914754715E-1
1.989232442E1,-1.398386955E-1,-3.109493256E-1,9.990766048E-1,1.055650703E0
1.989730802E1,-1.824665070E-2,-2.779273987E-1,1.130741596E0,1.164539882E0
1.990229463E1,8.647871017E-2,-2.091608047E-1,1.249640942E0,1.269972162E0
1.990727843E1,1.838378906E-1,-1.454124451E-1,1.341269493E0,1.361596490E0
1.991226218E1,2.665791512E-1,-3.891277313E-2,1.393617392E0,1.419418220E0
1.991724598E1,3.799209595E-1,8.142566681E-2,1.425626278E0,1.477626597E0
1.992224583E1,4.592165947E-1,1.653499603E-1,1.394316673E0,1.477274340E0
1.992723041E1,5.281085968E-1,2.868127823E-1,1.342484713E0,1.470858751E0
1.993221505E1,6.128964424E-1,4.314184189E-1,1.260630369E0,1.466612706E0
1.993719963E1,6.824283600E-1,5.488948822E-1,1.134426594E0,1.433149593E0
1.994218234E1,7.675065994E-1,6.773524284E-1,9.807202816E-1,1.417633579E0
1.994716682E1,8.178977966E-1,7.904996872E-1,8.117668033E-1,1.397430465E0
1.995215135E1,8.933734894E-1,8.931221962E-1,6.421142817E-1,1.417072404E0
1.995713583E1,9.650497437E-1,9.827532768E-1,4.670855999E-1,1.454405022E0
1.996212041E1,9.991860390E-1,1.054495811E0,2.823404074E-1,1.479881841E0
1.996710494E1,1.048458099E0,1.103622437E0,1.000290513E-1,1.525533572E0
1.997208948E1,1.084118366E0,1.120588779E0,-7.012671232E-2,1.560752895E0
1.997707395E1,1.134860039E0,1.136531830E0,-2.039768696E-1,1.619017749E0
1.998205546E1,1.159892559E0,1.134666443E0,-3.490670621E-1,1.659718801E0
1.998703979E1,1.171187401E0,1.155658722E0,-4.431611300E-1,1.704000821E0
1.999202416E1,1.185637474E0,1.166100502E0,-5.411820412E-1,1.748829495E0
1.999700849E1,1.205563545E0,1.118157387E0,-6.189708710E-1,1.756924683E0
2.000210848E1,1.152067661E0,1.097994804E0,-6.789075136E-1,1.730250820E0
2.000720848E1,1.109018326E0,1.072169304E0,-7.160136700E-1,1.700630542E0
2.001230849E1,1.090895653E0,9.714274406E-1,-6.920672655E-1,1.616379194E0
2.001735234E1,1.081226349E0,8.773798943E-1,-5.948078036E-1,1.514147357E0
2.002225734E1,1.049339771E0,7.711629868E-1,-5.198289156E-1,1.402151350E0
2.002716234E1,1.057211399E0,7.028765678E-1,-4.238637388E-1,1.338428885E0
2.003206734E1,1.085680485E0,6.438083649E-1,-2.444179058E-1,1.285663812E0
2.003697234E1,1.139615536E0,6.107549667E-1,-3.648638725E-2,1.293474567E0
2.004188239E1,1.207058430E0,5.558638573E-1,2.094130516E-1,1.345298668E0
2.004687218E1,1.292627811E0,5.699248314E-1,4.598705173E-1,1.485658731E0
2.005186198E1,1.382245541E0,5.549435616E-1,7.812995911E-1,1.681961397E0
2.005685177E1,1.444768906E0,5.300269127E-1,1.092210531E0,1.887116733E0
2.006181031E1,1.542470932E0,5.143170357E-1,1.406528711E0,2.149898045E0
2.006679854E1,1.608088493E0,5.363097191E-1,1.719566822E0,2.414640092E0
2.007178677E1,1.670377731E0,5.768017769E-1,1.932910681E0,2.618970362E0
2.007677500E1,1.762837410E0,6.118426323E-1,2.156566143E0,2.851793238E0
2.008175421E1,1.894885540E0,6.030573845E-1,2.442595005E0,3.149688838E0
2.008674192E1,2.075648785E0,5.932278633E-1,2.630143881E0,3.402630454E0
2.009172974E1,2.144658089E0,6.276216507E-1,2.774069309E0,3.562152128E0
2.009671750E1,2.178498745E0,6.582784653E-1,2.957911253E0,3.732080693E0
2.010169916E1,2.299271584E0,6.421856880E-1,3.090239763E0,3.904949944E0
2.010668661E1,2.415719986E0,6.221985817E-1,3.139441013E0,4.009853364E0
2.011167406E1,2.462838173E0,6.146979332E-1,3.227130651E0,4.105824845E0
2.011666151E1,2.517364979E0,5.503721237E-1,3.285992861E0,4.175857396E0
2.012163984E1,2.469032288E0,5.199193954E-1,3.114840269E0,4.008574125E0
2.012662682E1,2.317954063E0,4.993453026E-1,3.094480515E0,3.898469754E0
2.013161380E1,2.198723316E0,4.555535316E-1,2.986280203E0,3.736279258E0
2.013660083E1,2.130896568E0,3.434643745E-1,2.886388063E0,3.604153717E0
2.014157744E1,2.150757313E0,1.850247383E-1,2.811872482E0,3.544942599E0
2.014656385E1,2.200779438E0,-1.972341537E-2,2.863736391E0,3.611759303E0
2.015155036E1,2.371810436E0,-2.659187317E-1,2.719744921E0,3.618454083E0
2.015653687E1,2.462806702E0,-5.702748299E-1,2.677166224E0,3.682098480E0
2.016151734E1,2.595994949E0,-8.488888741E-1,2.664838314E0,3.815909503E0
2.016650348E1,2.709142685E0,-1.154430866E0,2.670845032E0,3.975622957E0
2.017148968E1,2.811964989E0,-1.417462349E0,2.726005077E0,4.165027046E0
2.017647588E1,2.909314632E0,-1.659537792E0,2.827892065E0,4.383508965E0
2.018146406E1,3.063482285E0,-1.828006268E0,2.962233782E0,4.636955855E0
2.018645031E1,3.204868317E0,-1.961411476E0,3.078493118E0,4.857513333E0
2.019143656E1,3.268770218E0,-2.045626640E0,3.267405987E0,5.054244649E0
2.019642291E1,3.348690987E0,-2.128465176E0,3.487756968E0,5.282853774E0
2.020137583E1,3.392079830E0,-2.212301731E0,3.672231436E0,5.466787744E0
2.020636062E1,3.393369675E0,-2.195094109E0,3.748812914E0,5.512439946E0
2.021134552E1,3.341126442E0,-2.165096760E0,3.855974913E0,5.542500555E0
2.021633036E1,3.319345951E0,-2.184345722E0,4.017110348E0,5.650362760E0
2.022131520E1,3.289437294E0,-2.150278568E0,4.155193329E0,5.719241841E0
2.022631989E1,3.133965969E0,-2.025024891E0,4.188677788E0,5.609589122E0
2.023130578E1,2.942134380E0,-1.896698475E0,4.299204826E0,5.544076294E0
2.023629161E1,2.733192444E0,-1.729410648E0,4.371774197E0,5.438162535E0
2.024127750E1,2.523886204E0,-1.551974297E0,4.389344215E0,5.295750035E0
2.024625859E1,2.295237541E0,-1.352358341E0,4.380281448E0,5.126778133E0
2.025124416E1,2.016172409E0,-1.171307564E0,4.408984661E0,4.987590434E0
2.025622979E1,1.756279945E0,-9.823756218E-1,4.405667305E0,4.843499304E0
2.026121541E1,1.479787827E0,-8.117966652E-1,4.363408089E0,4.678473681E0
2.026622255E1,1.236721039E0,-7.004752159E-1,4.277622223E0,4.507571002E0
2.027120921E1,1.030081272E0,-6.381149292E-1,4.225140095E0,4.395459806E0
2.027619593E1,8.502597809E-1,-7.059736252E-1,4.079572201E0,4.226612094E0
2.028118260E1,7.784862518E-1,-8.848199844E-1,3.906021118E0,4.079944635E0
2.028615046E1,7.118797302E-1,-1.085958004E0,3.700410128E0,3.921621176E0
2.029113614E1,6.594390869E-1,-1.345911026E0,3.465312004E0,3.775542833E0
2.029612192E1,5.160875320E-1,-1.585548401E0,3.210801601E0,3.617949280E0
2.030110765E1,3.919858932E-1,-1.871816158E0,2.954052448E0,3.519058757E0
2.030608937E1,2.609663010E-1,-2.049028873E0,2.719633102E0,3.415117413E0
2.031107494E1,8.463335037E-2,-2.179685116E0,2.541363239E0,3.349136773E0
2.031606046E1,-1.272935867E-1,-2.335470676E0,2.436216116E0,3.377243832E0
2.032104598E1,-3.506274223E-1,-2.456261635E0,2.301765442E0,3.384417964E0
2.032603807E1,-5.639033318E-1,-2.532606602E0,2.109843731E0,3.344177587E0
2.033102401E1,-7.620019913E-1,-2.619054317E0,1.954216003E0,3.355451198E0
2.033600984E1,-9.712634087E-1,-2.710825443E0,1.798946142E0,3.395310651E0
2.034099573E1,-1.177124023E0,-2.798033237E0,1.651420355E0,3.455690981E0
2.034597302E1,-1.422414780E0,-2.839690685E0,1.516437531E0,3.519472940E0
2.035095848E1,-1.649682522E0,-2.876509190E0,1.400490761E0,3.599601632E0
2.035594390E1,-1.935266972E0,-2.862747192E0,1.339161396E0,3.705932134E0
2.036092937E1,-2.211928368E0,-2.790931702E0,1.325000882E0,3.799678171E0
2.036589921E1,-2.462604046E0,-2.703619003E0,1.343131304E0,3.895892209E0
2.037088390E1,-2.689870358E0,-2.593822002E0,1.393319607E0,3.988064022E0
2.037586854E1,-2.917408943E0,-2.494550705E0,1.458565116E0,4.106272076E0
2.038085317E1,-3.102158546E0,-2.422415257E0,1.567209363E0,4.236464152E0
2.038585072E1,-3.268127441E0,-2.346277237E0,1.673483133E0,4.357317942E0
2.039083604E1,-3.450983524E0,-2.275225163E0,1.746056080E0,4.487164880E0
2.039582135E1,-3.581357479E0,-2.233041286E0,1.799065113E0,4.587943991E0
2.040080661E1,-3.738281727E0,-2.179076195E0,1.908331394E0,4.729149188E0
2.040578974E1,-3.866724014E0,-2.110821724E0,1.992352247E0,4.834934377E0
2.041077494E1,-3.966689110E0,-2.056800842E0,2.096566200E0,4.935650112E0
2.041576010E1,-4.078942299E0,-2.005048275E0,2.127690792E0,5.018471577E0
2.042074536E1,-4.181980610E0,-1.955502987E0,2.145489454E0,5.090783707E0
2.042573307E1,-4.256727695E0,-1.920094490E0,2.173713207E0,5.150875909E0
2.043071843E1,-4.300817966E0,-1.951254845E0,2.145578146E0,5.187286018E0
2.043570374E1,-4.326354980E0,-2.046566486E0,2.109377384E0,5.230225115E0
2.044068906E1,-4.383604527E0,-2.071978092E0,2.041254044E0,5.260779403E0
2.044567479E1,-4.398596287E0,-2.066155910E0,1.910018682E0,5.221572647E0
2.045066015E1,-4.452779770E0,-2.022035122E0,1.838058352E0,5.224397785E0
2.045564546E1,-4.455336571E0,-1.966047287E0,1.741963148E0,5.172021027E0
2.046063083E1,-4.487761021E0,-1.939033508E0,1.708062768E0,5.178545003E0
2.046560026E1,-4.499817848E0,-1.962394238E0,1.633900523E0,5.173875021E0
2.047058479E1,-4.496515751E0,-1.993365288E0,1.601040363E0,5.172570861E0
2.047556937E1,-4.465950489E0,-2.053433895E0,1.535632253E0,5.149705909E0
2.048055390E1,-4.432188034E0,-2.130788326E0,1.464268208E0,5.131143249E0
2.048554317E1,-4.385776520E0,-2.225593090E0,1.427652121E0,5.121180612E0
2.049052796E1,-4.377050400E0,-2.297368050E0,1.385086298E0,5.133705700E0
2.049551276E1,-4.374969006E0,-2.374977589E0,1.339235306E0,5.155038657E0
2.050049755E1,-4.403489590E0,-2.446546555E0,1.297317863E0,5.201859691E0
2.050548427E1,-4.421902180E0,-2.497624874E0,1.257280827E0,5.231835622E0
2.051046911E1,-4.423024178E0,-2.571193695E0,1.216901779E0,5.258804981E0
2.051545401E1,-4.397293091E0,-2.676733971E0,1.195299625E0,5.284868255E0
2.052043890E1,-4.399818420E0,-2.754597187E0,1.115913987E0,5.309564184E0
2.052542005E1,-4.413826466E0,-2.804834366E0,1.040865183E0,5.332200317E0
2.053040474E1,-4.443988323E0,-2.817723036E0,9.627761245E-1,5.349348857E0
2.053538948E1,-4.471072197E0,-2.900792360E0,8.907056451E-1,5.403558037E0
2.054037411E1,-4.480679512E0,-2.941461325E0,8.244793415E-1,5.422955818E0
2.054537151E1,-4.494394302E0,-2.985317707E0,7.449228168E-1,5.446706524E0
2.055035687E1,-4.504876614E0,-3.008100748E0,6.853474379E-1,5.460062685E0
2.055534218E1,-4.502632618E0,-3.057815075E0,6.098663807E-1,5.476848594E0
2.056032755E1,-4.532996655E0,-3.064842463E0,5.566204786E-1,5.500104031E0
2.056530526E1,-4.538439274E0,-3.069694281E0,4.846390188E-1,5.500484433E0
2.057029020E1,-4.562004566E0,-3.084282875E0,4.655900300E-1,5.526432899E0
2.057527515E1,-4.541428089E0,-3.089327812E0,4.060541987E-1,5.507576185E0
2.058026010E1,-4.514949322E0,-3.087099791E0,4.038428664E-1,5.484345135E0
2.058522593E1,-4.458629131E0,-3.089511156E0,4.516197741E-1,5.443198815E0
2.059020994E1,-4.379671097E0,-3.120477200E0,5.421501398E-1,5.404888865E0
2.059519390E1,-4.227968693E0,-3.091684341E0,5.272291303E-1,5.264238016E0
2.060017791E1,-4.151895523E0,-3.005714893E0,5.884156227E-1,5.159340210E0
2.060518114E1,-4.093936443E0,-2.953457355E0,6.898903847E-1,5.095014690E0
2.061016609E1,-3.960882664E0,-2.930288792E0,7.501033545E-1,4.983757510E0
2.061515104E1,-3.819830894E0,-2.847845078E0,8.096918464E-1,4.832900840E0
2.062013598E1,-3.702022076E0,-2.790245533E0,8.373702168E-1,4.710798920E0
2.062511666E1,-3.600411892E0,-2.765000343E0,8.667918444E-1,4.621636160E0
2.063010140E1,-3.479068279E0,-2.762426853E0,8.453552723E-1,4.522117175E0
2.063508614E1,-3.359536648E0,-2.763398647E0,8.185721636E-1,4.426388930E0
2.064007088E1,-3.239509583E0,-2.751371861E0,7.337805033E-1,4.313108308E0
2.064505552E1,-3.119019985E0,-2.781466007E0,6.959211826E-1,4.236643142E0
2.065004026E1,-2.964541435E0,-2.836802959E0,6.501343250E-1,4.154350923E0
2.065502500E1,-2.840814590E0,-2.931989670E0,5.557911396E-1,4.120157127E0
2.066000974E1,-2.728711605E0,-3.009688854E0,4.320497513E-1,4.085432781E0
2.066500401E1,-2.652211666E0,-3.062927723E0,3.603090048E-1,4.067625295E0
2.066998921E1,-2.551526546E0,-3.144422054E0,2.998595536E-1,4.060491784E0
2.067497437E1,-2.488852978E0,-3.151310444E0,2.315766364E-1,4.022284724E0
2.067995958E1,-2.454477787E0,-3.236544609E0,2.389566302E-1,4.069002640E0
2.068493770E1,-2.438679218E0,-3.306550980E0,1.905870885E-1,4.112998802E0
2.068992260E1,-2.422320843E0,-3.366185188E0,2.181932032E-1,4.152884451E0
2.069490744E1,-2.417205811E0,-3.362588882E0,3.433032036E-1,4.155447631E0
2.069989229E1,-2.396956921E0,-3.357931137E0,4.632655978E-1,4.151592347E0
2.070487026E1,-2.359170437E0,-3.390447140E0,5.713713765E-1,4.169806016E0
2.070985479E1,-2.294180870E0,-3.400130272E0,7.086183429E-1,4.162486239E0
2.071483932E1,-2.154208183E0,-3.470764637E0,8.418240547E-1,4.170789829E0
2.071982380E1,-2.011064053E0,-3.501858234E0,9.449053407E-1,4.147316701E0
2.072482140E1,-1.826482296E0,-3.601100922E0,1.001116753E0,4.160072136E0
2.072980656E1,-1.629366875E0,-3.704164982E0,1.072479486E0,4.186393063E0
2.073479171E1,-1.472337723E0,-3.811082840E0,1.170914054E0,4.250078882E0
2.073977687E1,-1.276471138E0,-3.979338169E0,1.181359768E0,4.342824165E0
2.074475713E1,-1.034651756E0,-4.125212669E0,1.180253625E0,4.413715265E0
2.074974203E1,-8.546900749E-1,-4.170102119E0,1.088757873E0,4.393818444E0
2.075472698E1,-7.150340080E-1,-4.243349075E0,1.052565813E0,4.430031580E0
2.075971192E1,-5.605149269E-1,-4.373441219E0,9.877452850E-1,4.518495970E0
2.076469911E1,-4.198842049E-1,-4.450388432E0,9.009049535E-1,4.560031762E0
2.076968416E1,-3.411459923E-1,-4.421959877E0,8.082309961E-1,4.508142310E0
2.077466916E1,-3.004498482E-1,-4.298057079E0,7.093499899E-1,4.366548085E0
2.077965421E1,-2.977604866E-1,-4.145754337E0,6.612125635E-1,4.208698420E0
2.078464187E1,-3.473963737E-1,-3.991414547E0,6.064053178E-1,4.052135454E0
2.078962703E1,-4.660406113E-1,-3.772879601E0,5.498570204E-1,3.841114041E0
2.079461218E1,-6.055936813E-1,-3.561688423E0,5.107310414E-1,3.648727768E0
2.079959739E1,-7.252855301E-1,-3.329015255E0,4.605032802E-1,3.438087395E0
2.080459270E1,-8.488621712E-1,-3.108107090E0,4.252952933E-1,3.249888114E0
2.080957838E1,-9.643921852E-1,-2.858367443E0,4.337260127E-1,3.047693387E0
2.081456406E1,-1.117210388E0,-2.591659546E0,4.974944293E-1,2.865721368E0
2.081954974E1,-1.254610538E0,-2.310362816E0,5.904355049E-1,2.694520000E0
2.082451593E1,-1.331236362E0,-2.052871227E0,6.866001487E-1,2.541237945E0
2.082950067E1,-1.437662601E0,-1.799579144E0,7.598017454E-1,2.425419045E0
2.083448536E1,-1.516478539E0,-1.584029198E0,7.934136987E-1,2.332029364E0
2.083947005E1,-1.548526764E0,-1.370280743E0,8.402907848E-1,2.231970666E0
2.084445682E1,-1.533854961E0,-1.175108433E0,8.957010508E-1,2.129758494E0
2.084944161E1,-1.525235176E0,-9.867167473E-1,9.933278561E-1,2.070423269E0
2.085442645E1,-1.498674870E0,-8.337478638E-1,1.049453497E0,2.010600534E0
2.085941130E1,-1.420800686E0,-6.876058578E-1,1.090364933E0,1.918429590E0
2.086439427E1,-1.322830200E0,-6.225318909E-1,1.121218920E0,1.842432512E0
2.086937901E1,-1.183357716E0,-5.787849426E-1,1.163584948E0,1.757628352E0
2.087436369E1,-1.035953999E0,-5.301151276E-1,1.219674110E0,1.685772129E0
2.087934843E1,-8.760514259E-1,-5.126514435E-1,1.218031406E0,1.585521400E0
2.088434166E1,-7.038965225E-1,-4.883694649E-1,1.194686890E0,1.470119659E0
2.088932677E1,-5.485153198E-1,-4.887104034E-1,1.183058977E0,1.392600251E0
2.089431198E1,-3.333435059E-1,-5.255575180E-1,1.111606717E0,1.273969423E0
2.089929708E1,-2.069048882E-1,-5.105872154E-1,1.013788700E0,1.153809545E0
2.090427448E1,-6.654405594E-2,-4.943461418E-1,9.208468199E-1,1.047265527E0
2.090925927E1,1.832056046E-2,-4.696903229E-1,8.685815930E-1,9.876125891E-1
2.091424401E1,9.308958054E-2,-4.343070984E-1,7.853362560E-1,9.022424069E-1
2.091922874E1,1.816577911E-1,-4.121098518E-1,6.449528933E-1,7.866373482E-1
2.092421421E1,2.361965179E-1,-3.815097809E-1,5.959012508E-1,7.459469209E-1
2.092919906E1,2.685866356E-1,-3.688869476E-1,4.997143149E-1,6.767058131E-1
2.093418380E1,3.171267509E-1,-3.789458275E-1,4.163418710E-1,6.461500367E-1
2.093916859E1,3.723225594E-1,-3.421907425E-1,2.979108095E-1,5.869151922E-1
2.094415937E1,4.294977188E-1,-3.063654900E-1,2.376805544E-1,5.786364574E-1
2.094914448E1,4.885687828E-1,-2.834725380E-1,1.542955339E-1,5.855452562E-1
2.095412958E1,5.662765503E-1,-2.949857712E-1,5.728659034E-2,6.410674614E-1
2.095911468E1,6.817221642E-1,-2.810702324E-1,-2.482584119E-2,7.378088553E-1
2.096409026E1,7.629609108E-1,-2.968792915E-1,-1.136924177E-1,8.265425766E-1
2.096907484E1,8.796234131E-1,-2.632298470E-1,-1.879556179E-1,9.372057487E-1
2.097405948E1,9.979124069E-1,-3.047552109E-1,-2.477466315E-1,1.072419369E0
2.097904406E1,1.146516800E0,-3.328633308E-1,-3.122203350E-1,1.234009849E0
2.098403265E1,1.263116360E0,-3.165698051E-1,-4.103538692E-1,1.365309371E0
2.098901744E1,1.371517181E0,-3.253726959E-1,-4.895099998E-1,1.492161791E0
2.099400224E1,1.469146252E0,-3.689551353E-1,-5.524135828E-1,1.612352123E0
2.099898708E1,1.520115852E0,-3.492422104E-1,-5.801535845E-1,1.664121542E0
2.100397177E1,1.545992851E0,-3.212952614E-1,-5.704299212E-1,1.678902867E0
2.100895656E1,1.561236382E0,-2.730674744E-1,-5.566390753E-1,1.679842833E0
2.101394135E1,1.599374771E0,-2.141127586E-1,-5.294969082E-1,1.698296472E0
2.101892619E1,1.605348587E0,-1.588153839E-1,-5.012376308E-1,1.689261843E0
2.102390948E1,1.646008968E0,-8.096837997E-2,-4.719310105E-1,1.714240439E0
2.102889421E1,1.680603504E0,5.011081696E-3,-4.513535202E-1,1.740164719E0
2.103387890E1,1.646907330E0,1.038584709E-1,-3.749735951E-1,1.692245707E0
2.103886364E1,1.609385014E0,2.489194870E-1,-3.789918423E-1,1.672039428E0
2.104385802E1,1.551359177E0,3.565211296E-1,-3.889450431E-1,1.638627736E0
2.104884323E1,1.467936993E0,4.457850456E-1,-4.139598608E-1,1.589001601E0
2.105382838E1,1.399976730E0,5.288624763E-1,-4.657365680E-1,1.567335610E0
2.105881359E1,1.359399796E0,6.129508018E-1,-4.986692071E-1,1.572370016E0
2.106379156E1,1.295787811E0,7.362027168E-1,-5.772810578E-1,1.598222110E0
2.106877640E1,1.206858635E0,8.221449852E-1,-6.343840361E-1,1.592128527E0
2.107376124E1,1.104640484E0,8.924045563E-1,-7.105134726E-1,1.587906132E0
2.107874609E1,1.006095409E0,9.662928581E-1,-7.961528301E-1,1.606178443E0
2.108372671E1,8.968920708E-1,1.060593605E0,-8.862857819E-1,1.647657934E0
2.108871135E1,7.819099426E-1,1.089296818E0,-9.400182366E-1,1.637554579E0
2.109369598E1,6.995568275E-1,1.162615299E0,-1.026573300E0,1.701442573E0
2.109868062E1,6.379847527E-1,1.173045635E0,-1.109738946E0,1.736254917E0
2.110367270E1,5.995945930E-1,1.209200859E0,-1.177391768E0,1.791070006E0
2.110865776E1,5.388813019E-1,1.199303150E0,-1.265351772E0,1.824783881E0
2.111364276E1,4.774518013E-1,1.208036900E0,-1.299404383E0,1.837325535E0
2.111862781E1,3.985905647E-1,1.204348564E0,-1.310485840E0,1.823925174E0
2.112361406E1,3.336577415E-1,1.209966660E0,-1.317790151E0,1.819867492E0
2.112859916E1,2.922506332E-1,1.241690159E0,-1.325901628E0,1.839896739E0
2.113358421E1,2.577285767E-1,1.254168987E0,-1.322772264E0,1.840948215E0
2.113856932E1,1.918182373E-1,1.273725510E0,-1.286981106E0,1.820849054E0
2.114355192E1,1.328716278E-1,1.298023224E0,-1.237571478E0,1.798361010E0
2.114853687E1,7.868576050E-2,1.298521996E0,-1.167308450E0,1.747844341E0
2.115352177E1,3.167533875E-2,1.263331413E0,-1.088096619E0,1.667622211E0
2.115850677E1,2.778482437E-2,1.271452427E0,-9.977145195E-1,1.616415025E0
2.116349244E1,4.546403885E-2,1.217648506E0,-8.793482780E-1,1.502660393E0
2.116847744E1,4.646301270E-2,1.173740387E0,-7.332016230E-1,1.384705719E0
2.117346244E1,5.945491791E-2,1.132494926E0,-5.976974368E-1,1.281921164E0
2.117844739E1,7.263708115E-2,1.070080757E0,-4.348183870E-1,1.157331414E0
2.118343119E1,1.171293259E-1,1.043908596E0,-2.567803264E-1,1.081388261E0
2.118841614E1,1.308054924E-1,1.046814442E0,-8.274567127E-2,1.058195350E0
2.119340104E1,1.518993378E-1,9.925622940E-1,5.809223652E-2,1.005797208E0
2.119838598E1,1.518054008E-1,9.458189011E-1,2.085423470E-1,9.803612517E-1
2.120339661E1,1.522045135E-1,9.161973000E-1,3.324658871E-1,9.864670661E-1
2.120838281E1,1.410822868E-1,9.012193680E-1,4.775671959E-1,1.029646050E0
2.121336906E1,1.376767159E-1,9.104638100E-1,5.766177177E-1,1.086456267E0
2.121835526E1,1.564435959E-1,9.152917862E-1,7.301611900E-1,1.181257388E0
2.122331088E1,1.328063011E-1,9.419937134E-1,8.853372335E-1,1.299542876E0
2.122829557E1,1.865015030E-1,9.619374275E-1,1.011121631E0,1.408003330E0
2.123328026E1,2.576050758E-1,1.010962486E0,1.126693845E0,1.535527448E0
2.123826500E1,3.698515892E-1,1.017181873E0,1.210510731E0,1.623818152E0
2.124324307E1,4.801225662E-1,1.021244526E0,1.303024411E0,1.723754819E0
2.124822744E1,6.216983795E-1,1.066052437E0,1.373108983E0,1.846186597E0
2.125321182E1,7.799143791E-1,1.105904102E0,1.339307785E0,1.903952643E0
2.125819614E1,9.069657326E-1,1.181432247E0,1.318544507E0,1.989203009E0
2.126319494E1,1.055492401E0,1.263849735E0,1.243528605E0,2.063430094E0
2.126818005E1,1.206109524E0,1.326649666E0,1.090152383E0,2.098364062E0
2.127316515E1,1.418541431E0,1.386559486E0,9.374541044E-1,2.193997995E0
2.127815020E1,1.608975887E0,1.422023773E0,7.279946804E-1,2.267362184E0
2.128314489E1,1.824903488E0,1.440038204E0,5.171295404E-1,2.381471338E0
2.128813046E1,2.063534737E0,1.438077927E0,3.006922007E-1,2.533112617E0
2.129311598E1,2.281719208E0,1.468733311E0,5.008912086E-2,2.714024503E0
2.129810156E1,2.462263107E0,1.476710796E0,-2.103137374E-1,2.878827236E0
2.130306848E1,2.595604420E0,1.454846859E0,-4.684997797E-1,3.012180893E0
2.130805307E1,2.739220142E0,1.415145874E0,-7.102048993E-1,3.163914637E0
2.131303770E1,2.866696835E0,1.319376945E0,-9.349886179E-1,3.291338631E0
2.131802234E1,2.961263657E0,1.251325607E0,-1.154484749E0,3.415806384E0
2.132300906E1,3.051612377E0,1.189454079E0,-1.337322474E0,3.537735222E0
2.132799380E1,3.099591732E0,1.100358963E0,-1.505015969E0,3.617088860E0
2.133297848E1,3.148247719E0,9.984211922E-1,-1.693266153E0,3.711530526E0
2.133796323E1,3.209696293E0,9.101228714E-1,-1.784530163E0,3.783519768E0
2.134295354E1,3.243305683E0,7.852640152E-1,-1.881708384E0,3.830991747E0
2.134793848E1,3.284889221E0,6.094880104E-1,-1.968029499E0,3.877513757E0
2.135292354E1,3.281957626E0,4.953737259E-1,-1.976286173E0,3.862945512E0
2.135790859E1,3.263265133E0,3.806757927E-1,-1.975901008E0,3.833796836E0
2.136289406E1,3.204773903E0,3.227128983E-1,-1.894987106E0,3.737070446E0
2.136787911E1,3.077950954E0,2.975659370E-1,-1.767146826E0,3.561619782E0
2.137286411E1,2.949910641E0,3.028273582E-1,-1.623652101E0,3.380816964E0
2.137784911E1,2.813652515E0,3.815956116E-1,-1.481331825E0,3.202592647E0
2.138282562E1,2.650256634E0,4.549221992E-1,-1.295191169E0,2.984683333E0
2.138781020E1,2.474062443E0,5.466442108E-1,-1.118170857E0,2.769496512E0
2.139279479E1,2.297218800E0,6.018419266E-1,-9.646589160E-1,2.563200098E0
2.139777937E1,2.124548912E0,7.281169891E-1,-7.513462305E-1,2.368202607E0
2.140279015E1,1.970385551E0,7.938084602E-1,-5.622443557E-1,2.197423448E0
2.140777614E1,1.854049206E0,8.493404388E-1,-4.021380544E-1,2.078603534E0
2.141276208E1,1.725123882E0,8.826451302E-1,-2.351914644E-1,1.952032238E0
2.141774796E1,1.602767467E0,8.985118866E-1,-1.284854412E-1,1.841927163E0
2.142271989E1,1.475131035E0,8.611164093E-1,1.102197170E-2,1.708114318E0
2.142770510E1,1.390088081E0,8.350915909E-1,1.688435078E-1,1.630408222E0
2.143269036E1,1.321279049E0,7.582445145E-1,2.875814438E-1,1.550295506E0
2.143767557E1,1.232933521E0,6.809620857E-1,3.794344664E-1,1.458699744E0
2.144265552E1,1.146611691E0,5.386514664E-1,4.777227640E-1,1.353913886E0
2.144764046E1,1.095808029E0,3.625040054E-1,5.538406372E-1,1.280212421E0
2.145262546E1,1.054302216E0,1.335244179E-1,6.652359962E-1,1.253762682E0
2.145761041E1,9.815206528E-1,-6.443262100E-2,7.714334726E-1,1.250057582E0
2.146257739E1,9.088969231E-1,-2.885651588E-1,8.102859259E-1,1.251369949E0
2.146756145E1,8.889837265E-1,-5.364775658E-1,8.560719490E-1,1.345718925E0
2.147254546E1,8.787307739E-1,-7.291340828E-1,9.449359179E-1,1.482129607E0
2.147752958E1,8.425621986E-1,-9.357142448E-1,9.525026083E-1,1.578839265E0
2.148252859E1,8.164215088E-1,-1.089184761E0,9.746336937E-1,1.674150041E0
2.148751338E1,7.862176895E-1,-1.160713196E0,1.006487727E0,1.725807325E0
2.149249823E1,7.137174606E-1,-1.159900665E0,1.014785171E0,1.698396629E0
2.149748296E1,6.827058792E-1,-1.179994106E0,1.042911053E0,1.716431435E0
2.150248312E1,7.122702599E-1,-1.232925892E0,1.033339500E0,1.759325354E0
2.150746864E1,7.809667587E-1,-1.304108143E0,1.012786508E0,1.826566078E0
2.151245421E1,9.126462936E-1,-1.405442238E0,9.933699369E-1,1.948069550E0
2.151743979E1,1.071247578E0,-1.553692818E0,9.249483347E-1,2.101680796E0
2.152241307E1,1.242415428E0,-1.760735035E0,8.051564693E-1,2.300447978E0
2.152739802E1,1.464090347E0,-1.916694641E0,7.083902359E-1,2.513781140E0
2.153238296E1,1.662028790E0,-2.007317543E0,6.705298424E-1,2.690961480E0
2.153736791E1,1.843334675E0,-2.121270180E0,6.315509081E-1,2.880369151E0
2.154235031E1,1.969568729E0,-2.112822533E0,6.201450825E-1,2.954285016E0
2.154733515E1,2.021648407E0,-1.994155884E0,6.694734097E-1,2.917518572E0
2.155231994E1,2.037699223E0,-1.775164604E0,7.124731541E-1,2.794824769E0
2.155730474E1,2.017822266E0,-1.434515953E0,7.725135088E-1,2.593495679E0
2.156228760E1,1.959541321E0,-1.003671646E0,9.015566111E-1,2.379067734E0
2.156727234E1,1.884184361E0,-5.261130333E-1,1.029501200E0,2.210614925E0
2.157225708E1,1.805957794E0,-3.082418442E-2,1.117596269E0,2.124018621E0
2.157724177E1,1.693578243E0,4.125919342E-1,1.184696555E0,2.107592299E0
2.158223302E1,1.573214054E0,7.322797775E-1,1.178074360E0,2.097402043E0
2.158721807E1,1.514140606E0,8.828816414E-1,1.140887141E0,2.091345317E0
2.159220317E1,1.513832569E0,8.884863853E-1,1.070945978E0,2.056215551E0
2.159718822E1,1.524243832E0,7.922396660E-1,9.590963125E-1,1.967442168E0
2.160228823E1,1.575715542E0,5.554022789E-1,8.415111303E-1,1.870692958E0
2.160738822E1,1.637284756E0,2.692365646E-1,7.378885746E-1,1.815948581E0
2.161248822E1,1.665579796E0,-3.771591187E-2,7.013213634E-1,1.807603441E0
2.161750687E1,1.532027721E0,-3.195009232E-1,7.130503654E-1,1.719776323E0
2.162241187E1,1.347204208E0,-5.781717300E-1,7.040166855E-1,1.626309079E0
2.162731687E1,1.103521824E0,-8.356761932E-1,7.773464918E-1,1.587571316E0
2.163222187E1,8.634886742E-1,-1.003228664E0,8.450236320E-1,1.570396568E0
2.163713406E1,6.657876968E-1,-1.197706699E0,8.833506107E-1,1.630362811E0
2.164204880E1,5.081853867E-1,-1.378200054E0,9.237477779E-1,1.735222676E0
2.164703859E1,3.663067818E-1,-1.540206432E0,9.382059574E-1,1.840284470E0
2.165202843E1,2.121167183E-1,-1.644858360E0,9.173368216E-1,1.895272902E0
2.165701822E1,6.985330582E-2,-1.711078167E0,8.325051069E-1,1.904135691E0
2.166198703E1,-1.470232010E-2,-1.743379593E0,7.721867561E-1,1.906793368E0
2.166697583E1,-6.556701660E-2,-1.746659279E0,6.931457520E-1,1.880310800E0
2.167196453E1,-7.285547256E-2,-1.699141979E0,6.262495518E-1,1.812340996E0
2.167695333E1,-1.277112961E-2,-1.648811340E0,5.402388573E-1,1.735108054E0
2.168193916E1,6.201410294E-2,-1.612470627E0,5.041110516E-1,1.690572454E0
2.168692776E1,1.179318428E-1,-1.535272121E0,4.886560440E-1,1.615473038E0
2.169191640E1,1.930165291E-1,-1.427186489E0,4.694291353E-1,1.514754227E0
2.169690500E1,2.201623917E-1,-1.333972931E0,5.030220747E-1,1.442562465E0
2.170193385E1,2.160439491E-1,-1.219953537E0,5.626527071E-1,1.360712934E0
2.170692442E1,1.499333382E-1,-1.087424278E0,6.255995035E-1,1.263465989E0
2.171191505E1,3.843355179E-2,-9.581804276E-1,7.203361988E-1,1.199362793E0
2.171690567E1,-8.730125427E-2,-8.633489609E-1,8.392703533E-1,1.207214837E0
2.172181067E1,-2.075333595E-1,-7.521581650E-1,9.577018023E-1,1.235315645E0
2.172678843E1,-3.687968254E-1,-6.711564064E-1,1.121427774E0,1.357962545E0
2.173177442E1,-5.299143791E-1,-5.887885094E-1,1.325147748E0,1.543858061E0
2.173676031E1,-6.883926392E-1,-5.480031967E-1,1.461081266E0,1.705564539E0
2.174174708E1,-8.322830200E-1,-5.105199814E-1,1.574590445E0,1.852744112E0
2.174673307E1,-9.759006500E-1,-5.241169930E-1,1.672795773E0,2.006321609E0
2.175171901E1,-1.119252205E0,-5.265736580E-1,1.686379790E0,2.091382823E0
2.175670494E1,-1.247892857E0,-4.795560837E-1,1.711017728E0,2.171357245E0
2.176169244E1,-1.385674000E0,-4.762954712E-1,1.665466785E0,2.218271720E0
2.176667848E1,-1.546877861E0,-4.999690056E-1,1.602319360E0,2.282592266E0
2.177166453E1,-1.681095600E0,-5.287957191E-1,1.493205547E0,2.309842015E0
2.177665057E1,-1.804882526E0,-5.433855057E-1,1.388455987E0,2.341084956E0
2.178163046E1,-1.884756565E0,-5.747509003E-1,1.235910892E0,2.325966819E0
2.178661614E1,-1.918447971E0,-6.301116943E-1,1.095534682E0,2.297320092E0
2.179160192E1,-1.973038197E0,-6.759443283E-1,9.129259586E-1,2.276667360E0
2.179658765E1,-2.015035629E0,-7.097849846E-1,6.958686113E-1,2.246863689E0
2.180155073E1,-2.039757252E0,-7.435731888E-1,4.570621252E-1,2.218651960E0
2.180653546E1,-2.059508324E0,-8.374695778E-1,2.947378159E-1,2.242721608E0
2.181152020E1,-2.071728706E0,-8.882617950E-1,1.112071276E-1,2.256864168E0
2.181650500E1,-2.121998310E0,-9.439067841E-1,-5.719900131E-2,2.323167788E0
2.182148979E1,-2.176833153E0,-9.996089935E-1,-1.911420822E-1,2.402988974E0
2.182649500E1,-2.257901192E0,-1.053123951E0,-2.569768429E-1,2.504640682E0
2.183148083E1,-2.357800961E0,-1.080206871E0,-3.525454998E-1,2.617319351E0
2.183646661E1,-2.447919369E0,-1.085752010E0,-3.915345669E-1,2.706375063E0
2.184145239E1,-2.585674763E0,-1.093689442E0,-4.145917892E-1,2.837914186E0
2.184642531E1,-2.711058617E0,-1.137191772E0,-4.215211868E-1,2.969970381E0
2.185141046E1,-2.838515282E0,-1.182799339E0,-4.146302938E-1,3.102918233E0
2.185639562E1,-3.020511627E0,-1.230276108E0,-3.508141041E-1,3.280265283E0
2.186138072E1,-3.139700890E0,-1.286627769E0,-2.493423223E-1,3.402249886E0
2.186636755E1,-3.260505199E0,-1.318116188E0,-1.751853228E-1,3.521223415E0
2.187135281E1,-3.332690239E0,-1.370201111E0,-4.482233524E-2,3.603648756E0
2.187633802E1,-3.396833420E0,-1.480972767E0,1.007108688E-1,3.707006919E0
2.188132323E1,-3.436214447E0,-1.535592556E0,2.349593639E-1,3.771050268E0
2.188630328E1,-3.474713326E0,-1.624922752E0,3.218684196E-1,3.849364353E0
2.189128828E1,-3.553076267E0,-1.713241577E0,4.138261080E-1,3.966207220E0
2.189627317E1,-3.656762600E0,-1.759702206E0,5.273882151E-1,4.092261342E0
2.190125823E1,-3.778349400E0,-1.809464931E0,5.739033222E-1,4.228410168E0
2.190624911E1,-3.865116596E0,-1.793130875E0,5.601735115E-1,4.297468906E0
2.191123442E1,-3.950435162E0,-1.830117702E0,5.602616072E-1,4.389665345E0
2.191621968E1,-4.005539417E0,-1.793510437E0,5.261840820E-1,4.420169160E0
2.192120494E1,-4.054405689E0,-1.731209755E0,4.341498613E-1,4.429873453E0
2.192621671E1,-4.116185665E0,-1.686306000E0,3.176063299E-1,4.459538781E0
2.193120333E1,-4.116541862E0,-1.601028919E0,1.742699146E-1,4.420359771E0
2.193618994E1,-4.108220100E0,-1.494649410E0,3.040111065E-2,4.371770063E0
2.194117656E1,-4.057803631E0,-1.441320419E0,-1.281646490E-1,4.308085542E0
2.194615437E1,-3.979805470E0,-1.369274139E0,-2.890441418E-1,4.218685786E0
2.195114052E1,-3.903226852E0,-1.281260490E0,-4.137021303E-1,4.128917262E0
2.195612666E1,-3.804357529E0,-1.203768253E0,-5.208238363E-1,4.024108806E0
2.196111286E1,-3.731029987E0,-1.196476460E0,-6.007325053E-1,3.963965215E0
2.196608968E1,-3.664259434E0,-1.235577583E0,-7.058102489E-1,3.930854522E0
2.197107536E1,-3.568285465E0,-1.318707466E0,-7.663785815E-1,3.880591021E0
2.197606104E1,-3.450363159E0,-1.440940380E0,-8.633068800E-1,3.837527052E0
2.198104677E1,-3.329758644E0,-1.599984646E0,-9.606040716E-1,3.817067418E0
2.198601343E1,-3.175356865E0,-1.781273365E0,-1.022023320E0,3.781581374E0
2.199099812E1,-3.006508827E0,-1.925255775E0,-1.121617794E0,3.742156010E0
2.199598286E1,-2.842388153E0,-2.110970020E0,-1.245113730E0,3.753088467E0
2.200096760E1,-2.687782764E0,-2.249910355E0,-1.258537889E0,3.724270453E0
2.200596520E1,-2.530779839E0,-2.409147263E0,-1.314924955E0,3.733344983E0
2.201095062E1,-2.388147831E0,-2.572046757E0,-1.335516453E0,3.755300091E0
2.201593599E1,-2.288537025E0,-2.707532406E0,-1.315705180E0,3.781430095E0
2.202092135E1,-2.181613922E0,-2.856316090E0,-1.282200575E0,3.816021387E0
2.202590484E1,-2.131932259E0,-3.011270046E0,-1.220924139E0,3.886327083E0
2.203089015E1,-2.089056492E0,-3.102932453E0,-1.134690404E0,3.908947320E0
2.203587541E1,-2.098350525E0,-3.167242527E0,-1.026182890E0,3.935422655E0
2.204086072E1,-2.118947029E0,-3.204089165E0,-8.311642408E-1,3.930261808E0
2.204585052E1,-2.124416351E0,-3.211024761E0,-6.863306761E-1,3.910866227E0
2.205083604E1,-2.097847462E0,-3.261971951E0,-5.296469331E-1,3.914326360E0
2.205582156E1,-2.070250511E0,-3.354451180E0,-3.999078870E-1,3.962096189E0
2.206080703E1,-2.015378952E0,-3.409626961E0,-2.565635443E-1,3.969021691E0
2.206578614E1,-1.883161545E0,-3.466036320E0,-2.074394226E-1,3.950029910E0
2.207077130E1,-1.723841190E0,-3.602529526E0,-1.832493544E-1,3.997927933E0
2.207575645E1,-1.549423218E0,-3.768852711E0,-1.888958216E-1,4.079294632E0
2.208074166E1,-1.393640995E0,-3.943816662E0,-2.075732946E-1,4.187960334E0
2.208571651E1,-1.278160572E0,-4.137211800E0,-2.822067142E-1,4.339338262E0
2.209070114E1,-1.186132908E0,-4.281982422E0,-3.434268832E-1,4.456481433E0
2.209568578E1,-1.175004482E0,-4.340058804E0,-4.199284911E-1,4.515870446E0
2.210067046E1,-1.182425022E0,-4.380748749E0,-4.732941389E-1,4.562137205E0
2.210566182E1,-1.287229538E0,-4.356178761E0,-4.844535589E-1,4.568144977E0
2.211064682E1,-1.419888973E0,-4.263860226E0,-4.577858448E-1,4.517317412E0
2.211563182E1,-1.580307007E0,-4.122908592E0,-4.195557833E-1,4.435287201E0
2.212061682E1,-1.758715153E0,-4.012010098E0,-3.671436906E-1,4.395918391E0
2.212558838E1,-1.899913311E0,-3.882998943E0,-2.524320483E-1,4.330250954E0
2.213057270E1,-1.958414555E0,-3.752458096E0,-1.971213222E-1,4.237356032E0
2.213555708E1,-2.015491009E0,-3.689568996E0,-1.341186166E-1,4.206318009E0
2.214054140E1,-2.001719475E0,-3.663075924E0,-3.463351727E-2,4.174470692E0
2.214553229E1,-1.979344368E0,-3.651405334E0,3.213703632E-2,4.153504283E0
2.215051687E1,-1.934116840E0,-3.597340107E0,1.020424366E-1,4.085593770E0
2.215550156E1,-1.873242855E0,-3.481895924E0,1.820822954E-1,3.958003535E0
2.216048624E1,-1.842116833E0,-3.336280346E0,3.244484663E-1,3.824843497E0
2.216547104E1,-1.821727276E0,-3.110617161E0,4.642763138E-1,3.634581390E0
2.217045572E1,-1.867007256E0,-2.838482380E0,5.607622862E-1,3.443421649E0
2.217544036E1,-1.908627510E0,-2.556019783E0,6.902158856E-1,3.263815876E0
2.218042505E1,-1.932248116E0,-2.246586800E0,7.638425827E-1,3.060096489E0
2.218541583E1,-1.952140331E0,-1.943593979E0,8.606684208E-1,2.886028336E0
2.219040083E1,-1.963806629E0,-1.676136017E0,8.969022036E-1,2.733203612E0
2.219538578E1,-1.969630718E0,-1.446577549E0,9.370865226E-1,2.617281590E0
2.220037073E1,-1.995922089E0,-1.209447384E0,9.287151694E-1,2.511768266E0
2.220534661E1,-1.994883060E0,-9.791984558E-1,8.694261312E-1,2.386271116E0
2.221033109E1,-2.004834652E0,-7.702155113E-1,8.143665195E-1,2.296908083E0
2.221531562E1,-2.008895397E0,-6.038775444E-1,7.323257923E-1,2.221852802E0
2.222030010E1,-2.007124424E0,-4.395575523E-1,6.832321286E-1,2.165309548E0
2.222529671E1,-2.032901287E0,-2.627897263E-1,6.552328467E-1,2.151993533E0
2.223028187E1,-2.012148380E0,-7.369041443E-2,6.174518466E-1,2.106043248E0
2.223526698E1,-1.961612225E0,3.930711746E-2,5.677445531E-1,2.042498824E0
2.224025208E1,-1.864696503E0,1.407308578E-1,5.565135479E-1,1.951052421E0
2.224522854E1,-1.731181145E0,2.112874985E-1,5.289493799E-1,1.822475791E0
2.225021323E1,-1.558612823E0,2.081017494E-1,5.259888768E-1,1.658084609E0
2.225519791E1,-1.361697197E0,1.763358116E-1,5.332911015E-1,1.472994560E0
2.226018260E1,-1.154923439E0,1.469850540E-1,5.413697958E-1,1.283952496E0
2.226516963E1,-9.552063942E-1,7.204723358E-2,5.598822832E-1,1.109539648E0
2.227015442E1,-7.651863098E-1,4.693889618E-2,5.839230418E-1,9.636801687E-1
2.227513921E1,-5.538983345E-1,-2.624511719E-3,5.707811713E-1,7.953624322E-1
2.228012406E1,-3.311676979E-1,-2.187967300E-2,5.560454130E-1,6.475625573E-1
2.228511359E1,-1.448149681E-1,-6.105995178E-2,5.156436563E-1,5.390622162E-1
2.229009864E1,1.778602600E-4,-1.036472321E-1,4.757106304E-1,4.868710140E-1
2.229508369E1,1.826024055E-1,-1.330327988E-1,4.291068912E-1,4.849475107E-1
2.230006874E1,3.642816544E-1,-1.658191681E-1,3.757990599E-1,5.490191742E-1
2.230505281E1,4.971399307E-1,-2.237496376E-1,3.395619988E-1,6.422728097E-1
2.231003781E1,6.528768539E-1,-2.279453278E-1,2.844479680E-1,7.477418708E-1
2.231502281E1,8.027343750E-1,-2.286920547E-1,2.725617886E-1,8.780503751E-1
2.232000776E1,8.987846375E-1,-2.165050507E-1,2.822092175E-1,9.666076267E-1
2.232499104E1,9.912276268E-1,-1.866779327E-1,3.345808387E-1,1.062697133E0
2.232997593E1,1.070514202E0,-1.917977333E-1,3.864718080E-1,1.154186937E0
2.233496083E1,1.117550850E0,-1.624345779E-1,4.424361587E-1,1.212870417E0
2.233994572E1,1.180198193E0,-1.296944618E-1,4.951176047E-1,1.286401908E0
2.234493380E1,1.205926895E0,-1.700110435E-1,5.512549281E-1,1.336804184E0
2.234991890E1,1.228368282E0,-1.755833626E-1,5.554947853E-1,1.359519257E0
2.235490395E1,1.249851227E0,-1.943092346E-1,6.106305718E-1,1.404547565E0
2.235988901E1,1.256017685E0,-1.616010666E-1,6.685850620E-1,1.432026995E0
2.236488182E1,1.256686211E0,-1.131753922E-1,7.506898046E-1,1.468197563E0
2.236986729E1,1.227751255E0,-9.462547302E-2,8.282457590E-1,1.484020944E0
2.237485270E1,1.171794891E0,-6.512451172E-2,8.699697256E-1,1.460887331E0
2.237983817E1,1.124827385E0,2.562999725E-2,9.116670489E-1,1.448112686E0
2.238481187E1,1.103486538E0,9.861040115E-2,8.890382051E-1,1.420491282E0
2.238979677E1,1.043200493E0,1.682243347E-1,9.217986465E-1,1.402240864E0
2.239478156E1,9.750313759E-1,2.535605431E-1,8.951443434E-1,1.347687845E0
2.239976645E1,8.965787888E-1,3.354754448E-1,8.451765180E-1,1.276996729E0
2.240474859E1,7.674541473E-1,4.644107819E-1,7.864736915E-1,1.192981186E0
2.240973333E1,6.571145058E-1,5.805916786E-1,7.217438221E-1,1.135693760E0
2.241471807E1,5.463347435E-1,6.648831367E-1,6.585782170E-1,1.083640395E0
2.241970276E1,4.616470337E-1,7.605643272E-1,6.019559503E-1,1.074209963E0
2.242469718E1,3.624968529E-1,8.701176643E-1,5.686259866E-1,1.100837968E0
2.242968239E1,2.584080696E-1,9.911060333E-1,5.324803591E-1,1.154383486E0
2.243466760E1,1.710166931E-1,1.114045620E0,5.270963311E-1,1.244256764E0
2.243965286E1,1.266856194E-1,1.212706089E0,5.286814570E-1,1.328988107E0
2.244462849E1,1.253271103E-1,1.294286251E0,5.278949142E-1,1.403409001E0
2.244961322E1,1.024055481E-1,1.320602894E0,5.652840137E-1,1.440147533E0
2.245459796E1,1.151823997E-1,1.305966377E0,5.906965733E-1,1.437963006E0
2.245958270E1,1.325197220E-1,1.319773197E0,5.802632570E-1,1.447780445E0
2.246458927E1,1.449146271E-1,1.345309258E0,5.771392584E-1,1.471036020E0
2.246957510E1,1.927390099E-1,1.377574921E0,6.291926503E-1,1.526677562E0
2.247456098E1,2.090430260E-1,1.387888908E0,6.237441897E-1,1.535900851E0
2.247954682E1,2.345161438E-1,1.419300079E0,5.940954685E-1,1.556393254E0
2.248451510E1,2.858557701E-1,1.409584045E0,5.449896455E-1,1.538068404E0
2.248950005E1,3.057856560E-1,1.404326916E0,4.285404682E-1,1.499761943E0
2.249448500E1,3.374080658E-1,1.403542519E0,3.309410214E-1,1.480978651E0
2.249946994E1,3.805875778E-1,1.385637283E0,2.212693691E-1,1.453890546E0
2.250446072E1,3.947014809E-1,1.408036232E0,9.219187498E-2,1.465214876E0
2.250944599E1,3.845739365E-1,1.403747559E0,-1.316654682E-2,1.455533469E0
2.251443124E1,4.173069000E-1,1.432699680E0,-1.830393076E-1,1.503421701E0
2.251941651E1,4.522466660E-1,1.466221333E0,-3.429815173E-1,1.572249460E0
2.252438880E1,4.894213676E-1,1.442147732E0,-4.811601639E-1,1.597134452E0
2.252937333E1,5.600757599E-1,1.403748035E0,-5.709636211E-1,1.615609130E0
2.253435796E1,6.233854294E-1,1.367732048E0,-6.479365826E-1,1.636802421E0
2.253934260E1,6.960744858E-1,1.362769127E0,-6.882982254E-1,1.677919495E0
2.254433328E1,7.469129562E-1,1.331364155E0,-7.038732767E-1,1.681025600E0
2.254931817E1,8.045821190E-1,1.311798573E0,-6.993830204E-1,1.690356321E0
2.255430312E1,8.738751411E-1,1.306442738E0,-7.348601818E-1,1.735070568E0
2.255928796E1,9.525671005E-1,1.305829525E0,-6.812281609E-1,1.754037239E0
2.256426874E1,1.028625965E0,1.247725010E0,-6.415506005E-1,1.739677053E0
2.256925343E1,1.035172939E0,1.187231064E0,-5.776956677E-1,1.677746375E0
2.257423817E1,1.067885399E0,1.176905155E0,-5.280707479E-1,1.674617474E0
2.257922286E1,1.090982437E0,1.209551811E0,-4.738719463E-1,1.696411767E0
2.258420786E1,1.114113808E0,1.249289036E0,-3.744953871E-1,1.715289907E0
2.258919260E1,1.125394344E0,1.312852859E0,-3.426971436E-1,1.762820579E0
2.259417729E1,1.129689217E0,1.335674286E0,-2.757124305E-1,1.770943497E0
2.259916203E1,1.141335011E0,1.372794151E0,-2.978550792E-1,1.809952219E0
2.260413531E1,1.193840981E0,1.409879684E0,-3.348255754E-1,1.877531671E0
2.260911948E1,1.251508236E0,1.411180019E0,-3.915617466E-1,1.926401441E0
2.261410359E1,1.273593426E0,1.412571907E0,-3.817662001E-1,1.939882738E0
2.261908770E1,1.320036888E0,1.411745071E0,-3.867365718E-1,1.971062330E0
2.262409354E1,1.342942715E0,1.489998341E0,-4.110611677E-1,2.047574534E0
2.262907880E1,1.409238815E0,1.534855843E0,-3.610928655E-1,2.114739831E0
2.263406401E1,1.468685627E0,1.582250595E0,-2.799375653E-1,2.176905937E0
2.263904921E1,1.595358849E0,1.644124985E0,-2.200171947E-1,2.301461359E0
2.264403385E1,1.743419647E0,1.665291309E0,-1.332660913E-1,2.414636010E0
2.264901906E1,1.860099316E0,1.710254669E0,-7.010281086E-2,2.527816232E0
2.265400421E1,1.959571838E0,1.721449375E0,-1.627027988E-2,2.608366244E0
2.265898942E1,2.103868008E0,1.739515781E0,1.898229122E-2,2.729933346E0
2.266396927E1,2.259453773E0,1.654451370E0,3.803420067E-2,2.800676220E0
2.266895416E1,2.435568333E0,1.590564728E0,2.908957005E-2,2.909078112E0
2.267393911E1,2.632031441E0,1.516631126E0,-5.587220192E-3,3.037727884E0
2.267892401E1,2.848578453E0,1.415797710E0,-2.524292469E-2,3.181119232E0
2.268390562E1,3.029959679E0,1.264054298E0,-1.112117767E-1,3.284943985E0
2.268889041E1,3.185692787E0,1.121215820E0,-1.724536419E-1,3.381642162E0
2.269387515E1,3.384916306E0,9.584751129E-1,-2.900793552E-1,3.529940364E0
2.269885994E1,3.510194778E0,8.068652153E-1,-3.537713885E-1,3.619067981E0
2.270385119E1,3.626187325E0,6.233429909E-1,-4.209777713E-1,3.703378630E0
2.270883624E1,3.694642544E0,4.773135185E-1,-5.394355655E-1,3.764200108E0
2.271382135E1,3.746675491E0,3.352379799E-1,-6.325616837E-1,3.814458811E0
2.271880640E1,3.729787350E0,2.401933670E-1,-6.550518274E-1,3.794482761E0
2.272378989E1,3.684729576E0,1.777639389E-1,-6.501569748E-1,3.745869213E0
2.272877494E1,3.638200760E0,1.313591003E-1,-6.898174286E-1,3.705348576E0
2.273375989E1,3.530568123E0,1.249198914E-1,-6.522678137E-1,3.592487933E0
2.273874489E1,3.433774471E0,1.297321320E-1,-5.880987644E-1,3.486186699E0
2.274373250E1,3.312025070E0,1.601600647E-1,-5.476769805E-1,3.360820047E0
2.274871760E1,3.129625797E0,2.616500854E-1,-4.666478038E-1,3.175024184E0
2.275370270E1,2.972995758E0,3.673110008E-1,-3.666170239E-1,3.017951158E0
2.275868786E1,2.830236435E0,4.508562088E-1,-2.908314466E-1,2.880640993E0
2.276366583E1,2.711125374E0,5.052323341E-1,-1.917397976E-1,2.764457389E0
2.276865062E1,2.591720104E0,5.591392517E-1,-7.911133766E-2,2.652528681E0
2.277363541E1,2.474474907E0,5.910587311E-1,6.174802780E-3,2.544094066E0
2.277862015E1,2.378527641E0,5.723347664E-1,1.239742041E-1,2.449557190E0
2.278361067E1,2.248853683E0,5.699458122E-1,2.501107454E-1,2.333395917E0
2.278859578E1,2.195517540E0,5.313329697E-1,3.633844852E-1,2.287937997E0
2.279358083E1,2.158667088E0,4.446015358E-1,4.471116066E-1,2.248871475E0
2.279856588E1,2.159901619E0,3.433475494E-1,4.798034430E-1,2.239034142E0
2.280355989E1,2.215793610E0,1.868877411E-1,5.477746725E-1,2.290136555E0
2.280854536E1,2.326140404E0,-4.866695404E-2,5.890761614E-1,2.400064244E0
2.281353088E1,2.411749363E0,-3.011398315E-1,5.442415476E-1,2.490666387E0
2.281851640E1,2.484490871E0,-5.609693527E-1,5.093548298E-1,2.597464889E0
2.282349312E1,2.544266224E0,-7.875118256E-1,4.656589031E-1,2.703757331E0
2.282847822E1,2.638947487E0,-1.011881828E0,4.418342113E-1,2.860623384E0
2.283346328E1,2.668054104E0,-1.200563431E0,3.903347254E-1,2.951648091E0
2.283844838E1,2.677056313E0,-1.300978661E0,4.095437527E-1,3.004480331E0
2.284343187E1,2.677935600E0,-1.399320602E0,4.468055964E-1,3.054353036E0
2.284841687E1,2.649365902E0,-1.454837799E0,4.398511648E-1,3.054367652E0
2.285340187E1,2.622646332E0,-1.527272224E0,4.388611317E-1,3.066501805E0
2.285838687E1,2.641013622E0,-1.573435783E0,4.461857080E-1,3.106402228E0
2.286338583E1,2.623210907E0,-1.593348503E0,4.424003363E-1,3.100921310E0
2.286837151E1,2.631512642E0,-1.589404106E0,4.848769903E-1,3.112261219E0
2.287335724E1,2.615633488E0,-1.516276360E0,4.824136496E-1,3.061593616E0
2.287834291E1,2.566155434E0,-1.426631927E0,5.375964642E-1,2.984868896E0
2.288331822E1,2.514109612E0,-1.265643120E0,5.590094328E-1,2.869684859E0
2.288830338E1,2.409246445E0,-1.026247025E0,6.232692003E-1,2.691861044E0
2.289328859E1,2.273032188E0,-7.039346695E-1,7.345747948E-1,2.490341237E0
2.289827380E1,2.112638474E0,-3.849945068E-1,8.446433544E-1,2.307571123E0
2.290324354E1,1.930530548E0,-4.556560516E-2,9.219239950E-1,2.139852395E0
2.290822796E1,1.740956306E0,3.117723465E-1,1.061714292E0,2.062854356E0
2.291321234E1,1.529394627E0,6.341629028E-1,1.198880196E0,2.044143888E0
2.291819677E1,1.355635166E0,9.550452232E-1,1.299636006E0,2.106872524E0
2.292319145E1,1.169195175E0,1.168996811E0,1.347115159E0,2.132672069E0
2.292817635E1,9.918360710E-1,1.254790783E0,1.358269930E0,2.098365055E0
2.293316124E1,8.594079018E-1,1.257988930E0,1.314034581E0,2.011915746E0
2.293814619E1,7.597270012E-1,1.173808575E0,1.176529169E0,1.827356717E0
2.294313968E1,6.617674828E-1,1.004866123E0,1.034757137E0,1.586951310E0
2.294812505E1,5.774459839E-1,7.465434074E-1,8.750202656E-1,1.287024238E0
2.295311041E1,5.234856606E-1,5.018177032E-1,6.785819530E-1,9.931423418E-1
2.295809572E1,4.425249100E-1,3.162364960E-1,4.627846479E-1,7.141452567E-1
2.296307489E1,3.848791122E-1,1.133146286E-1,2.495630980E-1,4.724974878E-1
2.296805994E1,3.003273010E-1,-4.950618744E-2,6.536245346E-2,3.113191299E-1
2.297304500E1,2.703013420E-1,-2.534003258E-1,-9.886491299E-2,3.834694403E-1
2.297803005E1,2.302927971E-1,-5.076508522E-1,-2.615944147E-1,6.157725213E-1
2.298301510E1,2.446432114E-1,-7.142362595E-1,-3.984217644E-1,8.536531131E-1
2.298800015E1,2.726612091E-1,-9.687066078E-1,-5.637402534E-1,1.153490226E0
2.299298515E1,2.831358910E-1,-1.194444180E0,-7.378037572E-1,1.432207113E0
2.299797020E1,2.591633797E-1,-1.348524570E0,-9.131023884E-1,1.649072511E0
2.300301598E1,1.669459343E-1,-1.445626736E0,-1.084538698E0,1.814919225E0
2.300800406E1,9.388732910E-2,-1.472858906E0,-1.276111126E0,1.951047870E0
2.301299213E1,3.020572662E-2,-1.449641228E0,-1.399506569E0,2.015189994E0
2.301798020E1,-4.786729813E-2,-1.452400684E0,-1.471435785E0,2.068062450E0
2.302288130E1,-7.495927811E-2,-1.437457561E0,-1.506659627E0,2.083728957E0
2.302786494E1,-1.216406822E-1,-1.436955452E0,-1.467080116E0,2.057173180E0
2.303284854E1,-8.673048019E-2,-1.479073524E0,-1.360517859E0,2.011514234E0
2.303783224E1,-4.210996628E-2,-1.525656223E0,-1.242568254E0,1.968089436E0
2.304283208E1,9.645462036E-3,-1.581742287E0,-1.065890074E0,1.907386522E0
2.304781656E1,3.269243240E-2,-1.616353512E0,-8.694665432E-1,1.835657795E0
2.305280098E1,1.490449905E-2,-1.649023533E0,-6.374329925E-1,1.767999314E0
2.305778546E1,-4.365301132E-2,-1.644025326E0,-4.566116333E-1,1.706815468E0
2.306276890E1,-1.142616272E-1,-1.649377823E0,-2.677243948E-1,1.674866942E0
2.306775328E1,-2.376112938E-1,-1.650891781E0,-7.373166084E-2,1.669532616E0
2.307273770E1,-4.232559204E-1,-1.646315575E0,1.058461666E-1,1.703145313E0
2.307772208E1,-6.375913620E-1,-1.597426414E0,3.113334179E-1,1.747919447E0
2.308270802E1,-9.090499878E-1,-1.520868301E0,4.730460644E-1,1.833898811E0
2.308769255E1,-1.227719307E0,-1.466686726E0,6.266034842E-1,2.012733607E0
2.309267703E1,-1.495481968E0,-1.398945332E0,7.697392702E-1,2.187695797E0
2.309766151E1,-1.793406010E0,-1.365163326E0,8.882440329E-1,2.422592307E0
2.310265734E1,-2.030409813E0,-1.331569195E0,1.011190414E0,2.630236982E0
2.310764244E1,-2.280561924E0,-1.290783882E0,1.098207712E0,2.841328193E0
2.311262744E1,-2.491339207E0,-1.288264275E0,1.144935608E0,3.029401497E0
2.311761250E1,-2.717708111E0,-1.218524933E0,1.140085459E0,3.189127661E0
2.312257953E1,-2.937942028E0,-1.124468327E0,1.110095501E0,3.335902337E0
2.312756364E1,-3.113749981E0,-1.082563400E0,1.105316520E0,3.476939325E0
2.313254781E1,-3.211568594E0,-1.102043629E0,1.047212362E0,3.553213577E0
2.313753198E1,-3.276817083E0,-1.103677273E0,1.000857115E0,3.599631743E0
2.314253093E1,-3.295432329E0,-1.140259266E0,9.545731544E-1,3.615421875E0
2.314751578E1,-3.286536455E0,-1.120662212E0,8.777608871E-1,3.581573654E0
2.315250067E1,-3.274300098E0,-1.049919605E0,8.040853739E-1,3.531278182E0
2.315748557E1,-3.242263317E0,-1.021569729E0,7.696670294E-1,3.485435907E0
2.316246906E1,-3.168972015E0,-9.614114761E-1,6.861639023E-1,3.381939763E0
2.316745380E1,-3.042699814E0,-9.270043373E-1,5.370967388E-1,3.225807202E0
2.317243864E1,-2.918709755E0,-9.257640839E-1,3.414182663E-1,3.080985590E0
2.317742343E1,-2.787553787E0,-9.291462898E-1,1.371909380E-1,2.941528565E0
2.318241166E1,-2.670884132E0,-9.851613045E-1,-1.212273836E-1,2.849361494E0
2.318739666E1,-2.563959122E0,-1.019763470E0,-3.408179283E-1,2.780280700E0
2.319238161E1,-2.591230392E0,-1.018790722E0,-5.216884613E-1,2.832766904E0
2.319736656E1,-2.608932018E0,-1.037166595E0,-7.500614524E-1,2.905999485E0
2.320246656E1,-2.682169914E0,-1.015748024E0,-9.159832597E-1,3.010781432E0
2.320756656E1,-2.788551331E0,-1.032494545E0,-1.081495047E0,3.164126269E0
2.321266656E1,-2.896853447E0,-1.015491009E0,-1.170045376E0,3.285116142E0
2.321767364E1,-2.984974384E0,-9.999098778E-1,-1.210319996E0,3.372649749E0
2.322257864E1,-3.069590569E0,-1.026203156E0,-1.312144279E0,3.492449253E0
2.322748364E1,-3.160602570E0,-1.075583458E0,-1.372660279E0,3.609776256E0
2.323238864E1,-3.229089737E0,-1.138145447E0,-1.420535207E0,3.706793205E0
2.323729364E1,-3.232031345E0,-1.237701893E0,-1.431683421E0,3.745350452E0
2.324223510E1,-3.284343243E0,-1.350358009E0,-1.403819561E0,3.818518908E0
2.324722505E1,-3.326117516E0,-1.449740887E0,-1.387378216E0,3.884536611E0
2.325221500E1,-3.362004757E0,-1.533316135E0,-1.301201820E0,3.917557981E0
2.325720500E1,-3.442195892E0,-1.567616463E0,-1.200556278E0,3.968308117E0
2.326217677E1,-3.552154541E0,-1.566888809E0,-1.049690127E0,4.021789625E0
2.326716578E1,-3.670378923E0,-1.550361156E0,-8.582345843E-1,4.075765911E0
2.327215484E1,-3.772847414E0,-1.443734646E0,-6.643378735E-1,4.093909152E0
2.327714390E1,-3.869148970E0,-1.333169460E0,-4.774788618E-1,4.120150558E0
2.328210812E1,-3.968734503E0,-1.244806767E0,-3.072341681E-1,4.170706208E0
2.328709593E1,-4.004761696E0,-1.154827118E0,-1.487450600E-1,4.170595522E0
2.329208369E1,-3.970090151E0,-1.103825569E0,-4.029250145E-2,4.120882209E0
2.329707151E1,-3.893566847E0,-1.082272530E0,-3.445339203E-2,4.041331916E0
2.330204625E1,-3.772991896E0,-1.047267437E0,-1.989483833E-3,3.915640546E0
2.330703338E1,-3.642178059E0,-1.037425995E0,9.321212769E-3,3.787056983E0
2.331202052E1,-3.532332897E0,-1.086373329E0,-8.193457127E-2,3.696524852E0
2.331700765E1,-3.433783054E0,-1.138937473E0,-1.752175093E-1,3.621980923E0
2.332198911E1,-3.286787510E0,-1.214280128E0,-2.919343710E-1,3.516059448E0
2.332697598E1,-3.124950886E0,-1.283657551E0,-4.340602160E-1,3.406097917E0
2.333196276E1,-2.946192741E0,-1.352166653E0,-5.654339790E-1,3.290611176E0
2.333694963E1,-2.805599689E0,-1.446138859E0,-7.145363688E-1,3.236243106E0
2.334191989E1,-2.712697983E0,-1.565423489E0,-8.473770022E-1,3.244584539E0
2.334690588E1,-2.588486671E0,-1.647770405E0,-9.997862577E-1,3.227225297E0
2.335189187E1,-2.456892014E0,-1.724251270E0,-1.080728054E0,3.190193401E0
2.335687791E1,-2.294014931E0,-1.816392899E0,-1.161952734E0,3.148320476E0
2.336187265E1,-2.099833012E0,-1.938471317E0,-1.233914137E0,3.112798391E0
2.336685911E1,-1.955753326E0,-2.085799694E0,-1.275212646E0,3.130766476E0
2.337184552E1,-1.770938873E0,-2.229750156E0,-1.292892575E0,3.127232237E0
2.337683198E1,-1.624463558E0,-2.377683640E0,-1.320523977E0,3.167971735E0
2.338180359E1,-1.504233360E0,-2.558306694E0,-1.339377522E0,3.256007262E0
2.338678927E1,-1.393302441E0,-2.706934929E0,-1.349928379E0,3.330329568E0
2.339177500E1,-1.279639721E0,-2.811726093E0,-1.343171835E0,3.368589025E0
2.339676067E1,-1.230112076E0,-2.937284946E0,-1.300379753E0,3.439739246E0
2.340186067E1,-1.163098812E0,-3.073674679E0,-1.238085508E0,3.511855721E0
2.340688250E1,-1.131529808E0,-3.166518688E0,-1.169342041E0,3.560134986E0
2.341187531E1,-1.128153324E0,-3.266035557E0,-1.125215769E0,3.633982486E0
2.341686812E1,-1.128711700E0,-3.398106098E0,-1.038595676E0,3.728243036E0
2.342177312E1,-1.123753071E0,-3.546193123E0,-9.625649452E-1,3.842504119E0
2.342667812E1,-1.079656124E0,-3.738706589E0,-8.871840835E-1,3.991325582E0
2.343165536E1,-1.036881447E0,-3.889074326E0,-8.428135514E-1,4.112220438E0
2.343663937E1,-9.716639519E-1,-4.031082630E0,-8.057827353E-1,4.224102724E0
2.344163348E1,-8.719525337E-1,-4.157444000E0,-7.450457811E-1,4.312741014E0
2.344661802E1,-8.503737450E-1,-4.239774704E0,-6.656006575E-1,4.375139916E0
2.345160255E1,-8.685102463E-1,-4.249386787E0,-6.082005501E-1,4.379669625E0
2.345658703E1,-8.975982666E-1,-4.172010899E0,-4.556173086E-1,4.291729805E0
2.346156874E1,-9.592289925E-1,-4.046158314E0,-2.727199197E-1,4.167240516E0
2.346655312E1,-1.086625576E0,-3.893189430E0,-1.241991520E-1,4.043897193E0
2.347153744E1,-1.174489498E0,-3.751409054E0,2.824151516E-2,3.931067673E0
2.347652182E1,-1.251350403E0,-3.644488811E0,1.821805239E-1,3.857637395E0
2.348151296E1,-1.305302620E0,-3.558107853E0,3.423671722E-1,3.805412159E0
2.348649765E1,-1.317089081E0,-3.463376522E0,4.993295670E-1,3.738854182E0
2.349148239E1,-1.286798954E0,-3.408150196E0,6.175012589E-1,3.694948865E0
2.349646713E1,-1.219338417E0,-3.370944977E0,7.162055969E-1,3.655544647E0
2.350144833E1,-1.155496597E0,-3.332716465E0,7.908581495E-1,3.614917431E0
2.350643286E1,-1.116894722E0,-3.217103958E0,8.533674479E-1,3.510761698E0
2.351141734E1,-1.084393501E0,-3.045811176E0,9.274174571E-1,3.363477089E0
2.351640187E1,-1.096322536E0,-2.821402550E0,1.010637760E0,3.191179113E0
2.352138791E1,-1.116837025E0,-2.505764008E0,1.098413467E0,2.955112578E0
2.352637250E1,-1.189046383E0,-2.206710339E0,1.126232624E0,2.748054174E0
2.353135708E1,-1.226933002E0,-1.890892029E0,1.189870834E0,2.548848732E0
2.353634171E1,-1.287987709E0,-1.529738903E0,1.222119331E0,2.343627340E0
2.354133005E1,-1.391243458E0,-1.185429096E0,1.225351334E0,2.200519573E0
2.354631484E1,-1.440938950E0,-8.674883842E-1,1.208929777E0,2.071316576E0
2.355129963E1,-1.501679897E0,-5.639381409E-1,1.153617978E0,1.975829745E0
2.355628442E1,-1.551816940E0,-2.292590141E-1,1.152472734E0,1.946506850E0
2.356125911E1,-1.553141117E0,6.472826004E-2,1.131359339E0,1.922605272E0
2.356624338E1,-1.572612286E0,3.372416496E-1,1.114197493E0,1.956598422E0
2.357122765E1,-1.564798832E0,5.117559433E-1,1.060396910E0,1.958298020E0
2.357621192E1,-1.472427845E0,6.050491333E-1,9.749027491E-1,1.866698578E0
2.358120864E1,-1.269266129E0,6.746511459E-1,8.866342306E-1,1.688878602E0
2.358619354E1,-1.029952526E0,6.484875679E-1,7.668390870E-1,1.438534156E0
2.359117843E1,-8.096928596E-1,5.934972763E-1,6.348407865E-1,1.187798118E0
2.359616333E1,-5.752038956E-1,5.382094383E-1,5.264748335E-1,9.474727813E-1
2.360120057E1,-3.646335602E-1,4.851622581E-1,4.204399586E-1,7.383155211E-1
2.360618781E1,-2.078127861E-1,4.691863060E-1,3.022474051E-1,5.955463354E-1
2.361117510E1,-1.066732407E-1,4.930028915E-1,2.077863812E-1,5.455329610E-1
2.361616239E1,-2.770328522E-2,5.015535355E-1,1.370019913E-1,5.206658876E-1
2.362114963E1,4.816675186E-2,5.283036232E-1,7.571798563E-2,5.358712230E-1
2.362608369E1,1.612458229E-1,5.609874725E-1,-2.588331699E-3,5.837069977E-1
2.363106859E1,2.357277870E-1,5.644478798E-1,-6.862580776E-2,6.155310716E-1
2.363605348E1,3.285708427E-1,5.550651550E-1,-1.153516769E-1,6.552573040E-1
2.364103838E1,4.803953171E-1,5.424480438E-1,-2.191776633E-1,7.570128064E-1
2.364603630E1,6.026163101E-1,5.003075600E-1,-3.224603534E-1,8.470152013E-1
2.365102187E1,7.236294746E-1,4.834313393E-1,-3.630070090E-1,9.429313681E-1
2.365600744E1,8.314046860E-1,4.295840263E-1,-3.982748091E-1,1.017054085E0
2.366099296E1,9.140491486E-1,4.249749184E-1,-4.520041645E-1,1.104715933E0
2.366596323E1,9.927926064E-1,3.952012062E-1,-4.522924721E-1,1.160340309E0
2.367094802E1,1.034357071E0,3.619847298E-1,-4.040500820E-1,1.167982861E0
2.367593281E1,1.046072483E0,3.350062370E-1,-3.861878812E-1,1.164318641E0
2.368091760E1,1.054365635E0,3.119430542E-1,-3.126538992E-1,1.143130711E0
2.368590552E1,1.042698860E0,2.881436348E-1,-2.244905233E-1,1.104827436E0
2.369089041E1,1.049352646E0,2.636055946E-1,-8.123046160E-2,1.085001047E0
2.369587541E1,1.041053295E0,2.623996735E-1,9.764623642E-2,1.078044683E0
2.370086036E1,1.027330399E0,2.725009918E-1,2.617250085E-1,1.094607016E0
2.370585109E1,1.032202244E0,2.317862511E-1,4.298726320E-1,1.141909286E0
2.371083635E1,1.003142357E0,2.790808678E-1,6.258131266E-1,1.214834470E0
2.371582156E1,1.004860401E0,3.545532227E-1,7.654592395E-1,1.312013819E0
2.372080682E1,9.919800758E-1,4.079942703E-1,9.033940434E-1,1.402356800E0
2.372578104E1,1.024134636E0,4.679889679E-1,9.985806346E-1,1.505001233E0
2.373076572E1,1.051373482E0,5.491023064E-1,1.055709958E0,1.587898944E0
2.373575046E1,1.016047955E0,6.535005569E-1,1.134350061E0,1.657156144E0
2.374073510E1,1.004271030E0,7.763390541E-1,1.198557138E0,1.745795476E0
2.374573145E1,9.658579826E-1,9.487128258E-1,1.207506657E0,1.814114107E0
2.375071671E1,9.461345673E-1,1.065237045E0,1.223261118E0,1.877836080E0
2.375570203E1,9.259824753E-1,1.204922676E0,1.188512325E0,1.929208062E0
2.376068729E1,9.292564392E-1,1.334240437E0,1.141850233E0,1.986840967E0
2.376567151E1,8.984694481E-1,1.450772762E0,1.061924696E0,2.009893782E0
2.377065671E1,8.981175423E-1,1.564055443E0,9.252409935E-1,2.027055856E0
2.377564192E1,8.371496201E-1,1.688372612E0,7.681891918E-1,2.035076460E0
2.378062708E1,8.090209961E-1,1.778380394E0,6.245022416E-1,2.051135014E0
2.378557916E1,8.087215424E-1,1.805355072E0,4.947527647E-1,2.039146333E0
2.379056270E1,8.555264473E-1,1.843618870E0,3.573130965E-1,2.063620287E0
2.379554624E1,8.916945457E-1,1.871479034E0,2.197597623E-1,2.084669588E0
2.380052979E1,9.123234749E-1,1.841055393E0,1.133065820E-1,2.057828337E0
2.380553369E1,9.103074074E-1,1.800285339E0,1.403391361E-2,2.017395308E0
2.381051828E1,8.832821846E-1,1.765979767E0,-1.062424183E-1,1.977412300E0
2.381550286E1,8.957977295E-1,1.730943680E0,-2.211140394E-1,1.961507332E0
2.382048739E1,9.335103035E-1,1.668920040E0,-3.377627730E-1,1.941859747E0
2.382547198E1,9.389710426E-1,1.594275951E0,-4.370867610E-1,1.901164713E0
2.383045651E1,9.480576515E-1,1.528544903E0,-5.453242064E-1,1.879532208E0
2.383544109E1,9.465517998E-1,1.423995495E0,-6.408433914E-1,1.826034975E0
2.384042562E1,9.177021980E-1,1.311751366E0,-7.643390894E-1,1.774002033E0
2.384541729E1,8.999271393E-1,1.196686268E0,-8.608002663E-1,1.727108560E0
2.385040218E1,8.767576218E-1,1.086165905E0,-9.302859902E-1,1.677466043E0
2.385538713E1,8.387084007E-1,9.945721626E-1,-9.872702956E-1,1.633189580E0
2.386037203E1,7.595081329E-1,8.884196281E-1,-1.010218382E0,1.544889387E0
2.386534369E1,6.777110100E-1,8.802433014E-1,-1.028131127E0,1.513662478E0
2.387032796E1,5.529947281E-1,8.840522766E-1,-9.955694079E-1,1.441703868E0
2.387531224E1,4.309892654E-1,9.357719421E-1,-9.916836619E-1,1.429985091E0
2.388029645E1,3.524494171E-1,9.541072845E-1,-9.495142698E-1,1.391444807E0
2.388530041E1,3.103513718E-1,9.296722412E-1,-9.001641273E-1,1.330753135E0
2.389028557E1,2.711944580E-1,9.103832245E-1,-8.052036762E-1,1.245269854E0
2.389527083E1,2.422561646E-1,9.130253792E-1,-7.652325630E-1,1.215682634E0
2.390025609E1,2.424335480E-1,9.063806534E-1,-7.225192189E-1,1.184201814E0
2.390523333E1,2.573852539E-1,9.239602089E-1,-6.555714011E-1,1.161776010E0
2.391021817E1,2.991099358E-1,9.466104507E-1,-5.933694243E-1,1.156557553E0
2.391520302E1,3.365306854E-1,9.791312218E-1,-5.431076288E-1,1.169152149E0
2.392018781E1,3.814969063E-1,1.002297401E0,-4.378769398E-1,1.158393795E0
2.392517932E1,4.386115074E-1,1.049504757E0,-3.660987020E-1,1.194934537E0
2.393016448E1,4.743046761E-1,1.089567661E0,-3.445996642E-1,1.237283938E0
2.393514963E1,5.148015022E-1,1.196538448E0,-3.184420466E-1,1.340943765E0
2.394013479E1,5.936326981E-1,1.286670685E0,-3.211511970E-1,1.452948493E0
2.394511614E1,6.556200981E-1,1.331211567E0,-3.144086003E-1,1.516843669E0
2.395010114E1,7.461285591E-1,1.368368149E0,-3.559507728E-1,1.598699525E0
2.395508609E1,8.460493088E-1,1.410115719E0,-4.124038815E-1,1.695376871E0
2.396007104E1,9.123120308E-1,1.420537472E0,-4.504733682E-1,1.747331167E0
2.396506322E1,1.007017612E0,1.430686474E0,-5.251446962E-1,1.826670526E0
2.397004859E1,1.060692310E0,1.433325768E0,-6.172560453E-1,1.886927651E0
2.397503390E1,1.085353374E0,1.452397346E0,-7.218952179E-1,1.951559045E0
2.398001927E1,1.100117683E0,1.459167957E0,-7.887176871E-1,1.990353143E0
2.398500026E1,1.136144161E0,1.458494663E0,-8.989302516E-1,2.055749458E0
2.398998541E1,1.155120373E0,1.409749508E0,-1.009243250E0,2.083331152E0
2.399497052E1,1.202566147E0,1.353723526E0,-1.073979855E0,2.105270873E0
2.399995567E1,1.268942833E0,1.268988609E0,-1.152721763E0,2.132912437E0
2.400501968E1,1.359003544E0,1.141249180E0,-1.259689093E0,2.176271337E0
2.401000874E1,1.431854725E0,1.013599396E0,-1.322353721E0,2.196863913E0
2.401499781E1,1.544887543E0,8.884201050E-1,-1.352743268E0,2.237382880E0
2.401998687E1,1.662144661E0,7.394227982E-1,-1.427221537E0,2.312235339E0
2.402489187E1,1.747691154E0,5.714502335E-1,-1.473634005E0,2.356390655E0
2.402986874E1,1.875761509E0,4.347405434E-1,-1.482733965E0,2.430222333E0
2.403485312E1,2.010284901E0,2.503776550E-1,-1.501713276E0,2.521721062E0
2.403983750E1,2.163161278E0,6.621074677E-2,-1.504312515E0,2.635641615E0
2.404482093E1,2.310517788E0,-1.272659302E-1,-1.509590268E0,2.762888315E0
2.404980531E1,2.440306187E0,-2.990016937E-1,-1.483997226E0,2.871714482E0
2.405478963E1,2.576303482E0,-4.682779312E-1,-1.451616526E0,2.993962991E0
2.405977395E1,2.675534248E0,-5.872211456E-1,-1.364611626E0,3.060306697E0
2.406475989E1,2.771452427E0,-6.344528198E-1,-1.271050096E0,3.114329347E0
2.406974427E1,2.830409527E0,-6.126441956E-1,-1.133117318E0,3.109743696E0
2.407472869E1,2.845426559E0,-5.720863342E-1,-9.489152431E-1,3.053551247E0
2.407971307E1,2.828533173E0,-5.008926392E-1,-7.283761501E-1,2.963448188E0
2.408468854E1,2.767831326E0,-3.465671539E-1,-5.150558352E-1,2.836596826E0
2.408967250E1,2.720655441E0,-2.528171539E-1,-3.068891764E-1,2.749556966E0
2.409465645E1,2.677620888E0,-1.118965149E-1,-1.089832783E-1,2.682172963E0
2.409964041E1,2.638658047E0,-3.875064850E-2,1.045869589E-1,2.641014262E0
2.410463901E1,2.663562775E0,-3.330421448E-2,3.001979589E-1,2.680633254E0
2.410962364E1,2.783326149E0,-1.648206711E-1,4.683738947E-1,2.827268012E0
2.411460833E1,2.945146084E0,-4.260177612E-1,6.019073725E-1,3.036061441E0
2.411959296E1,3.110435009E0,-7.905750275E-1,6.412825584E-1,3.272775296E0
2.412457546E1,3.245440006E0,-1.189120293E0,6.157965660E-1,3.510853645E0
2.412956005E1,3.429039478E0,-1.607362747E0,5.922328234E-1,3.833101416E0
2.413454463E1,3.551215649E0,-1.964029312E0,6.156132221E-1,4.104573469E0
2.413952921E1,3.643276691E0,-2.247182846E0,6.020469666E-1,4.322702435E0
2.414451744E1,3.712265968E0,-2.485691071E0,5.374839306E-1,4.499829740E0
2.414950224E1,3.722237110E0,-2.660589218E0,4.792444706E-1,4.600376001E0
2.415448698E1,3.685380936E0,-2.759920120E0,3.890117407E-1,4.620662490E0
2.415947171E1,3.601975918E0,-2.845809937E0,2.310070992E-1,4.596327772E0
2.416445500E1,3.474523067E0,-2.875208855E0,2.925908566E-2,4.509988093E0
2.416943968E1,3.320021152E0,-2.852851868E0,-1.516370773E-1,4.379988360E0
2.417442437E1,3.172304630E0,-2.764190674E0,-3.448755741E-1,4.221753890E0
2.417940906E1,2.971839905E0,-2.635447502E0,-5.624057651E-1,4.011697421E0
2.418439348E1,2.745410919E0,-2.485544205E0,-7.182430029E-1,3.772410916E0
2.418937817E1,2.488492966E0,-2.252145767E0,-8.481760025E-1,3.461814601E0
2.419436286E1,2.203678131E0,-1.983058929E0,-8.923965693E-1,3.095979919E0
2.419934755E1,1.989124775E0,-1.706886292E0,-9.271577597E-1,2.780233748E0
2.420431734E1,1.742083549E0,-1.418687820E0,-8.804895878E-1,2.413046236E0
2.420930130E1,1.524457455E0,-1.097163200E0,-8.289570808E-1,2.053023980E0
2.421428520E1,1.329132557E0,-8.330917358E-1,-7.651243210E-1,1.745293792E0
2.421926911E1,1.165407181E0,-6.026573181E-1,-6.866055131E-1,1.480809532E0
2.422428281E1,1.013949871E0,-4.202508926E-1,-5.645864606E-1,1.234286444E0
2.422926817E1,8.268747330E-1,-2.188735008E-1,-4.348909855E-1,9.595611511E-1
2.423425359E1,6.684646606E-1,-1.073980331E-2,-3.262157440E-1,7.438931762E-1
2.423923895E1,4.643950462E-1,1.872978210E-1,-1.499608755E-1,5.227155028E-1
2.424421135E1,2.480859756E-1,3.846940994E-1,2.905166149E-2,4.586722146E-1
2.424919609E1,2.754688263E-3,6.148304939E-1,2.058032751E-1,6.483664956E-1
2.425418083E1,-2.212867737E-1,8.011450768E-1,3.824898005E-1,9.149315371E-1
2.425916562E1,-4.360599518E-1,9.628400803E-1,5.498218536E-1,1.191433327E0
2.426415151E1,-6.463041306E-1,1.047337532E0,6.908847094E-1,1.411363389E0
2.426913625E1,-8.328833580E-1,1.097810745E0,7.939289808E-1,1.590347870E0
2.427412109E1,-1.031619549E0,1.133461952E0,8.182448149E-1,1.737382936E0
2.427910588E1,-1.225598812E0,1.087506771E0,7.688579559E-1,1.809946403E0
2.428409838E1,-1.390695572E0,9.936695099E-1,7.389955521E-1,1.862129881E0
2.428908354E1,-1.509980202E0,8.833317757E-1,6.476005316E-1,1.865395852E0
2.429406869E1,-1.645595551E0,7.015709877E-1,5.137846470E-1,1.861225733E0
2.429905395E1,-1.768524647E0,5.085244179E-1,3.592078686E-1,1.874915145E0
2.430402661E1,-1.871275425E0,3.212981224E-1,2.464096546E-1,1.914581395E0
2.430901114E1,-1.968299389E0,1.016740799E-1,1.375511885E-1,1.975717701E0
2.431399572E1,-2.013913155E0,-7.828187943E-2,9.510719776E-2,2.017676789E0
2.431898026E1,-2.024733543E0,-2.231464386E-1,1.419353485E-2,2.037042393E0
2.432397380E1,-2.051052094E0,-3.352499008E-1,-3.761732578E-2,2.078610654E0
2.432895885E1,-2.054453850E0,-4.407868385E-1,-1.032732725E-1,2.103744050E0
2.433394385E1,-1.999145031E0,-4.847526550E-1,-1.442552805E-1,2.062128894E0
2.433892880E1,-1.932862759E0,-4.957642555E-1,-1.820089817E-1,2.003713530E0
2.434390963E1,-1.805369854E0,-4.690866470E-1,-2.214612961E-1,1.878416274E0
2.434889442E1,-1.595360279E0,-3.929405212E-1,-2.602200508E-1,1.663517703E0
2.435387921E1,-1.396337032E0,-3.297414780E-1,-2.626377344E-1,1.458583261E0
2.435886401E1,-1.172637939E0,-2.749748230E-1,-2.626283169E-1,1.232746739E0
2.436385682E1,-9.748497009E-1,-1.691770554E-1,-2.315832376E-1,1.016161213E0
2.436884203E1,-8.030209541E-1,-8.193445206E-2,-2.082492113E-1,8.336208018E-1
2.437382718E1,-6.405277252E-1,8.121967316E-3,-1.521267891E-1,6.583952408E-1
2.437881239E1,-4.779658318E-1,1.079239845E-1,-1.583194733E-2,4.902546005E-1
2.438379198E1,-3.490533829E-1,2.123832703E-1,1.140265465E-1,4.242015687E-1
2.438877687E1,-2.491073608E-1,3.452248573E-1,2.204262018E-1,4.793979451E-1
2.439376177E1,-2.116875648E-1,3.890380859E-1,3.338778019E-1,5.546500194E-1
2.439874671E1,-1.985507011E-1,4.633765221E-1,4.660847187E-1,6.865676566E-1
2.440373432E1,-2.143588066E-1,5.490827560E-1,5.543818474E-1,8.091852715E-1
2.440871937E1,-2.255272865E-1,6.102786064E-1,6.150897741E-1,8.953423729E-1
2.441370442E1,-1.987733841E-1,6.659507751E-1,6.958820820E-1,9.834902974E-1
2.441868948E1,-2.247986794E-1,7.138566971E-1,7.484726906E-1,1.058459824E0
2.442367395E1,-2.486100197E-1,6.965384483E-1,8.228226900E-1,1.106349823E0
2.442865901E1,-3.086466789E-1,6.976065636E-1,8.827751279E-1,1.166708882E0
2.443364406E1,-3.976340294E-1,6.477432251E-1,9.090543389E-1,1.184932023E0
2.443862901E1,-5.035610199E-1,6.236014366E-1,9.211032391E-1,1.221017457E0
2.444361411E1,-6.358523369E-1,5.990061760E-1,9.718733430E-1,1.306772508E0
2.444859916E1,-7.586202621E-1,6.242065430E-1,1.001803637E0,1.403121177E0
2.445358416E1,-9.291791916E-1,6.514611244E-1,1.042527437E0,1.540986380E0
2.445856921E1,-1.070826054E0,6.904773712E-1,1.106230617E0,1.687356991E0
2.446354994E1,-1.193169117E0,7.173752785E-1,1.131149888E0,1.793817131E0
2.446853474E1,-1.286580563E0,7.346735001E-1,1.167839527E0,1.886500426E0
2.447351953E1,-1.353317261E0,7.305998802E-1,1.242773056E0,1.977303381E0
2.447850432E1,-1.371854782E0,6.932883263E-1,1.289219141E0,2.006170541E0
2.448349901E1,-1.361582279E0,6.465525627E-1,1.360182524E0,2.030279049E0
2.448848432E1,-1.329688072E0,5.784697533E-1,1.391135216E0,2.009466301E0
2.449346963E1,-1.295339108E0,5.512132645E-1,1.472877622E0,2.037426797E0
2.449845494E1,-1.239329338E0,4.882931709E-1,1.516987085E0,2.018815803E0
2.450343604E1,-1.164241791E0,3.847808838E-1,1.580512285E0,2.000383553E0
2.450842109E1,-1.108480453E0,3.338708878E-1,1.644265532E0,2.010922133E0
2.451340619E1,-1.052932262E0,2.350277901E-1,1.748908997E0,2.054893450E0
2.451839130E1,-1.024133205E0,1.670064926E-1,1.836999893E0,2.109812456E0
2.452337453E1,-1.005249023E0,1.226344109E-1,1.865373611E0,2.122541757E0
2.452835953E1,-1.046590328E0,3.958845139E-2,1.900818586E0,2.170260321E0
2.453334453E1,-1.088322163E0,-2.950382233E-2,1.902606606E0,2.192082915E0
2.453832953E1,-1.166183472E0,-4.628562927E-2,1.875537634E0,2.209019616E0
2.454331708E1,-1.251422882E0,-6.820249557E-2,1.872246385E0,2.253001850E0
2.454830224E1,-1.310338020E0,-1.356992722E-1,1.813823223E0,2.241730293E0
2.455328739E1,-1.436196804E0,-1.674184799E-1,1.738290548E0,2.261049367E0
2.455827250E1,-1.521111965E0,-1.751708984E-1,1.736546397E0,2.315180305E0
2.456324927E1,-1.586422920E0,-2.113919258E-1,1.676704645E0,2.317922064E0
2.456823401E1,-1.653554916E0,-2.305011749E-1,1.675851226E0,2.365555323E0
2.457321869E1,-1.755878925E0,-2.515668869E-1,1.690470934E0,2.450324198E0
2.457820338E1,-1.859835148E0,-2.075948715E-1,1.751446247E0,2.563132139E0
2.458320208E1,-1.972547531E0,-1.392784119E-1,1.779472589E0,2.660237759E0
2.458818750E1,-2.057944775E0,-9.189796448E-2,1.779178381E0,2.721958420E0
2.459317291E1,-2.130324841E0,3.030872345E-2,1.788781643E0,2.781895453E0
2.459815828E1,-2.165861130E0,4.786968231E-2,1.767899156E0,2.796196231E0
2.460314015E1,-2.188485146E0,6.138134003E-2,1.709418297E0,2.777651133E0
2.460812536E1,-2.167069435E0,4.222345352E-2,1.644624949E0,2.720802084E0
2.461311062E1,-2.092235565E0,-2.879285812E-2,1.581058502E0,2.622598840E0
2.461809583E1,-2.004828453E0,-1.062788963E-1,1.447159052E0,2.474853865E0
2.462307573E1,-1.881114006E0,-1.975355148E-1,1.300730705E0,2.295541450E0
2.462806067E1,-1.793040752E0,-3.409442902E-1,1.177992463E0,2.172303936E0
2.463304567E1,-1.709494591E0,-5.053377151E-1,1.048415542E0,2.068069900E0
2.463803062E1,-1.592295647E0,-6.644468307E-1,9.075941443E-1,1.949518440E0
2.464301494E1,-1.455986023E0,-8.614544868E-1,7.748944759E-1,1.860768814E0
2.464799989E1,-1.343564034E0,-1.053193092E0,6.744759083E-1,1.835564696E0
2.465298479E1,-1.233438969E0,-1.258753300E0,5.562686920E-1,1.848043943E0
2.465796974E1,-1.099413395E0,-1.389740944E0,4.873638451E-1,1.837828398E0
2.466295526E1,-9.942569733E-1,-1.594639301E0,4.174219668E-1,1.925009748E0
2.466794020E1,-9.179611206E-1,-1.756223679E0,3.510435522E-1,2.012512311E0
2.467292520E1,-8.488764763E-1,-1.919899464E0,2.643260360E-1,2.115767822E0
2.467791010E1,-8.180255890E-1,-2.090400219E0,2.026287615E-1,2.253884947E0
2.468289578E1,-7.824153900E-1,-2.263051510E0,1.703052521E-1,2.400537410E0
2.468788073E1,-7.992396355E-1,-2.358749866E0,1.937078834E-1,2.498000735E0
2.469286578E1,-8.874373436E-1,-2.420537949E0,2.578706443E-1,2.590954702E0
2.469785073E1,-9.153966904E-1,-2.448462486E0,3.506081104E-1,2.637393731E0
2.470283953E1,-9.953870773E-1,-2.449570179E0,5.193492174E-1,2.694608154E0
2.470782468E1,-1.069884300E0,-2.385577679E0,6.202090979E-1,2.687060216E0
2.471280989E1,-1.129180908E0,-2.294689655E0,7.583079338E-1,2.667523394E0
2.471779505E1,-1.187688351E0,-2.236769676E0,9.357225299E-1,2.699873859E0
2.472277614E1,-1.192775249E0,-2.192625046E0,1.035144806E0,2.702192102E0
2.472776109E1,-1.187548637E0,-2.198108673E0,1.094791412E0,2.727731978E0
2.473274609E1,-1.124124527E0,-2.274616241E0,1.133646011E0,2.778972522E0
2.473773104E1,-1.026644707E0,-2.360041142E0,1.122957230E0,2.807993320E0
2.474270307E1,-9.120292664E-1,-2.468841553E0,1.055896282E0,2.835823153E0
2.474768739E1,-8.163328171E-1,-2.560491085E0,1.018691778E0,2.874064509E0
2.475267171E1,-7.228112221E-1,-2.646974087E0,8.945070505E-1,2.886012949E0
2.475765604E1,-6.363925934E-1,-2.632790565E0,7.121511698E-1,2.800667953E0
2.476265000E1,-5.930304527E-1,-2.652056694E0,5.508050919E-1,2.772810141E0
2.476763474E1,-5.759482384E-1,-2.699965477E0,3.601432741E-1,2.784103649E0
2.477261958E1,-5.778017044E-1,-2.723752499E0,2.333952188E-1,2.794128811E0
2.477760437E1,-6.033816338E-1,-2.752169609E0,1.060470939E-1,2.819530624E0
2.478258651E1,-6.454081535E-1,-2.763616562E0,-2.655877173E-2,2.838103866E0
2.478757119E1,-7.035784721E-1,-2.798507214E0,-1.451700777E-1,2.889245514E0
2.479255588E1,-7.873201370E-1,-2.811268806E0,-2.424653918E-1,2.929487117E0
2.479754052E1,-8.630104065E-1,-2.756389618E0,-2.943345904E-1,2.903291845E0
2.480264052E1,-9.447717667E-1,-2.650484085E0,-3.127551973E-1,2.831161491E0
2.480774052E1,-1.049403191E0,-2.500841141E0,-2.446713150E-1,2.723108063E0
2.481284052E1,-1.136120796E0,-2.338502884E0,-1.903749704E-1,2.606838858E0
2.481785343E1,-1.200250626E0,-2.220941544E0,-1.183178425E-1,2.527287482E0
2.482275843E1,-1.201292038E0,-2.174510479E0,-6.650410593E-2,2.485160192E0
2.482766343E1,-1.167707920E0,-2.198842525E0,-1.792785525E-2,2.489733248E0
2.483256843E1,-1.111590862E0,-2.181540489E0,1.822933555E-2,2.448486361E0
2.483747546E1,-1.068984985E0,-2.187356949E0,6.843248010E-2,2.435557908E0
2.484241817E1,-1.020740509E0,-2.139753819E0,1.972732544E-1,2.378943952E0
2.484740828E1,-1.014752388E0,-2.002992630E0,3.522337675E-1,2.272833146E0
2.485239843E1,-1.022516251E0,-1.837207794E0,5.688723922E-1,2.178184510E0
2.485738854E1,-1.029707432E0,-1.620970726E0,8.253288269E-1,2.090217970E0
2.486235624E1,-1.038762569E0,-1.378329277E0,1.037322879E0,2.013667804E0
2.486734520E1,-1.049678326E0,-1.149995804E0,1.302484751E0,2.029970803E0
2.487233421E1,-1.115168095E0,-8.523907661E-1,1.543336391E0,2.086158459E0
2.487732322E1,-1.163610458E0,-5.479540825E-1,1.696940899E0,2.129284244E0
2.488229573E1,-1.195129395E0,-2.631001472E-1,1.851306915E0,2.219210051E0
2.488728390E1,-1.218950748E0,1.443624496E-2,1.974642038E0,2.320616408E0
2.489227208E1,-1.213777065E0,2.055535316E-1,2.039795160E0,2.382492668E0
2.489726026E1,-1.222885132E0,3.460559845E-1,2.024930000E0,2.390720455E0
2.490223651E1,-1.208041668E0,4.407424927E-1,1.893850803E0,2.289167858E0
2.490722406E1,-1.219585419E0,4.991531372E-1,1.682455063E0,2.137100252E0
2.491221171E1,-1.219021320E0,5.262732506E-1,1.388570189E0,1.921224527E0
2.491719921E1,-1.194482803E0,5.507655144E-1,1.110482454E0,1.721424730E0
2.492217286E1,-1.189068794E0,5.821886063E-1,8.155331016E-1,1.554967013E0
2.492715974E1,-1.178599358E0,6.494197845E-1,5.137346983E-1,1.440404750E0
2.493214661E1,-1.117789745E0,7.594804764E-1,2.869477272E-1,1.381522170E0
2.493713348E1,-1.075966358E0,8.573846817E-1,9.481310844E-2,1.379058237E0
2.494211213E1,-1.038848400E0,9.263362885E-1,-8.405315876E-2,1.394406631E0
2.494709859E1,-9.441542625E-1,9.329853058E-1,-2.396336645E-1,1.348819167E0
2.495208505E1,-8.567013741E-1,9.442462921E-1,-3.737474382E-1,1.328617873E0
2.495707151E1,-6.976261139E-1,9.935603142E-1,-5.746909380E-1,1.343173096E0
2.496204932E1,-5.367279053E-1,9.730415344E-1,-7.819247842E-1,1.358783662E0
2.496703531E1,-3.740768433E-1,9.784202576E-1,-1.023605466E0,1.464584526E0
2.497202135E1,-1.907277107E-1,9.832835197E-1,-1.267964125E0,1.615845463E0
2.497700734E1,-3.017044067E-2,9.562735558E-1,-1.433447361E0,1.723409616E0
2.498199598E1,1.123332977E-1,9.045934677E-1,-1.598819733E0,1.840416434E0
2.498698213E1,2.413358688E-1,7.994270325E-1,-1.677900434E0,1.874213554E0
2.499196828E1,4.143228531E-1,6.935567856E-1,-1.778048396E0,1.952982473E0
2.499695442E1,5.975136757E-1,5.700998306E-1,-1.805803418E0,1.985689400E0
2.500205442E1,7.479500771E-1,4.172015190E-1,-1.806844950E0,1.999543722E0
2.500715442E1,8.747162819E-1,2.560467720E-1,-1.786146045E0,2.005244677E0
2.501225442E1,9.729943275E-1,7.703590393E-2,-1.700880289E0,1.961031935E0
2.501727843E1,1.016407967E0,-1.151351929E-1,-1.628231406E0,1.922882934E0
2.502218343E1,1.019285679E0,-2.464170456E-1,-1.446812391E0,1.786877374E0
2.502708843E1,9.103393555E-1,-3.764257431E-1,-1.284221768E0,1.618530084E0
2.503199343E1,7.545790672E-1,-4.786691666E-1,-1.105069160E0,1.421158538E0
2.503689843E1,5.785841942E-1,-5.410995483E-1,-8.691791296E-1,1.176019026E0
2.504182307E1,4.331779480E-1,-5.609741211E-1,-6.486685276E-1,9.607840329E-1
2.504681380E1,2.969198227E-1,-5.621891022E-1,-4.700244963E-1,7.906585830E-1
2.505180442E1,1.317672729E-1,-5.278720856E-1,-3.094413877E-1,6.259117552E-1
2.505679510E1,-2.843141556E-2,-4.434976578E-1,-1.838847697E-1,4.809491931E-1
2.506176083E1,-1.952753067E-1,-3.854160309E-1,-8.893775940E-2,4.411211708E-1
2.506675026E1,-3.397459984E-1,-3.079481125E-1,-2.947789431E-2,4.594870288E-1
2.507173968E1,-4.592199326E-1,-2.468099594E-1,1.044148803E-1,5.316959373E-1
2.507672916E1,-5.105900764E-1,-1.899614334E-1,1.763966680E-1,5.726284632E-1
2.508169786E1,-5.369052887E-1,-1.014966965E-1,2.987179160E-1,6.227369122E-1
2.508668625E1,-5.764927864E-1,4.179000854E-3,4.213562012E-1,7.140745375E-1
2.509167463E1,-6.342210770E-1,1.556620598E-1,5.444295406E-1,8.502179580E-1
2.509666302E1,-6.931667328E-1,2.955999374E-1,6.511196494E-1,9.958997140E-1
2.510162927E1,-7.390270233E-1,3.809242249E-1,7.439275980E-1,1.115657868E0
2.510661651E1,-7.812843323E-1,5.025963783E-1,9.134253860E-1,1.302825492E0
2.511160380E1,-7.720780373E-1,6.080060005E-1,1.076239109E0,1.457417721E0
2.511659109E1,-7.691984177E-1,7.136940956E-1,1.220890045E0,1.609844083E0
2.512157098E1,-7.200589180E-1,7.981386185E-1,1.276034117E0,1.668464314E0
2.512655791E1,-6.679968834E-1,8.540368080E-1,1.335308194E0,1.720071708E0
2.513154484E1,-6.011023521E-1,9.005451202E-1,1.360742092E0,1.738943528E0
2.513653171E1,-5.625882149E-1,9.184317589E-1,1.338013053E0,1.717644121E0
2.514151849E1,-5.071320534E-1,9.148268700E-1,1.296147823E0,1.665560056E0
2.514650541E1,-4.826564789E-1,9.327802658E-1,1.151793361E0,1.558738030E0
2.515149229E1,-4.795618057E-1,9.866237640E-1,9.386761189E-1,1.443786284E0
2.515647921E1,-4.332313538E-1,1.045293808E0,7.122593522E-1,1.337027276E0
2.516144843E1,-3.772921562E-1,1.084853172E0,4.561457634E-1,1.235849802E0
2.516643442E1,-3.067913055E-1,1.162819862E0,1.581925154E-1,1.212969830E0
2.517142046E1,-2.195267677E-1,1.250390530E0,-1.668034196E-1,1.280426436E0
2.517640645E1,-1.419401169E-1,1.314030170E0,-4.995033145E-1,1.412913956E0
2.518137567E1,-5.721616745E-2,1.337097168E0,-7.632827759E-1,1.540682681E0
2.518636088E1,1.189231873E-3,1.410553932E0,-1.068101168E0,1.769323010E0
2.519134604E1,9.800672531E-2,1.448354244E0,-1.334996104E0,1.972194193E0
2.519633119E1,1.806797981E-1,1.505633354E0,-1.559083223E0,2.174929306E0
2.520143119E1,2.831168175E-1,1.546785355E0,-1.757107139E0,2.357991849E0
2.520653119E1,4.122309685E-1,1.578866959E0,-1.842883706E0,2.461498649E0
2.521163119E1,5.870189667E-1,1.618589878E0,-1.883314967E0,2.551724853E0
2.521673119E1,8.048005104E-1,1.637094021E0,-1.888049006E0,2.625358975E0
2.522176687E1,1.036403179E0,1.684354305E0,-1.840324759E0,2.701476669E0
2.522667187E1,1.285966396E0,1.738389015E0,-1.754710436E0,2.784728830E0
2.523157687E1,1.501320362E0,1.754011631E0,-1.660310268E0,2.843791451E0
2.523648187E1,1.708490849E0,1.747729778E0,-1.579209566E0,2.909880274E0
2.524138687E1,1.890449524E0,1.745638371E0,-1.502207756E0,2.979543734E0
2.524629187E1,2.080489635E0,1.721243858E0,-1.408159494E0,3.045329326E0
2.525121182E1,2.228172302E0,1.705518246E0,-1.330663323E0,3.105512707E0
2.525620302E1,2.316617966E0,1.736588478E0,-1.260169983E0,3.157607754E0
2.526119421E1,2.405441284E0,1.706592560E0,-1.206661105E0,3.186634111E0
2.526613864E1,2.468313694E0,1.675302505E0,-1.153949142E0,3.198563677E0
2.527112750E1,2.460027695E0,1.666754723E0,-1.090137720E0,3.165155259E0
2.527611630E1,2.425935268E0,1.683175564E0,-1.048941970E0,3.133451956E0
2.528110515E1,2.363793373E0,1.712661743E0,-9.657121897E-1,3.074626708E0
2.528608671E1,2.273592472E0,1.721699238E0,-8.787115812E-1,2.984226037E0
2.529107515E1,2.179233551E0,1.738945961E0,-8.144693375E-1,2.904539934E0
2.529606359E1,2.054509163E0,1.754907131E0,-7.727360725E-1,2.810307452E0
2.530105208E1,1.918821335E0,1.752970219E0,-7.321115732E-1,2.700142081E0
2.530602317E1,1.748359680E0,1.752302170E0,-6.761205792E-1,2.566020948E0
2.531101078E1,1.560106277E0,1.733887672E0,-6.478664279E-1,2.420749670E0
2.531599838E1,1.359126568E0,1.726629734E0,-5.896973014E-1,2.275130364E0
2.532098593E1,1.198148251E0,1.725806713E0,-5.541372895E-1,2.172794555E0
2.532596302E1,1.019853115E0,1.669343948E0,-5.074168444E-1,2.020960526E0
2.533095010E1,8.696603775E-1,1.619493484E0,-4.874954224E-1,1.901767627E0
2.533593713E1,7.645158768E-1,1.547754765E0,-5.561360121E-1,1.813647320E0
2.534092421E1,6.973171234E-1,1.389690399E0,-6.006998420E-1,1.666832588E0
2.534590515E1,6.538977623E-1,1.205367565E0,-6.807832122E-1,1.530999357E0
2.535089192E1,6.391420364E-1,1.014041901E0,-7.652047873E-1,1.422083642E0
2.535587864E1,6.626687050E-1,7.632236481E-1,-8.225454092E-1,1.303158125E0
2.536086541E1,6.813974380E-1,5.175971985E-1,-8.788679838E-1,1.226628820E0
2.536584989E1,7.239894867E-1,3.441371918E-1,-8.811885118E-1,1.191253280E0
2.537083656E1,7.378358841E-1,1.925959587E-1,-8.867205381E-1,1.169516271E0
2.537582317E1,7.636933327E-1,-1.587486267E-2,-8.832396269E-1,1.167729316E0
2.538080984E1,8.469324112E-1,-1.544771194E-1,-8.060295582E-1,1.179339365E0
2.538578291E1,8.991651535E-1,-2.925491333E-1,-7.389729619E-1,1.200068334E0
2.539076885E1,9.513750076E-1,-4.564580917E-1,-6.507558823E-1,1.239738526E0
2.539575484E1,1.053751945E0,-5.744781494E-1,-5.702574253E-1,1.328763274E0
2.540074083E1,1.124860764E0,-6.682300568E-1,-4.902201891E-1,1.397196829E0
2.540572302E1,1.183840275E0,-7.067327499E-1,-3.272882104E-1,1.417062648E0
2.541070880E1,1.213961124E0,-7.259836197E-1,-1.512867808E-1,1.422547545E0
2.541569458E1,1.205760002E0,-7.045078278E-1,-2.245378494E-2,1.396671985E0
2.542068036E1,1.195152760E0,-6.424026489E-1,1.402359009E-1,1.364088483E0
2.542567026E1,1.158259869E0,-5.684399605E-1,3.316320181E-1,1.332167297E0
2.543065624E1,1.140596867E0,-4.898452759E-1,5.367995501E-1,1.352428691E0
2.543564224E1,1.063284397E0,-3.516235352E-1,7.267465591E-1,1.335055572E0
2.544062822E1,1.012621403E0,-2.733607292E-1,8.651940823E-1,1.359665030E0
2.544560130E1,9.910039902E-1,-1.999969482E-1,1.011636734E0,1.430208576E0
2.545058666E1,1.003336430E0,-1.888227463E-1,1.101287127E0,1.501722796E0
2.545557198E1,1.044865608E0,-1.799516678E-1,1.138765693E0,1.555928676E0
2.546055734E1,1.146423340E0,-2.381558418E-1,1.200190783E0,1.676741660E0
2.546554203E1,1.288704395E0,-3.610491753E-1,1.223200321E0,1.813100811E0
2.547052734E1,1.435696125E0,-5.557518005E-1,1.169901371E0,1.933585438E0
2.547551265E1,1.579850197E0,-7.697520256E-1,1.026725888E0,2.035340481E0
2.548049796E1,1.682782650E0,-1.005437374E0,8.087190390E-1,2.120539612E0
2.548546927E1,1.765950680E0,-1.250834465E0,5.787770748E-1,2.240123114E0
2.549045385E1,1.841258526E0,-1.486781120E0,3.614265919E-1,2.394030125E0
2.549543843E1,1.830114841E0,-1.665178299E0,1.834312677E-1,2.481085676E0
2.550042307E1,1.818711758E0,-1.805189133E0,9.525156021E-2,2.564272435E0
2.550541505E1,1.850215435E0,-1.918679714E0,8.276164532E-2,2.666735550E0
2.551040000E1,1.908019543E0,-2.067676544E0,1.676819324E-1,2.818499973E0
2.551538494E1,1.984871387E0,-2.213912964E0,3.068400621E-1,2.989193179E0
2.552036989E1,2.066351414E0,-2.362185478E0,4.549374580E-1,3.171229492E0
2.552535557E1,2.083035946E0,-2.500600338E0,6.525590420E-1,3.319318319E0
2.553034057E1,2.025434017E0,-2.533586502E0,8.825055361E-1,3.361585867E0
2.553532557E1,1.903173923E0,-2.485272884E0,1.106007695E0,3.319925498E0
2.554031057E1,1.704660416E0,-2.303028584E0,1.322425127E0,3.155727492E0
2.554529354E1,1.458780289E0,-2.046787262E0,1.490632296E0,2.922218792E0
2.555027843E1,1.201595783E0,-1.721393108E0,1.636383057E0,2.661724285E0
2.555526333E1,9.262385368E-1,-1.422418594E0,1.735282898E0,2.427426460E0
2.556024823E1,6.471915245E-1,-1.099580765E0,1.746231437E0,2.162697149E0
2.556523416E1,4.697070122E-1,-7.983555794E-1,1.649832964E0,1.892074290E0
2.557021911E1,3.267121315E-1,-5.044040680E-1,1.431502581E0,1.552534676E0
2.557520406E1,1.990466118E-1,-3.086242676E-1,1.114867926E0,1.173796824E0
2.558018901E1,6.983470917E-2,-1.990618706E-1,7.260893583E-1,7.561139274E-1
2.558519229E1,-4.418563843E-2,-1.708498001E-1,3.272993565E-1,3.718425656E-1
2.559017817E1,-1.356377602E-1,-2.070131302E-1,-4.826456308E-2,2.521537351E-1
2.559516406E1,-2.212953568E-1,-3.122138977E-1,-3.930180073E-1,5.485547437E-1
2.560014994E1,-3.587331772E-1,-3.596830368E-1,-7.110130787E-1,8.738426503E-1
2.560512046E1,-4.950785637E-1,-4.209890366E-1,-9.394567013E-1,1.142328082E0
2.561010562E1,-6.324963570E-1,-4.312791824E-1,-1.056204557E0,1.304462127E0
2.561509067E1,-7.850928307E-1,-4.668192863E-1,-1.122661710E0,1.447294135E0
2.562007578E1,-8.881196976E-1,-4.436097145E-1,-1.224017501E0,1.575996516E0
2.562506036E1,-9.273562431E-1,-4.405164719E-1,-1.237176538E0,1.607684717E0
2.563004546E1,-8.718314171E-1,-4.287567139E-1,-1.204759240E0,1.547697376E0
2.563503052E1,-7.697653770E-1,-4.371495247E-1,-1.066414833E0,1.385957806E0
2.564001562E1,-6.002840996E-1,-3.847246170E-1,-9.052950144E-1,1.152351116E0
2.564499948E1,-4.189963341E-1,-3.699445724E-1,-6.803573370E-1,8.805129304E-1
2.564998453E1,-2.002019882E-1,-3.716902733E-1,-4.728987217E-1,6.339303561E-1
2.565496958E1,1.959562302E-2,-3.928179741E-1,-2.686577439E-1,4.763055034E-1
2.565995458E1,2.206697464E-1,-4.696898460E-1,-7.029080391E-2,5.236835739E-1
2.566493651E1,3.665566444E-1,-5.286760330E-1,1.146144867E-1,6.534513004E-1
2.566992140E1,4.736375809E-1,-6.156196594E-1,2.834535837E-1,8.268410108E-1
2.567490625E1,5.801815987E-1,-7.090911865E-1,4.429398775E-1,1.017652560E0
2.567989109E1,6.453404427E-1,-8.188943863E-1,5.448391438E-1,1.176393640E0
2.568487505E1,6.403427124E-1,-9.428458214E-1,6.196544170E-1,1.297292808E0
2.568985984E1,5.869574547E-1,-1.059445858E0,6.903815269E-1,1.394120236E0
2.569484463E1,4.709792137E-1,-1.149633884E0,7.491520643E-1,1.450761284E0
2.569982948E1,2.831749916E-1,-1.225285053E0,7.740097046E-1,1.476686345E0
2.570481427E1,5.756044388E-2,-1.276568413E0,7.741752863E-1,1.494084165E0
2.570979906E1,-2.077527046E-1,-1.293655396E0,7.037925720E-1,1.487289297E0
2.571478390E1,-4.882569313E-1,-1.257153988E0,7.221258879E-1,1.529802856E0
2.571976869E1,-7.524948120E-1,-1.217081547E0,7.141017914E-1,1.599211463E0
2.572476302E1,-1.031151772E0,-1.134832382E0,6.845215559E-1,1.679192744E0
2.572974833E1,-1.297596455E0,-1.036500931E0,7.242755890E-1,1.811812868E0
2.573473359E1,-1.604386330E0,-9.029145241E-1,8.189528584E-1,2.014942658E0
2.573971890E1,-1.869653225E0,-7.504324913E-1,9.108545184E-1,2.210974459E0
2.574469760E1,-2.100356102E0,-6.170940399E-1,1.021558523E0,2.415757154E0
2.574968255E1,-2.301281452E0,-4.884715080E-1,1.220426679E0,2.650272064E0
2.575466750E1,-2.467489243E0,-3.691353798E-1,1.347372532E0,2.835520557E0
2.575965250E1,-2.639849901E0,-3.118009567E-1,1.479196310E0,3.042046854E0
2.576464046E1,-2.753711462E0,-2.373924255E-1,1.673356056E0,3.231006418E0
2.576962562E1,-2.878251791E0,-2.054328918E-1,1.889611721E0,3.449227233E0
2.577461073E1,-2.970379591E0,-1.344885826E-1,2.078018188E0,3.627588963E0
2.577959583E1,-3.032615900E0,-8.200168610E-2,2.275010109E0,3.791985558E0
2.578457505E1,-3.098420858E0,-6.456232071E-2,2.514574528E0,3.990922846E0
2.578955984E1,-3.100907087E0,1.830148697E-2,2.722904205E0,4.126762293E0
2.579454463E1,-3.090559244E0,8.034515381E-2,2.900664091E0,4.239323526E0
2.579952942E1,-3.053169966E0,1.120018959E-1,2.981482506E0,4.268914288E0
2.580451640E1,-2.993705511E0,1.083946228E-1,3.063448906E0,4.284710175E0
2.580950130E1,-2.866874933E0,1.268591881E-1,3.115456581E0,4.235697681E0
2.581448624E1,-2.768705606E0,1.360130310E-1,3.010763645E0,4.092545419E0
2.581947114E1,-2.737648249E0,1.523890495E-1,2.842750549E0,3.949578590E0
2.582445593E1,-2.694875717E0,1.327257156E-1,2.711499929E0,3.825206284E0
2.582944083E1,-2.676171780E0,1.105828285E-1,2.542445183E0,3.692986794E0
2.583442578E1,-2.700760365E0,8.346414566E-2,2.299848557E0,3.548292011E0
2.583941067E1,-2.727940559E0,1.159343719E-1,2.036415339E0,3.406183774E0
2.584440229E1,-2.757706165E0,1.433997154E-1,1.788345098E0,3.289936924E0
2.584938755E1,-2.813727140E0,1.446433067E-1,1.472443581E0,3.179004908E0
2.585437281E1,-2.857614756E0,8.873605728E-2,1.184666634E0,3.094716661E0
2.585935807E1,-2.898614645E0,5.020332336E-2,8.915379643E-1,3.033039264E0
2.586433848E1,-2.938944578E0,1.008558273E-2,6.410155296E-1,3.008055495E0
2.586932354E1,-2.928250074E0,-7.210683823E-2,4.212313890E-1,2.959270819E0
2.587430854E1,-2.947674036E0,-1.004285812E-1,1.749487519E-1,2.954568528E0
2.587929354E1,-2.937171221E0,-1.082158089E-1,-1.899367571E-2,2.939225442E0
2.588427802E1,-2.925171137E0,-1.574201584E-1,-1.873382926E-1,2.935388036E0
2.588926302E1,-2.875674486E0,-1.952075958E-1,-3.034886122E-1,2.898226198E0
2.589424802E1,-2.826992512E0,-2.239527702E-1,-3.696178794E-1,2.859835464E0
2.589923296E1,-2.774277687E0,-2.388234138E-1,-4.335539341E-1,2.818088416E0
2.590421583E1,-2.693543911E0,-2.516908646E-1,-4.758638144E-1,2.746811508E0
2.590920067E1,-2.572916508E0,-2.602224350E-1,-4.869319499E-1,2.631485853E0
2.591418557E1,-2.407768250E0,-2.813115120E-1,-4.573999047E-1,2.466920911E0
2.591917046E1,-2.174202442E0,-3.628034592E-1,-4.140314460E-1,2.242811773E0
2.592414890E1,-2.023113728E0,-4.642243385E-1,-3.191792965E-1,2.100087811E0
2.592913343E1,-1.827970982E0,-5.978555679E-1,-1.827710867E-1,1.931919890E0
2.593411802E1,-1.617572784E0,-6.896162033E-1,-9.830713272E-3,1.758467760E0
2.593910255E1,-1.504609108E0,-7.446775436E-1,1.536820531E-1,1.685826618E0
2.594410895E1,-1.383572578E0,-8.107619286E-1,3.243968487E-1,1.636105528E0
2.594909458E1,-1.307194233E0,-8.138866425E-1,5.305694342E-1,1.628702598E0
2.595408026E1,-1.208445072E0,-8.330335617E-1,7.265933752E-1,1.637749169E0
2.595906588E1,-1.070729733E0,-8.276648521E-1,8.954820633E-1,1.622769051E0
2.596403599E1,-9.874567986E-1,-8.218202591E-1,1.049192905E0,1.658693830E0
2.596902088E1,-8.892440796E-1,-8.561701775E-1,1.190238953E0,1.714774379E0
2.597400572E1,-7.426342964E-1,-9.163260460E-1,1.335242152E0,1.781580962E0
2.597899057E1,-6.027364731E-1,-9.449210167E-1,1.431431651E0,1.818010879E0
2.598397921E1,-4.744763374E-1,-1.001907349E0,1.478959084E0,1.848314394E0
2.598896432E1,-3.149814606E-1,-1.058722019E0,1.573557377E0,1.922547386E0
2.599394937E1,-1.841559410E-1,-1.110644817E0,1.598227739E0,1.954936630E0
2.599893448E1,-4.610013962E-2,-1.193541050E0,1.620195150E0,2.012882954E0
2.600391161E1,1.085567474E-1,-1.266883850E0,1.658799410E0,2.090070511E0
2.600889630E1,2.511806488E-1,-1.450156689E0,1.656899810E0,2.216159543E0
2.601388093E1,3.913335800E-1,-1.606944561E0,1.643196106E0,2.331417216E0
2.601886562E1,5.622987747E-1,-1.723106384E0,1.670593500E0,2.464986443E0
2.602385474E1,6.659016609E-1,-1.887254715E0,1.681681752E0,2.614040722E0
2.602883958E1,7.739486694E-1,-2.049139023E0,1.697661400E0,2.771285172E0
2.603382448E1,8.601078987E-1,-2.175305367E0,1.732792258E0,2.911066479E0
2.603880937E1,8.982272148E-1,-2.294387341E0,1.724446774E0,3.007447767E0
2.604379927E1,9.338135719E-1,-2.337035656E0,1.758322716E0,3.070088308E0
2.604878437E1,9.022774696E-1,-2.334453106E0,1.779074192E0,3.070648289E0
2.605376953E1,8.731260300E-1,-2.279440403E0,1.838898182E0,3.056099497E0
2.605875468E1,8.414816856E-1,-2.229521751E0,1.913498521E0,3.056196207E0
2.606373593E1,8.287639618E-1,-2.158463478E0,1.911858201E0,3.000169340E0
2.606872083E1,7.967300415E-1,-2.094932556E0,1.915182352E0,2.948125611E0
2.607370583E1,8.051991463E-1,-2.096278191E0,1.870795250E0,2.922773133E0
2.607869078E1,8.087100983E-1,-2.124124527E0,1.759630799E0,2.874407344E0
2.608368151E1,8.046045303E-1,-2.145191669E0,1.577506781E0,2.781683554E0
2.608866677E1,7.569494247E-1,-2.152370453E0,1.372864485E0,2.662785739E0
2.609365198E1,6.657638550E-1,-2.100267410E0,1.157927155E0,2.489007835E0
2.609863724E1,5.073037148E-1,-1.969724655E0,9.426682591E-1,2.241828656E0
2.610361583E1,3.679194450E-1,-1.841983318E0,7.418707609E-1,2.019564183E0
2.610860073E1,1.999444962E-1,-1.712101460E0,6.201612949E-1,1.831903175E0
2.611358562E1,8.964681625E-2,-1.582350731E0,5.516775250E-1,1.678159253E0
2.611857052E1,-3.461694717E-2,-1.488465786E0,5.464676619E-1,1.585987274E0
2.612356010E1,-1.199665070E-1,-1.394322872E0,5.878626108E-1,1.517929736E0
2.612854520E1,-1.879816055E-1,-1.297552586E0,6.855996251E-1,1.479535955E0
2.613353036E1,-2.146296501E-1,-1.245875359E0,8.086840510E-1,1.500746877E0
2.613851552E1,-2.044911385E-1,-1.212729931E0,1.014520168E0,1.594296611E0
2.614350729E1,-2.006640434E-1,-1.167028904E0,1.259727240E0,1.728911576E0
2.614849276E1,-1.600775719E-1,-1.137475491E0,1.563176870E0,1.939844645E0
2.615347822E1,-8.764553070E-2,-1.100223541E0,1.877006769E0,2.177459068E0
2.615846375E1,6.843566895E-3,-1.007615089E0,2.198439360E0,2.418361144E0
2.616345494E1,6.110191345E-2,-8.621873856E-1,2.555819273E0,2.698020142E0
2.616844072E1,6.547069550E-2,-6.425881386E-1,2.967608452E0,3.037088384E0
2.617342651E1,5.072498322E-2,-4.089894295E-1,3.347391844E0,3.372666235E0
2.617841224E1,1.677846909E-2,-1.423492432E-1,3.637465477E0,3.640288439E0
2.618339052E1,-3.170776367E-2,1.739349365E-1,3.861350536E0,3.865396061E0
2.618837583E1,-9.711503983E-2,4.609189034E-1,3.987437487E0,4.015163169E0
2.619336125E1,-1.413669586E-1,6.682844162E-1,4.027514935E0,4.085029403E0
2.619834661E1,-8.572912216E-2,8.127784729E-1,4.041102886E0,4.122920187E0
2.620334244E1,-2.635622025E-2,9.013876915E-1,4.022828579E0,4.122662270E0
2.620832838E1,-4.357337952E-3,9.314436913E-1,3.944051504E0,4.052548409E0
2.621331427E1,6.405353546E-3,9.339423180E-1,3.752427578E0,3.866911172E0
2.621830020E1,7.257175446E-2,9.206233025E-1,3.445754051E0,3.567356852E0
2.622326020E1,7.891464233E-2,8.505687714E-1,3.105243683E0,3.220595145E0
2.622824479E1,8.736467361E-2,7.809972763E-1,2.790617704E0,2.899161345E0
2.623322942E1,4.042148590E-2,6.807236671E-1,2.449425697E0,2.542578387E0
2.623821401E1,-5.457496643E-2,5.618004799E-1,2.189467907E0,2.261054604E0
2.624319812E1,-2.165775299E-1,4.721307755E-1,1.798434138E0,1.871945150E0
2.624818270E1,-4.239635468E-1,4.355893135E-1,1.553719997E0,1.668391132E0
2.625316729E1,-5.995378494E-1,3.043136597E-1,1.302204609E0,1.465533787E0
2.625815187E1,-8.075633049E-1,1.623425484E-1,9.824541807E-1,1.282080267E0
2.626314432E1,-1.004604340E0,9.603548050E-2,7.569558620E-1,1.261520856E0
2.626812932E1,-1.230703831E0,6.751060486E-2,5.084533095E-1,1.333309555E0
2.627311427E1,-1.423164845E0,-6.602764130E-3,2.873940170E-1,1.451908087E0
2.627809927E1,-1.528956890E0,-2.067661285E-2,1.153222397E-1,1.533439243E0
2.628308083E1,-1.593388081E0,-7.982349396E-2,-4.609662294E-2,1.596052087E0
2.628806567E1,-1.602031708E0,-1.575918198E-1,-2.253762782E-1,1.625464623E0
2.629305046E1,-1.774913311E0,-3.017654419E-1,-4.034236968E-1,1.845028542E0
2.629803526E1,-1.929696560E0,-3.565235138E-1,-4.347278178E-1,2.009931866E0
2.630301448E1,-1.924993515E0,-2.356419563E-1,-5.273239017E-1,2.009775525E0
2.630799906E1,-1.827697277E0,-2.356491089E-1,-5.590546131E-1,1.925759564E0
2.631298359E1,-1.611631870E0,-3.133659363E-1,-4.935367405E-1,1.714390273E0
2.631796812E1,-1.408911228E0,-4.355669022E-1,-4.662547708E-1,1.546655387E0
2.632296052E1,-1.186622143E0,-5.859012604E-1,-4.213503599E-1,1.388844312E0
2.632794546E1,-1.002539635E0,-7.287402153E-1,-4.303763807E-1,1.312010613E0
2.633293036E1,-8.711166382E-1,-8.474783897E-1,-3.406282365E-1,1.262177251E0
2.633791531E1,-7.708339691E-1,-9.206857681E-1,-2.624962926E-1,1.229126354E0
2.634289630E1,-6.635613441E-1,-9.342069626E-1,-1.458242387E-1,1.155128138E0
2.634788104E1,-6.378493309E-1,-9.479446411E-1,-1.695880294E-2,1.142689115E0
2.635286578E1,-7.009634972E-1,-9.142074585E-1,7.905358076E-2,1.154718394E0
2.635785052E1,-8.025498390E-1,-8.378109932E-1,1.827614307E-1,1.174485098E0
2.636283541E1,-8.968639374E-1,-7.735910416E-1,2.964946032E-1,1.220949250E0
2.636782015E1,-1.017189980E0,-6.591806412E-1,3.486210704E-1,1.261241937E0
2.637280489E1,-1.134721756E0,-5.686841011E-1,4.421684742E-1,1.344063998E0
2.637778963E1,-1.246916771E0,-4.923467636E-1,4.769787788E-1,1.422924989E0
2.638277578E1,-1.337030411E0,-3.966507912E-1,5.104836822E-1,1.485118096E0
2.638776052E1,-1.388158798E0,-3.292937279E-1,5.592094064E-1,1.532362349E0
2.639274536E1,-1.479350090E0,-2.640252113E-1,6.061188579E-1,1.620359858E0
2.639773015E1,-1.548236370E0,-2.031393051E-1,6.987125874E-1,1.710701819E0
2.640283015E1,-1.592391968E0,-1.346549988E-1,7.409304380E-1,1.761482916E0
2.640792020E1,-1.607131958E0,-2.986431122E-2,8.125235438E-1,1.801099530E0
2.641291562E1,-1.604650974E0,3.452682495E-2,8.562127352E-1,1.819119869E0
2.641791104E1,-1.592305660E0,9.188222885E-2,8.597144485E-1,1.811901927E0
2.642281604E1,-1.574989319E0,1.469326019E-1,8.112630248E-1,1.777731206E0
2.642772104E1,-1.543346405E0,1.779160500E-1,7.412687540E-1,1.721351682E0
2.643262588E1,-1.514095783E0,1.657457352E-1,6.472285390E-1,1.654950897E0
2.643760906E1,-1.504194260E0,7.196807861E-2,5.238395929E-1,1.594423938E0
2.644260546E1,-1.504187107E0,-2.943038940E-3,3.811537027E-1,1.551729893E0
2.644758932E1,-1.504330158E0,-1.817560196E-2,2.148166299E-1,1.519699234E0
2.645257312E1,-1.538205147E0,-9.583950043E-2,5.117022991E-2,1.542037184E0
2.645755692E1,-1.627315998E0,-1.186738014E-1,-1.788932681E-1,1.641415130E0
2.646253432E1,-1.692424774E0,-1.247482300E-1,-3.960700035E-1,1.742623076E0
2.646751776E1,-1.754972935E0,-1.307067871E-1,-5.930643082E-1,1.857078227E0
2.647250130E1,-1.805327892E0,-1.316871643E-1,-7.793556452E-1,1.970772825E0
2.647748479E1,-1.843227386E0,-1.346249580E-1,-9.787871838E-1,2.091323846E0
2.648248177E1,-1.835074425E0,-1.848101616E-1,-1.074020028E0,2.134284883E0
2.648746593E1,-1.797626495E0,-2.438502312E-1,-1.179729700E0,2.163951505E0
2.649245010E1,-1.776449680E0,-2.806892395E-1,-1.295712829E0,2.216626186E0
2.649743427E1,-1.735562325E0,-3.334512711E-1,-1.395142555E0,2.251619213E0
2.650242250E1,-1.653409004E0,-3.805108070E-1,-1.465901852E0,2.242190458E0
2.650740687E1,-1.563493729E0,-4.529147148E-1,-1.555735469E0,2.251656552E0
2.651239124E1,-1.444345951E0,-5.219521523E-1,-1.561711311E0,2.190322236E0
2.651737562E1,-1.320002556E0,-5.804944038E-1,-1.495727301E0,2.077638240E0
2.652236099E1,-1.183260441E0,-6.571960449E-1,-1.446184874E0,1.980773233E0
2.652734541E1,-1.024680614E0,-7.186427116E-1,-1.307823062E0,1.810198572E0
2.653232984E1,-8.588042259E-1,-8.199887276E-1,-1.157268405E0,1.658070075E0
2.653731421E1,-7.168993950E-1,-8.943815231E-1,-1.020884275E0,1.534948779E0
2.654229708E1,-5.320186615E-1,-9.371623993E-1,-8.655117750E-1,1.382182279E0
2.654728140E1,-4.120478630E-1,-9.223003387E-1,-6.364653111E-1,1.193947004E0
2.655226578E1,-2.899847031E-1,-9.312872887E-1,-4.420015812E-1,1.070865323E0
2.655725010E1,-1.635274887E-1,-8.853068352E-1,-2.752338052E-1,9.414154659E-1
2.656223843E1,-4.217863083E-2,-8.274660110E-1,-1.005542278E-1,8.346197871E-1
2.656722296E1,8.337354660E-2,-7.341437340E-1,9.826898575E-2,7.453690119E-1
2.657220750E1,1.386036873E-1,-6.726446152E-1,1.609673500E-1,7.053880125E-1
2.657719203E1,1.498727798E-1,-5.880355835E-1,3.095111847E-1,6.812083903E-1
2.658217651E1,1.748189926E-1,-5.520081520E-1,4.260230064E-1,7.188673606E-1
2.658716098E1,1.873779297E-1,-5.046005249E-1,5.481884480E-1,7.682725771E-1
2.659214552E1,1.419110298E-1,-3.479495049E-1,6.592681408E-1,7.588425922E-1
2.659713010E1,8.606386185E-2,-1.708083153E-1,7.213079929E-1,7.462356796E-1
2.660223010E1,2.708053589E-2,7.711887360E-3,7.773706913E-1,7.778804666E-1
2.660730296E1,-5.637264252E-2,1.614027023E-1,7.864364386E-1,8.048049323E-1
2.661229718E1,-1.306066513E-1,2.976078987E-1,7.796034813E-1,8.446361032E-1
2.661729145E1,-1.524233818E-1,4.284262657E-1,7.448397875E-1,8.726787848E-1
2.662219645E1,-1.698203087E-1,4.820303917E-1,7.155183554E-1,8.792944630E-1
2.662710145E1,-1.660118103E-1,5.088081360E-1,6.560338736E-1,8.466558236E-1
2.663201656E1,-1.146225929E-1,5.184693336E-1,6.097260714E-1,8.085262339E-1
2.663699885E1,-7.570886612E-2,5.300207138E-1,5.552294254E-1,7.713193271E-1
2.664200125E1,-4.936265945E-2,5.242795944E-1,5.047475100E-1,7.294352707E-1
2.664698458E1,-9.263515472E-3,5.419216156E-1,4.272211790E-1,6.901324409E-1
2.665196791E1,-3.489494324E-3,5.851573944E-1,4.042259455E-1,7.112102135E-1
2.665695119E1,1.587963104E-2,5.775208473E-1,3.786363602E-1,6.907589920E-1
2.666194333E1,2.497625351E-2,5.621800423E-1,3.410273790E-1,6.580044729E-1
2.666692708E1,3.818511963E-2,5.224413872E-1,3.226352930E-1,6.152208048E-1
2.667191083E1,9.597158432E-2,5.108342171E-1,2.638849020E-1,5.829214217E-1
2.667689458E1,1.336383820E-1,4.579043388E-1,2.340974808E-1,5.313541485E-1
2.668188057E1,2.062525749E-1,4.306545258E-1,1.971217394E-1,5.165853515E-1
2.668686442E1,2.634024620E-1,3.835129738E-1,1.674168110E-1,4.944607635E-1
2.669184828E1,2.717657089E-1,2.855224609E-1,9.717488289E-2,4.059835392E-1
2.669683213E1,3.390378952E-1,1.750092506E-1,4.133176804E-2,3.837749956E-1
2.670181802E1,3.884978294E-1,8.539342880E-2,-3.336572647E-2,3.991689778E-1
2.670680198E1,4.057335854E-1,3.330183029E-2,-1.150166392E-1,4.230337829E-1
2.671178599E1,4.169316292E-1,3.772306442E-2,-1.746583581E-1,4.536083719E-1
2.671676994E1,3.647174835E-1,5.554437637E-2,-1.835979819E-1,4.120828066E-1
2.672175729E1,2.779603004E-1,9.157896042E-2,-2.161629796E-1,3.638338472E-1
2.672674140E1,2.069334984E-1,1.123275757E-1,-2.771020532E-1,3.636268759E-1
2.673172557E1,5.140972137E-2,1.418814659E-1,-2.612186074E-1,3.016761023E-1
2.673670974E1,-9.038257599E-2,1.468186378E-1,-2.641904950E-1,3.154700305E-1
2.674170083E1,-2.230114937E-1,1.154356003E-1,-1.972113252E-1,3.192989366E-1
2.674668526E1,-4.086794853E-1,1.003890038E-1,-1.295261979E-1,4.403111511E-1
2.675166979E1,-5.682020187E-1,6.599140167E-2,-5.846750736E-2,5.750016075E-1
2.675665427E1,-7.226834297E-1,5.088758469E-2,3.268909454E-2,7.252099439E-1
2.676164713E1,-8.195223808E-1,9.595870972E-3,1.317816973E-1,8.301056735E-1
2.676663203E1,-8.943781853E-1,-6.716680527E-2,2.532585859E-1,9.319676118E-1
2.677161692E1,-9.208536148E-1,-2.055263519E-1,3.805667162E-1,1.017370870E0
2.677660182E1,-9.131612778E-1,-3.598432541E-1,4.871399403E-1,1.095744499E0
2.678157437E1,-8.330216408E-1,-5.443811417E-1,6.232525110E-1,1.174188900E0
2.678655864E1,-7.166161537E-1,-7.114858627E-1,7.241156101E-1,1.242615895E0
2.679154296E1,-5.808005333E-1,-8.373684883E-1,8.205305338E-1,1.308352247E0
2.679652724E1,-5.189776421E-1,-9.796309471E-1,9.072828293E-1,1.432542047E0
2.680149536E1,-4.930830002E-1,-1.083484650E0,9.988030195E-1,1.553923197E0
2.680647890E1,-5.223698616E-1,-1.115664005E0,1.097343683E0,1.649769561E0
2.681146250E1,-6.377081871E-1,-1.145520687E0,1.264742613E0,1.821664967E0
2.681644609E1,-7.984561920E-1,-1.096649170E0,1.405188084E0,1.953132162E0
2.682142968E1,-9.708509445E-1,-1.012003422E0,1.535363436E0,2.079433423E0
2.682644244E1,-1.176293850E0,-9.226422310E-1,1.652728319E0,2.228552626E0
2.683142750E1,-1.335275650E0,-8.950562477E-1,1.738041162E0,2.367461474E0
2.683641255E1,-1.457507133E0,-9.172635078E-1,1.863192320E0,2.537160816E0
2.684139765E1,-1.471325397E0,-9.867839813E-1,1.944767594E0,2.630715121E0
2.684638234E1,-1.496230125E0,-1.146392345E0,2.002188444E0,2.749850644E0
2.685136739E1,-1.520183086E0,-1.302657604E0,2.097610474E0,2.899628105E0
2.685635239E1,-1.511888981E0,-1.493649006E0,2.118615627E0,3.000887839E0
2.686133739E1,-1.459455490E0,-1.678658485E0,2.161158323E0,3.101372267E0
2.686631588E1,-1.365336895E0,-1.857700348E0,2.225148678E0,3.204135150E0
2.687130057E1,-1.243952274E0,-1.994905472E0,2.282036781E0,3.276393898E0
2.687628531E1,-1.145667076E0,-2.126320839E0,2.326833487E0,3.353795974E0
2.688127000E1,-1.056165695E0,-2.240046978E0,2.373918772E0,3.430566538E0
2.688626713E1,-9.779353142E-1,-2.307564735E0,2.339111805E0,3.428214772E0
2.689125250E1,-9.108204842E-1,-2.307347775E0,2.303325176E0,3.385078223E0
2.689623781E1,-9.290390015E-1,-2.292205811E0,2.297435760E0,3.375726887E0
2.690122312E1,-9.822125435E-1,-2.180840492E0,2.280494928E0,3.304763812E0
2.690622823E1,-1.115557194E0,-1.982797146E0,2.264367580E0,3.209877398E0
2.691121453E1,-1.293188095E0,-1.686315536E0,2.289617062E0,3.123834475E0
2.691620088E1,-1.457305431E0,-1.355814457E0,2.351095200E0,3.080522780E0
2.692118718E1,-1.662682056E0,-1.022256851E0,2.412579298E0,3.103233726E0
2.692615843E1,-1.801725388E0,-7.048358917E-1,2.514777660E0,3.172871678E0
2.693114395E1,-1.924655437E0,-3.891348839E-1,2.588287115E0,3.248838977E0
2.693612958E1,-1.957322598E0,-1.181840897E-1,2.673721552E0,3.315699951E0
2.694111510E1,-1.931082249E0,4.576063156E-2,2.680358887E0,3.303860840E0
2.694609437E1,-1.829600811E0,1.647391319E-1,2.630152941E0,3.208158756E0
2.695107963E1,-1.681756020E0,1.526765823E-1,2.506789684E0,3.022516827E0
2.695606484E1,-1.471317768E0,1.179122925E-2,2.318024635E0,2.745569744E0
2.696105010E1,-1.263466358E0,-1.815791130E-1,2.098300219E0,2.456050085E0
2.696603510E1,-1.039322376E0,-4.107456207E-1,1.812446356E0,2.129287383E0
2.697102036E1,-8.184642792E-1,-6.496272087E-1,1.518529415E0,1.843320610E0
2.697600557E1,-5.653190613E-1,-8.911857605E-1,1.221916556E0,1.614582848E0
2.698099078E1,-3.685140610E-1,-1.118689537E0,9.206235409E-1,1.494930299E0
2.698597270E1,-1.899752617E-1,-1.382479668E0,6.893290281E-1,1.556443105E0
2.699095781E1,-3.519535065E-3,-1.663403034E0,4.925408363E-1,1.734796391E0
2.699594286E1,1.118407249E-1,-1.930395603E0,3.016308546E-1,1.957017298E0
2.700092791E1,1.753792763E-1,-2.094924927E0,1.979751587E-1,2.111554523E0
2.700590781E1,1.105723381E-1,-2.150020123E0,1.526514292E-1,2.158266718E0
2.701089265E1,-2.703475952E-2,-2.129004478E0,1.677134037E-1,2.135771227E0
2.701587744E1,-1.795749664E-1,-2.038848400E0,2.740304470E-1,2.065004274E0
2.702086224E1,-3.037133217E-1,-1.905809402E0,4.206956625E-1,1.975180017E0
2.702585802E1,-4.087152481E-1,-1.729752064E0,5.927814245E-1,1.873627544E0
2.703084338E1,-5.088791847E-1,-1.601627827E0,8.255882263E-1,1.872368991E0
2.703582875E1,-5.874085426E-1,-1.507106781E0,1.013036609E0,1.908576123E0
2.704081411E1,-6.945343018E-1,-1.429513454E0,1.207088113E0,1.995732528E0
2.704579994E1,-7.630405426E-1,-1.318498135E0,1.414389849E0,2.078741649E0
2.705078536E1,-8.506431580E-1,-1.248518944E0,1.565232754E0,2.175395805E0
2.705577067E1,-9.740967751E-1,-1.133493423E0,1.657152414E0,2.231552373E0
2.706075604E1,-1.087851524E0,-1.014090538E0,1.721117377E0,2.274652849E0
2.706573640E1,-1.223080158E0,-9.477658272E-1,1.843258023E0,2.406612822E0
2.707072156E1,-1.350937843E0,-8.410840034E-1,1.997223973E0,2.553695157E0
2.707570666E1,-1.485921860E0,-7.013463974E-1,2.183236361E0,2.732466203E0
2.708069182E1,-1.675603867E0,-6.073150635E-1,2.365279198E0,2.961591732E0
2.708567692E1,-1.879253864E0,-5.015282631E-1,2.521892071E0,3.184817939E0
2.709066208E1,-2.058382511E0,-4.292578697E-1,2.700907230E0,3.422879015E0
2.709564718E1,-2.193829536E0,-4.142665863E-1,2.862029076E0,3.629836810E0
2.710063234E1,-2.273549557E0,-3.702883720E-1,2.995659351E0,3.778904076E0
2.710560046E1,-2.309511423E0,-3.020658493E-1,3.073336601E0,3.856226738E0
2.711058474E1,-2.349613905E0,-2.502985001E-1,3.150145292E0,3.937861120E0
2.711556901E1,-2.300663710E0,-1.767807007E-1,3.159046173E0,3.912017081E0
2.712055328E1,-2.205871105E0,-7.201719284E-2,3.109754086E0,3.813348172E0
2.712554953E1,-2.094224930E0,6.372928619E-3,3.009574652E0,3.666518547E0
2.713053442E1,-1.930240631E0,1.748180389E-2,2.839539528E0,3.433528686E0
2.713551927E1,-1.750010490E0,-4.224777222E-4,2.609647274E0,3.142100538E0
2.714050416E1,-1.573133469E0,-1.657199860E-2,2.300966024E0,2.787376578E0
2.714548062E1,-1.411691189E0,-5.734586716E-2,1.992688179E0,2.442737550E0
2.715046505E1,-1.296760559E0,-1.442337036E-1,1.648995519E0,2.102754748E0
2.715544948E1,-1.233214378E0,-2.079544067E-1,1.353626728E0,1.842923780E0
2.716043395E1,-1.161312580E0,-2.269778252E-1,1.064188004E0,1.591433928E0
2.716542557E1,-1.109634876E0,-2.538084984E-1,8.048713207E-1,1.394104069E0
2.717041036E1,-1.071082115E0,-2.860989571E-1,5.997056961E-1,1.260442951E0
2.717539520E1,-9.906082153E-1,-3.357095718E-1,3.820157051E-1,1.113526628E0
2.718038000E1,-9.685754776E-1,-3.857507706E-1,2.332719564E-1,1.068343540E0
2.718536510E1,-9.331669807E-1,-4.624910355E-1,8.898329735E-2,1.045283023E0
2.719034994E1,-9.154090881E-1,-5.466737747E-1,-1.241385937E-2,1.066292698E0
2.719533474E1,-9.126338959E-1,-6.236901283E-1,-4.682195187E-2,1.106382528E0
2.720031958E1,-8.816242218E-1,-7.316937447E-1,-5.743002892E-2,1.147142194E0
2.720537218E1,-8.535513878E-1,-8.156447411E-1,-2.246248722E-2,1.180817885E0
2.721036041E1,-8.159403801E-1,-8.297405243E-1,3.159737587E-2,1.164141931E0
2.721534864E1,-7.474570274E-1,-8.698620796E-1,1.143515110E-1,1.152574646E0
2.722033687E1,-6.387615204E-1,-8.882970810E-1,2.426536083E-1,1.120700119E0
2.722524765E1,-5.448145866E-1,-8.898825645E-1,3.298707008E-1,1.094316495E0
2.723023198E1,-4.372458458E-1,-9.179468155E-1,3.930457830E-1,1.090089571E0
2.723521635E1,-3.447785378E-1,-9.630045891E-1,4.125920534E-1,1.102942556E0
2.724020067E1,-2.292342186E-1,-9.605813026E-1,3.670094013E-1,1.053546708E0
2.724518239E1,-1.577267647E-1,-1.016062737E0,2.302238941E-1,1.053690779E0
2.725016661E1,-1.205735207E-1,-1.048161983E0,1.020244360E-1,1.059995520E0
2.725515078E1,-8.168029785E-2,-1.056828976E0,-6.339430809E-2,1.061874754E0
2.726013500E1,-2.893686295E-2,-1.128103256E0,-2.113154531E-1,1.148089073E0
2.726513067E1,1.613473892E-2,-1.185381889E0,-2.173861861E-1,1.205258191E0
2.727011546E1,-2.773809433E-2,-1.159283161E0,-3.851298094E-1,1.221896812E0
2.727510020E1,-1.723947525E-1,-1.040478230E0,-3.972061872E-1,1.126981656E0
2.728008500E1,-3.000040054E-1,-9.745783806E-1,-2.258322239E-1,1.044416400E0
2.728506703E1,-3.193101883E-1,-1.001684189E0,-2.123072147E-1,1.072569142E0
2.729005166E1,-4.483356476E-1,-1.023870945E0,-1.578108668E-1,1.128813906E0
2.729503630E1,-6.844830513E-1,-9.455828667E-1,4.400134087E-2,1.168152440E0
2.730002088E1,-9.145989418E-1,-8.286108971E-1,2.751725912E-1,1.264439480E0
2.730500583E1,-1.025893211E0,-7.849330902E-1,5.003837347E-1,1.385265577E0
2.730999046E1,-1.040062904E0,-8.502850533E-1,7.702986598E-1,1.548572098E0
2.731497510E1,-1.055478573E0,-8.907246590E-1,1.078342080E0,1.752212053E0
2.731995974E1,-1.036463261E0,-8.849272728E-1,1.321682096E0,1.898471999E0
2.732493281E1,-9.832162857E-1,-8.881287575E-1,1.543007135E0,2.033803819E0
2.732991687E1,-8.935418129E-1,-9.458799362E-1,1.792566299E0,2.215039450E0
2.733490088E1,-8.251171112E-1,-9.818291664E-1,2.015083075E0,2.388590914E0
2.733988500E1,-7.158112526E-1,-1.015237808E0,2.169375896E0,2.499857063E0
2.734488927E1,-6.449313164E-1,-1.075113297E0,2.305648327E0,2.624465509E0
2.734987437E1,-6.174459457E-1,-1.070795536E0,2.387589931E0,2.688573647E0
2.735485948E1,-6.214432716E-1,-1.055063725E0,2.434203625E0,2.724829993E0
2.735984453E1,-6.831955910E-1,-1.032721519E0,2.466906786E0,2.760235324E0
2.736481822E1,-7.525229454E-1,-9.847350121E-1,2.440292358E0,2.736972894E0
2.736980270E1,-8.126854897E-1,-8.920063972E-1,2.371138096E0,2.660531711E0
2.737478724E1,-9.187827110E-1,-8.718485832E-1,2.244950771E0,2.577612381E0
2.737977171E1,-1.017942429E0,-8.928952217E-1,2.085672855E0,2.486664417E0
2.738476536E1,-1.141277790E0,-9.120631218E-1,1.914898992E0,2.408570589E0
2.738975031E1,-1.348288059E0,-9.434475899E-1,1.699440241E0,2.365601652E0
2.739473526E1,-1.497663021E0,-9.916625023E-1,1.494859695E0,2.336877094E0
2.739972020E1,-1.648953438E0,-1.073126793E0,1.296663880E0,2.356265217E0
2.740470270E1,-1.744515896E0,-1.134926319E0,1.141110182E0,2.373504984E0
2.740968755E1,-1.884683132E0,-1.191249847E0,9.854703546E-1,2.437674820E0
2.741467234E1,-1.990473747E0,-1.285095215E0,8.492990732E-1,2.516895780E0
2.741965724E1,-2.052197933E0,-1.330131054E0,7.523565888E-1,2.558672588E0
2.742464448E1,-2.100903988E0,-1.350203991E0,6.544497013E-1,2.581695721E0
2.742962942E1,-2.088696003E0,-1.397868156E0,5.652062893E-1,2.576071529E0
2.743461437E1,-2.108770847E0,-1.460974693E0,4.922560155E-1,2.612216975E0
2.743959932E1,-2.103521347E0,-1.498707294E0,4.760395586E-1,2.626316674E0
2.744457958E1,-2.063454151E0,-1.551773071E0,4.593668878E-1,2.622376906E0
2.744956432E1,-1.978917599E0,-1.548305035E0,4.351179302E-1,2.550037442E0
2.745454906E1,-1.859543800E0,-1.533838272E0,4.964713156E-1,2.461106816E0
2.745953374E1,-1.674424648E0,-1.506157398E0,5.855451822E-1,2.327030548E0
2.746452979E1,-1.423743725E0,-1.539508820E0,6.832737327E-1,2.205447028E0
2.746951510E1,-1.136595249E0,-1.550443172E0,7.704176903E-1,2.071054371E0
2.747450036E1,-8.084545135E-1,-1.608543873E0,8.875948191E-1,2.007196217E0
2.747948567E1,-4.805932045E-1,-1.671251297E0,9.749381542E-1,1.993628634E0
2.748446119E1,-1.677408218E-1,-1.705451012E0,1.022802114E0,1.995701456E0
2.748944599E1,1.131939888E-1,-1.713762760E0,1.074008107E0,2.025657694E0
2.749443083E1,2.949476242E-1,-1.744373798E0,1.087752461E0,2.076785850E0
2.749941557E1,4.778599739E-1,-1.754420280E0,1.106930614E0,2.128763974E0
2.750441151E1,6.497187614E-1,-1.710689545E0,1.081187487E0,2.125455144E0
2.750939687E1,7.268376350E-1,-1.680219173E0,1.053404927E0,2.112129579E0
2.751438224E1,8.837847710E-1,-1.624827385E0,1.014145851E0,2.109414933E0
2.751936760E1,1.012706280E0,-1.570993900E0,9.536371231E-1,2.098337343E0
2.752435104E1,1.080048561E0,-1.494915009E0,9.218124151E-1,2.061798706E0
2.752933630E1,1.009323597E0,-1.470793247E0,9.181288481E-1,2.006222191E0
2.753432156E1,9.228005409E-1,-1.393220425E0,9.328039289E-1,1.913830494E0
2.753930682E1,8.204088211E-1,-1.293429852E0,8.677176237E-1,1.760387823E0
2.754426984E1,5.827512741E-1,-1.231097698E0,8.061326742E-1,1.582735126E0
2.754925401E1,3.228292465E-1,-1.157944202E0,7.004237175E-1,1.391275272E0
2.755423817E1,1.974725723E-2,-1.071033478E0,5.548593402E-1,1.206387812E0
2.755922229E1,-2.086815834E-1,-1.101339817E0,5.077477694E-1,1.230571084E0
2.756422369E1,-3.288741112E-1,-1.198295116E0,4.462745786E-1,1.320314495E0
2.756920869E1,-4.580206871E-1,-1.266034603E0,4.084051847E-1,1.406919103E0
2.757419369E1,-6.485028267E-1,-1.306778908E0,4.234419465E-1,1.519055665E0
2.757917869E1,-7.324876785E-1,-1.368031979E0,5.802134275E-1,1.656712804E0
2.758415859E1,-7.774467468E-1,-1.361639977E0,5.965899825E-1,1.677619288E0
2.758914338E1,-9.582500458E-1,-1.237698078E0,7.519317865E-1,1.736531340E0
2.759412812E1,-1.264840603E0,-1.082135201E0,1.053670406E0,1.970040524E0
2.759911281E1,-1.462361813E0,-9.711751938E-1,1.308516741E0,2.189497520E0
2.760410937E1,-1.679761410E0,-8.662123680E-1,1.509697556E0,2.418906565E0
2.760909474E1,-1.847537041E0,-8.221001625E-1,1.726252198E0,2.658794548E0
2.761408005E1,-1.915340424E0,-7.333626747E-1,1.929444551E0,2.815866834E0
2.761906536E1,-1.969291687E0,-6.549735069E-1,2.076334715E0,2.935688316E0
2.762404739E1,-1.987956524E0,-5.893812180E-1,2.171866417E0,3.002722947E0
2.762903255E1,-1.961762905E0,-4.671831131E-1,2.295065880E0,3.055176124E0
2.763401770E1,-1.895853996E0,-3.413472176E-1,2.345379353E0,3.035059243E0
2.763900286E1,-1.814302444E0,-2.717704773E-1,2.368277550E0,2.995712120E0
2.764398624E1,-1.714774609E0,-1.388692856E-1,2.342336178E0,2.906247651E0
2.764897130E1,-1.616989136E0,-2.456521988E-2,2.303833961E0,2.814766107E0
2.765395635E1,-1.564067364E0,6.391000748E-2,2.259914637E0,2.749109924E0
2.765894145E1,-1.510755062E0,1.478867531E-1,2.138878822E0,2.622795067E0
2.766392687E1,-1.481121540E0,2.439556122E-1,2.036695242E0,2.530091474E0
2.766891198E1,-1.439353943E0,3.041977882E-1,1.931784272E0,2.428181736E0
2.767389708E1,-1.442978859E0,4.026713371E-1,1.788331270E0,2.332908255E0
2.767888218E1,-1.451217175E0,4.102673531E-1,1.653964520E0,2.238291585E0
2.768386140E1,-1.464044094E0,4.323272705E-1,1.514315844E0,2.150228930E0
2.768884619E1,-1.495777130E0,4.162445068E-1,1.455247641E0,2.127993047E0
2.769383098E1,-1.539312840E0,4.002375603E-1,1.369107246E0,2.098601624E0
2.769881583E1,-1.604084492E0,4.274468422E-1,1.325352311E0,2.124230827E0
2.770382270E1,-1.644499302E0,4.118475914E-1,1.359856844E0,2.173294050E0
2.770880859E1,-1.708323002E0,3.989977837E-1,1.377131462E0,2.230259575E0
2.771379453E1,-1.737927914E0,4.034190178E-1,1.372337103E0,2.250877487E0
2.771878041E1,-1.757190228E0,4.108033180E-1,1.386261344E0,2.275565287E0
2.772374994E1,-1.723052979E0,4.068136215E-1,1.392519474E0,2.252447419E0
2.772873505E1,-1.664180756E0,3.652338982E-1,1.381546855E0,2.193528003E0
2.773372020E1,-1.585513592E0,3.385963440E-1,1.465830922E0,2.185671779E0
2.773870531E1,-1.453801155E0,2.908267975E-1,1.496880412E0,2.106838625E0
2.774368151E1,-1.319483280E0,2.409405708E-1,1.506061196E0,2.016757004E0
2.774866619E1,-1.206496239E0,1.960864067E-1,1.514780521E0,1.946443701E0
2.775365088E1,-1.072005272E0,8.670377731E-2,1.489352703E0,1.837085823E0
2.775863552E1,-9.232950211E-1,1.083612442E-2,1.446457386E0,1.716050724E0
2.776363349E1,-7.653598785E-1,-5.324983597E-2,1.388508439E0,1.586369117E0
2.776861885E1,-5.985131264E-1,-8.430194855E-2,1.339422226E0,1.469481773E0
2.777360416E1,-4.420638084E-1,-1.614060402E-1,1.311309934E0,1.393199936E0
2.777858948E1,-2.483835220E-1,-2.775030136E-1,1.237129092E0,1.291971628E0
2.778356848E1,-9.442424774E-2,-4.137277603E-1,1.193511248E0,1.266710581E0
2.778855348E1,2.937889099E-2,-5.581369400E-1,1.084631443E0,1.220166108E0
2.779353849E1,1.683874130E-1,-7.036232948E-1,9.753271341E-1,1.214373534E0
2.779852348E1,2.793431282E-1,-8.599119186E-1,8.678223491E-1,1.253234503E0
2.780349281E1,3.788247108E-1,-1.043877125E0,7.430858612E-1,1.336175217E0
2.780847703E1,4.072823524E-1,-1.195526600E0,6.225936413E-1,1.408114203E0
2.781346125E1,3.717155457E-1,-1.327067852E0,4.609546363E-1,1.453189839E0
2.781844546E1,3.225111961E-1,-1.481490135E0,2.941089571E-1,1.544450249E0
2.782344588E1,2.119569778E-1,-1.522389412E0,1.507849693E-1,1.544451809E0
2.782843088E1,9.293031693E-2,-1.557341576E0,1.922965050E-2,1.560230306E0
2.783341593E1,-6.781435013E-2,-1.540734291E0,-1.577696502E-1,1.550274880E0
2.783840093E1,-2.749643326E-1,-1.491710663E0,-2.962579131E-1,1.545501484E0
2.784338614E1,-4.756226540E-1,-1.400576115E0,-3.869349957E-1,1.528904527E0
2.784837119E1,-6.886677742E-1,-1.274339676E0,-4.345387220E-1,1.512292569E0
2.785335624E1,-9.449939728E-1,-1.136831284E0,-5.206087828E-1,1.567301018E0
2.785834130E1,-1.160787106E0,-1.023897171E0,-5.783060789E-1,1.652340777E0
2.786333182E1,-1.354633808E0,-8.776497841E-1,-6.508554220E-1,1.740377740E0
2.786831713E1,-1.552815914E0,-7.865614891E-1,-6.998628378E-1,1.876092810E0
2.787330244E1,-1.752953529E0,-6.501388550E-1,-7.706637979E-1,2.022238684E0
2.787828776E1,-1.942827702E0,-5.375709534E-1,-8.345239758E-1,2.181740652E0
2.788326322E1,-2.141137123E0,-4.676184654E-1,-8.485954404E-1,2.350159448E0
2.788824802E1,-2.280848265E0,-3.564958572E-1,-8.513407111E-1,2.460516025E0
2.789323281E1,-2.397801161E0,-2.375845909E-1,-8.755965829E-1,2.563701664E0
2.789821765E1,-2.508757353E0,-1.706452370E-1,-8.493880630E-1,2.654137022E0
2.790331765E1,-2.573043108E0,-1.054039001E-1,-8.113213778E-1,2.699982073E0
2.790836390E1,-2.573869467E0,-8.229255676E-2,-8.320983648E-1,2.706282281E0
2.791335708E1,-2.552017450E0,-1.036429405E-1,-8.539326787E-1,2.693090408E0
2.791835020E1,-2.495615721E0,-7.619810104E-2,-8.913282156E-1,2.651107309E0
2.792325520E1,-2.409831762E0,-1.173934937E-1,-9.198706150E-1,2.582098430E0
2.792816020E1,-2.301810980E0,-1.864647865E-1,-9.326709509E-1,2.490577846E0
2.793311255E1,-2.181235552E0,-1.878337860E-1,-9.515721798E-1,2.387165616E0
2.793809562E1,-2.117663383E0,-2.125787735E-1,-9.524679184E-1,2.331712477E0
2.794308963E1,-2.013108253E0,-2.248573303E-1,-9.829292297E-1,2.251514053E0
2.794807328E1,-1.896418095E0,-2.247157097E-1,-9.685026407E-1,2.141237050E0
2.795305687E1,-1.805984974E0,-1.907238960E-1,-9.594012499E-1,2.053876357E0
2.795804052E1,-1.684368610E0,-1.587591171E-1,-9.507781267E-1,1.940690887E0
2.796302385E1,-1.579681396E0,-1.529235840E-1,-9.450361729E-1,1.847125417E0
2.796800744E1,-1.472866058E0,-1.445593834E-1,-9.684882164E-1,1.768672176E0
2.797299109E1,-1.313591480E0,-2.220053673E-1,-9.730408192E-1,1.649732523E0
2.797797468E1,-1.149856567E0,-2.752342224E-1,-9.706277847E-1,1.529719680E0
2.798296203E1,-9.724116325E-1,-3.284444809E-1,-9.470182657E-1,1.396532762E0
2.798794578E1,-8.578839302E-1,-3.482480049E-1,-9.023834467E-1,1.292879498E0
2.799292963E1,-7.609343529E-1,-3.946332932E-1,-8.345766068E-1,1.196358909E0
2.799791343E1,-6.648087502E-1,-4.005999565E-1,-7.339524627E-1,1.068240243E0
2.800293177E1,-5.959014893E-1,-4.404029846E-1,-5.814824104E-1,9.418997651E-1
2.800791734E1,-5.710020065E-1,-4.232368469E-1,-4.420132637E-1,8.369877211E-1
2.801290291E1,-5.277562141E-1,-4.017252922E-1,-2.991101146E-1,7.275827737E-1
2.801788843E1,-5.377321243E-1,-3.566894531E-1,-1.749315858E-1,6.685688171E-1
2.802283411E1,-5.794630051E-1,-3.050417900E-1,6.721973419E-3,6.548839995E-1
2.802781760E1,-5.905275345E-1,-2.490510941E-1,1.522876024E-1,6.587417782E-1
2.803280114E1,-6.042857170E-1,-1.719379425E-1,2.780352831E-1,6.870425769E-1
2.803778468E1,-6.587934494E-1,-1.214561462E-1,3.692164421E-1,7.649059979E-1
2.804278364E1,-6.630163193E-1,-6.165409088E-2,4.686156511E-1,8.142435109E-1
2.804776791E1,-6.599326134E-1,-2.060890198E-3,5.615181923E-1,8.664975371E-1
2.805275224E1,-6.449418068E-1,4.762887955E-2,6.192418337E-1,8.953652288E-1
2.805773656E1,-6.012105942E-1,9.706401825E-2,6.034812927E-1,8.573594770E-1
2.806272213E1,-6.148881912E-1,1.725111008E-1,6.194468737E-1,8.896976997E-1
2.806770651E1,-6.236619949E-1,2.141876221E-1,6.119542122E-1,8.996213532E-1
2.807269088E1,-5.893073082E-1,2.986421585E-1,5.978578329E-1,8.910130362E-1
2.807767520E1,-5.717754364E-1,3.898863792E-1,5.654120445E-1,8.936606283E-1
2.808266869E1,-5.974373817E-1,4.926509857E-1,5.124469995E-1,9.285679007E-1
2.808765348E1,-5.944862366E-1,5.926356316E-1,4.847832918E-1,9.693532469E-1
2.809263838E1,-6.060180664E-1,6.779279709E-1,4.301677942E-1,1.005926718E0
2.809762317E1,-6.392345428E-1,7.294058800E-1,3.655556440E-1,1.036477046E0
2.810260724E1,-6.583123207E-1,7.686672211E-1,2.293860912E-1,1.037710165E0
2.810759203E1,-6.465625763E-1,8.388018608E-1,1.058021784E-1,1.064342909E0
2.811257682E1,-6.255164146E-1,8.824543953E-1,-2.881073952E-2,1.082047413E0
2.811756161E1,-6.069498062E-1,9.189567566E-1,-1.528133154E-1,1.111854980E0
2.812254609E1,-5.837306976E-1,9.650821686E-1,-2.491202950E-1,1.155069713E0
2.812753088E1,-5.821628571E-1,1.018498421E0,-2.910696864E-1,1.208707652E0
2.813251567E1,-4.872846603E-1,9.908628464E-1,-3.312326074E-1,1.152809855E0
2.813750041E1,-3.732299805E-1,9.111142159E-1,-3.429695964E-1,1.042620677E0
2.814248859E1,-2.854318619E-1,8.056674004E-1,-3.189788461E-1,9.123150837E-1
2.814747354E1,-6.580877304E-2,6.197023392E-1,-2.594950795E-1,6.750551682E-1
2.815245848E1,1.586236954E-1,4.536504745E-1,-1.478793621E-1,5.028205799E-1
2.815744343E1,3.926277161E-1,3.170366287E-1,6.237983704E-3,5.046857040E-1
2.816242989E1,6.314363480E-1,1.667432785E-1,1.641932726E-1,6.734052370E-1
2.816741489E1,8.366222382E-1,9.821462631E-2,3.206239939E-1,9.013227100E-1
2.817239994E1,1.039378166E0,5.875730515E-2,4.251149893E-1,1.124491951E0
2.817738494E1,1.287385941E0,2.910852432E-2,4.634983540E-1,1.368590731E0
2.818236067E1,1.539566040E0,1.370191574E-2,4.451215267E-1,1.602680413E0
2.818734520E1,1.786212444E0,-1.394176483E-2,4.031857252E-1,1.831203975E0
2.819232974E1,1.962703228E0,-3.734111786E-3,2.916879654E-1,1.984263030E0
2.819731427E1,2.148098946E0,-2.504682541E-2,1.989892721E-1,2.157441344E0
2.820240453E1,2.390104771E0,-7.073211670E-2,1.251707077E-1,2.394425099E0
2.820739442E1,2.575967789E0,-7.173109055E-2,1.220417023E-2,2.576995215E0
2.821238437E1,2.695935249E0,-5.697727203E-2,-7.762098312E-2,2.697654221E0
2.821737427E1,2.783191204E0,1.930713654E-3,-1.681572795E-1,2.788267182E0
2.822227927E1,2.790016174E0,9.780550003E-2,-2.594378591E-1,2.803758936E0
2.822723270E1,2.778574944E0,2.210125923E-1,-3.223453164E-1,2.805927972E0
2.823221687E1,2.725005627E0,2.950258255E-1,-4.166213274E-1,2.772412169E0
2.823720104E1,2.667749882E0,3.845305443E-1,-4.826769829E-1,2.738198357E0
2.824217729E1,2.561510086E0,4.704933167E-1,-5.203794241E-1,2.655841228E0
2.824716104E1,2.449536800E0,4.860968590E-1,-4.889562130E-1,2.544719802E0
2.825214479E1,2.331839085E0,5.222563744E-1,-4.484937191E-1,2.431331292E0
2.825712859E1,2.239740372E0,5.169615746E-1,-3.582630157E-1,2.326378858E0
2.826212948E1,2.151829243E0,5.110030174E-1,-2.423531413E-1,2.224910834E0
2.826711406E1,2.087346554E0,4.638047218E-1,-6.502532959E-2,2.139242564E0
2.827209869E1,2.036704540E0,4.255995750E-1,1.734207869E-1,2.087911672E0
2.827708333E1,2.040538311E0,2.887840271E-1,4.012833834E-1,2.099576426E0
2.828206442E1,2.062983036E0,8.221864700E-2,6.017732620E-1,2.150532486E0
2.828704885E1,2.132497787E0,-1.678891182E-1,7.724993229E-1,2.274310615E0
2.829203333E1,2.215474606E0,-4.902019501E-1,9.138185978E-1,2.446158235E0
2.829701776E1,2.299870491E0,-8.273096085E-1,1.044874549E0,2.658121195E0
2.830201198E1,2.368770123E0,-1.119547844E0,1.146705508E0,2.859963774E0
2.830699692E1,2.376830578E0,-1.369308472E0,1.200291634E0,2.994165876E0
2.831198182E1,2.335837841E0,-1.627020836E0,1.265886903E0,3.115414077E0
2.831696677E1,2.310449123E0,-1.823311806E0,1.245470881E0,3.195909700E0
2.832195661E1,2.248049259E0,-1.939133167E0,1.237224698E0,3.216315884E0
2.832694171E1,2.170660973E0,-2.069867134E0,1.190935016E0,3.227141959E0
2.833192692E1,2.080696583E0,-2.167686939E0,1.161596417E0,3.221408259E0
2.833691213E1,2.018887520E0,-2.249344349E0,1.129961252E0,3.226804805E0
2.834189000E1,1.872849941E0,-2.300478458E0,1.050678253E0,3.147013319E0
2.834687479E1,1.669167042E0,-2.299425602E0,1.091470122E0,3.043810727E0
2.835185963E1,1.470658302E0,-2.334232807E0,1.072826385E0,2.960141060E0
2.835684442E1,1.373000145E0,-2.392884254E0,1.099900842E0,2.969984228E0
2.836182302E1,1.292581081E0,-2.396306515E0,1.138814211E0,2.951262200E0
2.836680755E1,1.157600403E0,-2.380449295E0,1.206426024E0,2.908958798E0
2.837179208E1,9.946699142E-1,-2.330807686E0,1.300042987E0,2.848182662E0
2.837677656E1,8.014907837E-1,-2.228229046E0,1.400524497E0,2.751156307E0
2.838177093E1,5.756850243E-1,-1.989143848E0,1.560182810E0,2.592735408E0
2.838675593E1,3.343253136E-1,-1.675685883E0,1.728273988E0,2.430355441E0
2.839174093E1,6.544733047E-2,-1.273661137E0,1.928417802E0,2.311988595E0
2.839672593E1,-1.781506538E-1,-8.524265289E-1,2.088479996E0,2.262767627E0
2.840169692E1,-3.798751831E-1,-4.718985558E-1,2.261006355E0,2.340756959E0
2.840668124E1,-5.112705231E-1,-1.561474800E-1,2.385972023E0,2.445126189E0
2.841166567E1,-5.557827950E-1,1.115674973E-1,2.449172497E0,2.513918802E0
2.841665005E1,-5.497374535E-1,2.377648354E-1,2.486851692E0,2.557963003E0
2.842163448E1,-4.600901604E-1,2.677206993E-1,2.487242937E0,2.543567329E0
2.842665359E1,-3.328852654E-1,2.393321991E-1,2.455285549E0,2.489280946E0
2.843163974E1,-1.156506538E-1,7.134199142E-2,2.295814991E0,2.299832869E0
2.843662588E1,3.801250458E-2,-1.337013245E-1,2.109477043E0,2.114051653E0
2.844161198E1,1.543450356E-1,-3.472371101E-1,1.889062524E0,1.926902494E0
2.844658364E1,2.668180466E-1,-5.693101883E-1,1.618040562E0,1.735903574E0
2.845156901E1,3.034129143E-1,-7.547812462E-1,1.332431197E0,1.561130046E0
2.845655442E1,2.452487946E-1,-9.178600311E-1,1.075676203E0,1.435163162E0
2.846153984E1,1.258287430E-1,-1.101617336E0,7.718843222E-1,1.350999273E0
2.846653598E1,-2.122688293E-2,-1.226977348E0,5.053561926E-1,1.327143125E0
2.847152187E1,-1.715636253E-1,-1.377138615E0,2.290961742E-1,1.406566706E0
2.847650786E1,-3.202776909E-1,-1.489684105E0,-8.521080017E-3,1.523748385E0
2.848149380E1,-4.600682259E-1,-1.588365555E0,-2.430305481E-1,1.671416093E0
2.848644541E1,-5.736694336E-1,-1.682164192E0,-4.120717049E-1,1.824438565E0
2.849142968E1,-6.565942764E-1,-1.778554916E0,-5.158299804E-1,1.964803859E0
2.849641390E1,-7.636537552E-1,-1.853355885E0,-5.829387307E-1,2.087561414E0
2.850139812E1,-8.372950554E-1,-1.853846073E0,-6.684279442E-1,2.141168884E0
2.850639276E1,-9.635629654E-1,-1.832627773E0,-6.885225773E-1,2.181981091E0
2.851137755E1,-1.068135262E0,-1.799197197E0,-6.219809651E-1,2.182861382E0
2.851636229E1,-1.146204948E0,-1.746425152E0,-5.290678144E-1,2.154924441E0
2.852134708E1,-1.243098259E0,-1.688604832E0,-4.268903136E-1,2.139839924E0
2.852633734E1,-1.330125332E0,-1.563700199E0,-2.298247814E-1,2.065722910E0
2.853132234E1,-1.404735565E0,-1.438720703E0,-2.006649971E-2,2.010870939E0
2.853630739E1,-1.502868652E0,-1.347309589E0,1.779624224E-1,2.026210241E0
2.854129239E1,-1.605380535E0,-1.239357948E0,4.042758942E-1,2.068016873E0
2.854627479E1,-1.683432102E0,-1.141142845E0,6.199792624E-1,2.126152610E0
2.855125963E1,-1.775395393E0,-1.033706188E0,7.863551378E-1,2.199757189E0
2.855624453E1,-1.895540714E0,-9.433984756E-1,9.507054090E-1,2.320973084E0
2.856122942E1,-1.986400127E0,-9.013228416E-1,1.095785737E0,2.441088837E0
2.856623588E1,-2.088798046E0,-9.147868156E-1,1.235781550E0,2.593659237E0
2.857122187E1,-2.164198875E0,-8.901910782E-1,1.291506886E0,2.672861195E0
2.857620786E1,-2.303733349E0,-8.158555031E-1,1.313544154E0,2.774564072E0
2.858119380E1,-2.447168827E0,-8.060827255E-1,1.342910886E0,2.905480042E0
2.858616187E1,-2.522587776E0,-8.366398811E-1,1.300712466E0,2.958930263E0
2.859114698E1,-2.604612350E0,-8.147091866E-1,1.242140532E0,2.998444539E0
2.859613203E1,-2.666781425E0,-7.807683945E-1,1.165053964E0,3.013083669E0
2.860111713E1,-2.778366566E0,-7.490172386E-1,1.026566029E0,3.055189914E0
2.860609755E1,-2.848341465E0,-7.551293373E-1,8.820081949E-1,3.075907650E0
2.861108239E1,-2.905382633E0,-7.893700600E-1,6.979932785E-1,3.090557871E0
2.861606724E1,-2.892167568E0,-8.349685669E-1,5.345808268E-1,3.057381627E0
2.862105208E1,-2.887973309E0,-7.917022705E-1,2.656407356E-1,3.006284637E0
2.862604218E1,-2.907183647E0,-7.910814285E-1,1.240009069E-1,3.015444049E0
2.863102734E1,-2.851563931E0,-8.542008400E-1,-6.211984158E-2,2.977404037E0
2.863601244E1,-2.802710533E0,-9.166860580E-1,-2.927200794E-1,2.963306381E0
2.864099755E1,-2.748885632E0,-9.285793304E-1,-4.719237685E-1,2.939616273E0
2.864598744E1,-2.687914848E0,-9.141259193E-1,-5.543047786E-1,2.892709148E0
2.865097281E1,-2.686765671E0,-9.259042740E-1,-6.377778053E-1,2.912519360E0
2.865595817E1,-2.678463459E0,-9.232668877E-1,-7.054562569E-1,2.919632987E0
2.866094348E1,-2.708505630E0,-9.564304352E-1,-8.167695999E-1,2.986281050E0
2.866591895E1,-2.755270958E0,-1.046806335E0,-8.880417943E-1,3.078301445E0
2.867090380E1,-2.742218494E0,-1.110647678E0,-9.218084812E-1,3.098875830E0
2.867588864E1,-2.760324955E0,-1.167203426E0,-9.230351448E-1,3.135881307E0
2.868087349E1,-2.795002937E0,-1.264052868E0,-8.943280578E-1,3.195261139E0
2.868588072E1,-2.803340912E0,-1.332141876E0,-8.194547892E-1,3.210113456E0
2.869086666E1,-2.856893063E0,-1.373640060E0,-7.537356615E-1,3.258349649E0
2.869585265E1,-2.924382210E0,-1.402822971E0,-6.927745342E-1,3.316603708E0
2.870083864E1,-2.991409779E0,-1.446016788E0,-6.822617054E-1,3.391898886E0
2.870580083E1,-3.076871872E0,-1.522036076E0,-6.124252677E-1,3.486946951E0
2.871078562E1,-3.168915749E0,-1.573665619E0,-5.671580434E-1,3.583311143E0
2.871577046E1,-3.286439419E0,-1.576732635E0,-5.036717057E-1,3.679735730E0
2.872075526E1,-3.379179955E0,-1.579095364E0,-4.698682427E-1,3.759411589E0
2.872574349E1,-3.485371113E0,-1.547184467E0,-4.179399610E-1,3.836178487E0
2.873072843E1,-3.604834557E0,-1.492767334E0,-3.982895613E-1,3.921966480E0
2.873571343E1,-3.687194824E0,-1.437148571E0,-3.774273396E-1,3.975330563E0
2.874069838E1,-3.778038025E0,-1.346979141E0,-3.648386002E-1,4.027534150E0
2.874568833E1,-3.839005470E0,-1.284336567E0,-3.964748383E-1,4.067514685E0
2.875067348E1,-3.877214909E0,-1.244222164E0,-4.483183026E-1,4.096568508E0
2.875565874E1,-3.950115681E0,-1.200276375E0,-4.412226081E-1,4.151957931E0
2.876064395E1,-4.026723385E0,-1.150285244E0,-4.850829244E-1,4.215799189E0
2.876560270E1,-4.049539089E0,-1.120332241E0,-5.366593003E-1,4.235789699E0
2.877058661E1,-4.056996822E0,-1.096181870E0,-5.719321370E-1,4.241219669E0
2.877557052E1,-4.046696663E0,-1.103973389E0,-6.455731988E-1,4.243969354E0
2.878055437E1,-3.997103214E0,-1.229524136E0,-7.546303272E-1,4.249474160E0
2.878555395E1,-3.886921406E0,-1.417791843E0,-8.219403028E-1,4.218278984E0
2.879053854E1,-3.790498257E0,-1.539732933E0,-9.573231339E-1,4.201799867E0
2.879552322E1,-3.717233181E0,-1.729017735E0,-9.763765335E-1,4.214336957E0
2.880050786E1,-3.602537155E0,-1.983029842E0,-1.062901020E0,4.247403900E0
2.880547776E1,-3.489507675E0,-2.246684551E0,-1.121158481E0,4.298982627E0
2.881046166E1,-3.296791553E0,-2.543797970E0,-1.081842899E0,4.302339679E0
2.881544557E1,-3.098699570E0,-2.781230450E0,-1.124471188E0,4.312959226E0
2.882042948E1,-2.981401920E0,-2.973567009E0,-1.122284651E0,4.357795429E0
2.882542854E1,-2.887232780E0,-3.242503166E0,-1.080014467E0,4.473965932E0
2.883041322E1,-2.744276047E0,-3.494515896E0,-1.052918434E0,4.566325612E0
2.883539786E1,-2.619506359E0,-3.703385353E0,-1.012651443E0,4.647831708E0
2.884038255E1,-2.474584579E0,-3.862007141E0,-9.284276366E-1,4.679812590E0
2.884538005E1,-2.347966671E0,-4.004294395E0,-8.842248917E-1,4.725375620E0
2.885036536E1,-2.361647129E0,-3.991827488E0,-8.517185450E-1,4.715664146E0
2.885535067E1,-2.398001194E0,-3.958209038E0,-7.086862326E-1,4.681886873E0
2.886033599E1,-2.420945168E0,-3.934300423E0,-5.820633769E-1,4.656016870E0
2.886531661E1,-2.365905285E0,-3.877109528E0,-4.290271401E-1,4.562187019E0
2.887030171E1,-2.290410042E0,-3.746235847E0,-2.930144072E-1,4.400695244E0
2.887528677E1,-2.242367268E0,-3.649550915E0,-2.124409676E-1,4.288655268E0
2.888027187E1,-2.169202805E0,-3.611034393E0,-1.345046759E-1,4.214629486E0
2.888524994E1,-2.066221714E0,-3.590053082E0,-8.535599709E-2,4.143071197E0
2.889023468E1,-1.928699493E0,-3.574633121E0,-1.077353954E-1,4.063187247E0
2.889521937E1,-1.780684948E0,-3.593707561E0,-1.635169983E-1,4.014014291E0
2.890020416E1,-1.514609814E0,-3.628258705E0,-2.625774145E-1,3.940463300E0
2.890518911E1,-1.169003487E0,-3.668941975E0,-3.284347653E-1,3.864657004E0
2.891017385E1,-8.686313629E-1,-3.673190117E0,-4.112468362E-1,3.796836847E0
2.891515859E1,-7.188367844E-1,-3.708445072E0,-4.016823173E-1,3.798768203E0
2.892014333E1,-6.191282272E-1,-3.684016228E0,-3.597494960E-1,3.752960835E0
2.892514192E1,-5.934257507E-1,-3.580937862E0,-4.002416730E-1,3.651775389E0
2.893012734E1,-6.943688393E-1,-3.490395546E0,-2.482988834E-1,3.567444672E0
2.893511281E1,-7.685675621E-1,-3.371319294E0,1.059528589E-1,3.459438667E0
2.894009823E1,-8.972620964E-1,-3.220853806E0,7.811117172E-2,3.344410241E0
2.894507541E1,-1.154230118E0,-3.084164143E0,2.637780905E-1,3.303618396E0
2.895006041E1,-1.216048241E0,-3.027678013E0,2.151488066E-1,3.269846553E0
2.895504541E1,-1.382103920E0,-2.865295887E0,2.426835299E-1,3.190458754E0
2.896003046E1,-1.563765049E0,-2.704673290E0,2.653200626E-1,3.135444701E0
2.896501557E1,-1.691160679E0,-2.542708397E0,3.503736258E-1,3.073784656E0
2.897000057E1,-1.740174770E0,-2.414880276E0,3.953888416E-1,3.002696674E0
2.897498562E1,-1.756242275E0,-2.299464703E0,4.177008867E-1,2.923422460E0
2.897997062E1,-1.775281906E0,-2.210770607E0,5.231325626E-1,2.883192710E0
2.898507062E1,-1.722285748E0,-2.178745747E0,5.781658888E-1,2.836807540E0
2.899017062E1,-1.586054325E0,-2.170908451E0,5.966746807E-1,2.753984840E0
2.899517979E1,-1.436739922E0,-2.154902935E0,6.517927647E-1,2.670704415E0
2.900017651E1,-1.216557980E0,-2.149446487E0,7.314159870E-1,2.575869342E0
2.900508151E1,-9.576234818E-1,-2.148632050E0,8.015254736E-1,2.485177157E0
2.900998651E1,-7.073640823E-1,-2.092160225E0,8.095972538E-1,2.352221517E0
2.901489151E1,-5.234804153E-1,-2.042725563E0,8.678373098E-1,2.280329158E0
2.901984776E1,-4.080700874E-1,-1.949855328E0,9.118255377E-1,2.190863484E0
2.902484151E1,-2.967581749E-1,-1.825958252E0,9.555389881E-1,2.082124807E0
2.902982510E1,-2.569499016E-1,-1.690842152E0,9.910224676E-1,1.976637540E0
2.903480869E1,-2.527327538E-1,-1.618757725E0,9.747635126E-1,1.906413995E0
2.903979229E1,-2.505340576E-1,-1.554586887E0,9.424731731E-1,1.835146693E0
2.904477244E1,-3.437581062E-1,-1.488889217E0,8.559470177E-1,1.751458259E0
2.904975588E1,-4.604701996E-1,-1.390456200E0,7.393324375E-1,1.640735719E0
2.905473932E1,-5.766716003E-1,-1.271174908E0,6.024896502E-1,1.520338633E0
2.905972276E1,-6.395378113E-1,-1.126049042E0,4.646570086E-1,1.375827457E0
2.906471661E1,-7.469158173E-1,-9.596300125E-1,3.641580343E-1,1.269403038E0
2.906970057E1,-8.725762367E-1,-8.604936600E-1,2.320748568E-1,1.247275979E0
2.907468448E1,-9.660878181E-1,-7.302989960E-1,1.405060291E-1,1.219181791E0
2.907966843E1,-1.032092571E0,-6.334104538E-1,8.765149117E-2,1.214127943E0
2.908464880E1,-1.073000431E0,-5.075864792E-1,5.945783854E-2,1.188490300E0
2.908963260E1,-1.098299980E0,-3.790836334E-1,9.667533636E-2,1.165895951E0
2.909461635E1,-1.026859283E0,-2.265195847E-1,1.660336256E-1,1.064574222E0
2.909960010E1,-9.330539703E-1,-1.217975616E-1,2.221291065E-1,9.668328178E-1
2.910459828E1,-8.050913811E-1,-5.063724518E-2,3.536085486E-1,8.807810557E-1
2.910958276E1,-6.531782150E-1,-2.786970139E-2,4.337391853E-1,7.845687871E-1
2.911456724E1,-4.438848495E-1,-2.001953125E-2,4.884957075E-1,6.603503597E-1
2.911955171E1,-2.231512070E-1,-1.111383438E-1,5.679640174E-1,6.202671341E-1
2.912453484E1,-4.139661789E-2,-1.936483383E-1,6.074103713E-1,6.388745715E-1
2.912951921E1,1.370868683E-1,-2.486104965E-1,6.854504347E-1,7.419179785E-1
2.913450364E1,2.643108368E-1,-2.809395790E-1,7.781177759E-1,8.684782891E-1
2.913948807E1,3.449602127E-1,-2.740092278E-1,8.686807752E-1,9.740045659E-1
2.914447718E1,4.389805794E-1,-2.923221588E-1,9.880436659E-1,1.119993964E0
2.914946182E1,5.199866295E-1,-3.023705482E-1,1.105168939E0,1.258257695E0
2.915444645E1,5.999445915E-1,-3.208670616E-1,1.215293407E0,1.392776813E0
2.915943109E1,6.239361763E-1,-3.237729073E-1,1.280378819E0,1.460648885E0
2.916441823E1,7.069330215E-1,-3.492813110E-1,1.357485890E0,1.569878872E0
2.916940302E1,7.674450874E-1,-3.711233139E-1,1.391502261E0,1.631864890E0
2.917438776E1,8.319382668E-1,-4.155006409E-1,1.384652376E0,1.667940126E0
2.917937255E1,9.028663635E-1,-4.703817368E-1,1.336671233E0,1.680213270E0
2.918435448E1,9.635319710E-1,-5.022420883E-1,1.285546303E0,1.683232091E0
2.918933911E1,9.975132942E-1,-5.132827759E-1,1.216746092E0,1.654981278E0
2.919432375E1,1.042930126E0,-5.299510956E-1,1.194611788E0,1.672019359E0
2.919930838E1,1.099873066E0,-4.756498337E-1,1.089674473E0,1.619677123E0
2.920428609E1,1.053689003E0,-3.503484726E-1,1.055130124E0,1.531765043E0
2.920927036E1,1.034000397E0,-2.710371017E-1,1.019314647E0,1.477030900E0
2.921425463E1,1.057518482E0,-2.328805923E-1,9.963842630E-1,1.471516330E0
2.921923885E1,1.107519150E0,-1.449365616E-1,9.644965529E-1,1.475757051E0
2.922422624E1,1.138349056E0,2.167701721E-3,9.521380663E-1,1.484051943E0
2.922921067E1,1.130784512E0,1.508779526E-1,9.685178995E-1,1.496484109E0
2.923419510E1,1.084747314E0,3.465566635E-1,9.610139132E-1,1.490075836E0
2.923917953E1,9.737353325E-1,5.388035774E-1,9.250480533E-1,1.447129467E0
2.924417093E1,8.554744720E-1,7.756247520E-1,8.966959119E-1,1.462017061E0
2.924915572E1,7.275590897E-1,9.995880127E-1,7.901260853E-1,1.467248328E0
2.925414052E1,6.093678474E-1,1.218034267E0,7.107604742E-1,1.536267262E0
2.925912531E1,5.416593552E-1,1.414317608E0,6.300684214E-1,1.640327824E0
2.926410869E1,4.718742371E-1,1.547894955E0,5.028640628E-1,1.694554913E0
2.926909343E1,4.430913925E-1,1.681066513E0,4.109408259E-1,1.786389366E0
2.927407812E1,4.529194832E-1,1.794749260E0,3.330046535E-1,1.880732055E0
2.927906286E1,5.156006813E-1,1.898511887E0,2.405507565E-1,1.981932419E0
2.928405145E1,5.711722374E-1,1.970796108E0,1.504857540E-1,2.057406374E0
2.928903635E1,6.600732803E-1,1.980449677E0,4.622179270E-2,2.088064681E0
2.929402125E1,7.271652222E-1,2.004019260E0,-6.028926373E-2,2.132720622E0
2.929900614E1,7.940444946E-1,2.027189255E0,-1.401759982E-1,2.181662725E0
2.930398682E1,8.775534630E-1,2.033280373E0,-2.006419897E-1,2.223642589E0
2.930897151E1,9.825205803E-1,2.027141094E0,-2.799257040E-1,2.270023371E0
2.931395619E1,1.116066933E0,2.047032833E0,-3.325891495E-1,2.355114511E0
2.931894088E1,1.277942181E0,2.061728001E0,-3.635213077E-1,2.452754840E0
2.932393255E1,1.456206322E0,2.061697483E0,-4.516772628E-1,2.564204694E0
2.932891765E1,1.609610558E0,2.039543152E0,-5.225496292E-1,2.650215186E0
2.933390265E1,1.778916836E0,2.019244194E0,-6.097934246E-1,2.759300680E0
2.933888770E1,1.932783604E0,2.012670517E0,-6.893610358E-1,2.874319695E0
2.934386937E1,2.016067505E0,1.991057396E0,-7.970503569E-1,2.943488918E0
2.934885421E1,2.090981960E0,1.942490578E0,-9.039103389E-1,2.993748337E0
2.935383911E1,2.155229568E0,1.890978813E0,-9.859904051E-1,3.031994796E0
2.935882401E1,2.204207420E0,1.908384800E0,-1.011978745E0,3.086189216E0
2.936381515E1,2.266520023E0,1.939625740E0,-1.029444575E0,3.155791052E0
2.936880031E1,2.365981817E0,1.958403587E0,-1.014080524E0,3.234435636E0
2.937378546E1,2.466828108E0,1.971992493E0,-1.011339664E0,3.316142823E0
2.937877067E1,2.609464169E0,1.954039097E0,-9.252321720E-1,3.388750007E0
2.938375317E1,2.767301559E0,1.945147514E0,-8.682428598E-1,3.492191638E0
2.938873822E1,2.923601151E0,1.899897575E0,-8.212206960E-1,3.582102443E0
2.939372328E1,3.075828314E0,1.842206478E0,-7.577576041E-1,3.664511033E0
2.939870838E1,3.238192081E0,1.791165829E0,-6.779525876E-1,3.762151338E0
2.940370093E1,3.398627281E0,1.763458729E0,-6.059285402E-1,3.876545302E0
2.940868630E1,3.554657459E0,1.720743656E0,-5.252096653E-1,3.984017266E0
2.941367177E1,3.651374340E0,1.663094997E0,-4.380949140E-1,4.036130163E0
2.941865718E1,3.738991499E0,1.621584892E0,-3.231761456E-1,4.088280545E0
2.942362562E1,3.786278009E0,1.682203293E0,-1.926081777E-1,4.147626670E0
2.942861020E1,3.810330391E0,1.799484253E0,-5.637925863E-2,4.214254369E0
2.943359479E1,3.844587803E0,1.887245178E0,9.021323919E-2,4.283770321E0
2.943857932E1,3.838889360E0,2.026847839E0,2.303173542E-1,4.347209423E0
2.944356942E1,3.838843822E0,2.146524429E0,4.091223478E-1,4.417201616E0
2.944855427E1,3.810970545E0,2.255820751E0,5.614619851E-1,4.464018741E0
2.945353911E1,3.829603434E0,2.354809284E0,7.373806834E-1,4.555734792E0
2.945852395E1,3.863469124E0,2.462555408E0,9.268957973E-1,4.674367190E0
2.946350989E1,3.902981758E0,2.461859703E0,1.127263188E0,4.750236004E0
2.946849479E1,3.967044830E0,2.460371494E0,1.276142836E0,4.839360817E0
2.947347968E1,4.033944130E0,2.410197258E0,1.423670053E0,4.910050151E0
2.947846458E1,4.098989964E0,2.301863194E0,1.552862883E0,4.950926783E0
2.948344979E1,4.152516842E0,2.152130127E0,1.682669163E0,4.970556882E0
2.948843468E1,4.184992790E0,2.030397415E0,1.829706430E0,4.998450154E0
2.949341963E1,4.206030369E0,1.864897728E0,1.907753587E0,4.980768891E0
2.949840453E1,4.220746040E0,1.722765923E0,1.974257350E0,4.967928305E0
2.950346906E1,4.241172791E0,1.575315475E0,2.031764030E0,4.959559513E0
2.950845796E1,4.293900490E0,1.393967628E0,2.015621662E0,4.944032549E0
2.951344687E1,4.390737534E0,1.248068333E0,1.988206863E0,4.978877101E0
2.951843583E1,4.462211609E0,1.116057396E0,1.952456355E0,4.996899276E0
2.952349474E1,4.611430645E0,9.478149414E-1,1.860794306E0,5.062232828E0
2.952848718E1,4.771666050E0,7.794141769E-1,1.756778717E0,5.144176787E0
2.953347963E1,4.927917004E0,6.464548111E-1,1.635700703E0,5.232378676E0
2.953847203E1,5.115889549E0,5.870866776E-1,1.497744083E0,5.362856887E0
2.954337703E1,5.266170502E0,6.083917618E-1,1.374364018E0,5.476455856E0
2.954828203E1,5.306483269E0,6.478576660E-1,1.327984810E0,5.508359819E0
2.955324567E1,5.313259602E0,7.412118912E-1,1.286752701E0,5.516870052E0
2.955822880E1,5.308039665E0,8.692159653E-1,1.276859283E0,5.528217716E0
2.956321317E1,5.271894455E0,9.744892120E-1,1.247968197E0,5.504536764E0
2.956819640E1,5.228652000E0,1.104791164E0,1.247751832E0,5.487827429E0
2.957317963E1,5.161398888E0,1.200187206E0,1.292776346E0,5.454517255E0
2.957816281E1,5.089428902E0,1.277469635E0,1.294302225E0,5.404575234E0
2.958316000E1,5.031662464E0,1.274350166E0,1.343163490E0,5.361500132E0
2.958814390E1,4.969280243E0,1.212548256E0,1.381798983E0,5.298432583E0
2.959312776E1,4.899873257E0,1.068162918E0,1.431595802E0,5.215284891E0
2.959811166E1,4.869026184E0,8.293685913E-1,1.466273069E0,5.152205834E0
2.960308520E1,4.857893467E0,5.035820007E-1,1.493121386E0,5.107067186E0
2.960806859E1,4.849674225E0,1.554126740E-1,1.552750587E0,5.094558624E0
2.961305198E1,4.854107857E0,-2.126779556E-1,1.570952058E0,5.106416098E0
2.961803536E1,4.878163815E0,-5.386276245E-1,1.667339325E0,5.183302262E0
2.962303994E1,4.864309788E0,-7.724075317E-1,1.748250484E0,5.226327856E0
2.962802437E1,4.829748631E0,-9.737558365E-1,1.859052539E0,5.265999298E0
2.963300880E1,4.726666451E0,-1.123672485E0,1.927589059E0,5.226816925E0
2.963799328E1,4.588682175E0,-1.243793488E0,2.044479609E0,5.175222044E0
2.964297432E1,4.444840908E0,-1.341228485E0,2.109076023E0,5.099382925E0
2.964795859E1,4.312128544E0,-1.418318748E0,2.142923355E0,5.019780987E0
2.965294286E1,4.171599865E0,-1.503724098E0,2.191429377E0,4.946290965E0
2.965792713E1,4.061621189E0,-1.654773712E0,2.176047325E0,4.895939612E0
2.966289583E1,3.939490318E0,-1.775541306E0,2.108995914E0,4.808325557E0
2.966787932E1,3.833652973E0,-1.882950783E0,2.000255823E0,4.716293261E0
2.967286281E1,3.775476456E0,-2.041382790E0,1.855140686E0,4.675790107E0
2.967784630E1,3.705193043E0,-2.167017937E0,1.690786958E0,4.613370000E0
2.968285713E1,3.689427853E0,-2.269649506E0,1.529133320E0,4.593629879E0
2.968784198E1,3.637909412E0,-2.358401299E0,1.373174310E0,4.547752111E0
2.969282682E1,3.579175949E0,-2.376041412E0,1.232393622E0,4.469325151E0
2.969781171E1,3.498770714E0,-2.360960960E0,1.133374095E0,4.370362686E0
2.970279796E1,3.386964321E0,-2.279853821E0,1.071364164E0,4.221028539E0
2.970778291E1,3.270134449E0,-2.123243332E0,1.070100546E0,4.043149359E0
2.971276781E1,3.146062374E0,-1.984393120E0,1.150962114E0,3.893615069E0
2.971775270E1,2.983399391E0,-1.844392776E0,1.220338225E0,3.713715394E0
2.972273484E1,2.801411152E0,-1.727140427E0,1.352208495E0,3.558003135E0
2.972771963E1,2.626436710E0,-1.661367416E0,1.462462187E0,3.434691709E0
2.973270442E1,2.463304996E0,-1.560928345E0,1.574953198E0,3.314339509E0
2.973768921E1,2.321548462E0,-1.552685261E0,1.715689182E0,3.277805386E0
2.974267281E1,2.191539764E0,-1.545739651E0,1.815154195E0,3.238354884E0
2.974765755E1,2.099579334E0,-1.554485321E0,1.870889068E0,3.213235736E0
2.975264224E1,1.973803043E0,-1.648401260E0,1.978284955E0,3.244493263E0
2.975762698E1,1.866726398E0,-1.767780781E0,2.036732674E0,3.279938463E0
2.976261338E1,1.744852543E0,-1.888767719E0,2.005449295E0,3.260947833E0
2.976759812E1,1.627407551E0,-2.013785362E0,1.920213819E0,3.223508637E0
2.977258291E1,1.466695786E0,-2.183411121E0,1.805117130E0,3.190129857E0
2.977756776E1,1.351191044E0,-2.337882519E0,1.586252809E0,3.131710376E0
2.978255968E1,1.189815521E0,-2.472576141E0,1.345388889E0,3.056037469E0
2.978754484E1,9.591221809E-1,-2.541711330E0,1.078131199E0,2.922769017E0
2.979253000E1,7.045559883E-1,-2.595611572E0,8.184293509E-1,2.811303110E0
2.979751510E1,4.550538063E-1,-2.617356777E0,5.473530293E-1,2.712420654E0
2.980261510E1,1.829895973E-1,-2.593962669E0,3.126838207E-1,2.619140831E0
2.980762849E1,-6.797838211E-2,-2.570171833E0,1.205558777E-1,2.573895497E0
2.981262052E1,-3.343806267E-1,-2.520259857E0,-9.611523151E-2,2.544161608E0
2.981761255E1,-5.566673279E-1,-2.475502968E0,-2.725093365E-1,2.551911988E0
2.982251755E1,-7.860784531E-1,-2.405609131E0,-3.844493628E-1,2.559819513E0
2.982742255E1,-9.997010231E-1,-2.285312653E0,-5.087567568E-1,2.545759119E0
2.983239989E1,-1.198423862E0,-2.184937477E0,-5.785801411E-1,2.558305399E0
2.983738343E1,-1.362257957E0,-2.067550659E0,-6.152412891E-1,2.551280916E0
2.984237541E1,-1.483905315E0,-1.980778217E0,-6.117142439E-1,2.549441438E0
2.984735932E1,-1.560882568E0,-1.926766396E0,-5.657545328E-1,2.543395629E0
2.985234323E1,-1.624527931E0,-1.884215832E0,-4.754370451E-1,2.532864127E0
2.985732724E1,-1.696618080E0,-1.860565662E0,-3.386203051E-1,2.540645824E0
2.986231546E1,-1.729408741E0,-1.843987942E0,-2.321903706E-1,2.538711975E0
2.986729958E1,-1.818485260E0,-1.817735195E0,-5.868101120E-2,2.571865732E0
2.987228374E1,-1.889863968E0,-1.779766560E0,1.384063959E-1,2.599675202E0
2.987726786E1,-1.986631870E0,-1.787531376E0,3.302425146E-1,2.692774541E0
2.988225052E1,-2.116158962E0,-1.822257996E0,4.972527027E-1,2.836549525E0
2.988723463E1,-2.228088379E0,-1.852752209E0,5.986447334E-1,2.958959967E0
2.989221869E1,-2.365579128E0,-1.879135609E0,6.919462681E-1,3.099339427E0
2.989720276E1,-2.552438259E0,-1.889396191E0,7.340351343E-1,3.259381323E0
2.990220593E1,-2.707435608E0,-1.960323811E0,7.487118244E-1,3.425441053E0
2.990719093E1,-2.830197334E0,-2.012304306E0,7.266420126E-1,3.547871783E0
2.991217598E1,-2.959273815E0,-2.083855152E0,6.515014172E-1,3.677527417E0
2.991716104E1,-3.070606709E0,-2.153200626E0,5.138840675E-1,3.785363302E0
2.992213020E1,-3.185635090E0,-2.186634541E0,3.666633368E-1,3.881247679E0
2.992711442E1,-3.295095921E0,-2.261106491E0,2.148163319E-1,4.002050193E0
2.993209869E1,-3.429852486E0,-2.321137905E0,6.332552433E-2,4.141929426E0
2.993708296E1,-3.549204350E0,-2.304403782E0,-7.073342800E-2,4.232272619E0
2.994207968E1,-3.622227192E0,-2.287638664E0,-1.823960543E-1,4.288016885E0
2.994706463E1,-3.725288391E0,-2.306266308E0,-3.001840115E-1,4.391668057E0
2.995204948E1,-3.827355862E0,-2.319632053E0,-4.311021566E-1,4.496131095E0
2.995703432E1,-3.899754524E0,-2.368413925E0,-5.441457033E-1,4.594949882E0
2.996201708E1,-3.918447971E0,-2.418785095E0,-6.346198320E-1,4.648386620E0
2.996700187E1,-3.933716297E0,-2.456316471E0,-7.407565117E-1,4.696417222E0
2.997198661E1,-3.969627380E0,-2.536226749E0,-8.314492702E-1,4.783481530E0
2.997697140E1,-4.021281242E0,-2.600962639E0,-9.452387691E-1,4.881514704E0
2.998195781E1,-4.107757092E0,-2.652933121E0,-1.013023853E0,4.993790123E0
2.998694265E1,-4.214501858E0,-2.696718693E0,-1.092601776E0,5.121337351E0
2.999192750E1,-4.339068890E0,-2.703625202E0,-1.126833200E0,5.235156266E0
2.999691239E1,-4.440712929E0,-2.690273762E0,-1.132625818E0,5.314164607E0
3.000201239E1,-4.539305687E0,-2.710787773E0,-1.098362446E0,5.400006160E0
3.000711239E1,-4.677200794E0,-2.701430798E0,-1.045352697E0,5.501517780E0
3.001214432E1,-4.827545166E0,-2.728067875E0,-1.014255524E0,5.637043634E0
3.001714166E1,-4.981061935E0,-2.774487495E0,-9.190940857E-1,5.775248289E0
3.002204666E1,-5.103979111E0,-2.784804344E0,-8.146568537E-1,5.871064962E0
3.002695166E1,-5.227995872E0,-2.781693935E0,-7.391964197E-1,5.967928731E0
3.003185666E1,-5.389032364E0,-2.765173912E0,-6.615086794E-1,6.093065757E0
3.003677078E1,-5.553611755E0,-2.763919115E0,-5.623434782E-1,6.228810688E0
3.004177406E1,-5.686248779E0,-2.750080109E0,-4.657465219E-1,6.333505002E0
3.004675635E1,-5.822307110E0,-2.731805325E0,-4.120928049E-1,6.444520222E0
3.005173864E1,-5.928434372E0,-2.721201658E0,-3.605724573E-1,6.533091540E0
3.005672093E1,-6.050074577E0,-2.675058126E0,-3.111711740E-1,6.622398800E0
3.006171567E1,-6.180122375E0,-2.627015829E0,-2.782248259E-1,6.721051539E0
3.006669864E1,-6.265840530E0,-2.634003639E0,-2.878638506E-1,6.803058012E0
3.007168151E1,-6.316888809E0,-2.638502836E0,-3.423055410E-1,6.854338373E0
3.007666442E1,-6.309464455E0,-2.666901112E0,-4.726070166E-1,6.866226084E0
3.008163901E1,-6.286569595E0,-2.766668558E0,-6.165693998E-1,6.896054670E0
3.008662151E1,-6.212388515E0,-2.892328024E0,-7.766563892E-1,6.896559114E0
3.009160401E1,-6.156299591E0,-3.027106762E0,-9.316024780E-1,6.923242245E0
3.009658651E1,-6.029850006E0,-3.190089703E0,-1.129112720E0,6.914525215E0
3.010159692E1,-5.921745300E0,-3.350413561E0,-1.333176732E0,6.933231471E0
3.010658078E1,-5.807854652E0,-3.521975040E0,-1.522455454E0,6.960844378E0
3.011156468E1,-5.695420265E0,-3.690553904E0,-1.692250967E0,6.994405868E0
3.011654859E1,-5.598771095E0,-3.848854780E0,-1.811431646E0,7.031444056E0
3.012152255E1,-5.494011879E0,-4.028014183E0,-1.987639427E0,7.096462166E0
3.012650593E1,-5.440851212E0,-4.220702171E0,-2.103813171E0,7.200223509E0
3.013148932E1,-5.353195190E0,-4.402898788E0,-2.200333357E0,7.272116842E0
3.013647270E1,-5.264543533E0,-4.564825058E0,-2.274548531E0,7.329844299E0
3.014147625E1,-5.225092888E0,-4.730290413E0,-2.290495396E0,7.411046636E0
3.014646062E1,-5.222876549E0,-4.822871208E0,-2.226646662E0,7.449596062E0
3.015144505E1,-5.229164124E0,-4.875989437E0,-2.149720907E0,7.465971497E0
3.015642937E1,-5.231956482E0,-4.870302200E0,-2.023493052E0,7.428844882E0
3.016142020E1,-5.262310982E0,-4.872721672E0,-1.914821744E0,7.423063766E0
3.016640494E1,-5.277113914E0,-4.816170692E0,-1.754182696E0,7.356669650E0
3.017138963E1,-5.271538734E0,-4.762822151E0,-1.572716951E0,7.276471266E0
3.017637432E1,-5.267116547E0,-4.758050442E0,-1.391736507E0,7.233152233E0
3.018135661E1,-5.192010880E0,-4.756197453E0,-1.213537931E0,7.145002834E0
3.018634119E1,-5.082197189E0,-4.747859955E0,-1.059557199E0,7.035166230E0
3.019132583E1,-4.961580276E0,-4.785730362E0,-9.465587735E-1,6.958194266E0
3.019631041E1,-4.832578182E0,-4.848495483E0,-8.554533720E-1,6.898805753E0
3.020141041E1,-4.618262291E0,-4.925673485E0,-7.908128500E-1,6.798234391E0
3.020651041E1,-4.445571423E0,-5.022873878E0,-7.701097727E-1,6.751698774E0
3.021161041E1,-4.221108913E0,-5.109227657E0,-7.674568892E-1,6.671653303E0
3.021671041E1,-4.035793304E0,-5.180109024E0,-7.492913008E-1,6.609280941E0
3.022176692E1,-3.858676434E0,-5.231626987E0,-7.448948622E-1,6.543254015E0
3.022667192E1,-3.678251743E0,-5.222254276E0,-7.670455575E-1,6.433493180E0
3.023157692E1,-3.500944614E0,-5.200490475E0,-7.743621469E-1,6.316751626E0
3.023648192E1,-3.365049839E0,-5.166627884E0,-7.645136714E-1,6.213057642E0
3.024138692E1,-3.220214844E0,-5.154191494E0,-7.902185321E-1,6.128614764E0
3.024629192E1,-3.085496902E0,-5.134450436E0,-8.274746537E-1,6.047113916E0
3.025119692E1,-2.915398121E0,-5.121810436E0,-8.857408762E-1,5.959616200E0
3.025612817E1,-2.731254578E0,-5.077713966E0,-9.553065300E-1,5.844274229E0
3.026111802E1,-2.544733524E0,-5.054266930E0,-1.014057636E0,5.748877786E0
3.026610349E1,-2.315750599E0,-4.981132030E0,-1.086411953E0,5.599523915E0
3.027109312E1,-2.108781338E0,-4.922839165E0,-1.150789142E0,5.477738568E0
3.027608276E1,-1.916674614E0,-4.917949677E0,-1.219346881E0,5.417257370E0
3.028107239E1,-1.722736835E0,-4.899705887E0,-1.265784264E0,5.345759982E0
3.028604843E1,-1.543949604E0,-4.856704235E0,-1.326012373E0,5.265896431E0
3.029103739E1,-1.389559746E0,-4.838869095E0,-1.369102120E0,5.217276207E0
3.029602635E1,-1.240517616E0,-4.817786217E0,-1.414266825E0,5.172049752E0
3.030101531E1,-1.099201202E0,-4.812712669E0,-1.452039123E0,5.145761764E0
3.030599250E1,-9.633154869E-1,-4.809619427E0,-1.384762049E0,5.096859983E0
3.031098088E1,-8.518323898E-1,-4.810764790E0,-1.322607517E0,5.061458972E0
3.031596921E1,-8.222465515E-1,-4.735201359E0,-1.182307839E0,4.949350778E0
3.032095760E1,-8.050856590E-1,-4.626093388E0,-9.520186186E-1,4.791162949E0
3.032592604E1,-8.434901237E-1,-4.443094730E0,-6.895602345E-1,4.574719630E0
3.033091338E1,-9.057335854E-1,-4.285941124E0,-3.634201288E-1,4.395647715E0
3.033590078E1,-9.416251183E-1,-4.085402012E0,1.561641693E-4,4.192513266E0
3.034088812E1,-9.749722481E-1,-3.901246071E0,3.053908944E-1,4.032809863E0
3.034587010E1,-1.005812645E0,-3.738369942E0,6.193782687E-1,3.920548219E0
3.035085718E1,-9.048137665E-1,-3.512912273E0,8.727235198E-1,3.731070481E0
3.035584432E1,-8.084540367E-1,-3.277724743E0,1.127375841E0,3.559220941E0
3.036083140E1,-6.810407639E-1,-3.057013512E0,1.340442896E0,3.406748492E0
3.036580953E1,-4.511599541E-1,-2.858329773E0,1.468893528E0,3.245187605E0
3.037079619E1,-1.907238960E-1,-2.676965237E0,1.606133699E0,3.127648309E0
3.037578286E1,1.211357117E-1,-2.504014492E0,1.699542284E0,3.028730165E0
3.038076948E1,4.122452736E-1,-2.354197979E0,1.823184252E0,3.006026465E0
3.038573093E1,6.457672119E-1,-2.173452377E0,1.933769703E0,2.979995938E0
3.039071635E1,8.986477852E-1,-1.994857311E0,2.031281948E0,2.985486541E0
3.039570171E1,1.083998680E0,-1.838220596E0,2.127409458E0,3.013300367E0
3.040068703E1,1.218220711E0,-1.734877110E0,2.253057957E0,3.093562742E0
3.040566619E1,1.382432461E0,-1.646577835E0,2.362790585E0,3.194544948E0
3.041065130E1,1.464182854E0,-1.568395615E0,2.437575579E0,3.247379087E0
3.041563635E1,1.556557178E0,-1.490856647E0,2.484578609E0,3.289172337E0
3.042062140E1,1.669066906E0,-1.459294319E0,2.470293522E0,3.319288227E0
3.042561458E1,1.742056847E0,-1.430373669E0,2.511788130E0,3.374879331E0
3.043060005E1,1.787171364E0,-1.456871510E0,2.472614288E0,3.380869341E0
3.043558552E1,1.823723316E0,-1.457197666E0,2.450726748E0,3.384590575E0
3.044057098E1,1.823065281E0,-1.395387173E0,2.388620377E0,3.313031796E0
3.044555401E1,1.783088684E0,-1.409922600E0,2.303232431E0,3.236072716E0
3.045053937E1,1.766211033E0,-1.383323193E0,2.196943760E0,3.140007381E0
3.045552474E1,1.796278477E0,-1.313187599E0,2.029378414E0,3.011553550E0
3.046051005E1,1.768113613E0,-1.247248650E0,1.848646879E0,2.845935738E0
3.046549687E1,1.772827625E0,-1.192498207E0,1.662012815E0,2.706890534E0
3.047048229E1,1.800725937E0,-1.110670090E0,1.498245239E0,2.592477723E0
3.047546770E1,1.789677620E0,-9.825859070E-1,1.263925552E0,2.401234859E0
3.048045312E1,1.794691086E0,-8.967647552E-1,1.045181274E0,2.262190756E0
3.048544239E1,1.794498444E0,-7.907495499E-1,8.350926042E-1,2.131405445E0
3.049042802E1,1.803396225E0,-6.358623505E-1,6.577899456E-1,2.022188539E0
3.049541364E1,1.802375317E0,-4.870243073E-1,4.824724197E-1,1.928348800E0
3.050039927E1,1.829542637E0,-3.180017471E-1,2.971798778E-1,1.880602896E0
3.050538948E1,1.844292641E0,-1.741571426E-1,1.284298897E-1,1.856943804E0
3.051037531E1,1.898926258E0,-5.320739746E-2,-1.630258560E-2,1.899741492E0
3.051536114E1,1.907459736E0,7.610511780E-2,-1.487388611E-1,1.914763140E0
3.052034698E1,1.932052612E0,2.089786530E-1,-2.640951276E-1,1.961184747E0
3.052532448E1,1.955747604E0,3.429508209E-1,-3.239916265E-1,2.011848536E0
3.053030989E1,1.995370388E0,4.326705933E-1,-3.810844719E-1,2.077000771E0
3.053529531E1,2.002933502E0,5.642356873E-1,-3.803411424E-1,2.115363777E0
3.054028073E1,1.966455460E0,7.017250061E-1,-3.218395114E-1,2.112568515E0
3.054525359E1,1.904937267E0,8.426804543E-1,-2.893607616E-1,2.103004040E0
3.055023843E1,1.873917103E0,9.204468727E-1,-2.277314961E-1,2.100154611E0
3.055522317E1,1.818207264E0,9.852705002E-1,-1.393369436E-1,2.072691583E0
3.056020796E1,1.795274258E0,1.051565170E0,-4.571640491E-2,2.081078797E0
3.056520322E1,1.774191856E0,1.095545292E0,1.975566149E-2,2.085273727E0
3.057018859E1,1.766648293E0,1.126681805E0,1.047414541E-1,2.097958258E0
3.057517390E1,1.715353012E0,1.216815948E0,1.782690287E-1,2.110653182E0
3.058015921E1,1.713669300E0,1.279819489E0,2.688555717E-1,2.155663172E0
3.058513994E1,1.730452061E0,1.334863186E0,3.404586911E-1,2.211839999E0
3.059012505E1,1.730069399E0,1.410788059E0,3.883484602E-1,2.265894437E0
3.059511015E1,1.709995031E0,1.464481354E0,4.127292037E-1,2.288915472E0
3.060009526E1,1.720683336E0,1.522382259E0,4.423012137E-1,2.339664346E0
3.060507239E1,1.764410734E0,1.627514839E0,4.269729257E-1,2.438084426E0
3.061005708E1,1.817464352E0,1.653211594E0,3.741532564E-1,2.485211440E0
3.061504177E1,1.915645361E0,1.683253288E0,3.532763124E-1,2.574459736E0
3.062002651E1,1.968032122E0,1.739160061E0,3.547277451E-1,2.650218844E0
3.062501713E1,2.029634953E0,1.796995640E0,3.643312454E-1,2.735205408E0
3.063000213E1,2.102838516E0,1.902183056E0,4.081987739E-1,2.864761149E0
3.063498713E1,2.178046227E0,1.987715244E0,4.695957899E-1,2.985869633E0
3.063997213E1,2.288780451E0,2.048859119E0,5.006842613E-1,3.112398492E0
3.064495890E1,2.437270403E0,2.111897469E0,5.610923767E-1,3.273411461E0
3.064994395E1,2.611474752E0,2.174413204E0,5.692437887E-1,3.445564055E0
3.065492906E1,2.818361998E0,2.178946495E0,5.775602460E-1,3.608953867E0
3.065991411E1,2.997932196E0,2.192462444E0,5.691290498E-1,3.757445528E0
3.066490119E1,3.121355772E0,2.195780754E0,5.583503842E-1,3.856950885E0
3.066988635E1,3.248265505E0,2.251024723E0,5.618758202E-1,3.991747178E0
3.067487156E1,3.340620518E0,2.255401134E0,5.462002158E-1,4.067544025E0
3.067985671E1,3.403244257E0,2.290284157E0,5.638782382E-1,4.140704247E0
3.068484208E1,3.455325365E0,2.353282452E0,5.887179971E-1,4.221824316E0
3.068982724E1,3.563802004E0,2.418057919E0,6.134706140E-1,4.350176435E0
3.069481244E1,3.680923223E0,2.427287102E0,6.597577929E-1,4.458273073E0
3.069979765E1,3.842642784E0,2.426514149E0,6.558023691E-1,4.591726389E0
3.070478177E1,4.022334099E0,2.401341438E0,6.567795873E-1,4.730430396E0
3.070976687E1,4.229411602E0,2.380459309E0,6.696653366E-1,4.899281650E0
3.071475203E1,4.425274849E0,2.390084743E0,6.847993731E-1,5.075875565E0
3.071973718E1,4.592991829E0,2.377544403E0,6.616784930E-1,5.214030088E0
3.072471573E1,4.749304771E0,2.395468712E0,6.981665492E-1,5.364848804E0
3.072970052E1,4.932273865E0,2.395958424E0,7.248774171E-1,5.531129136E0
3.073468526E1,5.103402138E0,2.448335648E0,7.130227685E-1,5.705038325E0
3.073967010E1,5.233924866E0,2.487970352E0,6.721699238E-1,5.834019059E0
3.074465812E1,5.330850124E0,2.505279064E0,6.550223231E-1,5.926503225E0
3.074964307E1,5.384418964E0,2.545679092E0,6.400373578E-1,5.990166729E0
3.075462807E1,5.454539299E0,2.535061836E0,5.818848610E-1,6.042940300E0
3.075961302E1,5.450303078E0,2.526103497E0,5.474803448E-1,6.032142011E0
3.076459744E1,5.484354019E0,2.471038342E0,4.866434932E-1,6.034980645E0
3.076958239E1,5.468331814E0,2.389106750E0,4.567028284E-1,5.984902787E0
3.077456729E1,5.416641235E0,2.311448574E0,4.411286712E-1,5.905708365E0
3.077955229E1,5.372540474E0,2.221391201E0,4.353882074E-1,5.829951364E0
3.078454020E1,5.307646751E0,2.119064331E0,5.092109442E-1,5.737668818E0
3.078952531E1,5.289153099E0,2.006946087E0,5.598730445E-1,5.684754254E0
3.079451041E1,5.290779114E0,1.849201679E0,5.874084234E-1,5.635329550E0
3.079949552E1,5.346143723E0,1.696160793E0,6.613841057E-1,5.647622781E0
3.080446916E1,5.445739746E0,1.509581089E0,7.313562036E-1,5.698227649E0
3.080945364E1,5.603767395E0,1.318181038E0,8.262042999E-1,5.815704928E0
3.081443817E1,5.803199768E0,1.129075050E0,9.553542733E-1,5.988709361E0
3.081942265E1,5.981623650E0,9.111185074E-1,1.070897937E0,6.144654654E0
3.082441203E1,6.160336494E0,7.168750763E-1,1.146373034E0,6.306966524E0
3.082939677E1,6.276823044E0,6.059904099E-1,1.308463454E0,6.440326739E0
3.083438151E1,6.330899715E0,5.304660797E-1,1.315692902E0,6.487891281E0
3.083936624E1,6.358518600E0,5.069780350E-1,1.356992364E0,6.521442616E0
3.084436349E1,6.362167358E0,4.661102295E-1,1.477548599E0,6.548097594E0
3.084934890E1,6.353845596E0,4.293804169E-1,1.581286311E0,6.561721405E0
3.085433427E1,6.364555359E0,3.823871613E-1,1.756545544E0,6.613564629E0
3.085931963E1,6.341633797E0,2.940196991E-1,1.933589458E0,6.636379660E0
3.086429619E1,6.289929390E0,2.025680542E-1,2.100228786E0,6.634395715E0
3.086928114E1,6.278860569E0,4.824352264E-2,2.263528585E0,6.674577076E0
3.087426604E1,6.291668892E0,-2.238950729E-1,2.406535625E0,6.739928795E0
3.087925099E1,6.318864822E0,-4.965353012E-1,2.524126530E0,6.822449317E0
3.088424291E1,6.329298973E0,-7.888507843E-1,2.647219181E0,6.905800493E0
3.088922823E1,6.356688499E0,-1.072082520E0,2.751841545E0,7.009242577E0
3.089421348E1,6.367500305E0,-1.339109421E0,2.818785906E0,7.091109092E0
3.089919875E1,6.371572495E0,-1.565998077E0,2.905227661E0,7.175627763E0
3.090418505E1,6.323424339E0,-1.767195702E0,2.965552092E0,7.204385833E0
3.090917041E1,6.275940418E0,-1.930738449E0,2.999833584E0,7.219015211E0
3.091415572E1,6.155086517E0,-2.025592804E0,3.048654795E0,7.161173947E0
3.091914109E1,6.020921707E0,-2.063761711E0,3.049977064E0,7.057830452E0
3.092412187E1,5.921583176E0,-2.054805756E0,3.030208588E0,6.962006757E0
3.092910703E1,5.792454720E0,-1.965345383E0,3.037142277E0,6.829300649E0
3.093409213E1,5.614651680E0,-1.769136429E0,3.022777319E0,6.617502543E0
3.093907724E1,5.402615070E0,-1.492647171E0,2.965358973E0,6.341103927E0
3.094405833E1,5.175544739E0,-1.124052048E0,2.965181351E0,6.069765794E0
3.094904322E1,4.916877270E0,-7.208490372E-1,2.971659899E0,5.790169943E0
3.095402817E1,4.671827793E0,-2.760610580E-1,2.958157778E0,5.536504500E0
3.095901302E1,4.433202744E0,1.336736679E-1,2.914834738E0,5.307298443E0
3.096399458E1,4.217554092E0,5.321750641E-1,2.860733986E0,5.123941038E0
3.096897932E1,4.029398918E0,8.403806686E-1,2.788641453E0,4.971802134E0
3.097396406E1,3.847120047E0,1.029623032E0,2.694057465E0,4.808159925E0
3.097894880E1,3.677716970E0,1.169268608E0,2.560644150E0,4.631380966E0
3.098393921E1,3.599812269E0,1.187477112E0,2.410403490E0,4.492081394E0
3.098892432E1,3.546178341E0,1.084289551E0,2.217656136E0,4.320771157E0
3.099390932E1,3.466516018E0,8.980474472E-1,1.982981443E0,4.093340680E0
3.099889432E1,3.386933804E0,6.980543137E-1,1.836028576E0,3.915303481E0
3.100389474E1,3.297422886E0,4.386367798E-1,1.702948570E0,3.737035422E0
3.100888057E1,3.229520321E0,1.391649246E-1,1.567571640E0,3.592554694E0
3.101386635E1,3.197279453E0,-1.574325562E-1,1.406414866E0,3.496481616E0
3.101885218E1,3.085882664E0,-4.703321457E-1,1.227080226E0,3.354043831E0
3.102381416E1,3.034594059E0,-7.921199799E-1,1.037293077E0,3.303360727E0
3.102879880E1,3.052464008E0,-1.161339760E0,8.060014248E-1,3.363909163E0
3.103378338E1,3.082386017E0,-1.510743141E0,5.437437296E-1,3.475500775E0
3.103876802E1,3.191686630E0,-1.909531593E0,2.459610701E-1,3.727421535E0
3.104375755E1,3.322747707E0,-2.317049980E0,-5.097138882E-2,4.051169093E0
3.104874234E1,3.463676929E0,-2.726064682E0,-3.227444887E-1,4.419575831E0
3.105372729E1,3.576075554E0,-3.088834763E0,-5.451628566E-1,4.756723568E0
3.105871213E1,3.664703369E0,-3.355281830E0,-7.348709106E-1,5.022748470E0
3.106370104E1,3.743915558E0,-3.554316521E0,-8.703858256E-1,5.235230761E0
3.106868614E1,3.787578106E0,-3.753000259E0,-9.806264043E-1,5.421474615E0
3.107367119E1,3.766962528E0,-3.941974640E0,-1.073134899E0,5.557048611E0
3.107865624E1,3.653413296E0,-4.064083099E0,-1.090974808E0,5.572649835E0
3.108363130E1,3.464384556E0,-4.126424789E0,-1.039713144E0,5.487289432E0
3.108861583E1,3.152231216E0,-4.146000862E0,-9.584562778E-1,5.295708001E0
3.109360041E1,2.832436085E0,-4.134666920E0,-7.905355692E-1,5.073766963E0
3.109858494E1,2.476694107E0,-4.080412865E0,-5.891696811E-1,4.809459820E0
3.110368494E1,2.073407173E0,-4.018599033E0,-3.670684099E-1,4.536837523E0
3.110878494E1,1.661265850E0,-3.959338188E0,-9.372937679E-2,4.294758236E0
3.111378109E1,1.216368198E0,-3.896039009E0,1.848950386E-1,4.085689382E0
3.111877651E1,7.464437485E-1,-3.825535297E0,4.395319223E-1,3.922382808E0
3.112368151E1,2.632250786E-1,-3.757955551E0,7.230001688E-1,3.835915355E0
3.112858651E1,-2.015433311E-1,-3.699656010E0,9.701339006E-1,3.830043615E0
3.113349151E1,-6.596307755E-1,-3.671919346E0,1.198067188E0,3.918350345E0
3.113846338E1,-1.097624302E0,-3.577579021E0,1.335019350E0,3.973175988E0
3.114345614E1,-1.499800205E0,-3.527836323E0,1.429016471E0,4.091102278E0
3.114843906E1,-1.807849407E0,-3.490633011E0,1.566034317E0,4.231465677E0
3.115342198E1,-2.052948475E0,-3.518472195E0,1.619251966E0,4.383631024E0
3.115840489E1,-2.314138889E0,-3.443840504E0,1.591316104E0,4.443823034E0
3.116340489E1,-2.534448147E0,-3.370072842E0,1.527849555E0,4.484990817E0
3.116838869E1,-2.749047279E0,-3.291416168E0,1.426957250E0,4.519611524E0
3.117337244E1,-2.881673813E0,-3.258282185E0,1.298225999E0,4.539365319E0
3.117835625E1,-2.989856243E0,-3.234814644E0,1.126986384E0,4.546797163E0
3.118333661E1,-3.128627300E0,-3.199504375E0,8.962774277E-1,4.563819701E0
3.118832020E1,-3.238237858E0,-3.193115711E0,6.514054537E-1,4.594181258E0
3.119330380E1,-3.349693298E0,-3.201101303E0,3.827704191E-1,4.649086786E0
3.119828744E1,-3.489523888E0,-3.228469372E0,9.282684326E-2,4.754829994E0
3.120329802E1,-3.600574493E0,-3.242107391E0,-1.563816071E-1,4.847664616E0
3.120828296E1,-3.703690529E0,-3.300575733E0,-3.831802607E-1,4.975736208E0
3.121326791E1,-3.861720085E0,-3.313583851E0,-6.779235601E-1,5.133449163E0
3.121825286E1,-4.048530579E0,-3.357726097E0,-9.322190285E-1,5.341718516E0
3.122321619E1,-4.244631767E0,-3.401067734E0,-1.150179863E0,5.559413124E0
3.122820010E1,-4.407593727E0,-3.444099903E0,-1.393300056E0,5.764546093E0
3.123318401E1,-4.542152405E0,-3.481405258E0,-1.627149343E0,5.949701339E0
3.123816786E1,-4.660487175E0,-3.524771690E0,-1.796079040E0,6.113105274E0
3.124316588E1,-4.786793709E0,-3.571769238E0,-1.968942881E0,6.288693470E0
3.124815052E1,-4.897093773E0,-3.583481312E0,-2.152142763E0,6.438523449E0
3.125313510E1,-4.977361679E0,-3.619920254E0,-2.304854393E0,6.571933178E0
3.125811974E1,-5.070902824E0,-3.630722523E0,-2.428960085E0,6.692985028E0
3.126310390E1,-5.192102909E0,-3.627573967E0,-2.528916836E0,6.820018025E0
3.126808849E1,-5.305205822E0,-3.634299755E0,-2.657105446E0,6.957984829E0
3.127307307E1,-5.383879185E0,-3.657891273E0,-2.773017645E0,7.075023004E0
3.127805770E1,-5.456762791E0,-3.676524639E0,-2.843362331E0,7.167831117E0
3.128304052E1,-5.504629612E0,-3.685281754E0,-2.928395748E0,7.242772289E0
3.128802500E1,-5.532201290E0,-3.722324371E0,-3.009385824E0,7.315555541E0
3.129300953E1,-5.570499420E0,-3.718350887E0,-3.020097971E0,7.346944186E0
3.129799401E1,-5.581155777E0,-3.697291851E0,-3.037658691E0,7.351641801E0
3.130297098E1,-5.626289845E0,-3.690284252E0,-2.993291140E0,7.364314437E0
3.130795515E1,-5.677104473E0,-3.649814606E0,-2.957375050E0,7.368631422E0
3.131293927E1,-5.757369995E0,-3.611834049E0,-2.880399704E0,7.381690654E0
3.131792338E1,-5.826265812E0,-3.566738129E0,-2.853879929E0,7.403487343E0
3.132291828E1,-5.922128677E0,-3.514742374E0,-2.835028172E0,7.447308693E0
3.132790296E1,-6.011217594E0,-3.503351212E0,-2.802768707E0,7.500914551E0
3.133288760E1,-6.107920647E0,-3.487152576E0,-2.807549477E0,7.572929538E0
3.133787229E1,-6.204977036E0,-3.496992588E0,-2.830282211E0,7.664280434E0
3.134285578E1,-6.295269966E0,-3.551852942E0,-2.782306194E0,7.745147579E0
3.134784036E1,-6.326117516E0,-3.634560823E0,-2.842973948E0,7.830216859E0
3.135282494E1,-6.350236893E0,-3.742599249E0,-2.873391628E0,7.911317032E0
3.135780953E1,-6.365384579E0,-3.825722218E0,-2.870926857E0,7.962191428E0
3.136280666E1,-6.354919434E0,-3.893498421E0,-2.895227909E0,7.995415912E0
3.136779187E1,-6.376357555E0,-3.969715357E0,-2.905236244E0,8.053382725E0
3.137277713E1,-6.391621590E0,-4.021011829E0,-2.898136139E0,8.088297457E0
3.137776234E1,-6.403062820E0,-4.090144634E0,-2.923998833E0,8.141146466E0
3.138274302E1,-6.398768425E0,-4.140996933E0,-2.898752213E0,8.154437893E0
3.138772802E1,-6.381369114E0,-4.235913277E0,-2.903312683E0,8.191096239E0
3.139271296E1,-6.269589901E0,-4.331664085E0,-2.908802032E0,8.156727318E0
3.139769796E1,-6.176033497E0,-4.492787361E0,-2.874251842E0,8.160260516E0
3.140279796E1,-6.053117275E0,-4.681279182E0,-2.904505253E0,8.184787981E0
3.140782781E1,-5.898403168E0,-4.832429886E0,-2.841799736E0,8.137528143E0
3.141282052E1,-5.733488560E0,-4.984740257E0,-2.808320045E0,8.099826416E0
3.141781323E1,-5.618130207E0,-5.112025261E0,-2.804281712E0,8.096924429E0
3.142271822E1,-5.497192383E0,-5.276597977E0,-2.775009632E0,8.109395092E0
3.142762322E1,-5.394478798E0,-5.416238785E0,-2.704135895E0,8.108538402E0
3.143258515E1,-5.338637352E0,-5.490199089E0,-2.591537952E0,8.084516298E0
3.143756854E1,-5.288951874E0,-5.563196182E0,-2.482730865E0,8.067596683E0
3.144255791E1,-5.266905785E0,-5.589942455E0,-2.325304031E0,8.024636567E0
3.144754161E1,-5.255705833E0,-5.639864922E0,-2.155180454E0,8.004706299E0
3.145252526E1,-5.255272865E0,-5.638581276E0,-1.998431444E0,7.962739474E0
3.145750890E1,-5.270334244E0,-5.686634064E0,-1.800098538E0,7.959559332E0
3.146250187E1,-5.272074699E0,-5.745493889E0,-1.605526447E0,7.961355842E0
3.146748599E1,-5.222170830E0,-5.805460930E0,-1.481544971E0,7.947919243E0
3.147247010E1,-5.161324501E0,-5.938266754E0,-1.327425718E0,7.978993777E0
3.147745421E1,-5.044013023E0,-6.021826744E0,-1.198232651E0,7.946082444E0
3.148243380E1,-4.918184280E0,-6.082732201E0,-1.084249258E0,7.897073135E0
3.148741770E1,-4.788676262E0,-6.113999367E0,-9.398107529E-1,7.822765039E0
3.149240161E1,-4.672090530E0,-6.094134331E0,-8.249117136E-1,7.723171790E0
3.149738552E1,-4.556528568E0,-6.083270550E0,-7.011421919E-1,7.632806401E0
3.150239588E1,-4.441958427E0,-6.033483505E0,-6.135202646E-1,7.517334966E0
3.150738109E1,-4.335607052E0,-6.005250931E0,-5.220028162E-1,7.425160886E0
3.151236635E1,-4.237300873E0,-5.933771133E0,-4.384104013E-1,7.304557634E0
3.151735156E1,-4.151751995E0,-5.838350773E0,-3.532677889E-1,7.172738843E0
3.152231015E1,-4.076607227E0,-5.729117393E0,-2.886413336E-1,7.037387755E0
3.152729411E1,-4.044906616E0,-5.600542545E0,-1.819889545E-1,6.910894755E0
3.153227802E1,-3.996765614E0,-5.431448460E0,-8.167159557E-2,6.743992733E0
3.153726192E1,-3.984651566E0,-5.255378246E0,1.682436466E-2,6.595205203E0
3.154225802E1,-3.919749260E0,-5.048085690E0,1.494411230E-1,6.392959881E0
3.154724255E1,-3.787721157E0,-4.864936829E0,2.844696045E-1,6.172144268E0
3.155222708E1,-3.645795345E0,-4.684361458E0,4.261399508E-1,5.951189900E0
3.155721156E1,-3.546667099E0,-4.485243320E0,5.789068937E-1,5.747294002E0
3.156219963E1,-3.435112476E0,-4.269994736E0,7.161165476E-1,5.526814243E0
3.156718437E1,-3.322938442E0,-4.002887249E0,8.873178959E-1,5.277533445E0
3.157216901E1,-3.250773907E0,-3.715250969E0,1.068320155E0,5.050933449E0
3.157715369E1,-3.165812969E0,-3.364146709E0,1.222695112E0,4.778581189E0
3.158213744E1,-3.048948288E0,-3.088542461E0,1.383748770E0,4.555210298E0
3.158712208E1,-2.917027473E0,-2.876614571E0,1.563417196E0,4.385001026E0
3.159210671E1,-2.705651283E0,-2.704557419E0,1.685679555E0,4.180513756E0
3.159709140E1,-2.469991684E0,-2.608332157E0,1.767662764E0,4.003609272E0
3.160219140E1,-2.199245930E0,-2.533458710E0,1.805967927E0,3.810067696E0
3.160729140E1,-1.904730320E0,-2.506313801E0,1.833570004E0,3.643018723E0
3.161238333E1,-1.617704868E0,-2.469680786E0,1.788445234E0,3.451786289E0
3.161738328E1,-1.296627998E0,-2.403884888E0,1.711262941E0,3.223092858E0
3.162228828E1,-8.988590240E-1,-2.330803871E0,1.657128572E0,2.997777399E0
3.162719328E1,-4.423942566E-1,-2.260890007E0,1.623985410E0,2.818628197E0
3.163209828E1,-8.757591248E-3,-2.172831059E0,1.587749004E0,2.691137010E0
3.163701218E1,4.424710274E-1,-2.095628738E0,1.541210055E0,2.638705905E0
3.164195567E1,9.088807106E-1,-2.024484634E0,1.505831480E0,2.681814801E0
3.164694489E1,1.285191536E0,-1.925969124E0,1.421714664E0,2.717047466E0
3.165193406E1,1.613428116E0,-1.825181484E0,1.314761162E0,2.768218678E0
3.165692328E1,1.915058136E0,-1.679165840E0,1.237151146E0,2.831534662E0
3.166190364E1,2.235198498E0,-1.557535648E0,1.114732265E0,2.943579053E0
3.166689239E1,2.480691910E0,-1.438474178E0,9.477937222E-1,3.020157819E0
3.167188114E1,2.713232994E0,-1.257805824E0,7.388318777E-1,3.080516404E0
3.167686989E1,2.887301922E0,-1.118391991E0,6.074506044E-1,3.155361987E0
3.168184098E1,3.067140579E0,-9.820847511E-1,4.223176241E-1,3.248106212E0
3.168682885E1,3.315341949E0,-8.268051147E-1,1.768176556E-1,3.421456331E0
3.169181671E1,3.518837929E0,-6.696367264E-1,-2.581131458E-2,3.582080392E0
3.169680458E1,3.701228619E0,-5.130915642E-1,-2.307227254E-1,3.743740004E0
3.170177692E1,3.912338734E0,-3.860421181E-1,-4.497951269E-1,3.956986042E0
3.170676406E1,4.102011681E0,-2.523541451E-1,-6.015817523E-1,4.153562693E0
3.171175109E1,4.171949387E0,-1.790657043E-1,-7.506516576E-1,4.242723668E0
3.171673817E1,4.251162052E0,-1.397781372E-1,-9.011938572E-1,4.347880758E0
3.172172468E1,4.253625393E0,-7.449531555E-2,-1.024511695E0,4.375900221E0
3.172671177E1,4.229662418E0,3.361415863E-2,-1.089507699E0,4.367860015E0
3.173169880E1,4.172436714E0,1.656560898E-1,-1.125111580E0,4.324644048E0
3.173668588E1,4.108468533E0,2.739577293E-1,-1.088466763E0,4.259028811E0
3.174164963E1,4.011421204E0,3.848676682E-1,-9.775450230E-1,4.146711645E0
3.174663552E1,3.961025715E0,4.678535461E-1,-8.141509295E-1,4.070805005E0
3.175162140E1,3.899816036E0,4.847025871E-1,-6.104988456E-1,3.976959964E0
3.175660729E1,3.816128254E0,5.026049614E-1,-3.887103796E-1,3.868661572E0
3.176159614E1,3.762730122E0,5.622887611E-1,-1.993902326E-1,3.809732679E0
3.176658218E1,3.718074799E0,6.230401993E-1,-7.056951523E-3,3.769921630E0
3.177156823E1,3.687088013E0,7.016625404E-1,1.973216534E-1,3.758441721E0
3.177655421E1,3.636195183E0,8.530926704E-1,3.848725557E-1,3.754704968E0
3.178152994E1,3.610612392E0,1.014983177E0,5.128060579E-1,3.785456743E0
3.178651546E1,3.545898914E0,1.192232132E0,6.099280119E-1,3.790359976E0
3.179150099E1,3.513659000E0,1.351279736E0,6.716299057E-1,3.823982639E0
3.179648645E1,3.525653362E0,1.523185730E0,6.789145470E-1,3.900160428E0
3.180145656E1,3.497663975E0,1.683799744E0,6.917256117E-1,3.943008899E0
3.180644140E1,3.477598190E0,1.792574883E0,6.505748034E-1,3.966139364E0
3.181142625E1,3.465189934E0,1.899758339E0,5.704610348E-1,3.992749531E0
3.181641114E1,3.464948654E0,1.998082638E0,4.778227806E-1,4.028215239E0
3.182139599E1,3.440803528E0,2.044493198E0,3.203849792E-1,4.015187155E0
3.182640833E1,3.380937576E0,2.130068779E0,1.751252413E-1,3.999825090E0
3.183139453E1,3.292049885E0,2.204339504E0,4.707539082E-2,3.962186415E0
3.183638078E1,3.188863277E0,2.291490555E0,-7.305073738E-2,3.927481938E0
3.184136703E1,3.054975510E0,2.346312523E0,-1.706088185E-1,3.855796311E0
3.184633739E1,2.902284622E0,2.404747963E0,-2.308449149E-1,3.776156534E0
3.185132286E1,2.776625156E0,2.450278759E0,-3.135522008E-1,3.716426811E0
3.185630828E1,2.644757271E0,2.471116066E0,-3.350885510E-1,3.635029569E0
3.186129369E1,2.552275181E0,2.465038300E0,-3.693177104E-1,3.567480622E0
3.186627099E1,2.482528210E0,2.441751003E0,-4.040874243E-1,3.505478701E0
3.187125604E1,2.419061184E0,2.403845787E0,-3.388842940E-1,3.427123304E0
3.187624109E1,2.383401394E0,2.346575260E0,-2.909591794E-1,3.357331515E0
3.188122604E1,2.375578403E0,2.291484356E0,-1.912522912E-1,3.306183713E0
3.188623880E1,2.336017609E0,2.233903885E0,-1.092185974E-1,3.234073830E0
3.189122520E1,2.341071606E0,2.178481102E0,-1.643538475E-2,3.197915930E0
3.189621161E1,2.369320393E0,2.106139660E0,8.450651169E-2,3.171221333E0
3.190119807E1,2.392113686E0,2.007335186E0,1.980738640E-1,3.129031110E0
3.190618510E1,2.440584660E0,1.946643353E0,3.215539455E-1,3.138354786E0
3.191117156E1,2.425935268E0,1.926254272E0,4.380713701E-1,3.128501874E0
3.191615796E1,2.420186043E0,1.912693977E0,5.591911077E-1,3.135026862E0
3.192114442E1,2.349304676E0,1.910779476E0,6.585075855E-1,3.099022896E0
3.192610552E1,2.280307770E0,1.961108208E0,7.740250826E-1,3.105618096E0
3.193109067E1,2.235072136E0,1.980070114E0,8.313742876E-1,3.099581958E0
3.193607588E1,2.182533741E0,2.015533924E0,8.997669220E-1,3.104095850E0
3.194106104E1,2.175319195E0,2.062687397E0,9.671145678E-1,3.149921187E0
3.194604802E1,2.122361183E0,2.123831272E0,1.050060391E0,3.180833710E0
3.195103328E1,2.071528435E0,2.158308983E0,1.086535692E0,3.182779843E0
3.195601859E1,2.051749229E0,2.238011360E0,1.117316246E0,3.235238066E0
3.196100385E1,1.998326302E0,2.314988613E0,1.163714528E0,3.272111213E0
3.196599036E1,1.947299957E0,2.353447914E0,1.197080255E0,3.280807118E0
3.197097573E1,1.951337814E0,2.360653877E0,1.176886201E0,3.281077129E0
3.197596104E1,1.986577988E0,2.319975853E0,1.167869329E0,3.269969240E0
3.198094640E1,2.031486034E0,2.221930504E0,1.139015079E0,3.218892049E0
3.198593406E1,2.133870602E0,2.109620094E0,1.099858642E0,3.195870729E0
3.199091948E1,2.236215591E0,1.971125126E0,1.045990944E0,3.159128280E0
3.199590494E1,2.347780704E0,1.863740921E0,1.013449192E0,3.164282497E0
3.200089041E1,2.411334515E0,1.763611317E0,9.473150969E-1,3.134049283E0
3.200586338E1,2.500893116E0,1.706519127E0,8.835471869E-1,3.153938734E0
3.201084817E1,2.611741543E0,1.611179829E0,8.151370287E-1,3.175144517E0
3.201583296E1,2.684002876E0,1.484789371E0,7.445552349E-1,3.156395637E0
3.202081786E1,2.763097763E0,1.425410748E0,7.149314880E-1,3.190240129E0
3.202581760E1,2.837196827E0,1.361280918E0,7.285509109E-1,3.230101856E0
3.203080317E1,2.920613766E0,1.251765251E0,7.377712727E-1,3.262086367E0
3.203578875E1,3.030133724E0,1.128030300E0,7.162543535E-1,3.311673753E0
3.204077437E1,3.189446926E0,1.016332150E0,6.905256510E-1,3.417942130E0
3.204574390E1,3.333971977E0,9.190373421E-1,6.699038744E-1,3.522608406E0
3.205072869E1,3.487428665E0,8.241004944E-1,6.736977100E-1,3.646254095E0
3.205571349E1,3.642324924E0,7.409610748E-1,6.302596331E-1,3.769984267E0
3.206069822E1,3.786621094E0,7.030553818E-1,6.162644625E-1,3.900329225E0
3.206568895E1,3.910690784E0,6.624526978E-1,5.908594131E-1,4.010169677E0
3.207067406E1,4.007485867E0,6.646261215E-1,5.946379900E-1,4.105516434E0
3.207565911E1,4.117564201E0,6.807527542E-1,6.130739450E-1,4.218248324E0
3.208064416E1,4.223844051E0,7.823991776E-1,6.221883297E-1,4.340521324E0
3.208562848E1,4.266464710E0,8.546276093E-1,6.505697966E-1,4.399585268E0
3.209061348E1,4.295686722E0,9.476480484E-1,7.195042372E-1,4.457426116E0
3.209559849E1,4.309173584E0,1.044699192E0,8.097096682E-1,4.507327714E0
3.210058359E1,4.323677063E0,1.057267666E0,8.826568127E-1,4.537739670E0
3.210555687E1,4.403791428E0,1.018930435E0,9.453821182E-1,4.617937366E0
3.211054130E1,4.496900082E0,8.676023483E-1,1.000245214E0,4.687785689E0
3.211552578E1,4.628848076E0,6.247549057E-1,1.025863886E0,4.782149089E0
3.212051020E1,4.718175411E0,3.741455078E-1,1.055815697E0,4.849320659E0
3.212550046E1,4.798304558E0,1.420145035E-1,1.056496978E0,4.915290491E0
3.213048520E1,4.857139111E0,-5.020141602E-2,1.126161695E0,4.986237127E0
3.213546989E1,4.801308155E0,-1.906681061E-1,1.161959767E0,4.943588254E0
3.214045468E1,4.755477428E0,-2.770118713E-1,1.197219849E0,4.911683674E0
3.214544140E1,4.671961308E0,-3.355379105E-1,1.282244205E0,4.856331779E0
3.215042619E1,4.589092255E0,-4.906272888E-1,1.366774917E0,4.813372677E0
3.215541104E1,4.497477531E0,-6.751394272E-1,1.434067965E0,4.768612830E0
3.216039588E1,4.394973755E0,-8.171997070E-1,1.510497093E0,4.718602668E0
3.216537625E1,4.331870556E0,-9.239873886E-1,1.627378464E0,4.718815092E0
3.217036083E1,4.236442089E0,-9.955444336E-1,1.645908475E0,4.652694381E0
3.217534546E1,4.163792133E0,-1.077313423E0,1.685883403E0,4.619520753E0
3.218033005E1,4.161818027E0,-1.114222527E0,1.702076077E0,4.632416659E0
3.218531744E1,4.113158703E0,-1.161396027E0,1.684906125E0,4.594107519E0
3.219030218E1,4.080118656E0,-1.149436951E0,1.684778333E0,4.561474716E0
3.219528692E1,4.045895100E0,-1.114330292E0,1.692086220E0,4.524837559E0
3.220027171E1,4.053347588E0,-1.120738983E0,1.680824995E0,4.528891167E0
3.220527479E1,4.083213806E0,-1.137607574E0,1.641333461E0,4.545411039E0
3.221026046E1,4.097119331E0,-1.117142677E0,1.624057889E0,4.546642564E0
3.221524614E1,4.087585449E0,-1.085869789E0,1.633958101E0,4.534014455E0
3.222023182E1,4.018678188E0,-9.937152863E-1,1.618079305E0,4.444707537E0
3.222521057E1,3.926319599E0,-8.671236038E-1,1.626563787E0,4.337464547E0
3.223019593E1,3.772153378E0,-7.373418808E-1,1.637815595E0,4.177948549E0
3.223518124E1,3.611459255E0,-6.019439697E-1,1.701818943E0,4.037469778E0
3.224016656E1,3.410733700E0,-4.658098221E-1,1.753760099E0,3.863386811E0
3.224514166E1,3.189366341E0,-3.599948883E-1,1.869863868E0,3.714571962E0
3.225012651E1,2.961604595E0,-2.750492096E-1,1.944599152E0,3.553620648E0
3.225511130E1,2.737265587E0,-2.156600952E-1,2.013696194E0,3.405011678E0
3.226009614E1,2.513948441E0,-1.627273560E-1,2.103407860E0,3.281880799E0
3.226507010E1,2.334977627E0,-1.735143661E-1,2.110834122E0,3.152435319E0
3.227005432E1,2.144986153E0,-2.099313736E-1,2.172341824E0,3.060082642E0
3.227503859E1,1.941715240E0,-2.957801819E-1,2.199831009E0,2.949067727E0
3.228002286E1,1.756335258E0,-4.166603088E-1,2.226831198E0,2.866547843E0
3.228501546E1,1.548089981E0,-5.415391922E-1,2.224750519E0,2.763939608E0
3.229000015E1,1.336435795E0,-6.343679428E-1,2.198642254E0,2.650002091E0
3.229498484E1,1.092611313E0,-7.550516129E-1,2.153455257E0,2.530073510E0
3.229996953E1,8.122324944E-1,-8.530931473E-1,2.099119663E0,2.407029893E0
3.230496203E1,5.408606529E-1,-9.308452606E-1,2.009699345E0,2.279889164E0
3.230994713E1,2.908277512E-1,-9.784946442E-1,1.930906534E0,2.184132000E0
3.231493218E1,2.908182144E-2,-1.091403961E0,1.822182417E0,2.124230948E0
3.231991729E1,-2.106466293E-1,-1.185601234E0,1.717255831E0,2.097376904E0
3.232490432E1,-4.090628624E-1,-1.215489864E0,1.618771315E0,2.065228463E0
3.232988948E1,-6.017746925E-1,-1.223927021E0,1.536394715E0,2.054419347E0
3.233487463E1,-8.147950172E-1,-1.239341259E0,1.446467757E0,2.071744832E0
3.233985984E1,-9.929580688E-1,-1.211364746E0,1.368142724E0,2.079707861E0
3.234484645E1,-1.162303448E0,-1.178038120E0,1.315692782E0,2.114183203E0
3.234983171E1,-1.296354294E0,-1.098525524E0,1.344065785E0,2.166519240E0
3.235481698E1,-1.380685806E0,-1.015807152E0,1.407540321E0,2.217955640E0
3.235980218E1,-1.432003975E0,-9.823808670E-1,1.503561735E0,2.297042760E0
3.236477677E1,-1.466992855E0,-9.335432053E-1,1.689127445E0,2.424195223E0
3.236976151E1,-1.447812080E0,-8.338050842E-1,1.868039966E0,2.506185159E0
3.237474619E1,-1.388982773E0,-7.885770798E-1,2.054149151E0,2.602048364E0
3.237973093E1,-1.391111374E0,-7.214093208E-1,2.323560238E0,2.802597802E0
3.238471229E1,-1.313444138E0,-6.183896065E-1,2.529813290E0,2.916761301E0
3.238969677E1,-1.331034184E0,-5.349626541E-1,2.646308661E0,3.010114045E0
3.239468135E1,-1.348069191E0,-4.950237274E-1,2.866463184E0,3.206080196E0
3.239966588E1,-1.390931606E0,-5.033884048E-1,2.965211630E0,3.313694408E0
3.240466270E1,-1.385708809E0,-5.195813179E-1,2.992878437E0,3.338783459E0
3.240964786E1,-1.392172813E0,-5.675220490E-1,3.015987635E0,3.369926977E0
3.241463302E1,-1.429610252E0,-5.899491310E-1,3.022625685E0,3.395304328E0
3.241961817E1,-1.476409912E0,-6.418538094E-1,2.972143650E0,3.380147988E0
3.242460411E1,-1.511185169E0,-6.970238686E-1,2.850474358E0,3.300716127E0
3.242958932E1,-1.550661564E0,-7.816925049E-1,2.619807243E0,3.143085180E0
3.243457448E1,-1.558963299E0,-8.814535141E-1,2.349865913E0,2.954521395E0
3.243955968E1,-1.526561737E0,-1.070369720E0,2.029126167E0,2.755618819E0
3.244455755E1,-1.513475895E0,-1.236065388E0,1.643890023E0,2.553593808E0
3.244954343E1,-1.483662128E0,-1.445267200E0,1.269059420E0,2.429107326E0
3.245452927E1,-1.425148964E0,-1.666730881E0,9.026976824E-1,2.371477283E0
3.245951510E1,-1.436100960E0,-1.869415760E0,5.929028988E-1,2.430768417E0
3.246447453E1,-1.398811817E0,-2.033740997E0,3.322999477E-1,2.490622452E0
3.246945906E1,-1.373681068E0,-2.222516060E0,1.737120152E-1,2.618540276E0
3.247444359E1,-1.394039631E0,-2.394881248E0,8.859193325E-2,2.772481058E0
3.247942812E1,-1.435845852E0,-2.558003902E0,6.224322319E-2,2.934094663E0
3.248440796E1,-1.506218910E0,-2.690363884E0,1.328046322E-1,3.086161095E0
3.248939218E1,-1.631435871E0,-2.792105198E0,2.398974895E-1,3.242681798E0
3.249437651E1,-1.827996254E0,-2.839224815E0,4.644014835E-1,3.408582784E0
3.249936078E1,-2.007017136E0,-2.867356300E0,7.147699594E-1,3.572218643E0
3.250436125E1,-2.163877010E0,-2.924652100E0,9.638872147E-1,3.763646129E0
3.250934635E1,-2.355479717E0,-2.955493450E0,1.223251343E0,3.972350700E0
3.251433145E1,-2.543613911E0,-2.972043514E0,1.439787865E0,4.168453367E0
3.251931656E1,-2.754560947E0,-3.010218620E0,1.610688806E0,4.386723217E0
3.252430578E1,-2.981161118E0,-3.007863045E0,1.767079711E0,4.588805118E0
3.252929109E1,-3.239940166E0,-3.010237694E0,1.841737628E0,4.790693138E0
3.253427640E1,-3.513977051E0,-2.957380295E0,1.915855527E0,4.976407873E0
3.253926171E1,-3.762305737E0,-2.935046673E0,1.989232779E0,5.169766965E0
3.254423921E1,-4.018335342E0,-2.854553223E0,1.927954316E0,5.292683712E0
3.254922411E1,-4.255745888E0,-2.814018726E0,1.906509399E0,5.446545010E0
3.255420901E1,-4.471987724E0,-2.793961525E0,1.834054828E0,5.582889245E0
3.255919395E1,-4.662214279E0,-2.734395981E0,1.765738726E0,5.686035228E0
3.256418250E1,-4.893428802E0,-2.647327900E0,1.706351757E0,5.819418079E0
3.256916760E1,-5.122516155E0,-2.530201912E0,1.491515517E0,5.904804147E0
3.257415270E1,-5.392313480E0,-2.392253876E0,1.315216303E0,6.043981899E0
3.257913781E1,-5.626001835E0,-2.292857647E0,1.167875528E0,6.186519707E0
3.258412046E1,-5.780658245E0,-2.188803673E0,9.808779955E-1,6.258513634E0
3.258910541E1,-5.935271263E0,-2.099076271E0,7.927932739E-1,6.345241314E0
3.259409041E1,-6.051517487E0,-2.023396015E0,6.518418789E-1,6.414038756E0
3.259907536E1,-6.146232605E0,-1.995125294E0,4.794673920E-1,6.479705946E0
3.260405770E1,-6.207477570E0,-1.994843483E0,3.646918535E-1,6.530327591E0
3.260904255E1,-6.240165710E0,-2.015355110E0,2.335360050E-1,6.561696685E0
3.261402739E1,-6.275527954E0,-1.994447708E0,1.390308142E-1,6.586304148E0
3.261901224E1,-6.306528091E0,-2.037404060E0,5.050909519E-2,6.627658941E0
3.262399786E1,-6.338009834E0,-2.069933891E0,-2.213847637E-2,6.667494663E0
3.262898270E1,-6.343760490E0,-2.075193882E0,-3.767311573E-2,6.674664491E0
3.263396760E1,-6.357291222E0,-2.088875294E0,-9.856665134E-2,6.692403683E0
3.263895250E1,-6.350064278E0,-2.113511086E0,-7.545793056E-2,6.692976867E0
3.264393916E1,-6.288868904E0,-2.082290649E0,-6.596863270E-2,6.624964777E0
3.264892416E1,-6.245596886E0,-2.043021202E0,-7.674491405E-2,6.571704944E0
3.265390911E1,-6.191611290E0,-2.067434788E0,-5.485701561E-2,6.527889878E0
3.265889406E1,-6.115028381E0,-2.088494301E0,-2.646100521E-2,6.461894516E0
3.266387078E1,-6.032716751E0,-2.096661568E0,4.019141197E-3,6.386679676E0
3.266885531E1,-5.915838718E0,-2.141982079E0,1.727354527E-2,6.291703533E0
3.267383984E1,-5.766992092E0,-2.155383110E0,-1.783287525E-2,6.156638056E0
3.267882442E1,-5.579045773E0,-2.139360428E0,-5.587935448E-2,5.975427790E0
3.268382005E1,-5.394917965E0,-2.112935066E0,-1.018755436E-1,5.794826405E0
3.268880520E1,-5.169283867E0,-2.131475925E0,-1.656783819E-1,5.593937311E0
3.269379031E1,-4.897335052E0,-2.120846272E0,-2.499370575E-1,5.342691088E0
3.269877541E1,-4.624498367E0,-2.172111034E0,-3.001512289E-1,5.118021322E0
3.270374807E1,-4.346086502E0,-2.237707138E0,-3.501424789E-1,4.900857157E0
3.270873255E1,-4.057270527E0,-2.317691326E0,-4.144866467E-1,4.690941951E0
3.271371703E1,-3.789211273E0,-2.388439655E0,-4.385499954E-1,4.500565760E0
3.271870151E1,-3.553673267E0,-2.483439445E0,-4.253276587E-1,4.356256281E0
3.272370015E1,-3.312338829E0,-2.595688820E0,-4.279701710E-1,4.229934685E0
3.272868531E1,-3.101098061E0,-2.689568043E0,-3.753185272E-1,4.122068587E0
3.273367052E1,-2.893568039E0,-2.733973026E0,-3.008021116E-1,3.992220737E0
3.273865567E1,-2.663431168E0,-2.793640614E0,-2.859926224E-1,3.870411508E0
3.274363677E1,-2.460982800E0,-2.871172428E0,-2.427086830E-1,3.789323813E0
3.274862171E1,-2.255182743E0,-2.966735363E0,-2.093614340E-1,3.732452294E0
3.275360671E1,-2.005378723E0,-3.042202473E0,-2.127329111E-1,3.649903423E0
3.275859171E1,-1.742792130E0,-3.133570671E0,-2.669887543E-1,3.595535086E0
3.276358541E1,-1.448467731E0,-3.264985561E0,-4.820962548E-1,3.604248366E0
3.276857083E1,-1.187146187E0,-3.393670082E0,-6.550619602E-1,3.654506652E0
3.277355624E1,-9.230046272E-1,-3.603456020E0,-9.079766870E-1,3.829001762E0
3.277854166E1,-6.248660088E-1,-3.807973385E0,-1.130471945E0,4.021080159E0
3.278351322E1,-3.504981995E-1,-4.014841080E0,-1.394297361E0,4.264488599E0
3.278849796E1,-1.214423180E-1,-4.171438694E0,-1.622559428E0,4.477538175E0
3.279348270E1,8.595275879E-2,-4.228024483E0,-1.793853998E0,4.593635931E0
3.279846744E1,1.735963821E-1,-4.215867996E0,-1.903370500E0,4.628876529E0
3.280347312E1,1.345901489E-1,-4.122918129E0,-1.927253008E0,4.553116797E0
3.280845895E1,5.731630325E-2,-3.963940144E0,-1.827486396E0,4.365296456E0
3.281344468E1,-1.225280762E-1,-3.772261620E0,-1.671445608E0,4.127796177E0
3.281843046E1,-3.426132202E-1,-3.559824944E0,-1.447261453E0,3.858018035E0
3.282340124E1,-5.715985298E-1,-3.398172855E0,-1.183919668E0,3.643620372E0
3.282838630E1,-8.019366264E-1,-3.243737698E0,-9.219472408E-1,3.466254941E0
3.283337130E1,-1.057619572E0,-3.103738308E0,-6.323632598E-1,3.339406225E0
3.283835635E1,-1.245197296E0,-2.958799839E0,-3.507595062E-1,3.229248368E0
3.284334130E1,-1.422013283E0,-2.808794498E0,-1.249212623E-1,3.150722716E0
3.284832630E1,-1.566617012E0,-2.670487404E0,9.106361866E-2,3.097431907E0
3.285331130E1,-1.707693577E0,-2.517499447E0,2.352336645E-1,3.051123677E0
3.285829635E1,-1.792674541E0,-2.342751503E0,4.032573700E-1,2.977378566E0
3.286327130E1,-1.917276859E0,-2.158246040E0,5.975229740E-1,2.948051938E0
3.286825583E1,-2.062238216E0,-1.959147930E0,7.678155899E-1,2.946290524E0
3.287324036E1,-2.146074772E0,-1.702372551E0,9.447445869E-1,2.897628610E0
3.287822484E1,-2.254928589E0,-1.490856647E0,1.085067272E0,2.912855552E0
3.288321312E1,-2.403183460E0,-1.264860630E0,1.239029408E0,2.985022115E0
3.288819781E1,-2.550107002E0,-1.002871037E0,1.332539797E0,3.047040917E0
3.289318255E1,-2.669394016E0,-7.861943245E-1,1.430702329E0,3.129005446E0
3.289816724E1,-2.801650763E0,-6.266574860E-1,1.452433109E0,3.217376033E0
3.290315786E1,-2.850988150E0,-4.474749565E-1,1.484063029E0,3.245121006E0
3.290814291E1,-2.905917406E0,-3.060421944E-1,1.513648629E0,3.290767383E0
3.291312791E1,-2.892308950E0,-2.405819893E-1,1.500888467E0,3.267414413E0
3.291811291E1,-2.834115267E0,-1.936135292E-1,1.491336584E0,3.208392175E0
3.292308968E1,-2.707577944E0,-1.795716286E-1,1.475676060E0,3.088825687E0
3.292807427E1,-2.543756247E0,-1.983489990E-1,1.444515944E0,2.932006903E0
3.293305885E1,-2.335696697E0,-2.405552864E-1,1.395431995E0,2.731405565E0
3.293804343E1,-2.133813381E0,-3.326716423E-1,1.323340535E0,2.532796901E0
3.294303708E1,-1.933330536E0,-4.316377640E-1,1.242696166E0,2.338455020E0
3.294802213E1,-1.686889172E0,-5.139522552E-1,1.151165724E0,2.105926048E0
3.295300724E1,-1.475774288E0,-6.130661964E-1,1.032088280E0,1.902358044E0
3.295799224E1,-1.259311676E0,-6.931347847E-1,8.448255062E-1,1.667342755E0
3.296298208E1,-1.085451603E0,-7.830038071E-1,7.471696734E-1,1.532828322E0
3.296796739E1,-8.419609070E-1,-8.421912193E-1,6.169852614E-1,1.341214014E0
3.297295265E1,-6.006059647E-1,-8.731064796E-1,4.613526464E-1,1.155806521E0
3.297793796E1,-3.757414818E-1,-9.403853416E-1,3.135098219E-1,1.060091817E0
3.298291822E1,-9.826326370E-2,-1.032242298E0,1.588505507E-1,1.049005876E0
3.298790333E1,1.338496208E-1,-1.127046585E0,-1.003926992E-2,1.135011239E0
3.299288833E1,4.017066956E-1,-1.203475952E0,-1.457167864E-1,1.277088884E0
3.299787333E1,6.741938591E-1,-1.306972504E0,-2.150039077E-1,1.486250707E0
3.300297333E1,9.000759125E-1,-1.386326790E0,-2.750670612E-1,1.675619439E0
3.300799588E1,1.107860088E0,-1.474488258E0,-3.173775673E-1,1.871416073E0
3.301298828E1,1.319668770E0,-1.515982628E0,-3.153319359E-1,2.034493357E0
3.301798067E1,1.499935150E0,-1.570407867E0,-3.047391474E-1,2.192909545E0
3.302288567E1,1.666736603E0,-1.626472473E0,-2.790766656E-1,2.345486601E0
3.302779067E1,1.869116306E0,-1.669027328E0,-1.546328068E-1,2.510609347E0
3.303275151E1,2.081606388E0,-1.709482193E0,-5.101954937E-2,2.694070808E0
3.303773453E1,2.279311657E0,-1.714950562E0,7.218146324E-2,2.853336156E0
3.304273500E1,2.464408398E0,-1.632996559E0,2.241730094E-1,2.964833899E0
3.304771885E1,2.626657963E0,-1.514310837E0,3.066887856E-1,3.047380412E0
3.305270270E1,2.691730499E0,-1.335112572E0,3.458758593E-1,3.024494796E0
3.305768656E1,2.683410168E0,-1.097976685E0,4.106674194E-1,2.928291423E0
3.306267005E1,2.640180588E0,-8.387203217E-1,4.267700613E-1,2.802880304E0
3.306765385E1,2.636261940E0,-6.146879196E-1,4.324724972E-1,2.741304565E0
3.307263770E1,2.575832367E0,-3.804368973E-1,4.635168910E-1,2.644710291E0
3.307762156E1,2.482827187E0,-1.072654724E-1,3.884614706E-1,2.515320861E0
3.308261546E1,2.366879940E0,1.378717422E-1,3.294639289E-1,2.393674111E0
3.308759984E1,2.261288166E0,3.597383499E-1,2.701949179E-1,2.305610796E0
3.309258411E1,2.127899647E0,5.536756516E-1,1.749489903E-1,2.205701880E0
3.309756849E1,1.974175453E0,7.629232407E-1,7.513052225E-2,2.117797249E0
3.310255401E1,1.898441792E0,8.800125122E-1,-2.982616425E-4,2.092487359E0
3.310753838E1,1.814469337E0,9.313731194E-1,-1.322798133E-1,2.043832873E0
3.311252281E1,1.722408295E0,9.386854172E-1,-2.514035404E-1,1.977631004E0
3.311750718E1,1.634231567E0,9.952993393E-1,-3.333876431E-1,1.942287546E0
3.312249948E1,1.557533741E0,1.036808968E0,-4.163160920E-1,1.916821139E0
3.312748432E1,1.487242222E0,1.063144684E0,-4.997303486E-1,1.895229924E0
3.313246911E1,1.435426235E0,1.127015114E0,-6.025291681E-1,1.921887859E0
3.313745390E1,1.407079458E0,1.206962109E0,-6.912541986E-1,1.978500063E0
3.314242968E1,1.397299767E0,1.231209278E0,-8.375107646E-1,2.041995888E0
3.314741401E1,1.420479298E0,1.240537167E0,-9.668645263E-1,2.119320860E0
3.315239833E1,1.411967993E0,1.223035812E0,-1.083696365E0,2.159599042E0
3.315738270E1,1.474570036E0,1.238527775E0,-1.223677874E0,2.281599303E0
3.316237692E1,1.502942085E0,1.224825859E0,-1.405643225E0,2.394758061E0
3.316736171E1,1.547170639E0,1.203497887E0,-1.571501255E0,2.512321704E0
3.317234656E1,1.592825174E0,1.241517544E0,-1.716389656E0,2.650368144E0
3.317733140E1,1.642402887E0,1.255226135E0,-1.816045165E0,2.751563181E0
3.318231395E1,1.674259663E0,1.263780117E0,-1.922953606E0,2.845704864E0
3.318729869E1,1.724301100E0,1.231346607E0,-2.015619278E0,2.924405892E0
3.319228338E1,1.730551958E0,1.225092888E0,-2.079224110E0,2.969652431E0
3.319726812E1,1.791132450E0,1.247409344E0,-2.106605291E0,3.033475132E0
3.320236812E1,1.863661766E0,1.226823807E0,-2.114537716E0,3.074020427E0
3.320746812E1,1.925889254E0,1.234889507E0,-2.083661795E0,3.094454392E0
3.321254890E1,1.999144316E0,1.281063080E0,-1.985392332E0,3.095074041E0
3.321754848E1,2.085427284E0,1.267114639E0,-1.906031728E0,3.096375852E0
3.322245348E1,2.167720556E0,1.295825005E0,-1.831521273E0,3.119718741E0
3.322735848E1,2.260905266E0,1.281246185E0,-1.702240944E0,3.106591161E0
3.323226349E1,2.307528734E0,1.256876945E0,-1.573471665E0,3.062718008E0
3.323716849E1,2.381673336E0,1.248972416E0,-1.440676451E0,3.050876695E0
3.324213843E1,2.428883314E0,1.245764732E0,-1.258471489E0,3.005853358E0
3.324712098E1,2.448874712E0,1.249500275E0,-1.079770923E0,2.953666118E0
3.325210354E1,2.479905367E0,1.255353451E0,-9.311159253E-1,2.931351187E0
3.325708604E1,2.503011227E0,1.304005623E0,-7.793141603E-1,2.927938938E0
3.326207276E1,2.527765036E0,1.371469021E0,-6.078788042E-1,2.939394494E0
3.326705546E1,2.544775486E0,1.424294472E0,-4.241309166E-1,2.946927901E0
3.327203822E1,2.556356907E0,1.488745689E0,-2.714294791E-1,2.970689874E0
3.327702093E1,2.588874102E0,1.605467796E0,-1.331642270E-1,3.049184919E0
3.328201557E1,2.549130678E0,1.683556557E0,1.213669777E-2,3.054926708E0
3.328699895E1,2.585415840E0,1.775629997E0,1.211922765E-1,3.138777552E0
3.329198224E1,2.637906551E0,1.855391026E0,2.155795693E-1,3.232259486E0
3.329696557E1,2.718423367E0,1.855860233E0,3.047972918E-1,3.305592866E0
3.330195552E1,2.812618256E0,1.872791290E0,3.863433003E-1,3.401092444E0
3.330693916E1,2.901019812E0,1.913267612E0,4.677772522E-1,3.506468945E0
3.331192286E1,2.995584488E0,1.941375256E0,5.177664161E-1,3.607013497E0
3.331690651E1,3.127377987E0,1.928452492E0,6.011098623E-1,3.723003512E0
3.332190239E1,3.267500401E0,1.912765503E0,6.580168605E-1,3.842943784E0
3.332688666E1,3.403721809E0,1.870308399E0,7.624285817E-1,3.957862176E0
3.333187093E1,3.538327932E0,1.841727257E0,8.711130619E-1,4.082959933E0
3.333685520E1,3.688057899E0,1.800703049E0,9.146772027E-1,4.204870619E0
3.334183734E1,3.838056803E0,1.716014862E0,9.386412501E-1,4.307718007E0
3.334682151E1,3.938134909E0,1.661860943E0,9.861119986E-1,4.386696391E0
3.335180567E1,4.069717407E0,1.611907959E0,9.851036668E-1,4.486789083E0
3.335678984E1,4.175293922E0,1.511135101E0,9.955394268E-1,4.550572204E0
3.336176708E1,4.242748260E0,1.469550610E0,1.024731398E0,4.605493050E0
3.336675093E1,4.300554276E0,1.467895031E0,9.989287257E-1,4.652670362E0
3.337173474E1,4.391776085E0,1.396112442E0,1.051990747E0,4.726892390E0
3.337671854E1,4.509287834E0,1.292560577E0,1.061707735E0,4.809533546E0
3.338171812E1,4.626334190E0,1.181048393E0,1.025753736E0,4.883647620E0
3.338670270E1,4.702115059E0,1.092617035E0,1.018381357E0,4.933639488E0
3.339168739E1,4.667034149E0,1.000802994E0,9.867439270E-1,4.874061752E0
3.339667198E1,4.557058334E0,9.319086075E-1,9.671652317E-1,4.750857070E0
3.340177198E1,4.405444145E0,8.786201477E-1,9.025395513E-1,4.581974369E0
3.340687198E1,4.243874550E0,8.721714020E-1,8.600509167E-1,4.417107847E0
3.341197198E1,4.087229729E0,8.672266006E-1,8.684820533E-1,4.267527376E0
3.341707198E1,3.890275240E0,8.327503204E-1,9.231490493E-1,4.084105619E0
3.342217198E1,3.715489388E0,7.999496460E-1,1.014739037E0,3.933761068E0
3.342707698E1,3.569183350E0,7.573604584E-1,1.135491610E0,3.821257102E0
3.343198198E1,3.467144251E0,7.022924423E-1,1.297786236E0,3.768096740E0
3.343688698E1,3.442934752E0,6.347827911E-1,1.479897261E0,3.800900525E0
3.344179198E1,3.482115746E0,5.428533554E-1,1.636000395E0,3.885397936E0
3.344669698E1,3.479101181E0,3.761787415E-1,1.792281985E0,3.931657435E0
3.345160198E1,3.503001213E0,1.777515411E-1,1.922255278E0,3.999709797E0
3.345650906E1,3.606129646E0,-6.925296783E-2,1.966227055E0,4.107921108E0
3.346149765E1,3.655808687E0,-3.532714844E-1,2.000827789E0,4.182469335E0
3.346645598E1,3.734297514E0,-7.552881241E-1,2.035075665E0,4.319371602E0
3.347144307E1,3.812294006E0,-1.218030930E0,2.002192974E0,4.475037613E0
3.347643015E1,3.868307590E0,-1.727117538E0,1.966853142E0,4.670679810E0
3.348141724E1,3.897459269E0,-2.268242836E0,1.926855326E0,4.903864370E0
3.348639984E1,3.871113539E0,-2.824682236E0,1.894181967E0,5.152889974E0
3.349138677E1,3.717712164E0,-3.298405647E0,1.882977962E0,5.314740780E0
3.349637364E1,3.447477818E0,-3.677417755E0,1.936020732E0,5.399692669E0
3.350136046E1,3.089980125E0,-3.952004433E0,2.024327755E0,5.409641307E0
3.350633500E1,2.586334229E0,-4.076549530E0,2.135583639E0,5.279024369E0
3.351132125E1,2.013832569E0,-4.039042473E0,2.290799379E0,5.061338510E0
3.351630750E1,1.419033051E0,-3.836810112E0,2.472793102E0,4.780112170E0
3.352129374E1,7.933568954E-1,-3.536529541E0,2.717073441E0,4.529784149E0
3.352627901E1,2.140893936E-1,-3.161825180E0,2.946973562E0,4.327542711E0
3.353126520E1,-3.061003685E-1,-2.762557030E0,3.069064617E0,4.140600971E0
3.353625140E1,-7.528350353E-1,-2.274057388E0,3.169718742E0,3.973061100E0
3.354123760E1,-1.159235239E0,-1.810932159E0,3.339283705E0,3.971664297E0
3.354623479E1,-1.434268475E0,-1.346663475E0,3.556085587E0,4.064034113E0
3.355122151E1,-1.630697250E0,-8.715848923E-1,3.720251322E0,4.154407737E0
3.355620828E1,-1.816212177E0,-4.433546066E-1,3.853941917E0,4.283463351E0
3.356119505E1,-1.979035378E0,-4.520988464E-2,3.990908146E0,4.454881905E0
3.356618421E1,-2.074048996E0,2.677936554E-1,4.109986305E0,4.611440134E0
3.357117109E1,-2.111102581E0,4.502696991E-1,4.206772327E0,4.728258699E0
3.357615796E1,-2.016613483E0,5.236978531E-1,4.300904274E0,4.778992253E0
3.358114484E1,-1.870016575E0,4.713220596E-1,4.340234756E0,4.749394089E0
3.358610583E1,-1.619051456E0,2.788181305E-1,4.320065498E0,4.621907948E0
3.359109135E1,-1.350669622E0,9.651184082E-4,4.278742313E0,4.486863620E0
3.359607692E1,-1.106027365E0,-3.002147675E-1,4.168662071E0,4.323328452E0
3.360106255E1,-8.760104179E-1,-6.225614548E-1,4.052128315E0,4.192221475E0
3.360605380E1,-7.184028625E-1,-9.304037094E-1,3.886292934E0,4.060175674E0
3.361103968E1,-5.711717606E-1,-1.156932831E0,3.716709375E0,3.934292736E0
3.361602552E1,-4.918580055E-1,-1.352529526E0,3.467395782E0,3.754210160E0
3.362101140E1,-4.662795067E-1,-1.474315643E0,3.224875450E0,3.576429066E0
3.362600177E1,-4.320797920E-1,-1.586859703E0,2.929729939E0,3.359781864E0
3.363098786E1,-4.250249863E-1,-1.661401749E0,2.632483959E0,3.141794679E0
3.363597395E1,-4.163670540E-1,-1.755341530E0,2.283402681E0,2.910070998E0
3.364096005E1,-3.988952637E-1,-1.796887398E0,1.933040142E0,2.669188255E0
3.364593270E1,-3.532953262E-1,-1.864877701E0,1.632099509E0,2.503264915E0
3.365091812E1,-3.179931641E-1,-1.928253174E0,1.376325727E0,2.390303843E0
3.365590354E1,-2.761468887E-1,-1.929591179E0,1.230355263E0,2.305071212E0
3.366088895E1,-2.946701050E-1,-1.909616470E0,1.141599536E0,2.244262693E0
3.366585442E1,-3.015832901E-1,-1.875467300E0,1.157817006E0,2.224605649E0
3.367083885E1,-3.088927269E-1,-1.796144485E0,1.228643537E0,2.197979679E0
3.367582322E1,-3.188414574E-1,-1.729080200E0,1.398885846E0,2.246833288E0
3.368080765E1,-3.075137138E-1,-1.691068649E0,1.586717248E0,2.339219846E0
3.368580802E1,-2.964630127E-1,-1.631931305E0,1.827497721E0,2.467962322E0
3.369079322E1,-2.618455887E-1,-1.535076141E0,2.029521704E0,2.558120446E0
3.369577838E1,-2.277832031E-1,-1.474847794E0,2.276012182E0,2.721634188E0
3.370076354E1,-1.966447830E-1,-1.446459770E0,2.491961002E0,2.888041668E0
3.370575156E1,-1.830163002E-1,-1.407029152E0,2.688572168E0,3.040007616E0
3.371073692E1,-2.324800491E-1,-1.339975357E0,2.864759684E0,3.171187313E0
3.371572224E1,-2.612948418E-1,-1.238186836E0,3.053482056E0,3.305319092E0
3.372070760E1,-3.436846733E-1,-1.147185326E0,3.196876287E0,3.413820634E0
3.372568802E1,-4.819302559E-1,-1.102787971E0,3.358644485E0,3.567757119E0
3.373067312E1,-6.281261444E-1,-1.033171654E0,3.492549419E0,3.695928512E0
3.373565822E1,-8.110222816E-1,-9.814281464E-1,3.562184095E0,3.782871116E0
3.374064333E1,-1.025578022E0,-8.684520721E-1,3.624712944E0,3.865819862E0
3.374561848E1,-1.249806404E0,-7.872552872E-1,3.646445036E0,3.934253212E0
3.375060312E1,-1.471793652E0,-7.497663498E-1,3.653511286E0,4.009547462E0
3.375558770E1,-1.710314274E0,-7.078342438E-1,3.607648849E0,4.054791543E0
3.376057229E1,-1.917226553E0,-6.755847931E-1,3.533073664E0,4.076123401E0
3.376555375E1,-2.104404688E0,-6.337842941E-1,3.391965628E0,4.041736315E0
3.377053817E1,-2.266943693E0,-5.871200562E-1,3.252000093E0,4.007399191E0
3.377552260E1,-2.383124590E0,-5.521717072E-1,3.039805651E0,3.901870679E0
3.378050708E1,-2.476881266E0,-5.002040863E-1,2.816024065E0,3.783534917E0
3.378549937E1,-2.558072329E0,-4.696984291E-1,2.607781172E0,3.683052171E0
3.379048416E1,-2.624122381E0,-4.270009995E-1,2.444542408E0,3.611666611E0
3.379546901E1,-2.672709703E0,-3.936824799E-1,2.336648464E0,3.571874732E0
3.380045385E1,-2.677672148E0,-3.339443207E-1,2.253675938E0,3.515750584E0
3.380544531E1,-2.722920656E0,-3.077197075E-1,2.162938118E0,3.491029880E0
3.381043046E1,-2.789303064E0,-2.432422638E-1,2.105841875E0,3.503419528E0
3.381541562E1,-2.809789896E0,-2.409405708E-1,2.121354818E0,3.528897545E0
3.382040078E1,-2.817984819E0,-2.194824219E-1,2.111715317E0,3.528250637E0
3.382538328E1,-2.802035570E0,-2.315688133E-1,2.148665905E0,3.538614506E0
3.383036828E1,-2.766769171E0,-2.676081657E-1,2.220268726E0,3.557558010E0
3.383535333E1,-2.733934164E0,-3.420963287E-1,2.333804131E0,3.610826447E0
3.384033833E1,-2.717889071E0,-4.526205063E-1,2.479067087E0,3.706421447E0
3.384531822E1,-2.716205359E0,-5.154485703E-1,2.610240459E0,3.802211729E0
3.385030302E1,-2.731296778E0,-6.215586662E-1,2.726900101E0,3.909258424E0
3.385528776E1,-2.763092756E0,-7.397847176E-1,2.831134081E0,4.024584847E0
3.386027255E1,-2.804185152E0,-8.436379433E-1,2.934412956E0,4.145595101E0
3.386526036E1,-2.811419249E0,-9.282684326E-1,3.045765162E0,4.247640038E0
3.387024526E1,-2.777470827E0,-1.022215843E0,3.133461475E0,4.310203040E0
3.387523020E1,-2.714456320E0,-1.104033947E0,3.187621832E0,4.329907275E0
3.388021510E1,-2.696638823E0,-1.166628838E0,3.272303343E0,4.397823661E0
3.388518968E1,-2.707194090E0,-1.241053581E0,3.276700258E0,4.427852574E0
3.389017411E1,-2.743700266E0,-1.298571110E0,3.224374771E0,4.428404988E0
3.389515848E1,-2.810853243E0,-1.372590542E0,3.188964128E0,4.467034023E0
3.390014286E1,-2.889343977E0,-1.438999653E0,3.117168188E0,4.487289397E0
3.390513312E1,-2.995673418E0,-1.490386009E0,3.018235922E0,4.506113377E0
3.391011781E1,-3.105674982E0,-1.488265991E0,2.906411886E0,4.506371357E0
3.391510250E1,-3.214440107E0,-1.473212242E0,2.829529524E0,4.528710284E0
3.392008718E1,-3.326546907E0,-1.401980400E0,2.701575756E0,4.508877348E0
3.392507989E1,-3.408455610E0,-1.322393894E0,2.611358643E0,4.492826418E0
3.393006500E1,-3.471943140E0,-1.239025593E0,2.537532330E0,4.475337296E0
3.393505005E1,-3.473808050E0,-1.149296761E0,2.494506598E0,4.428407002E0
3.394003515E1,-3.450114489E0,-1.048529625E0,2.439247847E0,4.353462348E0
3.394501682E1,-3.350852728E0,-9.703812599E-1,2.357704878E0,4.210537505E0
3.395000171E1,-3.214577436E0,-9.221906662E-1,2.300313711E0,4.058988407E0
3.395498666E1,-3.091821432E0,-8.898477554E-1,2.281783581E0,3.944328220E0
3.395997156E1,-2.992411852E0,-8.664426804E-1,2.271258831E0,3.855368761E0
3.396495578E1,-2.916483164E0,-8.617038727E-1,2.259596348E0,3.788691498E0
3.396994067E1,-2.840335846E0,-8.686904907E-1,2.259291172E0,3.731826294E0
3.397492552E1,-2.783194065E0,-9.520516396E-1,2.273082495E0,3.717455522E0
3.397991041E1,-2.752455235E0,-1.021076679E0,2.344281673E0,3.756895523E0
3.398490031E1,-2.755299568E0,-1.083003044E0,2.360778570E0,3.786534928E0
3.398988541E1,-2.751079559E0,-1.173749447E0,2.401507378E0,3.835800332E0
3.399487057E1,-2.811591625E0,-1.269418716E0,2.435374022E0,3.930333061E0
3.399985572E1,-2.907986164E0,-1.367538929E0,2.414639950E0,4.019581115E0
3.400483948E1,-2.970945835E0,-1.484917164E0,2.428005457E0,4.114208142E0
3.400982458E1,-3.095990896E0,-1.671570301E0,2.391919613E0,4.254478386E0
3.401480963E1,-3.165765524E0,-1.889039516E0,2.285157919E0,4.337336552E0
3.401979468E1,-3.261576891E0,-2.101345062E0,2.249045372E0,4.484611463E0
3.402479062E1,-3.330567122E0,-2.399128437E0,2.194781303E0,4.654627759E0
3.402977624E1,-3.394097090E0,-2.664906979E0,2.120234251E0,4.808015967E0
3.403476187E1,-3.452027082E0,-2.941601753E0,2.087435484E0,4.992684524E0
3.403974750E1,-3.478106737E0,-3.140760899E0,2.033980608E0,5.108686975E0
3.404472598E1,-3.553485155E0,-3.302927494E0,1.892952442E0,5.207672775E0
3.404971125E1,-3.644549608E0,-3.466320038E0,1.767336130E0,5.331190622E0
3.405469651E1,-3.705836535E0,-3.575920105E0,1.654502511E0,5.409048676E0
3.405968177E1,-3.780277014E0,-3.710551739E0,1.496667027E0,5.504425556E0
3.406465984E1,-3.815055609E0,-3.867595196E0,1.346119881E0,5.596872397E0
3.406964474E1,-3.848494530E0,-3.987255096E0,1.164192200E0,5.662548616E0
3.407462963E1,-3.930721760E0,-4.067102432E0,9.505083561E-1,5.735447836E0
3.407961453E1,-3.994567394E0,-4.178773403E0,7.860234380E-1,5.834085075E0
3.408459770E1,-4.006494522E0,-4.305414200E0,5.987437963E-1,5.911605867E0
3.408958250E1,-3.999815941E0,-4.401352406E0,3.956718147E-1,5.960451891E0
3.409456729E1,-4.000880718E0,-4.497748852E0,2.487455457E-1,6.024837392E0
3.409955208E1,-4.038326740E0,-4.577826023E0,9.131023288E-2,6.105154504E0
3.410452645E1,-4.138332844E0,-4.617634296E0,-4.079428315E-2,6.200807157E0
3.410951067E1,-4.197727203E0,-4.628935337E0,-1.238140315E-1,6.250062875E0
3.411449500E1,-4.287994862E0,-4.589966297E0,-2.125829458E-1,6.284893161E0
3.411947927E1,-4.387370110E0,-4.560400009E0,-2.255920917E-1,6.332231559E0
3.412447255E1,-4.421589851E0,-4.470792294E0,-1.674029976E-1,6.290187939E0
3.412945729E1,-4.498089314E0,-4.402310848E0,-1.117823273E-1,6.294890274E0
3.413444203E1,-4.561558247E0,-4.263847828E0,-8.199775219E-2,6.244592506E0
3.413942671E1,-4.568921089E0,-4.096144199E0,2.999573946E-2,6.136312978E0
3.414441583E1,-4.505743980E0,-3.951760769E0,1.525946558E-1,5.995116940E0
3.414940078E1,-4.448675156E0,-3.771007061E0,2.907143235E-1,5.839154024E0
3.415438573E1,-4.318794727E0,-3.625749588E0,4.707667530E-1,5.658592520E0
3.415937067E1,-4.092302322E0,-3.449107170E0,6.974915266E-1,5.397200478E0
3.416436072E1,-3.882030487E0,-3.325208187E0,8.776981235E-1,5.186282309E0
3.416934593E1,-3.645232201E0,-3.218501568E0,9.969925284E-1,4.963916220E0
3.417433114E1,-3.398969173E0,-3.091056824E0,1.081734896E0,4.719933698E0
3.417931630E1,-3.165020227E0,-2.924075603E0,1.069572210E0,4.439769801E0
3.418429802E1,-2.993746996E0,-2.768060207E0,1.062994838E0,4.213625092E0
3.418928307E1,-2.827888250E0,-2.529992104E0,1.025918722E0,3.930689663E0
3.419426807E1,-2.619816542E0,-2.315430164E0,8.816287518E-1,3.605818189E0
3.419925307E1,-2.491730928E0,-2.055225372E0,7.447727919E-1,3.314718821E0
3.420422963E1,-2.386564016E0,-1.802445412E0,6.220627427E-1,3.054743741E0
3.420921421E1,-2.244451761E0,-1.552321911E0,4.530587494E-1,2.766320526E0
3.421419880E1,-2.144531012E0,-1.300265312E0,2.444792986E-1,2.519816118E0
3.421918338E1,-2.072288752E0,-1.039050579E0,5.842274427E-2,2.318926474E0
3.422418333E1,-1.955878019E0,-8.499798775E-1,-1.341354847E-1,2.136800633E0
3.422916874E1,-1.901003599E0,-6.568193436E-1,-2.785238028E-1,2.030468380E0
3.423415411E1,-1.902474165E0,-4.426221848E-1,-4.227349758E-1,1.998506244E0
3.423913942E1,-1.835869074E0,-2.959165573E-1,-5.284242034E-1,1.933187524E0
3.424412468E1,-1.737173319E0,-1.664619446E-1,-6.315300465E-1,1.855885481E0
3.424911005E1,-1.666114569E0,-7.811164856E-2,-7.582003474E-1,1.832186386E0
3.425409541E1,-1.543711901E0,-8.102893829E-2,-8.554894924E-1,1.766769479E0
3.425908078E1,-1.360431194E0,-1.153268814E-1,-1.021326303E0,1.705045672E0
3.426406260E1,-1.159536362E0,-2.360820770E-1,-1.154959679E0,1.653538987E0
3.426904776E1,-9.674310684E-1,-3.452110291E-1,-1.303990602E0,1.659965367E0
3.427403296E1,-7.605233192E-1,-3.855419159E-1,-1.367551327E0,1.611593906E0
3.427901807E1,-5.365142822E-1,-4.098072052E-1,-1.448366880E0,1.597985025E0
3.428400093E1,-3.339715004E-1,-4.253377914E-1,-1.538765430E0,1.631026747E0
3.428898599E1,-1.388607025E-1,-4.561986923E-1,-1.645350099E0,1.713060562E0
3.429397109E1,7.717180252E-2,-4.307727814E-1,-1.746175051E0,1.800179987E0
3.429895614E1,2.827734947E-1,-4.926691055E-1,-1.836143732E0,1.922006114E0
3.430393296E1,4.966464043E-1,-5.056171417E-1,-1.926651001E0,2.052873699E0
3.430891760E1,7.042689323E-1,-5.294475555E-1,-2.007752180E0,2.192573433E0
3.431390229E1,8.886771202E-1,-5.474309921E-1,-2.060014009E0,2.309347404E0
3.431888692E1,1.090157986E0,-5.812025070E-1,-2.162148952E0,2.490206594E0
3.432387036E1,1.263047695E0,-6.355037689E-1,-2.215605259E0,2.628319080E0
3.432885494E1,1.431225777E0,-6.695928574E-1,-2.270467758E0,2.766186122E0
3.433383953E1,1.596750259E0,-7.289886475E-1,-2.314522743E0,2.904832416E0
3.433882411E1,1.750002861E0,-7.968807220E-1,-2.297630548E0,2.996103309E0
3.434382442E1,1.855360985E0,-8.635120392E-1,-2.219853401E0,3.019232775E0
3.434880984E1,1.948227406E0,-9.003801346E-1,-2.145864964E0,3.034964720E0
3.435379520E1,2.012037277E0,-9.121894836E-1,-1.987370491E0,2.971535820E0
3.435878057E1,2.039776325E0,-9.539098740E-1,-1.776023149E0,2.867906856E0
3.436375974E1,2.012531996E0,-9.847812653E-1,-1.533900976E0,2.715314232E0
3.436874484E1,1.978633165E0,-9.759464264E-1,-1.223291874E0,2.522677871E0
3.437372989E1,1.909802198E0,-9.320898056E-1,-9.285476804E-1,2.319124110E0
3.437871494E1,1.880365849E0,-9.081935883E-1,-6.882568598E-1,2.198701622E0
3.438370302E1,1.799710512E0,-9.136905670E-1,-4.979700744E-1,2.078884935E0
3.438868822E1,1.720546484E0,-9.126911163E-1,-2.505896688E-1,1.963690520E0
3.439367343E1,1.662390471E0,-8.787879944E-1,-1.863288879E-2,1.880467389E0
3.439865859E1,1.567996025E0,-8.406410217E-1,1.691218615E-1,1.787146067E0
3.440362838E1,1.521003008E0,-8.006677628E-1,3.534222841E-1,1.754829430E0
3.440861281E1,1.504906654E0,-7.300405502E-1,4.554985166E-1,1.733546118E0
3.441359724E1,1.488793135E0,-6.933135986E-1,5.059759617E-1,1.718487829E0
3.441858166E1,1.477339983E0,-6.426715851E-1,6.051424742E-1,1.720975771E0
3.442357078E1,1.501543999E0,-6.044445038E-1,6.885417104E-1,1.758998927E0
3.442855546E1,1.544638634E0,-5.188388824E-1,6.651047468E-1,1.759962107E0
3.443354015E1,1.503669500E0,-3.931217194E-1,6.545144916E-1,1.686403235E0
3.443852479E1,1.438794851E0,-2.224512100E-1,7.715748549E-1,1.647708385E0
3.444351338E1,1.429401398E0,-1.095666885E-1,7.814688683E-1,1.632754362E0
3.444849828E1,1.403574467E0,1.487159729E-2,8.417015076E-1,1.636674640E0
3.445348312E1,1.413937807E0,1.651811600E-1,8.707370162E-1,1.668738412E0
3.445846796E1,1.395847082E0,3.174037933E-1,8.065318465E-1,1.643054431E0
3.446345979E1,1.308707237E0,4.452419281E-1,8.860058784E-1,1.641938313E0
3.446844500E1,1.272416592E0,5.751132965E-1,8.413008451E-1,1.630210538E0
3.447343015E1,1.270517111E0,6.808080673E-1,7.777128220E-1,1.637849379E0
3.447841541E1,1.322213888E0,7.432384491E-1,7.334596515E-1,1.684819284E0
3.448340458E1,1.374856234E0,8.150424957E-1,6.414784193E-1,1.722213255E0
3.448839000E1,1.442590952E0,8.913841248E-1,5.932536125E-1,1.796547846E0
3.449337541E1,1.463298082E0,9.555244446E-1,4.572484493E-1,1.806472913E0
3.449836083E1,1.506485939E0,1.052910805E0,3.195683956E-1,1.865541478E0
3.450335713E1,1.581967831E0,1.119006157E0,2.233515978E-1,1.950559646E0
3.450834307E1,1.684563637E0,1.261335373E0,5.397605896E-2,2.105144884E0
3.451332906E1,1.795032740E0,1.415218353E0,-8.302032948E-2,2.287329862E0
3.451831500E1,1.920610189E0,1.547183037E0,-2.783591747E-1,2.481935269E0
3.452328000E1,2.051247597E0,1.664296627E0,-4.720127583E-1,2.683336731E0
3.452826489E1,2.201550722E0,1.788154125E0,-6.520636678E-1,2.910241877E0
3.453324984E1,2.399722338E0,1.818204880E0,-8.708635569E-1,3.134156923E0
3.453823474E1,2.626197338E0,1.819051266E0,-1.116169930E0,3.384035354E0
3.454321281E1,2.882826567E0,1.819349289E0,-1.330126643E0,3.659229118E0
3.454819739E1,3.104752541E0,1.790396214E0,-1.565020919E0,3.910792428E0
3.455318192E1,3.325253487E0,1.741837502E0,-1.707771778E0,4.124050567E0
3.455816651E1,3.553611994E0,1.714367867E0,-1.848894477E0,4.357249840E0
3.456315838E1,3.791926384E0,1.655366421E0,-2.004809618E0,4.597630400E0
3.456814328E1,3.953699350E0,1.603134632E0,-2.088971138E0,4.750324159E0
3.457312823E1,4.141861916E0,1.610349655E0,-2.161026001E0,4.941485558E0
3.457811317E1,4.258195877E0,1.657841682E0,-2.223205328E0,5.081664403E0
3.458321317E1,4.372987747E0,1.724213600E0,-2.199411869E0,5.189734766E0
3.458827604E1,4.556783676E0,1.797340870E0,-2.199110270E0,5.369431781E0
3.459327010E1,4.665688515E0,1.855709076E0,-2.164553404E0,5.467869505E0
3.459826411E1,4.764367104E0,1.975855350E0,-2.086489201E0,5.563868748E0
3.460316911E1,4.847403049E0,2.064342022E0,-2.010406494E0,5.639198399E0
3.460807411E1,4.884151459E0,2.202587128E0,-1.864838600E0,5.673089858E0
3.461302166E1,4.889099121E0,2.340367794E0,-1.743026733E0,5.693746905E0
3.461800520E1,4.878893852E0,2.501604080E0,-1.596958160E0,5.710683283E0
3.462310520E1,4.906342506E0,2.557209492E0,-1.474341512E0,5.725836189E0
3.462819312E1,4.927654266E0,2.562163830E0,-1.363275290E0,5.718826766E0
3.463318708E1,5.002719879E0,2.571539402E0,-1.184890151E0,5.748389840E0
3.463818114E1,5.073801994E0,2.542241573E0,-9.941406250E-1,5.761490647E0
3.464308614E1,5.121679306E0,2.479020596E0,-8.296532035E-1,5.750257948E0
3.464799114E1,5.134229183E0,2.412969589E0,-6.314008236E-1,5.708011786E0
3.465289614E1,5.142557621E0,2.298622608E0,-3.898811936E-1,5.646376903E0
3.465786255E1,5.165689468E0,2.188613892E0,-1.192636490E-1,5.611470598E0
3.466286208E1,5.155532837E0,2.123420715E0,1.487873793E-1,5.577685188E0
3.466784416E1,5.095290184E0,2.033523560E0,4.736945629E-1,5.506504033E0
3.467282614E1,4.980265617E0,2.009711266E0,8.070788383E-1,5.430779064E0
3.467780812E1,4.880023003E0,2.020742893E0,1.072027206E0,5.389551807E0
3.468279895E1,4.729825974E0,1.942103863E0,1.318593740E0,5.280313495E0
3.468778140E1,4.611230373E0,1.840784073E0,1.620419264E0,5.222804816E0
3.469276385E1,4.457284927E0,1.699975491E0,1.893378258E0,5.132464011E0
3.469774635E1,4.303992748E0,1.522029877E0,2.103626251E0,5.026546720E0
3.470273937E1,4.108264923E0,1.316458702E0,2.298895836E0,4.888335735E0
3.470772239E1,3.932778597E0,1.152655602E0,2.476550579E0,4.788388581E0
3.471270531E1,3.753664017E0,9.683408737E-1,2.665283680E0,4.704403755E0
3.471768838E1,3.525600672E0,7.993469238E-1,2.829076767E0,4.590478293E0
3.472268026E1,3.270375729E0,6.121606827E-1,2.977574348E0,4.464980079E0
3.472766369E1,3.014990330E0,4.021196365E-1,3.101029158E0,4.343759746E0
3.473264713E1,2.714230061E0,1.644849777E-1,3.199665546E0,4.199042717E0
3.473763057E1,2.387824535E0,-6.235504150E-2,3.306903839E0,4.079363573E0
3.474261932E1,2.043397188E0,-2.233219147E-1,3.430070639E0,3.998840999E0
3.474760302E1,1.703425884E0,-3.373699188E-1,3.514130592E0,3.919769384E0
3.475258677E1,1.387485743E0,-4.426717758E-1,3.666868210E0,3.945503448E0
3.475757041E1,1.115053892E0,-5.415134430E-1,3.816354275E0,4.012622826E0
3.476257401E1,9.220395088E-1,-7.032051086E-1,3.945967674E0,4.112823260E0
3.476755869E1,7.975823879E-1,-8.531017303E-1,4.007840633E0,4.174530725E0
3.477254343E1,7.126350403E-1,-1.084531784E0,4.100211620E0,4.300673578E0
3.477752812E1,7.008619308E-1,-1.356608391E0,4.156314850E0,4.427928060E0
3.478249520E1,7.717499733E-1,-1.602287292E0,4.171417713E0,4.534715904E0
3.478747901E1,8.720371723E-1,-1.819396019E0,4.217403412E0,4.675162269E0
3.479246286E1,9.298818111E-1,-2.024717331E0,4.212960243E0,4.765836177E0
3.479744671E1,9.690957069E-1,-2.139409065E0,4.184348106E0,4.798435861E0
3.480254671E1,9.976327419E-1,-2.216872215E0,4.261022091E0,4.905721432E0
3.480764671E1,1.014722347E0,-2.278039932E0,4.281749725E0,4.955048747E0
3.481266609E1,1.009528637E0,-2.379825592E0,4.258242130E0,4.981500171E0
3.481766218E1,1.021826267E0,-2.469944954E0,4.278897762E0,5.045168288E0
3.482256718E1,1.076447010E0,-2.591012001E0,4.290543556E0,5.126484698E0
3.482747218E1,1.078794956E0,-2.753108978E0,4.324423313E0,5.238706386E0
3.483237718E1,1.076707363E0,-2.929899216E0,4.275168419E0,5.293455693E0
3.483732088E1,1.096001625E0,-3.073773384E0,4.224185467E0,5.337887713E0
3.484232026E1,1.079132080E0,-3.263761520E0,4.214251518E0,5.438435544E0
3.484730307E1,1.037013531E0,-3.408287048E0,4.204346657E0,5.510748450E0
3.485228588E1,9.837851524E-1,-3.512295723E0,4.191847324E0,5.556585144E0
3.485726869E1,9.149398804E-1,-3.594816208E0,4.186100483E0,5.593143643E0
3.486225203E1,8.234353065E-1,-3.622325897E0,4.208287239E0,5.613285321E0
3.486723489E1,6.951394081E-1,-3.589993477E0,4.205498695E0,5.572924837E0
3.487221770E1,5.231680870E-1,-3.512084007E0,4.158537388E0,5.468260430E0
3.487720057E1,3.987789154E-1,-3.407569885E0,4.124761105E0,5.365091921E0
3.488219135E1,2.815032005E-1,-3.257180214E0,3.994325161E0,5.161695505E0
3.488717458E1,2.167315483E-1,-3.166157722E0,3.815536261E0,4.962846385E0
3.489215776E1,1.157135963E-1,-2.959946632E0,3.641498089E0,4.694164679E0
3.489714104E1,1.911687851E-2,-2.660184860E0,3.451184273E0,4.357478839E0
3.490213614E1,-1.044712067E-1,-2.334093094E0,3.235451221E0,3.990870758E0
3.490711994E1,-1.856055260E-1,-1.936170578E0,3.107513905E0,3.666039905E0
3.491210380E1,-2.630095482E-1,-1.483459473E0,3.031725168E0,3.385436977E0
3.491708760E1,-3.585338593E-1,-1.012073517E0,2.996240616E0,3.182812775E0
3.492207552E1,-4.964704514E-1,-6.155385971E-1,3.003442287E0,3.105806859E0
3.492705953E1,-6.743063927E-1,-2.721977234E-1,3.058001995E0,3.143271689E0
3.493204354E1,-7.344555855E-1,1.306056976E-2,3.126513481E0,3.211647884E0
3.493702755E1,-7.608280182E-1,2.593879700E-1,3.132438183E0,3.233931100E0
3.494201895E1,-7.324371338E-1,3.708534241E-1,3.078284025E0,3.185879621E0
3.494700333E1,-6.472425461E-1,3.091897964E-1,2.957303762E0,3.043052216E0
3.495198776E1,-5.272612572E-1,1.508445740E-1,2.846340656E0,2.898691714E0
3.495697213E1,-3.919248581E-1,-1.018648148E-1,2.692924261E0,2.723200803E0
3.496195348E1,-2.774810791E-1,-3.605899811E-1,2.516647816E0,2.557447382E0
3.496693776E1,-2.154226303E-1,-6.543483734E-1,2.351226568E0,2.450070423E0
3.497192198E1,-2.582798004E-1,-9.472503662E-1,2.201621056E0,2.410627923E0
3.497690624E1,-3.796291351E-1,-1.227400780E0,2.096522808E0,2.458869423E0
3.498190067E1,-5.745310783E-1,-1.456550598E0,1.978682280E0,2.523253687E0
3.498688541E1,-8.542957306E-1,-1.643917084E0,1.922664404E0,2.670004304E0
3.499187015E1,-1.120275497E0,-1.889653206E0,1.856497765E0,2.876176347E0
3.499685494E1,-1.336241245E0,-2.116886616E0,1.806598186E0,3.087158340E0
3.500195494E1,-1.543798923E0,-2.355076790E0,1.710613489E0,3.294829330E0
3.500700020E1,-1.733437538E0,-2.504231453E0,1.590897560E0,3.436122221E0
3.501199317E1,-1.943383217E0,-2.626520157E0,1.392675519E0,3.551744862E0
3.501698609E1,-2.154834747E0,-2.705488682E0,1.257157326E0,3.680139445E0
3.502189109E1,-2.359280109E0,-2.730460644E0,1.103062153E0,3.773375687E0
3.502679609E1,-2.605181456E0,-2.706757069E0,9.375586510E-1,3.872017623E0
3.503173177E1,-2.816091776E0,-2.663195133E0,7.893534899E-1,3.955510099E0
3.503671374E1,-2.999002695E0,-2.575662613E0,6.918361187E-1,4.013314375E0
3.504171406E1,-3.148754358E0,-2.505983353E0,6.114129424E-1,4.070433928E0
3.504669698E1,-3.303087473E0,-2.391435146E0,5.789661407E-1,4.118804524E0
3.505167989E1,-3.414163828E0,-2.260726929E0,6.085229516E-1,4.139770655E0
3.505666281E1,-3.458177805E0,-2.125859261E0,6.901842952E-1,4.117599505E0
3.506165687E1,-3.487919569E0,-1.989257812E0,7.856574655E-1,4.091452947E0
3.506664031E1,-3.489036798E0,-1.848516941E0,9.542779326E-1,4.062147097E0
3.507162380E1,-3.490406752E0,-1.732507229E0,1.159441352E0,4.065565746E0
3.507660729E1,-3.449160337E0,-1.641355991E0,1.460569620E0,4.089501209E0
3.508159666E1,-3.432576418E0,-1.563359737E0,1.742210627E0,4.154752989E0
3.508658041E1,-3.447834253E0,-1.460278988E0,2.054292202E0,4.270842096E0
3.509156421E1,-3.425709963E0,-1.365789413E0,2.413091183E0,4.407252946E0
3.509654796E1,-3.423955202E0,-1.280192375E0,2.689097643E0,4.538018056E0
3.510153651E1,-3.411655188E0,-1.191713810E0,2.992148638E0,4.691750888E0
3.510652052E1,-3.400781393E0,-1.150576591E0,3.195250988E0,4.806117919E0
3.511150453E1,-3.422486544E0,-1.130475998E0,3.348613739E0,4.919817486E0
3.511648854E1,-3.409773588E0,-1.119424343E0,3.452119112E0,4.979637853E0
3.512146958E1,-3.401051760E0,-1.122281551E0,3.465149164E0,4.983365096E0
3.512645343E1,-3.379590273E0,-1.052927017E0,3.459689856E0,4.949721165E0
3.513143729E1,-3.357411146E0,-1.002352238E0,3.419036865E0,4.895582978E0
3.513642114E1,-3.325030565E0,-9.920949936E-1,3.312427998E0,4.797109544E0
3.514141432E1,-3.277781725E0,-9.982571602E-1,3.121100664E0,4.634828988E0
3.514639864E1,-3.208665133E0,-1.006589413E0,2.936359882E0,4.464410772E0
3.515138296E1,-3.136773109E0,-1.019380569E0,2.693875551E0,4.258573443E0
3.515636724E1,-3.055153370E0,-1.051150322E0,2.408478022E0,4.029844351E0
3.516134828E1,-2.983020782E0,-1.058904171E0,2.163948774E0,3.834366353E0
3.516633244E1,-2.941778183E0,-1.056880474E0,1.924584389E0,3.670841904E0
3.517131656E1,-2.869274139E0,-1.052287579E0,1.685923338E0,3.490326738E0
3.517630073E1,-2.804187298E0,-1.055071831E0,1.493647218E0,3.347779112E0
3.518129817E1,-2.756170750E0,-1.048575401E0,1.254623175E0,3.204694507E0
3.518628302E1,-2.737200737E0,-1.085464001E0,1.033506751E0,3.120678801E0
3.519126781E1,-2.720966339E0,-1.074817181E0,8.425893784E-1,3.044478059E0
3.519625265E1,-2.745799541E0,-1.088520050E0,6.866323352E-1,3.032450327E0
3.520135265E1,-2.761906624E0,-1.127017021E0,5.470205545E-1,3.032742497E0
3.520645265E1,-2.778487206E0,-1.151633263E0,4.690719247E-1,3.044056306E0
3.521155265E1,-2.805081844E0,-1.181495667E0,3.834890127E-1,3.067813551E0
3.521655630E1,-2.893817902E0,-1.283081055E0,3.281922936E-1,3.182481614E0
3.522155588E1,-3.023298740E0,-1.375217915E0,3.081095219E-1,3.335639528E0
3.522646088E1,-3.087593555E0,-1.471593380E0,3.798825741E-1,3.441385159E0
3.523136588E1,-3.189986706E0,-1.606121540E0,4.739579558E-1,3.602815250E0
3.523627088E1,-3.258488178E0,-1.702032566E0,6.426074505E-1,3.731970579E0
3.524117588E1,-3.345717907E0,-1.783280373E0,8.423957825E-1,3.883754350E0
3.524609901E1,-3.413375854E0,-1.854673386E0,1.068132520E0,4.028877657E0
3.525108187E1,-3.466457367E0,-1.918853760E0,1.271687508E0,4.161191602E0
3.525606484E1,-3.502311707E0,-1.958797455E0,1.455042601E0,4.268515401E0
3.526104776E1,-3.535295486E0,-2.031960011E0,1.605484247E0,4.382323052E0
3.526614776E1,-3.585020781E0,-2.093434334E0,1.730041862E0,4.497542234E0
3.527124776E1,-3.646131277E0,-2.183289051E0,1.808715463E0,4.618709343E0
3.527634776E1,-3.773544550E0,-2.239251137E0,1.819652200E0,4.750265072E0
3.528141239E1,-3.899798632E0,-2.258454323E0,1.810535789E0,4.856653697E0
3.528631739E1,-4.029269218E0,-2.249992847E0,1.781379819E0,4.946796166E0
3.529122239E1,-4.195857048E0,-2.221574783E0,1.696347952E0,5.041647276E0
3.529612739E1,-4.365960121E0,-2.149201870E0,1.565135956E0,5.111783154E0
3.530103239E1,-4.513031960E0,-2.080421925E0,1.438414216E0,5.173456128E0
3.530593739E1,-4.617805481E0,-2.046058178E0,1.290463209E0,5.213039116E0
3.531091198E1,-4.718642712E0,-2.065232277E0,1.080872774E0,5.262989583E0
3.531590114E1,-4.736507893E0,-2.104202271E0,9.775025249E-1,5.274247377E0
3.532089036E1,-4.685750961E0,-2.165153027E0,8.325269222E-1,5.228503684E0
3.532587437E1,-4.659720421E0,-2.267124653E0,6.442881227E-1,5.221872823E0
3.533086333E1,-4.610533714E0,-2.381290436E0,5.184690952E-1,5.215014427E0
3.533585224E1,-4.468937397E0,-2.469446182E0,4.956539869E-1,5.129838085E0
3.534084119E1,-4.347544670E0,-2.536486149E0,4.471153021E-1,5.053198862E0
3.534581005E1,-4.268121719E0,-2.585062981E0,3.594750166E-1,5.002862772E0
3.535079796E1,-4.242615700E0,-2.629544735E0,3.049578071E-1,5.000729222E0
3.535578593E1,-4.206323624E0,-2.619581223E0,2.552148700E-1,4.961904759E0
3.536077385E1,-4.077888489E0,-2.650776863E0,2.248079777E-1,4.868914780E0
3.536574276E1,-3.929209471E0,-2.742275715E0,2.160779238E-1,4.796399987E0
3.537072974E1,-3.722236872E0,-2.889420033E0,2.292782068E-1,4.717665095E0
3.537571666E1,-3.531519890E0,-3.025611401E0,2.119012475E-1,4.655197012E0
3.538070364E1,-3.359416485E0,-3.141299248E0,1.758925915E-1,4.602649051E0
3.538569442E1,-3.182160378E0,-3.234389305E0,1.016930938E-1,4.538475551E0
3.539068156E1,-3.045207500E0,-3.379143715E0,6.283110380E-2,4.549269031E0
3.539566874E1,-2.922166824E0,-3.525302887E0,1.575249434E-2,4.578981059E0
3.540065593E1,-2.844116688E0,-3.672939301E0,-3.999572992E-2,4.645544370E0
3.540562760E1,-2.825308323E0,-3.762277126E0,-1.167550087E-1,4.706455994E0
3.541061401E1,-2.772313118E0,-3.857905388E0,-1.744335890E-1,4.753901669E0
3.541560041E1,-2.732828617E0,-3.952485561E0,-2.348967791E-1,4.810994789E0
3.542058677E1,-2.706874847E0,-4.036537170E0,-2.434598505E-1,4.866217881E0
3.542556541E1,-2.701433659E0,-4.184045315E0,-2.962249219E-1,4.989161073E0
3.543055140E1,-2.673357010E0,-4.275284767E0,-3.452787399E-1,5.054118613E0
3.543553744E1,-2.653756618E0,-4.331878662E0,-3.884370327E-1,5.094946542E0
3.544052343E1,-2.668783188E0,-4.387191772E0,-4.710210860E-1,5.156715642E0
3.544550578E1,-2.699070454E0,-4.395620823E0,-4.952448308E-1,5.181865608E0
3.545049161E1,-2.756445408E0,-4.335611343E0,-5.497012734E-1,5.166980598E0
3.545547744E1,-2.857411861E0,-4.295516968E0,-5.457037091E-1,5.187876358E0
3.546046323E1,-2.941918373E0,-4.198580265E0,-5.214018226E-1,5.153136891E0
3.546544583E1,-2.950020313E0,-4.047084332E0,-4.812883437E-1,5.031217537E0
3.547043145E1,-2.972640991E0,-3.869772434E0,-4.751940668E-1,4.902809659E0
3.547541713E1,-2.909269810E0,-3.649923801E0,-3.905325532E-1,4.683834995E0
3.548040276E1,-2.791162014E0,-3.514441490E0,-3.372133374E-1,4.500621869E0
3.548537869E1,-2.637811661E0,-3.375078201E0,-3.098571002E-1,4.294789243E0
3.549036380E1,-2.408680916E0,-3.291741371E0,-2.940332592E-1,4.089469472E0
3.549534901E1,-2.223868370E0,-3.231347084E0,-2.747308314E-1,3.932260359E0
3.550033416E1,-2.057193756E0,-3.151034832E0,-2.900946438E-1,3.774284245E0
3.550530755E1,-1.928212643E0,-3.039352894E0,-2.108480036E-1,3.605568872E0
3.551029208E1,-1.834347248E0,-2.843605995E0,-1.398067474E-1,3.386808351E0
3.551527666E1,-1.809301376E0,-2.626361370E0,-2.839565277E-3,3.189255960E0
3.552026124E1,-1.881910324E0,-2.320930481E0,1.688428521E-1,2.992793457E0
3.552525828E1,-1.967787266E0,-1.960406303E0,3.603397012E-1,2.800932755E0
3.553024343E1,-2.074331284E0,-1.640776634E0,5.594325662E-1,2.703324441E0
3.553522864E1,-2.141345024E0,-1.328207970E0,8.253728747E-1,2.651553376E0
3.554021385E1,-2.135313511E0,-1.051360607E0,1.062064052E0,2.606319813E0
3.554519729E1,-2.173737526E0,-7.602500916E-1,1.266733766E0,2.628255974E0
3.555018239E1,-2.163347244E0,-5.004167557E-1,1.441388369E0,2.647279482E0
3.555516744E1,-2.149809837E0,-2.839512825E-1,1.542932034E0,2.661381207E0
3.556015255E1,-2.090044022E0,-9.405231476E-2,1.626211643E0,2.649847950E0
3.556514354E1,-2.010469913E0,3.576135635E-2,1.614560962E0,2.578773981E0
3.557012890E1,-1.894607544E0,8.622550964E-2,1.579822779E0,2.468362331E0
3.557511427E1,-1.771218777E0,1.147999763E-1,1.500421405E0,2.324147022E0
3.558009968E1,-1.671736240E0,1.499381065E-1,1.407699108E0,2.190616414E0
3.558508406E1,-1.579293728E0,1.439070702E-1,1.287547350E0,2.042708032E0
3.559006942E1,-1.479597569E0,1.517066956E-1,1.108916521E0,1.855241153E0
3.559505479E1,-1.367722511E0,1.351919174E-1,9.341892600E-1,1.661821680E0
3.560004010E1,-1.224808693E0,1.372628212E-1,7.518089414E-1,1.443680747E0
3.560502510E1,-1.067711830E0,1.387186050E-1,5.498940945E-1,1.208980942E0
3.561001046E1,-8.989491463E-1,1.395006180E-1,3.717094064E-1,9.827196308E-1
3.561499578E1,-6.804933548E-1,1.466550827E-1,2.127380967E-1,7.278986310E-1
3.561998109E1,-4.794750214E-1,1.314125061E-1,1.790755987E-2,4.974798725E-1
3.562495739E1,-3.129873276E-1,1.007471085E-1,-1.693829894E-1,3.698670629E-1
3.562994224E1,-1.665387154E-1,5.956649780E-2,-2.821713388E-1,3.330224854E-1
3.563492713E1,1.473808289E-2,1.019382477E-2,-4.209607244E-1,4.213419711E-1
3.563991198E1,1.851553917E-1,-6.658077240E-2,-4.754132926E-1,5.145224166E-1
3.564489666E1,3.541240692E-1,-1.062355042E-1,-4.670935869E-1,5.957065198E-1
3.564988151E1,4.952316284E-1,-1.255779266E-1,-4.676575661E-1,6.926238377E-1
3.565486640E1,6.513204575E-1,-1.893024445E-1,-3.932022452E-1,7.840036731E-1
3.565985124E1,7.839283943E-1,-2.448368073E-1,-3.037917316E-1,8.756587268E-1
3.566484046E1,8.715405464E-1,-2.897777557E-1,-1.851474047E-1,9.369277631E-1
3.566982552E1,9.379968643E-1,-3.313732147E-1,1.504027843E-2,9.949233814E-1
3.567481062E1,9.952945709E-1,-3.576402664E-1,1.481697559E-1,1.067928893E0
3.567979567E1,1.033777237E0,-4.045200348E-1,2.856994867E-1,1.146279212E0
3.568477229E1,1.038969517E0,-4.696836472E-1,4.583398700E-1,1.228875837E0
3.568975692E1,1.035098076E0,-5.146713257E-1,5.939299464E-1,1.299641251E0
3.569474156E1,9.265074730E-1,-5.442972183E-1,6.658927798E-1,1.264155352E0
3.569972619E1,7.828841209E-1,-5.345211029E-1,7.172704339E-1,1.188737663E0
3.570472088E1,6.787652969E-1,-5.138664246E-1,7.262973785E-1,1.119057153E0
3.570970604E1,4.755864143E-1,-4.511442184E-1,7.719163895E-1,1.012703538E0
3.571469119E1,3.338713646E-1,-3.797702789E-1,7.439786792E-1,8.995553501E-1
3.571967635E1,2.013525963E-1,-2.708234787E-1,7.117598653E-1,7.877120860E-1
3.572464765E1,4.240417480E-2,-1.887407303E-1,6.755436659E-1,7.026951130E-1
3.572963213E1,-1.067814827E-1,-1.214027405E-1,6.444827914E-1,6.644538952E-1
3.573461651E1,-2.149977684E-1,-9.262180328E-2,5.948217511E-1,6.392305957E-1
3.573960104E1,-3.083138466E-1,-8.946418762E-3,5.408520699E-1,6.226222192E-1
3.574460145E1,-4.032177925E-1,1.177301407E-1,5.208019614E-1,6.690886767E-1
3.574958671E1,-4.829874039E-1,2.347526550E-1,4.704502821E-1,7.139391496E-1
3.575457198E1,-5.092692375E-1,3.182649612E-1,4.496401548E-1,7.502159760E-1
3.575955718E1,-5.419611931E-1,4.543628693E-1,3.963500857E-1,8.107163143E-1
3.576454619E1,-5.162715912E-1,5.378780365E-1,3.680933714E-1,8.314697036E-1
3.576953161E1,-4.609785080E-1,5.999469757E-1,2.956099510E-1,8.122947751E-1
3.577451708E1,-3.523416519E-1,6.739931107E-1,2.197883725E-1,7.916554058E-1
3.577950250E1,-2.264504433E-1,6.594843864E-1,1.072875261E-1,7.054856997E-1
3.578448244E1,-1.171183586E-1,6.830940247E-1,-3.451275826E-2,6.939202310E-1
3.578946760E1,-2.694416046E-2,6.920485497E-1,-1.695883870E-1,7.130339430E-1
3.579445276E1,5.116319656E-2,6.887440681E-1,-2.903862596E-1,7.492064094E-1
3.579943791E1,8.112096786E-2,7.328705788E-1,-4.828721285E-1,8.813883305E-1
3.580441578E1,8.943986893E-2,7.647104263E-1,-6.462496519E-1,1.005196567E0
3.580940057E1,1.288042068E-1,7.962641716E-1,-7.996948361E-1,1.135842853E0
3.581438541E1,1.561341286E-1,8.084802628E-1,-9.498852491E-1,1.257099912E0
3.581937015E1,1.881661415E-1,7.798852921E-1,-1.053639889E0,1.324305320E0
3.582435724E1,2.153053284E-1,8.181829453E-1,-1.151332736E0,1.428757077E0
3.582934213E1,2.781457901E-1,8.013463020E-1,-1.226062536E0,1.490889104E0
3.583432703E1,2.690744400E-1,7.869009972E-1,-1.303944945E0,1.546572551E0
3.583931198E1,2.527837753E-1,7.701520920E-1,-1.353567004E0,1.577712748E0
3.584429578E1,2.723989487E-1,7.822737694E-1,-1.338906765E0,1.574428392E0
3.584928062E1,2.728791237E-1,8.280572891E-1,-1.293352127E0,1.559776143E0
3.585426546E1,3.356170654E-1,8.405747414E-1,-1.286173344E0,1.572719486E0
3.585925031E1,4.103517532E-1,8.270688057E-1,-1.231249690E0,1.538963018E0
3.586424270E1,5.018315315E-1,8.138766289E-1,-1.169303298E0,1.510463590E0
3.586922796E1,6.147270203E-1,7.722649574E-1,-1.093201160E0,1.472878560E0
3.587421317E1,7.444281578E-1,7.262487411E-1,-1.031848192E0,1.465032835E0
3.587919838E1,8.667712212E-1,6.685380936E-1,-9.399181604E-1,1.442803410E0
3.588417817E1,1.034287453E0,6.468944550E-1,-7.531203628E-1,1.433671249E0
3.588916312E1,1.156131268E0,6.349744797E-1,-5.865623355E-1,1.443567619E0
3.589414807E1,1.280094624E0,6.159429550E-1,-3.998279572E-1,1.475767720E0
3.589913307E1,1.432407856E0,6.160058975E-1,-2.292605639E-1,1.576012671E0
3.590412067E1,1.555651665E0,5.920352936E-1,-5.846774578E-2,1.665525853E0
3.590910578E1,1.690510750E0,5.631446838E-1,1.313861609E-1,1.786678721E0
3.591409088E1,1.846415281E0,5.148677826E-1,2.800852060E-1,1.937210868E0
3.591907598E1,1.999549150E0,4.496364594E-1,4.185125828E-1,2.091774972E0
3.592405671E1,2.135425329E0,4.749164581E-1,5.246174335E-1,2.249624509E0
3.592904156E1,2.282647848E0,5.259180069E-1,6.339192390E-1,2.426710644E0
3.593402645E1,2.388570547E0,5.259990692E-1,7.244312763E-1,2.550832208E0
3.593901135E1,2.491518497E0,5.564308167E-1,7.286709547E-1,2.654852357E0
3.594399974E1,2.565143108E0,5.979938507E-1,7.039880753E-1,2.726381305E0
3.594898479E1,2.640631914E0,6.745767593E-1,5.641598701E-1,2.783211647E0
3.595396984E1,2.703716755E0,7.981081009E-1,3.929911852E-1,2.846313915E0
3.595895489E1,2.749484062E0,9.183292389E-1,1.766479015E-1,2.904168673E0
3.596393323E1,2.794588566E0,1.013682842E0,-1.779055595E-2,2.972809220E0
3.596891796E1,2.834422350E0,1.077136993E0,-2.928981781E-1,3.046303252E0
3.597390265E1,2.914362907E0,1.132699013E0,-5.954989195E-1,3.182944733E0
3.597888739E1,2.996170521E0,1.130252838E0,-8.319544196E-1,3.308573322E0
3.598389239E1,3.072776318E0,1.093898773E0,-1.102391243E0,3.442939918E0
3.598887812E1,3.160484314E0,1.052322388E0,-1.334397554E0,3.588406379E0
3.599386385E1,3.245039463E0,9.865198135E-1,-1.565932512E0,3.735725779E0
3.599884958E1,3.302559137E0,9.277000427E-1,-1.755996585E0,3.853705779E0
3.600381198E1,3.354374409E0,8.400344849E-1,-1.925567627E0,3.957940916E0
3.600879656E1,3.417547226E0,7.619638443E-1,-2.072258949E0,4.068719098E0
3.601378109E1,3.455857515E0,6.743135452E-1,-2.164627075E0,4.133190087E0
3.601876567E1,3.452591658E0,5.795249939E-1,-2.188276291E0,4.128533819E0
3.602377848E1,3.474990845E0,4.849128723E-1,-2.253196716E0,4.169843799E0
3.602876453E1,3.532312870E0,4.000921249E-1,-2.263056040E0,4.214110886E0
3.603375046E1,3.555061340E0,3.345746994E-1,-2.256257296E0,4.223872435E0
3.603873645E1,3.588644266E0,2.452983856E-1,-2.239932775E0,4.237432926E0
3.604370390E1,3.609182358E0,1.992740631E-1,-2.240420341E0,4.252692177E0
3.604868901E1,3.597629070E0,1.749773026E-1,-2.214599371E0,4.228238683E0
3.605367406E1,3.644819021E0,1.604394913E-1,-2.176720142E0,4.248359343E0
3.605865911E1,3.643134832E0,2.130899429E-1,-2.088437080E0,4.204688831E0
3.606363932E1,3.668980122E0,2.658395767E-1,-1.992815733E0,4.183706534E0
3.606862416E1,3.652834415E0,3.521089554E-1,-1.873139620E0,4.120173785E0
3.607360895E1,3.685251236E0,4.837055206E-1,-1.750824213E0,4.108580427E0
3.607859380E1,3.689765692E0,6.055355072E-1,-1.590352178E0,4.063282437E0
3.608357505E1,3.661471128E0,7.246847153E-1,-1.401490808E0,3.986943095E0
3.608855974E1,3.660020351E0,7.836513519E-1,-1.194033861E0,3.928813469E0
3.609354437E1,3.716416121E0,8.278398514E-1,-9.731259346E-1,3.929890798E0
3.609852895E1,3.732241392E0,8.666772842E-1,-7.747793198E-1,3.909096867E0
3.610353630E1,3.745727301E0,8.641729355E-1,-5.587059259E-1,3.884510289E0
3.610852213E1,3.747287989E0,8.297853470E-1,-3.590220213E-1,3.854816183E0
3.611350786E1,3.720095634E0,7.299766541E-1,-1.520155668E-1,3.794085684E0
3.611849364E1,3.680981874E0,6.006574631E-1,-2.470850945E-3,3.729667955E0
3.612346088E1,3.637250423E0,3.486032486E-1,1.086378098E-1,3.655532388E0
3.612844572E1,3.622312307E0,3.369045258E-2,2.267276049E-1,3.629557398E0
3.613343062E1,3.566936493E0,-2.866344452E-1,2.917119265E-1,3.590305154E0
3.613841546E1,3.492942095E0,-5.716333389E-1,3.371106386E-1,3.555425816E0
3.614339656E1,3.367110491E0,-8.380060196E-1,3.701471090E-1,3.489512291E0
3.614838119E1,3.247225285E0,-1.085652351E0,4.482367039E-1,3.453118767E0
3.615336588E1,3.112011194E0,-1.273852348E0,5.067555904E-1,3.400605050E0
3.615835057E1,2.918800592E0,-1.440829277E0,5.719034672E-1,3.304914444E0
3.616333546E1,2.739868164E0,-1.607895851E0,6.056326628E-1,3.234037345E0
3.616832015E1,2.592506647E0,-1.767602921E0,6.559659243E-1,3.205589196E0
3.617330484E1,2.488641500E0,-1.886437416E0,7.278573513E-1,3.206518200E0
3.617828948E1,2.423647404E0,-1.983431816E0,7.593795061E-1,3.222534056E0
3.618328395E1,2.419025898E0,-2.039430618E0,7.961939573E-1,3.262650511E0
3.618826911E1,2.481864452E0,-2.078368187E0,8.456217051E-1,3.345794606E0
3.619325427E1,2.571311951E0,-2.038084984E0,8.864204884E-1,3.398702227E0
3.619823937E1,2.658233643E0,-1.981055260E0,9.639358521E-1,3.452529271E0
3.620321848E1,2.728060007E0,-1.928916931E0,1.035129189E0,3.497788497E0
3.620820338E1,2.771131992E0,-1.845904350E0,1.121276021E0,3.513373778E0
3.621318822E1,2.775215149E0,-1.670055389E0,1.195938349E0,3.452705122E0
3.621817312E1,2.697370052E0,-1.480402946E0,1.335543394E0,3.354262101E0
3.622315234E1,2.602045059E0,-1.200603485E0,1.489531398E0,3.229673513E0
3.622813692E1,2.472533703E0,-8.738641739E-1,1.566779017E0,3.054808995E0
3.623312145E1,2.316142082E0,-4.907045364E-1,1.727261662E0,2.930654865E0
3.623810604E1,2.156780720E0,-1.613378525E-1,1.903241277E0,2.880982529E0
3.624310437E1,2.037311554E0,1.500301361E-1,2.084879398E0,2.918881552E0
3.624808963E1,1.907503128E0,3.716278076E-1,2.231133938E0,2.958823087E0
3.625307494E1,1.807939053E0,5.034742355E-1,2.315472126E0,2.980526982E0
3.625806015E1,1.717023849E0,5.312547684E-1,2.399851799E0,2.998281372E0
3.626303968E1,1.627485275E0,5.076103210E-1,2.464914083E0,2.997028194E0
3.626802463E1,1.515165806E0,4.516239166E-1,2.479751825E0,2.940894540E0
3.627300963E1,1.375453949E0,2.964468002E-1,2.494708538E0,2.864144717E0
3.627799463E1,1.263367176E0,1.761083603E-1,2.411898136E0,2.728436071E0
3.628298026E1,1.111893177E0,3.556156158E-2,2.291407585E0,2.547178789E0
3.628796526E1,9.547781944E-1,-1.321840286E-1,2.085834980E0,2.297777531E0
3.629295026E1,8.927087784E-1,-3.101844788E-1,1.898442268E0,2.120666504E0
3.629793531E1,7.799487114E-1,-4.982423782E-1,1.681781411E0,1.919623446E0
3.630292343E1,7.171087265E-1,-6.579570770E-1,1.407628179E0,1.711306381E0
3.630790859E1,6.850824356E-1,-8.012256622E-1,1.090706468E0,1.516885330E0
3.631289375E1,6.264252663E-1,-9.255723953E-1,7.699837685E-1,1.357191172E0
3.631787895E1,5.890655518E-1,-9.687652588E-1,4.146703482E-1,1.207251361E0
3.632285875E1,5.541586876E-1,-1.007148743E0,1.042467356E-1,1.154256394E0
3.632784364E1,5.288777351E-1,-1.043078423E0,-1.635175943E-1,1.180873515E0
3.633282854E1,4.941239357E-1,-1.040584564E0,-4.169622660E-1,1.225084581E0
3.633781343E1,4.452567101E-1,-9.421463013E-1,-6.866354346E-1,1.247942872E0
3.634279416E1,4.039978981E-1,-8.122844696E-1,-8.694362640E-1,1.256558705E0
3.634777885E1,3.535408974E-1,-6.176233292E-1,-9.632227421E-1,1.197600849E0
3.635276354E1,3.010354042E-1,-4.539031982E-1,-1.011076093E0,1.148444728E0
3.635774822E1,2.393732071E-1,-2.828073502E-1,-9.748603106E-1,1.042896042E0
3.636273651E1,2.115440369E-1,-1.211967468E-1,-9.028762579E-1,9.352139157E-1
3.636772135E1,1.504006386E-1,1.645088196E-2,-7.547065020E-1,7.697226044E-1
3.637270624E1,7.977819443E-2,1.300258636E-1,-5.331388116E-1,5.545342892E-1
3.637769114E1,2.114343643E-2,2.935428619E-1,-2.961324453E-1,4.175031519E-1
3.638269614E1,-7.352828979E-2,3.919644356E-1,-2.733135223E-2,3.997368271E-1
3.638768208E1,-1.752648354E-1,4.110627174E-1,2.367719412E-1,5.057185703E-1
3.639266796E1,-2.723646164E-1,4.415645599E-1,5.364844799E-1,7.463091464E-1
3.639765385E1,-4.199275970E-1,5.024480820E-1,7.637795210E-1,1.006057860E0
3.640274244E1,-6.328868866E-1,4.951887131E-1,1.038344741E0,1.312980378E0
3.640773348E1,-7.682881355E-1,5.141396523E-1,1.270349264E0,1.571112184E0
3.641272453E1,-8.773479462E-1,5.228338242E-1,1.467278242E0,1.787736017E0
3.641771557E1,-9.671707153E-1,5.260853767E-1,1.640782595E0,1.975943455E0
3.642262057E1,-1.101409912E0,4.838585854E-1,1.733083010E0,2.109691836E0
3.642752948E1,-1.201839924E0,4.029011726E-1,1.785088539E0,2.189358274E0
3.643251250E1,-1.273823261E0,3.307399750E-1,1.813840389E0,2.240988976E0
3.643749552E1,-1.340698719E0,2.342967987E-1,1.740233302E0,2.209248739E0
3.644250166E1,-1.369074345E0,1.613998413E-1,1.636304736E0,2.139604557E0
3.644748583E1,-1.408798695E0,1.075601578E-1,1.530824542E0,2.083196277E0
3.645247000E1,-1.431491852E0,6.777620316E-2,1.388210535E0,1.995217037E0
3.645745416E1,-1.461096287E0,5.165481567E-2,1.211313844E0,1.898618394E0
3.646243828E1,-1.445060730E0,4.478931427E-2,9.979026318E-1,1.756706082E0
3.646742244E1,-1.431315422E0,1.131772995E-2,8.105591536E-1,1.644931023E0
3.647240661E1,-1.408116817E0,-6.077623367E-2,6.330302954E-1,1.545061189E0
3.647739078E1,-1.433000088E0,-1.213006973E-1,4.607988596E-1,1.510145258E0
3.648237364E1,-1.467638969E0,-2.108483315E-1,2.943649292E-1,1.511645420E0
3.648735776E1,-1.512038231E0,-2.480926514E-1,1.361918449E-1,1.538297043E0
3.649234182E1,-1.597209930E0,-2.904491425E-1,3.886938095E-2,1.623869174E0
3.649732593E1,-1.684726238E0,-3.449997902E-1,-4.074668884E-2,1.720170819E0
3.650231130E1,-1.743538380E0,-4.452438354E-1,7.342100143E-3,1.799506060E0
3.650729546E1,-1.838072300E0,-5.192131996E-1,4.213237762E-2,1.910462578E0
3.651227963E1,-1.934841633E0,-5.861239433E-1,9.459459782E-2,2.023882793E0
3.651726374E1,-2.038651943E0,-6.268692017E-1,1.815503836E-1,2.140567047E0
3.652225942E1,-2.123331070E0,-6.775031090E-1,3.099764585E-1,2.250251253E0
3.652724416E1,-2.202889919E0,-7.114515305E-1,4.364289045E-1,2.355707424E0
3.653222890E1,-2.303719521E0,-8.292694092E-1,5.224338770E-1,2.503547191E0
3.653721364E1,-2.356404781E0,-9.304609299E-1,6.153308153E-1,2.607112013E0
3.654219687E1,-2.372924805E0,-1.012669086E0,7.171444893E-1,2.677791446E0
3.654718151E1,-2.468387127E0,-1.085752010E0,7.680369616E-1,2.803867545E0
3.655216619E1,-2.578010082E0,-1.171199322E0,8.273802996E-1,2.949983389E0
3.655715083E1,-2.732878685E0,-1.202084541E0,8.853930235E-1,3.114089587E0
3.656213427E1,-2.973496199E0,-1.266889572E0,9.012492895E-1,3.355434266E0
3.656711885E1,-3.210817099E0,-1.281469822E0,9.105564356E-1,3.574999912E0
3.657210343E1,-3.439856291E0,-1.303082943E0,9.466254711E-1,3.798254368E0
3.657708807E1,-3.605384588E0,-1.324341297E0,9.635953307E-1,3.959948720E0
3.658208395E1,-3.805446625E0,-1.390529633E0,9.498846531E-1,4.161403312E0
3.658706911E1,-4.006357670E0,-1.396173000E0,9.773542881E-1,4.353782520E0
3.659205427E1,-4.210429192E0,-1.436902046E0,1.057790875E0,4.572890006E0
3.659703942E1,-4.343183994E0,-1.540963173E0,1.098016739E0,4.737452424E0
3.660213942E1,-4.429217815E0,-1.639413357E0,1.015064120E0,4.830735118E0
3.660723942E1,-4.549258709E0,-1.698009491E0,9.508002996E-1,4.948031148E0
3.661226177E1,-4.590124607E0,-1.775700092E0,8.816157579E-1,4.999960107E0
3.661725895E1,-4.540107727E0,-1.944277287E0,7.885392904E-1,5.001458443E0
3.662216395E1,-4.449353218E0,-2.098104954E0,6.744164228E-1,4.965241783E0
3.662706895E1,-4.304124355E0,-2.242498398E0,5.897234678E-1,4.888973236E0
3.663197395E1,-4.090467453E0,-2.406387329E0,4.776319265E-1,4.769775280E0
3.663690515E1,-3.880517721E0,-2.546957493E0,3.576654196E-1,4.655462899E0
3.664188661E1,-3.715239286E0,-2.683640480E0,2.492816448E-1,4.589887855E0
3.664686874E1,-3.537206411E0,-2.771013260E0,1.740012169E-1,4.496734382E0
3.665185083E1,-3.377756357E0,-2.852406025E0,5.297386646E-2,4.421341920E0
3.665683296E1,-3.284833670E0,-2.930366039E0,-4.199153185E-2,4.402151820E0
3.666184062E1,-3.201059341E0,-2.981120586E0,-8.964425325E-2,4.375145363E0
3.666682395E1,-3.154948235E0,-3.033272743E0,-1.263092160E-1,4.378401068E0
3.667180734E1,-3.151421070E0,-3.034459114E0,-7.098466158E-2,4.375435487E0
3.667679073E1,-3.223901272E0,-3.018270016E0,6.526410580E-3,4.416280776E0
3.668177489E1,-3.310002089E0,-2.984643936E0,1.393424869E-1,4.459106366E0
3.668675833E1,-3.416704416E0,-2.952587605E0,2.815802693E-1,4.524481194E0
3.669174177E1,-3.488891840E0,-2.936376572E0,3.707813025E-1,4.575166928E0
3.669672515E1,-3.507287264E0,-2.971688747E0,5.095039606E-1,4.625104566E0
3.670172520E1,-3.500682116E0,-3.044175625E0,6.304498315E-1,4.681799600E0
3.670670948E1,-3.430774450E0,-3.134619236E0,7.213518023E-1,4.702807620E0
3.671169369E1,-3.367014170E0,-3.281244755E0,7.346565723E-1,4.758473688E0
3.671667796E1,-3.287942410E0,-3.491209507E0,7.040729523E-1,4.847146360E0
3.672165885E1,-3.162600994E0,-3.640170097E0,6.299300790E-1,4.863095238E0
3.672664296E1,-3.067635059E0,-3.835873604E0,5.338780284E-1,4.940580625E0
3.673162703E1,-2.955145359E0,-4.018433571E0,4.040205479E-1,5.004390578E0
3.673661109E1,-2.853837490E0,-4.216517925E0,2.191175222E-1,5.096216668E0
3.674159854E1,-2.737488270E0,-4.372806549E0,3.437209129E-2,5.159114322E0
3.674658276E1,-2.632376194E0,-4.523180008E0,-1.622098684E-1,5.235921490E0
3.675156703E1,-2.571890354E0,-4.638874054E0,-3.515069485E-1,5.315762374E0
3.675655130E1,-2.537000179E0,-4.708132267E0,-5.190153122E-1,5.373291007E0
3.676153682E1,-2.589704990E0,-4.699788094E0,-5.883307457E-1,5.398213883E0
3.676652114E1,-2.624598026E0,-4.632966042E0,-6.742164493E-1,5.367257862E0
3.677150546E1,-2.727614880E0,-4.545832634E0,-6.691607237E-1,5.343430859E0
3.677648974E1,-2.848425388E0,-4.404896259E0,-6.233304143E-1,5.282535287E0
3.678147937E1,-2.950830936E0,-4.262475967E0,-5.365270376E-1,5.211906163E0
3.678646395E1,-3.013267517E0,-4.154371738E0,-4.110596180E-1,5.148548891E0
3.679144854E1,-3.069281578E0,-4.092516899E0,-2.754822969E-1,5.122994678E0
3.679643312E1,-3.058820724E0,-4.021590710E0,-1.537994146E-1,5.055020309E0
3.680153312E1,-3.010415554E0,-3.953257084E0,2.393472195E-2,4.969045809E0
3.680663312E1,-3.001182556E0,-3.828366756E0,2.169140577E-1,4.869347027E0
3.681164593E1,-3.000315666E0,-3.668924332E0,4.415635467E-1,4.760029224E0
3.681664072E1,-3.019644260E0,-3.403143883E0,7.193484902E-1,4.606202557E0
3.682163546E1,-3.068674088E0,-3.105320454E0,9.900667667E-1,4.476606748E0
3.682654046E1,-3.167041540E0,-2.778539658E0,1.277042627E0,4.402416679E0
3.683144546E1,-3.275961637E0,-2.405666351E0,1.548967838E0,4.349535217E0
3.683635046E1,-3.330868006E0,-2.072900772E0,1.824733496E0,4.326806168E0
3.684128385E1,-3.389091730E0,-1.751432419E0,2.060967922E0,4.336017418E0
3.684627682E1,-3.416880846E0,-1.493657112E0,2.202298641E0,4.330843519E0
3.685125812E1,-3.438744783E0,-1.292953014E0,2.291403055E0,4.329806132E0
3.685623948E1,-3.428460360E0,-1.146967888E0,2.311445475E0,4.290997082E0
3.686122083E1,-3.414674520E0,-9.527511597E-1,2.286353588E0,4.218429753E0
3.686623979E1,-3.404350996E0,-8.177905083E-1,2.170712233E0,4.119511939E0
3.687122307E1,-3.378823996E0,-7.018089294E-1,2.017471790E0,3.997396627E0
3.687620630E1,-3.304492712E0,-5.783815384E-1,1.836100578E0,3.824325120E0
3.688118953E1,-3.255480528E0,-4.713892937E-1,1.571688414E0,3.645622828E0
3.688615000E1,-3.201019049E0,-4.193835258E-1,1.372906446E0,3.508172972E0
3.689113208E1,-3.121680975E0,-3.526921272E-1,1.148833513E0,3.345011553E0
3.689611421E1,-3.077557325E0,-3.074202538E-1,8.761286736E-1,3.214571162E0
3.690109630E1,-3.025350809E0,-2.450833321E-1,6.029388309E-1,3.094567594E0
3.690611270E1,-2.945645571E0,-2.491436005E-1,3.461489677E-1,2.976360104E0
3.691109656E1,-2.819949865E0,-2.817444801E-1,1.374424696E-1,2.837320501E0
3.691608041E1,-2.691170931E0,-3.163728714E-1,-4.456943274E-2,2.710069964E0
3.692106427E1,-2.540181398E0,-3.266983032E-1,-2.354452014E-1,2.571903529E0
3.692604406E1,-2.393508196E0,-3.487505913E-1,-4.084412456E-1,2.453025216E0
3.693102770E1,-2.263239622E0,-4.352021217E-1,-5.440833569E-1,2.368054301E0
3.693601135E1,-2.144682407E0,-4.640908241E-1,-6.015596390E-1,2.275283921E0
3.694099500E1,-1.987671852E0,-5.168380737E-1,-6.669870019E-1,2.159359314E0
3.694600833E1,-1.818264008E0,-5.572752953E-1,-7.089517713E-1,2.029594139E0
3.695099343E1,-1.658725262E0,-5.477151871E-1,-6.937618256E-1,1.879539010E0
3.695597859E1,-1.513640881E0,-5.717654228E-1,-7.123889923E-1,1.767914729E0
3.696096369E1,-1.368745804E0,-6.438097954E-1,-6.643886566E-1,1.652080027E0
3.696593713E1,-1.212331772E0,-7.137875557E-1,-5.763854980E-1,1.520349053E0
3.697092171E1,-1.092140675E0,-8.079433441E-1,-4.581748247E-1,1.433690298E0
3.697590625E1,-1.008294582E0,-8.809695244E-1,-3.364146948E-1,1.380557900E0
3.698089078E1,-9.630360603E-1,-9.567732811E-1,-1.350670457E-1,1.364220170E0
3.698586661E1,-9.323811531E-1,-1.004260540E0,5.231618881E-2,1.371353649E0
3.699085067E1,-9.421854019E-1,-1.030386925E0,2.395480275E-1,1.416613498E0
3.699583479E1,-9.754333496E-1,-1.049417496E0,4.548695683E-1,1.503214431E0
3.700081890E1,-9.698195457E-1,-1.020662308E0,7.052391171E-1,1.574694799E0
3.700581005E1,-9.634284973E-1,-9.607925415E-1,8.923775554E-1,1.627161479E0
3.701079448E1,-9.443302155E-1,-9.225091934E-1,1.071122408E0,1.700025288E0
3.701577895E1,-9.172277451E-1,-8.388023376E-1,1.214926958E0,1.738086192E0
3.702076343E1,-8.245582581E-1,-7.813634872E-1,1.295103312E0,1.722706536E0
3.702575479E1,-7.261300087E-1,-6.712875366E-1,1.363796473E0,1.684586764E0
3.703073963E1,-6.461787224E-1,-5.542984009E-1,1.447310328E0,1.679136935E0
3.703572442E1,-5.678658485E-1,-4.303817749E-1,1.473737717E0,1.636949282E0
3.704070921E1,-4.529428482E-1,-2.899971008E-1,1.483901620E0,1.578359769E0
3.704569286E1,-3.398175240E-1,-2.002086639E-1,1.441883564E0,1.494853729E0
3.705067760E1,-2.141823769E-1,-1.011810303E-1,1.415000916E0,1.434691354E0
3.705566239E1,-7.864618301E-2,9.326934814E-3,1.357780933E0,1.360088702E0
3.706064713E1,2.123451233E-2,1.097240448E-1,1.275224328E0,1.280112244E0
3.706563333E1,1.022830009E-1,2.192077637E-1,1.201239347E0,1.225352939E0
3.707061817E1,1.978793144E-1,4.022512436E-1,1.164474010E0,1.247782837E0
3.707560302E1,3.125605583E-1,4.984149933E-1,1.102697253E0,1.249821123E0
3.708058781E1,4.080815315E-1,6.035027504E-1,1.020933628E0,1.254213530E0
3.708556859E1,5.656857491E-1,7.007226944E-1,9.431798458E-1,1.304070889E0
3.709055317E1,7.254333496E-1,7.541632652E-1,8.621654510E-1,1.355855833E0
3.709553781E1,8.465156555E-1,7.924680710E-1,7.872239351E-1,1.401540553E0
3.710052244E1,9.813413620E-1,8.824667931E-1,7.349567413E-1,1.510609123E0
3.710550114E1,1.117855072E0,9.547114372E-1,6.574612856E-1,1.610381704E0
3.711048546E1,1.203641891E0,1.018874168E0,5.761253834E-1,1.678921925E0
3.711546979E1,1.298427105E0,1.091628551E0,4.884300232E-1,1.765256279E0
3.712045416E1,1.375859261E0,1.184913158E0,3.609639406E-1,1.851297616E0
3.712544531E1,1.464694023E0,1.224602222E0,2.153440714E-1,1.921289217E0
3.713042994E1,1.519392014E0,1.265747070E0,8.529937267E-2,1.979379630E0
3.713541458E1,1.626301289E0,1.303674698E0,-7.459425926E-2,2.085662461E0
3.714039927E1,1.713309288E0,1.338284969E0,-2.209570408E-1,2.185236232E0
3.714538364E1,1.773434639E0,1.350562572E0,-3.942875266E-1,2.263747410E0
3.715036828E1,1.852043152E0,1.388325691E0,-5.825234652E-1,2.386806580E0
3.715535296E1,1.970591545E0,1.398935318E0,-7.449314594E-1,2.528868115E0
3.716033760E1,2.038063049E0,1.356140137E0,-9.242323041E-1,2.616681566E0
3.716533109E1,2.150217533E0,1.355698586E0,-1.084477901E0,2.763593026E0
3.717031619E1,2.213627338E0,1.347420216E0,-1.229758620E0,2.868447924E0
3.717530130E1,2.292732239E0,1.314581871E0,-1.419495463E0,2.999952330E0
3.718028640E1,2.442728758E0,1.286059856E0,-1.591264248E0,3.186376570E0
3.718526348E1,2.546298981E0,1.221257687E0,-1.728011966E0,3.310760364E0
3.719024817E1,2.648902178E0,1.175271511E0,-1.836738706E0,3.430969971E0
3.719523286E1,2.740909338E0,1.143316746E0,-1.893450737E0,3.522060884E0
3.720021760E1,2.839034081E0,1.113416672E0,-1.898307443E0,3.592127829E0
3.720520906E1,2.871474266E0,1.116714001E0,-1.877364755E0,3.607895930E0
3.721019406E1,2.866940260E0,1.093357563E0,-1.835623622E0,3.575512732E0
3.721517911E1,2.854322672E0,1.105604172E0,-1.756534696E0,3.529154663E0
3.722016416E1,2.867177486E0,1.091290474E0,-1.647301435E0,3.482129184E0
3.722514823E1,2.850609303E0,1.143723488E0,-1.513024569E0,3.423933434E0
3.723013317E1,2.852551222E0,1.152835846E0,-1.411297679E0,3.384943146E0
3.723511817E1,2.844460249E0,1.211953640E0,-1.323270082E0,3.363157660E0
3.724010317E1,2.871837139E0,1.263624668E0,-1.198878288E0,3.358795172E0
3.724508046E1,2.891558647E0,1.276703358E0,-1.079137206E0,3.340002991E0
3.725006505E1,2.973150969E0,1.318223476E0,-9.785810113E-1,3.396315741E0
3.725504963E1,3.018414021E0,1.392861843E0,-9.021896720E-1,3.444536764E0
3.726003421E1,3.079784393E0,1.447873592E0,-8.763658404E-1,3.514175143E0
3.726503421E1,3.147688866E0,1.533489227E0,-8.533120751E-1,3.603841825E0
3.727001963E1,3.228999376E0,1.575452328E0,-8.640906215E-1,3.695286134E0
3.727500500E1,3.366657972E0,1.604882717E0,-8.895258307E-1,3.834226212E0
3.727999036E1,3.472016573E0,1.626566887E0,-9.175726771E-1,3.942405172E0
3.728496401E1,3.544980764E0,1.618957043E0,-9.386664033E-1,4.008616363E0
3.728994880E1,3.657221794E0,1.625122070E0,-1.014917612E0,4.128722654E0
3.729493359E1,3.731989384E0,1.604435921E0,-1.074090719E0,4.201860333E0
3.729991833E1,3.802774906E0,1.554543495E0,-1.147289753E0,4.265439748E0
3.730501833E1,3.941727877E0,1.468431950E0,-1.213082671E0,4.377794035E0
3.731005567E1,4.102210999E0,1.386596680E0,-1.275545835E0,4.514177955E0
3.731504828E1,4.250597000E0,1.237368107E0,-1.391641378E0,4.640616383E0
3.732004093E1,4.401243210E0,1.071095467E0,-1.494198799E0,4.769781687E0
3.732494593E1,4.532235146E0,8.901557922E-1,-1.599647284E0,4.887985698E0
3.732985093E1,4.650969505E0,6.970472336E-1,-1.707940578E0,5.003444134E0
3.733480458E1,4.783809662E0,5.086088181E-1,-1.799679756E0,5.136376645E0
3.733978718E1,4.863455772E0,3.176755905E-1,-1.843300581E0,5.210746287E0
3.734479036E1,4.930334091E0,1.792402267E-1,-1.843289137E0,5.266691196E0
3.734977401E1,4.924792290E0,6.707668304E-2,-1.825513840E0,5.252673525E0
3.735475760E1,4.901904583E0,-3.321456909E-2,-1.802000523E0,5.222736604E0
3.735974130E1,4.854739189E0,-5.700588226E-2,-1.710479021E0,5.147570373E0
3.736471906E1,4.816863537E0,-9.285259247E-2,-1.541405678E0,5.058332472E0
3.736970239E1,4.805477142E0,-8.086967468E-2,-1.369187236E0,4.997381730E0
3.737468578E1,4.885193348E0,-1.401901245E-2,-1.155918121E0,5.020105306E0
3.737966911E1,4.943617821E0,5.011844635E-2,-9.357399940E-1,5.031647678E0
3.738465526E1,4.990187645E0,1.232833862E-1,-7.380254269E-1,5.045973945E0
3.738963874E1,4.958029747E0,2.149000168E-1,-5.633432865E-1,4.994556702E0
3.739462224E1,4.957326889E0,2.914018631E-1,-4.981050491E-1,4.990802898E0
3.739960567E1,5.038383961E0,3.312368393E-1,-3.823080063E-1,5.063713083E0
3.740460562E1,5.143334389E0,2.433538437E-1,-3.072971106E-1,5.158249824E0
3.740958989E1,5.255609035E0,4.461383820E-2,-2.901784182E-1,5.263802831E0
3.741457427E1,5.341738224E0,-2.648935318E-1,-2.880131006E-1,5.356051473E0
3.741955848E1,5.408799171E0,-6.898460388E-1,-3.245267868E-1,5.462262688E0
3.742454442E1,5.402238846E0,-1.139083862E0,-3.732565641E-1,5.533626031E0
3.742952880E1,5.343883514E0,-1.559909821E0,-4.198046923E-1,5.582709525E0
3.743451317E1,5.195893288E0,-1.820730209E0,-3.924431801E-1,5.519635604E0
3.743949755E1,4.956513405E0,-1.976531029E0,-3.174123764E-1,5.345507521E0
3.744447927E1,4.705207348E0,-2.008193970E0,-1.519433260E-1,5.118095933E0
3.744946354E1,4.461506844E0,-1.896572113E0,8.723592758E-2,4.848673963E0
3.745444776E1,4.268696785E0,-1.758905411E0,2.828862667E-1,4.625531875E0
3.745943203E1,4.155320644E0,-1.602459908E0,5.066186190E-1,4.482324156E0
3.746441791E1,4.068557739E0,-1.405806541E0,6.936635971E-1,4.360117349E0
3.746940224E1,4.036695480E0,-1.190642357E0,8.250640631E-1,4.288737615E0
3.747438656E1,4.040077209E0,-9.715375900E-1,9.510437250E-1,4.262697892E0
3.747937088E1,4.023370743E0,-7.103433609E-1,1.016766191E0,4.210215352E0
3.748436953E1,4.022032738E0,-3.929967880E-1,1.069914699E0,4.180419989E0
3.748935453E1,3.954703093E0,-1.057376862E-1,1.150877595E0,4.120118475E0
3.749433958E1,3.876078844E0,1.584701538E-1,1.156878591E0,4.048143781E0
3.749932463E1,3.843488693E0,3.087291718E-1,1.231487751E0,4.047750130E0
3.750430067E1,3.782573700E0,3.617544174E-1,1.343198180E0,4.030249546E0
3.750928526E1,3.724130630E0,3.389539719E-1,1.436645389E0,4.005994099E0
3.751426984E1,3.639359951E0,1.949176788E-1,1.507220030E0,3.943937876E0
3.751925448E1,3.518758774E0,-3.282546997E-3,1.523888111E0,3.834567649E0
3.752424281E1,3.364736557E0,-2.221641541E-1,1.551321149E0,3.711792871E0
3.752922760E1,3.146390915E0,-4.473600388E-1,1.503320813E0,3.515662137E0
3.753421239E1,2.911962032E0,-6.309032440E-1,1.463864326E0,3.319707901E0
3.753919718E1,2.728839397E0,-7.678947449E-1,1.378013492E0,3.152006976E0
3.754418307E1,2.489377022E0,-9.038228989E-1,1.289131403E0,2.945463217E0
3.754916791E1,2.258516788E0,-1.017027855E0,1.271501303E0,2.784234061E0
3.755415276E1,2.000458717E0,-1.157691002E0,1.155656338E0,2.584110119E0
3.755913760E1,1.739704132E0,-1.315935135E0,1.008766651E0,2.403303123E0
3.756411822E1,1.495649338E0,-1.443709373E0,8.337959051E-1,2.239749832E0
3.756910286E1,1.249485493E0,-1.533635139E0,6.192481518E-1,2.072852868E0
3.757408750E1,1.025490761E0,-1.568788528E0,3.940752745E-1,1.915208623E0
3.757907213E1,8.646311760E-1,-1.580032349E0,2.305730581E-1,1.815834031E0
3.758406182E1,6.930856705E-1,-1.538425446E0,2.170205116E-3,1.687342677E0
3.758904666E1,5.542469025E-1,-1.505884171E0,-1.397986412E-1,1.610720467E0
3.759403156E1,5.126252174E-1,-1.384243965E0,-2.976452708E-1,1.505824915E0
3.759901651E1,5.395646095E-1,-1.230850220E0,-3.396174312E-1,1.386168183E0
3.760400343E1,6.469802856E-1,-1.091124535E0,-3.136529326E-1,1.306718945E0
3.760898849E1,7.768321037E-1,-9.534559250E-1,-2.367150187E-1,1.252429766E0
3.761397343E1,8.953042030E-1,-7.989540100E-1,-1.067470312E-1,1.204695835E0
3.761895843E1,9.972491264E-1,-6.925382614E-1,1.043907404E-1,1.218610886E0
3.762394052E1,1.094276905E0,-5.819158554E-1,3.503795862E-1,1.287957244E0
3.762892536E1,1.166812420E0,-4.148683548E-1,6.236330271E-1,1.386537099E0
3.763391026E1,1.154980183E0,-2.801542282E-1,9.018880129E-1,1.491934181E0
3.763889510E1,1.127727509E0,-1.040945053E-1,1.251308084E0,1.687713518E0
3.764388046E1,1.010584354E0,5.235671997E-4,1.594855428E0,1.888079672E0
3.764886536E1,8.371195793E-1,1.268734932E-1,1.886202097E0,2.067516487E0
3.765385020E1,6.386570930E-1,1.984272003E-1,2.201393604E0,2.300736847E0
3.765883505E1,4.105801582E-1,2.248172760E-1,2.525489330E0,2.568504474E0
3.766383083E1,1.744365692E-1,1.390247345E-1,2.809933424E0,2.818773109E0
3.766881624E1,-6.929683685E-2,1.016826630E-1,3.075868368E0,3.078328708E0
3.767380166E1,-3.181314468E-1,3.384733200E-2,3.311184645E0,3.326604427E0
3.767878708E1,-5.647344589E-1,-4.521751404E-2,3.525469303E0,3.570700693E0
3.768377270E1,-8.184690475E-1,-1.281819344E-1,3.623139620E0,3.716646727E0
3.768875812E1,-1.071897507E0,-1.789770126E-1,3.690536976E0,3.847214604E0
3.769374359E1,-1.272087097E0,-2.978124619E-1,3.620163918E0,3.848699083E0
3.769872895E1,-1.474131107E0,-4.296011925E-1,3.443699121E0,3.770501737E0
3.770371270E1,-1.639473915E0,-5.716104507E-1,3.205097675E0,3.645170001E0
3.770869807E1,-1.808761597E0,-7.189378738E-1,2.895481110E0,3.488882491E0
3.771368343E1,-1.967480183E0,-7.733197212E-1,2.541862965E0,3.306065485E0
3.771866874E1,-2.139476776E0,-8.136386871E-1,2.245273590E0,3.206340949E0
3.772364692E1,-2.243106842E0,-8.443250656E-1,1.929516435E0,3.076921642E0
3.772863192E1,-2.331190586E0,-9.036750793E-1,1.642956257E0,2.991719148E0
3.773361687E1,-2.396598339E0,-9.772348404E-1,1.388463259E0,2.937090695E0
3.773860187E1,-2.436916828E0,-1.093564510E0,1.118432879E0,2.895744994E0
3.774358098E1,-2.485589027E0,-1.230943203E0,8.786408305E-1,2.909533243E0
3.774856567E1,-2.526136875E0,-1.313068390E0,6.474781632E-1,2.919716438E0
3.775355036E1,-2.558526039E0,-1.344722271E0,4.464069605E-1,2.924655989E0
3.775853510E1,-2.589875698E0,-1.433454037E0,3.377116323E-1,2.979311288E0
3.776351958E1,-2.625201225E0,-1.490953445E0,2.948250771E-1,3.033404931E0
3.776850427E1,-2.671501160E0,-1.538601398E0,3.055128455E-1,3.097991415E0
3.777348901E1,-2.709632874E0,-1.629041672E0,3.597581983E-1,3.182029704E0
3.777847364E1,-2.749086380E0,-1.781312466E0,4.401906133E-1,3.305195577E0
3.778346578E1,-2.837975979E0,-1.933552265E0,5.007392168E-1,3.470370554E0
3.778845083E1,-2.945034027E0,-2.021120071E0,5.624541640E-1,3.615868699E0
3.779343588E1,-3.106175900E0,-2.123122692E0,6.297580600E-1,3.814783598E0
3.779842098E1,-3.285369396E0,-2.229882717E0,7.024422288E-1,4.032301339E0
3.780342281E1,-3.504235268E0,-2.300927639E0,7.227768302E-1,4.253979214E0
3.780840874E1,-3.716753244E0,-2.433680058E0,7.123158574E-1,4.499382978E0
3.781339463E1,-3.946751356E0,-2.537173748E0,6.990368962E-1,4.743706302E0
3.781838052E1,-4.131927490E0,-2.671019077E0,6.879752874E-1,4.967945017E0
3.782333104E1,-4.377332687E0,-2.741525650E0,6.055231094E-1,5.200352159E0
3.782831515E1,-4.659199238E0,-2.815987587E0,5.066201687E-1,5.467594318E0
3.783329932E1,-4.847939491E0,-2.934410572E0,3.820687532E-1,5.679723519E0
3.783828338E1,-5.017682552E0,-3.058210373E0,1.533337831E-1,5.878205520E0
3.784328552E1,-5.137310982E0,-3.203927994E0,-6.679809093E-2,6.054880734E0
3.784827052E1,-5.228200912E0,-3.397443771E0,-3.020128608E-1,6.242429073E0
3.785325552E1,-5.261769295E0,-3.576452732E0,-6.546257138E-1,6.395761493E0
3.785824057E1,-5.295451164E0,-3.767141342E0,-9.833213091E-1,6.572676603E0
3.786321838E1,-5.283817768E0,-3.964527607E0,-1.287604213E0,6.730091676E0
3.786820307E1,-5.248614788E0,-4.221317291E0,-1.648592114E0,6.934358862E0
3.787318770E1,-5.256696701E0,-4.396063328E0,-2.001516819E0,7.138928671E0
3.787817239E1,-5.303318977E0,-4.505566597E0,-2.224037886E0,7.305591492E0
3.788315901E1,-5.378818989E0,-4.585572243E0,-2.356717110E0,7.450723592E0
3.788814380E1,-5.435184956E0,-4.614243507E0,-2.452010155E0,7.539551210E0
3.789312854E1,-5.482010841E0,-4.641718388E0,-2.485754251E0,7.601116145E0
3.789811328E1,-5.574344158E0,-4.644089222E0,-2.498719215E0,7.673622040E0
3.790309958E1,-5.633206844E0,-4.602179050E0,-2.498068810E0,7.691126000E0
3.790808442E1,-5.675487041E0,-4.513732910E0,-2.407164097E0,7.640639825E0
3.791306927E1,-5.741873741E0,-4.421895981E0,-2.317188025E0,7.608655497E0
3.791805411E1,-5.775031090E0,-4.336381912E0,-2.144612312E0,7.533561850E0
3.792303968E1,-5.834898949E0,-4.209502220E0,-1.999457359E0,7.467515277E0
3.792802453E1,-5.907231331E0,-4.122792244E0,-1.795536041E0,7.424065433E0
3.793300942E1,-5.996754646E0,-4.045073986E0,-1.556884289E0,7.399160664E0
3.793799427E1,-6.086614609E0,-3.942700863E0,-1.364705682E0,7.379308171E0
3.794298250E1,-6.121870995E0,-3.899449825E0,-1.113512754E0,7.343223003E0
3.794796755E1,-6.076264381E0,-3.898509979E0,-8.440526724E-1,7.268548260E0
3.795295260E1,-5.997801781E0,-3.889674187E0,-5.535822511E-1,7.170051938E0
3.795793765E1,-5.877122879E0,-3.925709724E0,-2.966011763E-1,7.073877468E0
3.796292333E1,-5.695370674E0,-4.013966084E0,-9.407699108E-2,6.968358581E0
3.796790838E1,-5.455122471E0,-4.123484135E0,8.285546303E-2,6.838738744E0
3.797289343E1,-5.223512650E0,-4.240147114E0,2.149269581E-1,6.731279636E0
3.797787849E1,-4.964857101E0,-4.304531574E0,2.685958147E-1,6.576544824E0
3.798285901E1,-4.736740112E0,-4.364849091E0,3.083842993E-1,6.448543661E0
3.798784385E1,-4.512906075E0,-4.375921726E0,2.766162157E-1,6.292179966E0
3.799282869E1,-4.319664955E0,-4.392930031E0,2.066594362E-1,6.164417872E0
3.799781354E1,-4.168827057E0,-4.351337433E0,1.578210592E-1,6.028114462E0
3.800281244E1,-3.998104334E0,-4.299042225E0,1.060339212E-1,5.871783844E0
3.800779802E1,-3.874515295E0,-4.267327785E0,2.464962006E-2,5.763901700E0
3.801278359E1,-3.702191830E0,-4.277595520E0,-6.030511856E-2,5.657533428E0
3.801776911E1,-3.512170315E0,-4.293888092E0,-1.562547684E-1,5.549525279E0
3.802273198E1,-3.280601978E0,-4.345082283E0,-2.397337556E-1,5.449730421E0
3.802771635E1,-3.076584339E0,-4.447541714E0,-2.700996995E-1,5.414697807E0
3.803270078E1,-2.888388157E0,-4.541852474E0,-3.338165283E-1,5.392832606E0
3.803768520E1,-2.723140240E0,-4.556308270E0,-3.854995966E-1,5.322034174E0
3.804267166E1,-2.619003296E0,-4.577125549E0,-4.208570719E-1,5.290215235E0
3.804765624E1,-2.585406303E0,-4.506288528E0,-4.045190215E-1,5.211007359E0
3.805264072E1,-2.543152332E0,-4.405950069E0,-3.872427940E-1,5.101958132E0
3.805762526E1,-2.607091427E0,-4.202156067E0,-3.047627807E-1,4.954585923E0
3.806262692E1,-2.709812164E0,-3.875598907E0,-2.602816820E-1,4.736147740E0
3.806761234E1,-2.784401894E0,-3.550951958E0,-1.656156778E-1,4.515482506E0
3.807259770E1,-2.849833012E0,-3.199332714E0,-9.495168924E-2,4.285591422E0
3.807758307E1,-2.910907745E0,-2.887766838E0,1.993060112E-3,4.100315254E0
3.808256031E1,-2.938998222E0,-2.613945007E0,9.392112494E-2,3.934366560E0
3.808754526E1,-2.962649822E0,-2.356112957E0,1.762566566E-1,3.789410065E0
3.809253020E1,-2.982036591E0,-2.152692795E0,2.469942570E-1,3.686140890E0
3.809751520E1,-3.001860619E0,-1.938982010E0,3.016842008E-1,3.586339605E0
3.810250989E1,-2.993417025E0,-1.719788551E0,3.287152648E-1,3.467891560E0
3.810749531E1,-2.940092802E0,-1.528737068E0,3.305960894E-1,3.330236701E0
3.811248078E1,-2.846492767E0,-1.406270504E0,3.528426290E-1,3.194466423E0
3.811746624E1,-2.698365688E0,-1.316518307E0,3.694129586E-1,3.025039467E0
3.812244364E1,-2.524784565E0,-1.262181282E0,4.497505426E-1,2.858306184E0
3.812742869E1,-2.287421703E0,-1.171411991E0,5.151473284E-1,2.621045759E0
3.813241374E1,-2.008102894E0,-1.109057426E0,4.917435646E-1,2.346123897E0
3.813739880E1,-1.754011154E0,-1.020282745E0,4.825187325E-1,2.085750785E0
3.814238718E1,-1.448805809E0,-9.507832527E-1,4.634830952E-1,1.793834899E0
3.814737239E1,-1.123941898E0,-9.797468185E-1,4.273368120E-1,1.551053181E0
3.815235760E1,-7.773895264E-1,-9.734601974E-1,3.523821831E-1,1.294655334E0
3.815734276E1,-4.740738869E-1,-1.032682896E0,3.031013012E-1,1.176031637E0
3.816233052E1,-1.950101852E-1,-1.057043552E0,2.507911325E-1,1.103750985E0
3.816731588E1,6.189155579E-2,-1.032460213E0,2.003930807E-1,1.053547361E0
3.817230124E1,2.581005096E-1,-9.663720131E-1,1.494313478E-1,1.011345870E0
3.817728656E1,4.342355728E-1,-9.330110550E-1,4.747551680E-2,1.030205846E0
3.818226671E1,5.280394554E-1,-8.941226006E-1,-1.705920696E-2,1.038543166E0
3.818725182E1,6.089687347E-1,-8.305249214E-1,-8.963787556E-2,1.033755055E0
3.819223692E1,7.032766342E-1,-7.781324387E-1,-2.014816403E-1,1.068027606E0
3.819722203E1,7.295808792E-1,-7.273249626E-1,-2.923687100E-1,1.070873159E0
3.820232203E1,7.421026230E-1,-6.769838333E-1,-4.054488540E-1,1.083241518E0
3.820742203E1,7.370409966E-1,-5.778446198E-1,-4.636951983E-1,1.045058406E0
3.821252203E1,7.146053314E-1,-4.943609238E-1,-4.815407693E-1,9.934460303E-1
3.821757348E1,6.837244034E-1,-4.053821564E-1,-4.659887850E-1,9.213898742E-1
3.822247848E1,5.955023766E-1,-3.019886017E-1,-4.503044188E-1,8.053535035E-1
3.822738349E1,5.333070755E-1,-1.636962891E-1,-4.537029564E-1,7.190683448E-1
3.823228849E1,4.707908630E-1,-6.227111816E-2,-3.398567438E-1,5.839728891E-1
3.823719349E1,4.080862999E-1,7.655429840E-2,-2.070308328E-1,4.639577076E-1
3.824209848E1,3.596887589E-1,2.073926926E-1,-5.300545692E-2,4.185657781E-1
3.824707807E1,3.120241165E-1,3.164024353E-1,9.828352928E-2,4.551144938E-1
3.825206843E1,2.739286423E-1,4.198913574E-1,2.396127582E-1,5.556617019E-1
3.825705885E1,2.643618584E-1,5.321321487E-1,3.518928885E-1,6.905652908E-1
3.826201666E1,2.924556732E-1,6.170215607E-1,5.283902884E-1,8.633899605E-1
3.826700541E1,3.158631325E-1,6.845631599E-1,6.944331527E-1,1.025004216E0
3.827199411E1,3.698945045E-1,7.320556641E-1,8.331758976E-1,1.169149056E0
3.827698286E1,4.089970589E-1,8.120856285E-1,9.612216353E-1,1.323143490E0
3.828196671E1,3.851499557E-1,8.742909431E-1,1.042698264E0,1.414194050E0
3.828695520E1,3.775663376E-1,9.498934746E-1,1.187398672E0,1.566770423E0
3.829194364E1,3.645777702E-1,1.000515461E0,1.301532269E0,1.681646331E0
3.829693213E1,4.254155159E-1,1.059797764E0,1.399074078E0,1.805978387E0
3.830191224E1,4.687585831E-1,1.141887188E0,1.456100941E0,1.908892587E0
3.830690031E1,4.778003693E-1,1.206041336E0,1.474830627E0,1.964167579E0
3.831188838E1,4.552183151E-1,1.242858887E0,1.412379980E0,1.935649538E0
3.831687640E1,4.106707573E-1,1.285911083E0,1.324134827E0,1.890912696E0
3.832184677E1,4.277071953E-1,1.287315845E0,1.169781804E0,1.791230024E0
3.832683395E1,5.042376518E-1,1.297523022E0,9.900150299E-1,1.708201206E0
3.833182114E1,5.827651024E-1,1.287834644E0,7.946630716E-1,1.621611123E0
3.833680833E1,6.798782349E-1,1.239131451E0,5.507187843E-1,1.516895628E0
3.834177958E1,7.856783867E-1,1.223119259E0,3.184801340E-1,1.488200539E0
3.834676599E1,8.548841476E-1,1.182461262E0,7.168221474E-2,1.460883254E0
3.835175234E1,9.042034149E-1,1.162669182E0,-1.963121891E-1,1.485907776E0
3.835673874E1,9.408364296E-1,1.175744534E0,-4.444523454E-1,1.570059325E0
3.836173328E1,9.722874165E-1,1.138185978E0,-6.531128883E-1,1.633207453E0
3.836672005E1,9.912970066E-1,1.157687664E0,-8.507222533E-1,1.745462356E0
3.837170687E1,1.050619841E0,1.138655186E0,-1.008279920E0,1.848503740E0
3.837669364E1,1.143134356E0,1.138659954E0,-1.087111115E0,1.945536744E0
3.838166921E1,1.225659132E0,1.145718575E0,-1.168506265E0,2.044582659E0
3.838665541E1,1.315024376E0,1.133587360E0,-1.144773126E0,2.079618937E0
3.839164166E1,1.492430449E0,1.083137512E0,-1.233678102E0,2.218670137E0
3.839662786E1,1.623909235E0,1.004002571E0,-1.215193033E0,2.263138633E0
3.840159234E1,1.742697954E0,9.248390198E-1,-1.127546668E0,2.272374278E0
3.840657755E1,1.894400835E0,8.122243881E-1,-1.061830044E0,2.318608639E0
3.841156286E1,2.066843271E0,7.330913544E-1,-9.415692091E-1,2.386591003E0
3.841654817E1,2.207318306E0,6.754026413E-1,-7.980720997E-1,2.442404944E0
3.842153349E1,2.339833975E0,6.391239166E-1,-6.340237260E-1,2.507047765E0
3.842653921E1,2.471542120E0,6.600475311E-1,-4.760676622E-1,2.602080632E0
3.843152557E1,2.575827837E0,6.710023880E-1,-2.814005613E-1,2.676624652E0
3.843651187E1,2.698312521E0,6.815900803E-1,-8.385455608E-2,2.784328839E0
3.844149817E1,2.795773029E0,6.988658905E-1,4.918348789E-2,2.882217788E0
3.844647395E1,2.887358189E0,7.180156708E-1,1.797636747E-1,2.980721187E0
3.845145979E1,2.932837009E0,7.630205154E-1,2.977800369E-1,3.045062591E0
3.845644557E1,2.980216742E0,7.860450745E-1,3.743883371E-1,3.104790704E0
3.846143135E1,3.060726404E0,7.871456146E-1,4.214419127E-1,3.188300115E0
3.846640864E1,3.162413359E0,8.715562820E-1,4.316433668E-1,3.308592541E0
3.847139401E1,3.271204233E0,9.483442307E-1,4.979093075E-1,3.442099300E0
3.847637937E1,3.379990578E0,9.457712173E-1,5.290958881E-1,3.549473476E0
3.848136468E1,3.500658274E0,1.009721756E0,5.632067919E-1,3.686644581E0
3.848635307E1,3.575804472E0,1.049205780E0,5.761146545E-1,3.770824643E0
3.849133859E1,3.672373772E0,1.140786171E0,4.246251583E-1,3.868853672E0
3.849632411E1,3.812104225E0,1.157757759E0,2.645077705E-1,3.992806784E0
3.850130963E1,3.963660479E0,1.152759552E0,1.173373461E-1,4.129555306E0
3.850629119E1,4.170057297E0,1.111550331E0,-3.551137447E-2,4.315806188E0
3.851127656E1,4.392890930E0,1.053327560E0,-1.865851879E-1,4.521261296E0
3.851626187E1,4.672389030E0,9.804439545E-1,-3.451020718E-1,4.786604751E0
3.852124718E1,4.967551708E0,9.096384048E-1,-5.322413445E-1,5.078119027E0
3.852624901E1,5.220832825E0,8.145790100E-1,-6.546863317E-1,5.324401238E0
3.853123520E1,5.450901031E0,6.713142395E-1,-7.982241511E-1,5.549787983E0
3.853622135E1,5.636109352E0,5.827169418E-1,-9.196968675E-1,5.740307482E0
3.854120750E1,5.764499664E0,4.865741730E-1,-1.062034845E0,5.881677381E0
3.854619119E1,5.886335373E0,4.618606567E-1,-1.186725020E0,6.022505763E0
3.855117724E1,6.059309006E0,3.986186981E-1,-1.248224378E0,6.199369854E0
3.855616323E1,6.290196419E0,3.231496811E-1,-1.289503932E0,6.429138130E0
3.856114927E1,6.552150726E0,2.019691467E-1,-1.391434908E0,6.701310452E0
3.856610718E1,6.798831940E0,1.306467056E-1,-1.469836235E0,6.957126049E0
3.857109182E1,6.946062088E0,2.262325287E-1,-1.565092206E0,7.123796270E0
3.857607645E1,7.002895355E0,3.831787109E-1,-1.643568397E0,7.203380203E0
3.858106109E1,7.034022331E0,5.822954178E-1,-1.664659142E0,7.251732770E0
3.858606291E1,6.993964195E0,7.971735001E-1,-1.628623128E0,7.225194395E0
3.859104838E1,6.923091412E0,9.488210678E-1,-1.614253998E0,7.171838821E0
3.859603385E1,6.763859749E0,1.032479286E0,-1.525846004E0,7.010279467E0
3.860101932E1,6.566641808E0,1.074466705E0,-1.402073860E0,6.800079002E0
3.860600583E1,6.374673367E0,9.743814468E-1,-1.288607240E0,6.576198625E0
3.861099135E1,6.123773575E0,6.989374161E-1,-1.137944698E0,6.267697699E0
3.861597687E1,5.850274086E0,3.009986877E-1,-9.861832261E-1,5.940443119E0
3.862096239E1,5.611987591E0,-1.331329346E-1,-8.453501463E-1,5.676860573E0
3.862593463E1,5.340415955E0,-6.128349304E-1,-7.278143167E-1,5.424511305E0
3.863091953E1,5.138841629E0,-1.039920807E0,-5.881505013E-1,5.275893250E0
3.863590432E1,4.921687126E0,-1.409530640E0,-4.551436901E-1,5.139740905E0
3.864088921E1,4.658359528E0,-1.716929436E0,-2.719199657E-1,4.972132404E0
3.864588130E1,4.397213936E0,-1.904709816E0,-5.274534225E-3,4.792018124E0
3.865086651E1,4.143587112E0,-1.965730667E0,2.559404373E-1,4.593355715E0
3.865585171E1,3.933537006E0,-1.933575630E0,5.188146830E-1,4.413682904E0
3.866083692E1,3.836324453E0,-1.834647179E0,7.141277790E-1,4.311994210E0
3.866582250E1,3.830105305E0,-1.702557564E0,8.539493084E-1,4.277573883E0
3.867080770E1,3.888157368E0,-1.609153748E0,9.265600443E-1,4.308788347E0
3.867579296E1,3.981348038E0,-1.559286118E0,9.296944141E-1,4.375709896E0
3.868077823E1,4.099597931E0,-1.519552231E0,8.971357346E-1,4.463249344E0
3.868575333E1,4.240267754E0,-1.501960754E0,8.505957127E-1,4.578129508E0
3.869073807E1,4.388636589E0,-1.494621277E0,8.405842781E-1,4.711751882E0
3.869572276E1,4.501295567E0,-1.452254295E0,8.884979486E-1,4.812497576E0
3.870070755E1,4.563645840E0,-1.434843063E0,9.559260607E-1,4.878466214E0
3.870570416E1,4.518112183E0,-1.344459534E0,1.083429575E0,4.836809773E0
3.871068953E1,4.393672943E0,-1.200391769E0,1.205956936E0,4.711648805E0
3.871567484E1,4.178476334E0,-9.693584442E-1,1.342171311E0,4.494523789E0
3.872066015E1,3.865784407E0,-6.777563095E-1,1.470183969E0,4.191071891E0
3.872564427E1,3.522808313E0,-3.472566605E-1,1.649300456E0,3.905247444E0
3.873062953E1,3.212189674E0,-4.005813599E-2,1.857315779E0,3.710712743E0
3.873561479E1,2.917352200E0,2.079553604E-1,2.045850992E0,3.569271014E0
3.874060010E1,2.643224239E0,3.872880936E-1,2.061641216E0,3.374461580E0
3.874557619E1,2.423421383E0,4.765148163E-1,2.091292381E0,3.236285122E0
3.875056104E1,2.310162067E0,5.497264862E-1,2.008165359E0,3.109947925E0
3.875554583E1,2.181400061E0,5.471525192E-1,1.814913988E0,2.889947212E0
3.876053062E1,2.044231415E0,4.760389328E-1,1.586170912E0,2.630861704E0
3.876551270E1,1.862859249E0,4.082508087E-1,1.300816417E0,2.308470631E0
3.877049734E1,1.678079605E0,3.630199432E-1,9.571235180E-1,1.965660212E0
3.877548203E1,1.538041115E0,2.783670425E-1,6.346830130E-1,1.686973980E0
3.878046666E1,1.352034092E0,2.046957016E-1,3.601295948E-1,1.414068542E0
3.878544369E1,1.168236732E0,1.350612640E-1,5.750262737E-2,1.177423102E0
3.879042796E1,1.036816120E0,8.626842499E-2,-1.984816790E-1,1.059162351E0
3.879541218E1,9.197564125E-1,1.068687439E-2,-4.027258158E-1,1.004118594E0
3.880039651E1,8.316564560E-1,-9.377765656E-2,-6.240372658E-1,1.043968016E0
3.880539296E1,8.127603531E-1,-2.128009796E-1,-8.402126431E-1,1.188200713E0
3.881037786E1,8.154268265E-1,-3.627882004E-1,-1.062379479E0,1.387510845E0
3.881536270E1,8.059988022E-1,-4.695329666E-1,-1.289956808E0,1.591880599E0
3.882034760E1,8.105363846E-1,-6.407346725E-1,-1.410005331E0,1.748034664E0
3.882532682E1,8.508038521E-1,-7.948427200E-1,-1.465526938E0,1.871740193E0
3.883031135E1,8.093681335E-1,-8.769540787E-1,-1.475368738E0,1.897587454E0
3.883529598E1,8.107433319E-1,-9.015455246E-1,-1.377638340E0,1.835204751E0
3.884028062E1,7.254948616E-1,-8.617534637E-1,-1.203756332E0,1.648633111E0
3.884527708E1,6.421036720E-1,-8.510427475E-1,-9.466739893E-1,1.425749812E0
3.885026224E1,5.754346848E-1,-7.783794403E-1,-6.526089311E-1,1.167432245E0
3.885524739E1,4.605965614E-1,-7.422695160E-1,-3.725467920E-1,9.496864425E-1
3.886023265E1,3.313679695E-1,-7.163953781E-1,-6.172919273E-2,7.917307385E-1
3.886521213E1,2.164649963E-1,-6.841707230E-1,2.671662569E-1,7.657182782E-1
3.887019703E1,6.781435013E-2,-6.936788559E-1,5.540497303E-1,8.903708468E-1
3.887518198E1,-7.605886459E-2,-7.400932312E-1,8.341619968E-1,1.117742895E0
3.888016682E1,-2.270174026E-1,-7.995262146E-1,1.037526727E0,1.329376086E0
3.888514864E1,-4.040026665E-1,-8.097352982E-1,1.307371736E0,1.590003227E0
3.889013343E1,-6.237692833E-1,-8.282938004E-1,1.525971174E0,1.844924596E0
3.889511817E1,-7.927641869E-1,-8.742251396E-1,1.716795087E0,2.083297871E0
3.890010291E1,-9.348049164E-1,-8.613381386E-1,1.939293623E0,2.318754704E0
3.890509255E1,-1.109597206E0,-8.900628090E-1,2.021074772E0,2.471469400E0
3.891007755E1,-1.321801662E0,-9.125251770E-1,2.138668060E0,2.674651922E0
3.891506250E1,-1.506454945E0,-9.930424690E-1,2.195967197E0,2.842149148E0
3.892004755E1,-1.711221218E0,-1.016613483E0,2.259589672E0,3.011233388E0
3.892503359E1,-1.940674782E0,-1.026164532E0,2.243321419E0,3.138745489E0
3.893001864E1,-2.158776760E0,-1.007173538E0,2.245368481E0,3.273590575E0
3.893500369E1,-2.410810471E0,-9.403538704E-1,2.272829056E0,3.444128982E0
3.893998874E1,-2.648672819E0,-8.924412727E-1,2.256334305E0,3.592069546E0
3.894497578E1,-2.836370230E0,-8.631854057E-1,2.212906361E0,3.699599936E0
3.894996088E1,-3.040760279E0,-8.044676781E-1,2.178819180E0,3.826309493E0
3.895494609E1,-3.192318201E0,-7.806406021E-1,2.149472713E0,3.926898037E0
3.895993119E1,-3.286542654E0,-7.916946411E-1,2.092005253E0,3.975503616E0
3.896491812E1,-3.354691744E0,-7.466869354E-1,1.990119338E0,3.971406937E0
3.896990338E1,-3.401608229E0,-7.412123680E-1,1.911452293E0,3.971647540E0
3.897488859E1,-3.427553892E0,-7.298922539E-1,1.827700019E0,3.952386082E0
3.897987385E1,-3.451852083E0,-7.486734390E-1,1.703272581E0,3.921343164E0
3.898484494E1,-3.455444574E0,-7.759456635E-1,1.605665684E0,3.888489574E0
3.898982948E1,-3.441135168E0,-8.191857338E-1,1.501543164E0,3.842799551E0
3.899481401E1,-3.454266310E0,-8.590817451E-1,1.426896095E0,3.834841542E0
3.899979854E1,-3.463833094E0,-8.933262825E-1,1.379303217E0,3.833881703E0
3.900478619E1,-3.505904436E0,-8.886027336E-1,1.375589967E0,3.869525616E0
3.900977083E1,-3.506281137E0,-8.974967003E-1,1.317736030E0,3.851744538E0
3.901475552E1,-3.532070398E0,-9.630565643E-1,1.325751185E0,3.893663500E0
3.901974020E1,-3.557048559E0,-1.011190414E0,1.346878171E0,3.935629723E0
3.902474078E1,-3.562272787E0,-1.061226368E0,1.333311319E0,3.948886918E0
3.902972624E1,-3.580980062E0,-1.146364689E0,1.356663227E0,3.997262228E0
3.903471171E1,-3.613272429E0,-1.226060390E0,1.318579197E0,4.037030198E0
3.903969724E1,-3.627855539E0,-1.292980194E0,1.333490133E0,4.075699882E0
3.904467067E1,-3.631711721E0,-1.334973812E0,1.312513113E0,4.085850680E0
3.904965557E1,-3.622598886E0,-1.340312958E0,1.288643599E0,4.071887012E0
3.905464041E1,-3.610102415E0,-1.340178967E0,1.314005017E0,4.068848522E0
3.905962531E1,-3.599078894E0,-1.389685631E0,1.270966291E0,4.062013091E0
3.906460994E1,-3.546537638E0,-1.426675320E0,1.166505575E0,3.996757053E0
3.906959479E1,-3.490836859E0,-1.558845043E0,1.014721274E0,3.955451821E0
3.907457968E1,-3.496694088E0,-1.714519024E0,8.418285847E-1,3.984359471E0
3.907956453E1,-3.501760006E0,-1.867240429E0,6.119209528E-1,4.015390045E0
3.908454677E1,-3.522682190E0,-2.026464939E0,3.895575404E-1,4.082597830E0
3.908953151E1,-3.509233475E0,-2.208920479E0,1.794936657E-1,4.150453859E0
3.909451624E1,-3.532960892E0,-2.383134842E0,2.761048079E-2,4.261678856E0
3.909950099E1,-3.541265965E0,-2.568261623E0,-1.544070244E-1,4.377256438E0
3.910449671E1,-3.534225464E0,-2.769064903E0,-3.135323524E-1,4.500752449E0
3.910948203E1,-3.624184608E0,-2.911211967E0,-3.989428282E-1,4.665728729E0
3.911446729E1,-3.710445166E0,-3.001681805E0,-5.107138753E-1,4.799825585E0
3.911945260E1,-3.718866587E0,-3.107395649E0,-5.647782087E-1,4.879021504E0
3.912443765E1,-3.721128702E0,-3.194588661E0,-5.967381597E-1,4.940474872E0
3.912942291E1,-3.710075140E0,-3.248839378E0,-6.371971369E-1,4.972487812E0
3.913440822E1,-3.628533363E0,-3.308640957E0,-6.668187380E-1,4.955603554E0
3.913939348E1,-3.526920795E0,-3.347787857E0,-6.902991533E-1,4.911554413E0
3.914437255E1,-3.388604164E0,-3.471613407E0,-7.364230156E-1,4.906837748E0
3.914935750E1,-3.228300571E0,-3.618233681E0,-7.788490057E-1,4.911226458E0
3.915434250E1,-3.127416134E0,-3.763839245E0,-8.298002481E-1,4.963444972E0
3.915932744E1,-3.078892708E0,-3.879995823E0,-8.392210007E-1,5.023767489E0
3.916431604E1,-3.109167099E0,-3.938374519E0,-8.219848871E-1,5.084621231E0
3.916930114E1,-3.163141727E0,-4.001290798E0,-7.929533720E-1,5.161837724E0
3.917428630E1,-3.336350441E0,-4.023290634E0,-7.431322336E-1,5.279237379E0
3.917927145E1,-3.568889618E0,-4.045145035E0,-6.201819777E-1,5.429990529E0
3.918424760E1,-3.836415052E0,-4.121445656E0,-4.986364245E-1,5.652701392E0
3.918923229E1,-4.138673782E0,-4.184933186E0,-3.882509470E-1,5.898561286E0
3.919421698E1,-4.343728065E0,-4.268644333E0,-2.844223976E-1,6.096736344E0
3.919920171E1,-4.489747047E0,-4.412944317E0,-2.182815671E-1,6.299170813E0
3.920419177E1,-4.612529278E0,-4.560253143E0,-1.471439004E-1,6.487910788E0
3.920917671E1,-4.697740555E0,-4.684299469E0,-8.085733652E-2,6.634603661E0
3.921416171E1,-4.809734344E0,-4.835070133E0,-5.971193314E-4,6.819930206E0
3.921914666E1,-4.965153694E0,-4.947784901E0,-8.480548859E-3,7.009521992E0
3.922412583E1,-5.151906490E0,-5.010322094E0,-8.931875229E-2,7.187033172E0
3.922911046E1,-5.310015678E0,-5.099042892E0,-2.212594151E-1,7.365151774E0
3.923409520E1,-5.388944626E0,-5.139421940E0,-2.682635188E-1,7.451600323E0
3.923907984E1,-5.460262299E0,-5.121620655E0,-2.804250121E-1,7.491602011E0
3.924407427E1,-5.607890129E0,-5.012351990E0,-4.001843333E-1,7.532081496E0
3.924905942E1,-5.769548416E0,-4.821163654E0,-4.615887403E-1,7.532886039E0
3.925404458E1,-5.856416702E0,-4.669696331E0,-5.170553923E-1,7.508064111E0
3.925902974E1,-5.839671135E0,-4.555240631E0,-5.639115572E-1,7.427649185E0
3.926402015E1,-5.779150009E0,-4.429874897E0,-5.039346218E-1,7.299062716E0
3.926900557E1,-5.703886986E0,-4.317695618E0,-4.460002780E-1,7.167687105E0
3.927399099E1,-5.587876320E0,-4.202205658E0,-3.606224656E-1,7.000924419E0
3.927897640E1,-5.397852898E0,-4.083596706E0,-2.569856644E-1,6.773375790E0
3.928395437E1,-5.165187836E0,-4.033884048E0,-8.470582962E-2,6.554278066E0
3.928893942E1,-4.880419731E0,-3.993414879E0,9.603381157E-2,6.306748896E0
3.929392448E1,-4.591680050E0,-3.917179585E0,3.375295401E-1,6.044977069E0
3.929890953E1,-4.330419064E0,-3.827280998E0,6.083922386E-1,5.811260640E0
3.930389005E1,-4.125553608E0,-3.700326443E0,8.528602123E-1,5.607136426E0
3.930887489E1,-3.991424084E0,-3.538995266E0,1.079968572E0,5.442635926E0
3.931385968E1,-3.875413179E0,-3.341188431E0,1.313069224E0,5.282662040E0
3.931884448E1,-3.832442999E0,-3.087953568E0,1.448565722E0,5.130440451E0
3.932383442E1,-3.828937531E0,-2.817745686E0,1.574554205E0,5.007961093E0
3.932881953E1,-3.819312572E0,-2.566549778E0,1.651865602E0,4.889068035E0
3.933380463E1,-3.774613380E0,-2.327076435E0,1.679724932E0,4.741778860E0
3.933878968E1,-3.809662342E0,-2.094644070E0,1.667314172E0,4.656285804E0
3.934377557E1,-3.802154064E0,-1.871476173E0,1.609607458E0,4.533170498E0
3.934876073E1,-3.732975006E0,-1.683920860E0,1.501619220E0,4.361828990E0
3.935374583E1,-3.683456898E0,-1.498430729E0,1.312521577E0,4.187584298E0
3.935873098E1,-3.624737263E0,-1.357978821E0,1.073448062E0,4.016854173E0
3.936371984E1,-3.563819408E0,-1.207415104E0,8.657538891E-1,3.861112509E0
3.936870515E1,-3.402583599E0,-1.135190487E0,6.035459042E-1,3.637375462E0
3.937369046E1,-3.172356844E0,-1.076749802E0,3.328212500E-1,3.366601857E0
3.937867578E1,-2.937720537E0,-1.058378696E0,7.043755054E-2,3.123352184E0
3.938366083E1,-2.696460009E0,-1.049148560E0,-1.332757473E-1,2.896441213E0
3.938864614E1,-2.408139467E0,-1.046875954E0,-3.236861825E-1,2.645724419E0
3.939363145E1,-2.118463516E0,-1.035034180E0,-5.461517572E-1,2.420220065E0
3.939861671E1,-1.808357716E0,-1.018481255E0,-7.861034274E-1,2.219328793E0
3.940362750E1,-1.499429703E0,-1.016341686E0,-9.615453482E-1,2.050806991E0
3.940861406E1,-1.164025307E0,-9.743661880E-1,-1.191722155E0,1.929908308E0
3.941360067E1,-8.284087181E-1,-9.738097191E-1,-1.414157152E0,1.906412029E0
3.941858724E1,-4.665112495E-1,-1.014763355E0,-1.585662723E0,1.939511197E0
3.942352937E1,-1.631131172E-1,-1.054847240E0,-1.749221325E0,2.049166619E0
3.942851369E1,7.793569565E-2,-1.071866989E0,-1.840137005E0,2.130980294E0
3.943349802E1,2.915768623E-1,-1.073586464E0,-1.855460644E0,2.163409153E0
3.943848239E1,4.943938255E-1,-1.019352913E0,-1.871224403E0,2.187461173E0
3.944348010E1,6.146430969E-1,-9.809036255E-1,-1.846652508E0,2.179468638E0
3.944846510E1,7.380919456E-1,-9.679698944E-1,-1.815102577E0,2.185484569E0
3.945345015E1,8.577222824E-1,-9.516582489E-1,-1.712028742E0,2.138313202E0
3.945843515E1,9.257569313E-1,-9.582071304E-1,-1.573465705E0,2.061790757E0
3.946341380E1,1.020941257E0,-9.757156372E-1,-1.397040725E0,1.986470448E0
3.946839848E1,1.059747219E0,-1.037487030E0,-1.190062284E0,1.901497238E0
3.947338317E1,1.087779045E0,-1.100348473E0,-9.623038769E-1,1.822102841E0
3.947836791E1,1.071630001E0,-1.116428375E0,-7.402736545E-1,1.715461530E0
3.948335812E1,1.061819553E0,-1.131078720E0,-4.978988171E-1,1.629325955E0
3.948834307E1,1.034501553E0,-1.108417511E0,-1.973155737E-1,1.528959214E0
3.949332807E1,1.011462212E0,-1.022063255E0,8.112430573E-3,1.437962070E0
3.949831307E1,9.355273247E-1,-9.006805420E-1,1.924715042E-1,1.312814569E0
3.950329729E1,9.266543388E-1,-7.943859100E-1,3.673830032E-1,1.274640149E0
3.950828224E1,9.109072685E-1,-7.269802094E-1,5.468168259E-1,1.287346464E0
3.951326713E1,9.315071106E-1,-6.122961044E-1,7.231788635E-1,1.328758701E0
3.951825208E1,9.694643021E-1,-4.646892548E-1,8.770656586E-1,1.387458578E0
3.952335208E1,9.878692627E-1,-2.930870056E-1,1.006223798E0,1.440233316E0
3.952836224E1,1.044130802E0,-1.490087509E-1,1.119548082E0,1.538115941E0
3.953335380E1,1.108013153E0,1.824092865E-2,1.281627655E0,1.694283130E0
3.953834536E1,1.205853939E0,2.134246826E-1,1.415788889E0,1.871922006E0
3.954325036E1,1.336426258E0,3.450965881E-1,1.455014944E0,2.005541145E0
3.954815130E1,1.474342585E0,4.902858734E-1,1.482926369E0,2.147821433E0
3.955313411E1,1.658992529E0,5.801334381E-1,1.545059562E0,2.340089756E0
3.955811698E1,1.812546968E0,6.906595230E-1,1.514525533E0,2.460919478E0
3.956311609E1,1.982827663E0,7.739534378E-1,1.496258736E0,2.601807001E0
3.956809974E1,2.126397371E0,8.585844040E-1,1.447094798E0,2.711607699E0
3.957308338E1,2.265070200E0,9.494457245E-1,1.405310631E0,2.829644530E0
3.957806708E1,2.405696869E0,1.072727203E0,1.308866143E0,2.941301015E0
3.958305718E1,2.576989651E0,1.204510212E0,1.205802321E0,3.089608349E0
3.958804119E1,2.740444422E0,1.301667213E0,1.096049905E0,3.225786502E0
3.959302515E1,2.874270916E0,1.385677338E0,9.533674717E-1,3.330231902E0
3.959800916E1,2.978502750E0,1.442246914E0,8.257768154E-1,3.410786147E0
3.960305276E1,3.087387800E0,1.486015797E0,6.031641960E-1,3.479082268E0
3.960803968E1,3.201987505E0,1.523766994E0,4.032181501E-1,3.568917863E0
3.961302666E1,3.325563669E0,1.510388374E0,1.971437931E-1,3.657801585E0
3.961801364E1,3.513035059E0,1.524879932E0,2.353489399E-2,3.829781720E0
3.962293281E1,3.691536903E0,1.540694714E0,-1.693804264E-1,4.003732588E0
3.962791635E1,3.857702494E0,1.527182102E0,-3.651168942E-1,4.165028697E0
3.963289994E1,4.003495216E0,1.529606819E0,-5.464787483E-1,4.320452522E0
3.963788348E1,4.143171310E0,1.550381184E0,-7.681183815E-1,4.489939439E0
3.964286901E1,4.286198139E0,1.517797470E0,-9.315618873E-1,4.641444947E0
3.964785265E1,4.415563583E0,1.515615463E0,-1.115449905E0,4.799845881E0
3.965283630E1,4.521889687E0,1.527193069E0,-1.259647250E0,4.936245152E0
3.965781994E1,4.640935421E0,1.533408165E0,-1.421380997E0,5.090181345E0
3.966281385E1,4.736771107E0,1.519968987E0,-1.528716087E0,5.204255865E0
3.966779802E1,4.823556423E0,1.508422375E0,-1.591126442E0,5.298463738E0
3.967278218E1,4.901341438E0,1.498841763E0,-1.656301379E0,5.386372507E0
3.967776635E1,4.972454071E0,1.531901836E0,-1.654808760E0,5.459891460E0
3.968275609E1,5.032157421E0,1.547812462E0,-1.627372742E0,5.510596498E0
3.968774057E1,5.077861786E0,1.577662945E0,-1.597915411E0,5.552209861E0
3.969272505E1,5.114338875E0,1.623854160E0,-1.530515075E0,5.579949897E0
3.969770942E1,5.165521145E0,1.676795959E0,-1.506773829E0,5.636011068E0
3.970270239E1,5.195465088E0,1.712588310E0,-1.421352386E0,5.652084466E0
3.970768724E1,5.194598198E0,1.748002052E0,-1.305446625E0,5.634141683E0
3.971267213E1,5.251410007E0,1.775852680E0,-1.214253187E0,5.674977587E0
3.971765698E1,5.296503067E0,1.803327560E0,-1.126344323E0,5.707327445E0
3.972275698E1,5.315946579E0,1.825724125E0,-9.988817573E-1,5.708793338E0
3.972785698E1,5.330737114E0,1.823757172E0,-8.585400581E-1,5.699117426E0
3.973295698E1,5.321628571E0,1.857205391E0,-7.126507759E-1,5.681268664E0
3.973796000E1,5.297948360E0,1.880487442E0,-5.712066293E-1,5.650731533E0
3.974286500E1,5.264537811E0,1.915132999E0,-4.343852401E-1,5.618877406E0
3.974777000E1,5.253135681E0,1.942136288E0,-2.855402231E-1,5.607928411E0
3.975267500E1,5.242196083E0,1.980606079E0,-1.608369350E-1,5.606183081E0
3.975758000E1,5.217325211E0,1.963556290E0,-4.361367226E-2,5.574758991E0
3.976251755E1,5.183533669E0,1.965224266E0,1.582086086E-2,5.543588910E0
3.976750708E1,5.148176670E0,1.954524517E0,1.082885265E-1,5.507777730E0
3.977249666E1,5.118467331E0,1.938665390E0,1.644473076E-1,5.475780696E0
3.977748625E1,5.039576530E0,1.936806202E0,2.176833153E-1,5.403326373E0
3.978245458E1,5.026275158E0,1.948935509E0,2.872608900E-1,5.398547064E0
3.978744307E1,4.997332573E0,1.934383392E0,3.250656128E-1,5.368504411E0
3.979243156E1,5.050903320E0,1.902797222E0,3.145899773E-1,5.406591206E0
3.979742005E1,5.132055283E0,1.801638126E0,3.205392361E-1,5.448544463E0
3.980249099E1,5.209547997E0,1.666858196E0,3.526331186E-1,5.481072586E0
3.980748364E1,5.287935257E0,1.543893814E0,3.319908381E-1,5.518703227E0
3.981247630E1,5.364679337E0,1.432727814E0,3.330382109E-1,5.562679914E0
3.981746895E1,5.439690590E0,1.371595383E0,3.343250751E-1,5.619900432E0
3.982237395E1,5.496127605E0,1.310179710E0,3.596609831E-1,5.661567411E0
3.982732406E1,5.579280376E0,1.253270149E0,4.309173822E-1,5.734522245E0
3.983231057E1,5.633969307E0,1.224753380E0,4.764250517E-1,5.785206290E0
3.983729708E1,5.688851357E0,1.169568062E0,4.938296080E-1,5.828789487E0
3.984227369E1,5.746362209E0,1.111636162E0,5.284305811E-1,5.876704219E0
3.984725968E1,5.775118828E0,1.036544800E0,5.802627802E-1,5.896026415E0
3.985224572E1,5.803803921E0,9.490900040E-1,6.614202261E-1,5.917971654E0
3.985723171E1,5.844131470E0,9.304780960E-1,7.285255194E-1,5.962416587E0
3.986221567E1,5.752476692E0,9.040231705E-1,8.698768616E-1,5.887693245E0
3.986720156E1,5.636478424E0,9.342355728E-1,9.920635223E-1,5.798868438E0
3.987218750E1,5.510354042E0,9.611701965E-1,1.118804693E0,5.704346918E0
3.987717338E1,5.359848499E0,9.800100327E-1,1.242716432E0,5.588625925E0
3.988215510E1,5.216239929E0,8.687744141E-1,1.334727883E0,5.453936790E0
3.988714078E1,5.067499161E0,6.203975677E-1,1.394858479E0,5.292454163E0
3.989212651E1,4.956947327E0,2.901000977E-1,1.394613624E0,5.157560666E0
3.989711218E1,4.872704983E0,-1.196384430E-1,1.360278130E0,5.060427235E0
3.990210406E1,4.783751488E0,-5.704326630E-1,1.294609785E0,4.988555524E0
3.990709010E1,4.694995880E0,-1.014364243E0,1.281765103E0,4.971402509E0
3.991207609E1,4.625997543E0,-1.468081474E0,1.254863620E0,5.012963115E0
3.991706208E1,4.526684761E0,-1.919541359E0,1.269440413E0,5.078089495E0
3.992203062E1,4.426308632E0,-2.311224937E0,1.342285872E0,5.170657616E0
3.992701573E1,4.307971954E0,-2.669576645E0,1.408817649E0,5.260230888E0
3.993200083E1,4.220044613E0,-2.996872902E0,1.452502131E0,5.375852134E0
3.993698598E1,4.095610619E0,-3.195096016E0,1.461539865E0,5.396180470E0
3.994197442E1,3.942214012E0,-3.302555084E0,1.541434526E0,5.368793328E0
3.994695974E1,3.791349649E0,-3.285772324E0,1.613242030E0,5.270026734E0
3.995194500E1,3.650343180E0,-3.204668045E0,1.734072566E0,5.157703973E0
3.995693031E1,3.514503002E0,-3.044971466E0,1.882133842E0,5.016573570E0
3.996191062E1,3.355289936E0,-2.816317558E0,2.057136059E0,4.839568566E0
3.996689567E1,3.215611219E0,-2.549982071E0,2.308784485E0,4.708826804E0
3.997188078E1,3.088457823E0,-2.229233742E0,2.500396729E0,4.556318536E0
3.997686583E1,2.985685110E0,-1.937927246E0,2.672036171E0,4.450803847E0
3.998185276E1,2.863853216E0,-1.645125389E0,2.878148794E0,4.380848465E0
3.998683791E1,2.696594477E0,-1.322240829E0,3.141859055E0,4.346403214E0
3.999182302E1,2.517099380E0,-9.551610947E-1,3.438489199E0,4.367073388E0
3.999680812E1,2.318082333E0,-6.181573868E-1,3.746116638E0,4.448484475E0
4.000187625E1,2.115328550E0,-3.451223373E-1,4.002048492E0,4.539836609E0
4.000686552E1,1.893636227E0,-1.115684509E-1,4.229246616E0,4.635173419E0
4.001185484E1,1.673581839E0,3.428363800E-2,4.343717575E0,4.655097626E0
4.001684411E1,1.450312853E0,1.140041351E-1,4.391113281E0,4.625827511E0
4.002174911E1,1.243726730E0,1.184444427E-1,4.376783371E0,4.551606084E0
4.002671458E1,1.040138245E0,7.080936432E-2,4.264842033E0,4.390419012E0
4.003169869E1,8.399024010E-1,-5.738162994E-2,4.036962986E0,4.123808779E0
4.003668270E1,5.763897896E-1,-1.415605545E-1,3.722434282E0,3.769453749E0
4.004167807E1,3.285808563E-1,-2.822160721E-1,3.369816542E0,3.397539524E0
4.004666270E1,9.235668182E-2,-5.004081726E-1,2.973073483E0,3.016306355E0
4.005164729E1,-1.727886200E-1,-7.098312378E-1,2.571226120E0,2.672998327E0
4.005663192E1,-3.422093391E-1,-9.222431183E-1,2.232061863E0,2.439208839E0
4.006161875E1,-5.018494129E-1,-1.147005081E0,1.991990209E0,2.352764009E0
4.006660348E1,-6.969144344E-1,-1.326460838E0,1.739411116E0,2.295809033E0
4.007158822E1,-8.795049191E-1,-1.467698097E0,1.522973299E0,2.290658044E0
4.007657296E1,-1.047057867E0,-1.599241257E0,1.333707213E0,2.330810525E0
4.008155187E1,-1.192011118E0,-1.701622009E0,1.193747520E0,2.396130445E0
4.008653630E1,-1.256851435E0,-1.796236038E0,1.009989619E0,2.413756091E0
4.009152072E1,-1.298983812E0,-1.906844139E0,8.690097332E-1,2.465479960E0
4.009650520E1,-1.323220491E0,-1.959211349E0,7.853890657E-1,2.491236152E0
4.010149296E1,-1.308048010E0,-1.986817360E0,6.994172335E-1,2.479438905E0
4.010647755E1,-1.251026869E0,-1.970481873E0,6.206063032E-1,2.415164429E0
4.011146218E1,-1.173921824E0,-1.896074295E0,6.441158056E-1,2.321222814E0
4.011644677E1,-1.067310333E0,-1.809189796E0,6.787345409E-1,2.207487179E0
4.012144020E1,-9.602003098E-1,-1.690898895E0,7.243032455E-1,2.075027446E0
4.012642526E1,-8.622188568E-1,-1.593994141E0,8.351261616E-1,1.995413336E0
4.013141031E1,-7.999167442E-1,-1.456525803E0,9.890791178E-1,1.933807569E0
4.013639536E1,-7.949414253E-1,-1.281156540E0,1.125631332E0,1.881579083E0
4.014136838E1,-7.801756859E-1,-1.108653069E0,1.263131618E0,1.852913169E0
4.014635281E1,-7.990598679E-1,-9.704313278E-1,1.369982839E0,1.859324235E0
4.015133729E1,-8.799400330E-1,-8.113698959E-1,1.517135620E0,1.932437854E0
4.015632171E1,-9.342846870E-1,-6.626491547E-1,1.629999161E0,1.992207078E0
4.016133088E1,-1.014878273E0,-5.005550385E-1,1.657517791E0,2.006962501E0
4.016631651E1,-1.178540230E0,-3.678379059E-1,1.714009881E0,2.112366367E0
4.017130224E1,-1.264981747E0,-2.764549255E-1,1.751276731E0,2.177975283E0
4.017628786E1,-1.381830692E0,-1.785202026E-1,1.764079094E0,2.247954754E0
4.018125708E1,-1.471468925E0,-1.336860657E-1,1.721134901E0,2.268347000E0
4.018624192E1,-1.574937820E0,-1.349358559E-1,1.668078184E0,2.298069114E0
4.019122677E1,-1.687109470E0,-1.532640457E-1,1.600096345E0,2.330265338E0
4.019621161E1,-1.724284649E0,-1.957721710E-1,1.515118361E0,2.303707434E0
4.020131161E1,-1.811965942E0,-2.631940842E-1,1.403918505E0,2.307266536E0
4.020641161E1,-1.891673565E0,-3.331680298E-1,1.324173450E0,2.332994886E0
4.021151161E1,-1.929903507E0,-3.912239075E-1,1.243014336E0,2.328662348E0
4.021651880E1,-1.954662323E0,-4.462685585E-1,1.187321663E0,2.330148741E0
4.022151843E1,-1.997885227E0,-5.395350456E-1,1.076219440E0,2.332571913E0
4.022642343E1,-2.046985626E0,-5.819377899E-1,9.819654226E-1,2.343727338E0
4.023132843E1,-2.038238525E0,-6.339445114E-1,8.953113556E-1,2.314710425E0
4.023623343E1,-2.048348904E0,-7.170968056E-1,8.382201195E-1,2.326493935E0
4.024113843E1,-2.051184177E0,-7.669248581E-1,8.060820699E-1,2.333516353E0
4.024607234E1,-2.056643486E0,-8.435001373E-1,7.130298018E-1,2.334456341E0
4.025105515E1,-2.151214600E0,-9.040532112E-1,6.839409471E-1,2.431627373E0
4.025603802E1,-2.178757668E0,-9.361314774E-1,6.542788148E-1,2.459960952E0
4.026102083E1,-2.206418514E0,-9.781522751E-1,6.454316378E-1,2.498328748E0
4.026601734E1,-2.301361561E0,-1.044642925E0,6.072266102E-1,2.599282215E0
4.027100088E1,-2.367518902E0,-1.113799572E0,6.614177823E-1,2.698734652E0
4.027598437E1,-2.452814579E0,-1.214427948E0,7.238399982E-1,2.831091476E0
4.028096791E1,-2.557071686E0,-1.339221954E0,8.324615359E-1,3.004184292E0
4.028595604E1,-2.692276478E0,-1.430865765E0,9.366563559E-1,3.189522629E0
4.029093979E1,-2.817464828E0,-1.541799545E0,1.048002720E0,3.378396602E0
4.029592354E1,-2.930093050E0,-1.679048061E0,1.228379726E0,3.593544827E0
4.030090729E1,-3.049345255E0,-1.794829845E0,1.379288673E0,3.797677962E0
4.030589536E1,-3.148700953E0,-1.881789684E0,1.574833155E0,3.991935567E0
4.031087937E1,-3.249743700E0,-1.961554527E0,1.747621775E0,4.178841005E0
4.031586333E1,-3.390815496E0,-2.015124321E0,1.935555458E0,4.393714908E0
4.032084729E1,-3.593151808E0,-2.044703484E0,2.114429235E0,4.643529180E0
4.032583583E1,-3.777709246E0,-2.067006111E0,2.286455631E0,4.875600554E0
4.033082005E1,-3.910804510E0,-2.096157551E0,2.331855059E0,5.012565851E0
4.033580421E1,-4.078533173E0,-2.132119656E0,2.360373497E0,5.172207470E0
4.034078843E1,-4.232962132E0,-2.208302975E0,2.345437288E0,5.319365235E0
4.034578057E1,-4.340501308E0,-2.322081089E0,2.287281513E0,5.428044668E0
4.035076520E1,-4.436882019E0,-2.461190224E0,2.116786957E0,5.497650988E0
4.035574979E1,-4.558119774E0,-2.558753490E0,1.910672545E0,5.565459988E0
4.036073437E1,-4.720791340E0,-2.640941620E0,1.752816916E0,5.686194743E0
4.036572088E1,-4.843229771E0,-2.700185299E0,1.590800762E0,5.768753966E0
4.037070557E1,-4.911080837E0,-2.743538380E0,1.391493082E0,5.794995326E0
4.037569026E1,-4.984122753E0,-2.792406082E0,1.243552327E0,5.846831085E0
4.038067494E1,-5.000122547E0,-2.927922726E0,1.121018291E0,5.901748807E0
4.038565828E1,-5.098027229E0,-3.013713837E0,9.482740164E-1,5.997630893E0
4.039064286E1,-5.194038391E0,-3.083201408E0,8.381974697E-1,6.098093205E0
4.039562750E1,-5.204247475E0,-3.138442516E0,7.193249464E-1,6.119758295E0
4.040061213E1,-5.159902573E0,-3.215235233E0,6.281439066E-1,6.112028872E0
4.040558088E1,-5.099256992E0,-3.404237270E0,5.290255547E-1,6.153951682E0
4.041056474E1,-4.993782997E0,-3.557168961E0,4.507287741E-1,6.147721209E0
4.041554854E1,-4.893849373E0,-3.669373989E0,3.836325407E-1,6.128722631E0
4.042053239E1,-4.790192604E0,-3.760378838E0,3.348480463E-1,6.099058731E0
4.042553276E1,-4.699788570E0,-3.796999931E0,3.281810284E-1,6.050861416E0
4.043051739E1,-4.629759789E0,-3.841408730E0,2.966722250E-1,6.023214352E0
4.043550198E1,-4.592235088E0,-3.817317486E0,2.474168539E-1,5.976767604E0
4.044048666E1,-4.565750122E0,-3.791923523E0,2.399343252E-1,5.939892816E0
4.044546317E1,-4.583757401E0,-3.746124744E0,1.878191233E-1,5.922799889E0
4.045044744E1,-4.634251595E0,-3.706377029E0,1.669685841E-1,5.936446499E0
4.045543166E1,-4.662105083E0,-3.763475418E0,1.364099979E-1,5.993127624E0
4.046041588E1,-4.729383945E0,-3.812004089E0,3.593194485E-2,6.074515519E0
4.046540724E1,-4.757065773E0,-3.830463886E0,-7.269024849E-2,6.107979390E0
4.047039187E1,-4.823949814E0,-3.873765469E0,-1.993486285E-1,6.190015395E0
4.047537645E1,-4.862950802E0,-3.925076008E0,-3.393976092E-1,6.258570356E0
4.048036104E1,-4.907468319E0,-3.989048481E0,-4.880739450E-1,6.343025245E0
4.048534843E1,-4.952580452E0,-4.060702324E0,-7.049320936E-1,6.443158057E0
4.049033317E1,-5.072234154E0,-4.118330002E0,-8.728338480E-1,6.591664451E0
4.049531791E1,-5.165705681E0,-4.135350704E0,-1.022496700E0,6.695606032E0
4.050030265E1,-5.232822418E0,-4.176109314E0,-1.165632606E0,6.795661766E0
4.050540265E1,-5.249228477E0,-4.189849854E0,-1.256883025E0,6.832934680E0
4.051045953E1,-5.313427925E0,-4.179274082E0,-1.290304661E0,6.882131522E0
4.051545312E1,-5.344158173E0,-4.137171745E0,-1.370057464E0,6.895888201E0
4.052044671E1,-5.350822449E0,-4.048939228E0,-1.325801849E0,6.839807036E0
4.052535171E1,-5.352852821E0,-3.969868660E0,-1.245507836E0,6.779688804E0
4.053025671E1,-5.304593086E0,-3.856625080E0,-1.155159831E0,6.659328724E0
4.053519593E1,-5.179527283E0,-3.718495369E0,-9.515565634E-1,6.446717814E0
4.054017869E1,-4.975462914E0,-3.610659122E0,-7.278298140E-1,6.190462563E0
4.054517265E1,-4.802861691E0,-3.492891788E0,-4.407703280E-1,5.955002263E0
4.055015593E1,-4.590156555E0,-3.387051105E0,-1.287243366E-1,5.705981278E0
4.055513927E1,-4.304141998E0,-3.279199123E0,1.934517622E-1,5.414444461E0
4.056012260E1,-4.064706326E0,-3.157811642E0,4.822289944E-1,5.169734682E0
4.056510937E1,-3.847949505E0,-3.025527954E0,7.754706144E-1,4.955995305E0
4.057009291E1,-3.666140318E0,-2.863786697E0,1.038990974E0,4.766692913E0
4.057507640E1,-3.557491064E0,-2.682329178E0,1.317726970E0,4.646185194E0
4.058005989E1,-3.428539038E0,-2.464476585E0,1.524986386E0,4.489332718E0
4.058504395E1,-3.343773127E0,-2.236667156E0,1.746095419E0,4.385470089E0
4.059002750E1,-3.226693869E0,-2.015908241E0,1.972967982E0,4.285795378E0
4.059501104E1,-3.130076647E0,-1.780863762E0,2.121633053E0,4.179734724E0
4.059999458E1,-3.075486422E0,-1.579524994E0,2.227623463E0,4.112884903E0
4.060498692E1,-3.012481451E0,-1.347171307E0,2.276453495E0,4.009009296E0
4.060997093E1,-2.972415209E0,-1.100884914E0,2.258295536E0,3.891927350E0
4.061495489E1,-2.957577944E0,-9.195795059E-1,2.168186188E0,3.780730764E0
4.061993890E1,-2.900929213E0,-7.050948143E-1,2.001449108E0,3.594210278E0
4.062493036E1,-2.816688776E0,-5.314464569E-1,1.791762948E0,3.380323277E0
4.062991479E1,-2.738356352E0,-4.321012497E-1,1.515117764E0,3.159254475E0
4.063489911E1,-2.646597624E0,-3.733119965E-1,1.219716191E0,2.937949696E0
4.063988349E1,-2.522310972E0,-3.239665031E-1,9.177091122E-1,2.703552654E0
4.064486536E1,-2.437168360E0,-2.528781891E-1,6.739972830E-1,2.541261366E0
4.064984963E1,-2.300253153E0,-1.792016029E-1,4.529753923E-1,2.351268697E0
4.065483385E1,-2.188087702E0,-1.196236610E-1,2.358633280E-1,2.204012051E0
4.065981807E1,-2.026305914E0,-6.685400009E-2,7.280564308E-2,2.028715302E0
4.066479552E1,-1.829393864E0,2.685546875E-2,-5.754971504E-2,1.830495860E0
4.066977942E1,-1.573467255E0,4.188108444E-2,-1.550259590E-1,1.581640375E0
4.067476333E1,-1.227745056E0,1.641225815E-2,-2.670944333E-1,1.256569426E0
4.067974718E1,-9.121246338E-1,-3.531551361E-2,-3.790835738E-1,9.883940960E-1
4.068474833E1,-5.574131012E-1,-9.908723831E-2,-4.431300759E-1,7.189519528E-1
4.068973307E1,-1.047673225E-1,-2.161226273E-1,-5.210824013E-1,5.737700330E-1
4.069471786E1,3.042688370E-1,-3.387689590E-1,-6.225804090E-1,7.713302137E-1
4.069970260E1,6.693434715E-1,-4.911785126E-1,-7.236875892E-1,1.101363128E0
4.070469031E1,1.004601002E0,-6.112499237E-1,-8.433632255E-1,1.447104409E0
4.070967520E1,1.311956882E0,-6.992416382E-1,-9.763752222E-1,1.778616964E0
4.071466010E1,1.550491333E0,-8.390522003E-1,-1.027289152E0,2.040430095E0
4.071964500E1,1.765696526E0,-9.564781189E-1,-1.082558513E0,2.281330214E0
4.072462770E1,1.935957909E0,-1.030046463E0,-1.139852762E0,2.471475887E0
4.072961250E1,1.996743679E0,-1.019067764E0,-1.158237576E0,2.523291246E0
4.073459729E1,2.022132397E0,-1.012131691E0,-1.130348086E0,2.528065819E0
4.073958208E1,1.981371880E0,-9.587860107E-1,-1.108834267E0,2.464674131E0
4.074457411E1,1.929916859E0,-9.257926941E-1,-1.074682474E0,2.395122881E0
4.074955927E1,1.906094074E0,-8.748350143E-1,-1.059237838E0,2.349577775E0
4.075454442E1,1.845648289E0,-8.511915207E-1,-9.551929235E-1,2.245737770E0
4.075952953E1,1.768009663E0,-8.020906448E-1,-8.346214890E-1,2.113244094E0
4.076450614E1,1.680394650E0,-7.107925415E-1,-7.692497969E-1,1.980075116E0
4.076949088E1,1.609453678E0,-6.560897827E-1,-6.539566517E-1,1.857001413E0
4.077447557E1,1.574538708E0,-6.091165543E-1,-4.984315038E-1,1.760292329E0
4.077946031E1,1.506126881E0,-5.411911011E-1,-4.076616168E-1,1.651512635E0
4.078444724E1,1.485610008E0,-4.786195755E-1,-2.955210209E-1,1.588535951E0
4.078943208E1,1.484045982E0,-3.855667114E-1,-1.545580626E-1,1.541084800E0
4.079441692E1,1.482150078E0,-3.625402451E-1,-3.970360756E-2,1.526361903E0
4.079940171E1,1.465380669E0,-3.759813309E-1,9.499740601E-2,1.515825509E0
4.080438942E1,1.445488453E0,-4.139051437E-1,2.189097404E-1,1.519432726E0
4.080937442E1,1.364706516E0,-4.070806503E-1,4.277712107E-1,1.486985790E0
4.081435937E1,1.275504589E0,-4.033908844E-1,6.788790226E-1,1.500170953E0
4.081934437E1,1.127714634E0,-3.501615524E-1,9.675118923E-1,1.526575471E0
4.082433140E1,9.814205170E-1,-2.975893021E-1,1.362657309E0,1.705456116E0
4.082931651E1,8.581461906E-1,-2.361803055E-1,1.782253981E0,1.992140877E0
4.083430161E1,7.388625145E-1,-1.588382721E-1,2.210966587E0,2.336561718E0
4.083928666E1,6.450290680E-1,-7.766914368E-2,2.580969572E0,2.661484346E0
4.084425270E1,5.358374119E-1,-2.157497406E-2,2.919874191E0,2.968712264E0
4.084923682E1,4.953448772E-1,6.686687469E-2,3.202695847E0,3.241465473E0
4.085422093E1,4.874570370E-1,1.204957962E-1,3.354550123E0,3.391922778E0
4.085920505E1,5.456779003E-1,1.439971924E-1,3.393511057E0,3.440118727E0
4.086420734E1,6.772420406E-1,1.205635071E-1,3.328230619E0,3.398574907E0
4.086919239E1,8.120958805E-1,4.035377502E-2,3.060315609E0,3.166490135E0
4.087417739E1,9.430394173E-1,-7.270717621E-2,2.673557281E0,2.835933394E0
4.087916250E1,1.005504370E0,-1.707887650E-1,2.153833866E0,2.383108928E0
4.088413713E1,9.446425438E-1,-2.251510620E-1,1.542557597E0,1.822779876E0
4.088912161E1,8.282613754E-1,-2.188367844E-1,8.546289206E-1,1.210081417E0
4.089410614E1,6.785249710E-1,-1.540031433E-1,1.556918621E-1,7.129888220E-1
4.089909062E1,4.939465523E-1,-7.092571259E-2,-4.981122017E-1,7.050740519E-1
4.090409114E1,3.663721085E-1,6.188011169E-2,-1.134704351E0,1.193989797E0
4.090907645E1,3.250102997E-1,1.682472229E-1,-1.678559899E0,1.717993643E0
4.091406177E1,3.321120739E-1,2.533102036E-1,-2.140986443E0,2.181349911E0
4.091904703E1,3.833892345E-1,3.150730133E-1,-2.595106602E0,2.642127284E0
4.092402838E1,5.244274139E-1,3.131408691E-1,-2.891745567E0,2.955549652E0
4.092901349E1,7.120110989E-1,3.887577057E-1,-3.128516197E0,3.231981738E0
4.093399854E1,9.026861191E-1,4.557313919E-1,-3.230783939E0,3.385335758E0
4.093898364E1,1.156048298E0,5.284318924E-1,-3.313100338E0,3.548566159E0
4.094397348E1,1.421407938E0,5.901079178E-1,-3.303193569E0,3.644134415E0
4.094895880E1,1.697718859E0,6.406517029E-1,-3.236229897E0,3.710238250E0
4.095394416E1,2.027202368E0,7.301292419E-1,-3.073790550E0,3.753774966E0
4.095892953E1,2.344546318E0,8.224201202E-1,-2.909431696E0,3.825972437E0
4.096391317E1,2.720853329E0,8.981628418E-1,-2.688506126E0,3.929097163E0
4.096889843E1,3.098003864E0,9.667186737E-1,-2.373194456E0,4.020475701E0
4.097388369E1,3.456014156E0,1.027802467E0,-2.188868284E0,4.218003808E0
4.097886895E1,3.727329254E0,1.052499771E0,-1.994813442E0,4.356606455E0
4.098385421E1,4.004875183E0,1.033577919E0,-1.808019042E0,4.514005029E0
4.098883948E1,4.218753815E0,1.128674507E0,-1.669800162E0,4.675470294E0
4.099382474E1,4.306651115E0,1.222722054E0,-1.611826181E0,4.758179977E0
4.099881000E1,4.283548355E0,1.272787094E0,-1.560156107E0,4.733166020E0
4.100378416E1,4.260021210E0,1.279051781E0,-1.512501478E0,4.698022444E0
4.100876880E1,4.222335815E0,1.246435165E0,-1.497944117E0,4.650328691E0
4.101375354E1,4.209348202E0,1.222962379E0,-1.509293318E0,4.635969757E0
4.101873822E1,4.240473747E0,1.170435905E0,-1.477252007E0,4.640453782E0
4.102372520E1,4.239236832E0,1.112838745E0,-1.459275723E0,4.619418212E0
4.102871000E1,4.275226593E0,1.066998482E0,-1.483952284E0,4.649533585E0
4.103369479E1,4.317431450E0,1.006728172E0,-1.455227375E0,4.665983567E0
4.103867963E1,4.408639908E0,9.965600967E-1,-1.399513245E0,4.731582736E0
4.104367401E1,4.496287346E0,9.981918335E-1,-1.364727259E0,4.803693092E0
4.104865932E1,4.639623642E0,9.780921936E-1,-1.309985876E0,4.919231126E0
4.105364458E1,4.730854511E0,9.457883835E-1,-1.292930841E0,4.994714229E0
4.105862989E1,4.841697693E0,9.347562790E-1,-1.256192207E0,5.088597519E0
4.106361208E1,4.938462257E0,9.115066528E-1,-1.254665852E0,5.176238040E0
4.106859718E1,5.030608177E0,9.501781464E-1,-1.271559477E0,5.275103852E0
4.107358229E1,5.113199234E0,9.885387421E-1,-1.268480539E0,5.360136018E0
4.107856744E1,5.204969406E0,1.091118813E0,-1.262085915E0,5.465812624E0
4.108354854E1,5.233875751E0,1.205245018E0,-1.271317959E0,5.519268094E0
4.108853348E1,5.235792160E0,1.259256363E0,-1.293442249E0,5.538252340E0
4.109351838E1,5.237222195E0,1.298745155E0,-1.345003605E0,5.560959449E0
4.109850333E1,5.297920227E0,1.328568459E0,-1.344460249E0,5.625000110E0
4.110348125E1,5.343715191E0,1.336919785E0,-1.346384287E0,5.670572916E0
4.110846583E1,5.391518116E0,1.278415680E0,-1.319691658E0,5.695998623E0
4.111345036E1,5.438912392E0,1.227314949E0,-1.233109474E0,5.710396568E0
4.111843494E1,5.492981911E0,1.133336067E0,-1.105950713E0,5.716679796E0
4.112343474E1,5.594470978E0,9.750661850E-1,-9.667564631E-1,5.760510190E0
4.112842010E1,5.661956787E0,8.410062790E-1,-8.204077482E-1,5.782569939E0
4.113340541E1,5.752672195E0,5.373115540E-1,-6.336914301E-1,5.812358035E0
4.113839072E1,5.861894131E0,1.574592590E-1,-4.233133793E-1,5.879267849E0
4.114337354E1,5.944073677E0,-1.957502365E-1,-2.230408192E-1,5.951476896E0
4.114835869E1,5.977660179E0,-5.942001343E-1,3.457069397E-4,6.007120370E0
4.115334390E1,5.962747097E0,-1.009166718E0,2.133567333E-1,6.051304942E0
4.115832911E1,5.914134979E0,-1.352209091E0,4.754056931E-1,6.085349008E0
4.116342911E1,5.855485916E0,-1.719042778E0,7.367291451E-1,6.146917375E0
4.116845395E1,5.742428780E0,-1.997400284E0,9.744281769E-1,6.157483776E0
4.117344656E1,5.572784901E0,-2.204162598E0,1.224234819E0,6.116617954E0
4.117843911E1,5.363516808E0,-2.274812698E0,1.428887844E0,5.998650334E0
4.118334411E1,5.137041092E0,-2.262158394E0,1.640171051E0,5.847795555E0
4.118824911E1,4.917196751E0,-2.139994621E0,1.910822392E0,5.692946783E0
4.119321604E1,4.766312122E0,-2.001624107E0,2.102356672E0,5.580692958E0
4.119819942E1,4.651294708E0,-1.818400383E0,2.214260101E0,5.462972653E0
4.120321578E1,4.631860733E0,-1.619022369E0,2.292313576E0,5.415724219E0
4.120820078E1,4.660448074E0,-1.358126640E0,2.319124222E0,5.379834698E0
4.121318588E1,4.703106880E0,-1.097997665E0,2.318951607E0,5.357457396E0
4.121817093E1,4.728358269E0,-7.908716202E-1,2.363709450E0,5.345088605E0
4.122314166E1,4.685616493E0,-5.014390945E-1,2.357865810E0,5.269342869E0
4.122812604E1,4.579314232E0,-1.962871552E-1,2.332769156E0,5.143001012E0
4.123311036E1,4.474050522E0,1.030235291E-1,2.391310453E0,5.074062239E0
4.123809474E1,4.324100494E0,3.534288406E-1,2.545710087E0,5.030248192E0
4.124306895E1,4.086129189E0,5.333433151E-1,2.719333172E0,4.937173254E0
4.124805276E1,3.795980453E0,7.264499664E-1,2.904830217E0,4.834794282E0
4.125303661E1,3.454009771E0,8.944387436E-1,3.147169590E0,4.757612909E0
4.125802046E1,3.117691278E0,9.894533157E-1,3.438879728E0,4.746041567E0
4.126301765E1,2.777386427E0,1.021095276E0,3.624422073E0,4.678989880E0
4.126800218E1,2.394951344E0,1.006121635E0,3.780078411E0,4.586618087E0
4.127298671E1,2.044777393E0,9.063873291E-1,3.968176365E0,4.555115393E0
4.127797124E1,1.674387932E0,8.248186111E-1,4.102396011E0,4.507055993E0
4.128295463E1,1.267208576E0,6.681604385E-1,4.189988136E0,4.428121106E0
4.128793906E1,9.119479656E-1,4.342069626E-1,4.312633038E0,4.429332737E0
4.129292348E1,6.565463543E-1,1.853008270E-1,4.422640800E0,4.474945940E0
4.129790796E1,3.431260586E-1,5.205154419E-3,4.443821907E0,4.457052359E0
4.130289255E1,-1.149678230E-2,-1.156101227E-1,4.398683548E0,4.400217589E0
4.130787708E1,-3.852047920E-1,-2.270965576E-1,4.352926731E0,4.375834401E0
4.131286151E1,-7.149240971E-1,-4.245929718E-1,4.332967281E0,4.412029138E0
4.131784599E1,-9.162831306E-1,-5.905303955E-1,4.188221455E0,4.327759221E0
4.132282635E1,-1.091761112E0,-8.132429123E-1,4.251082897E0,4.463744186E0
4.132781062E1,-1.234253645E0,-9.969739914E-1,4.358901978E0,4.638681456E0
4.133279489E1,-1.341219425E0,-1.091436386E0,4.423350334E0,4.749329543E0
4.133777911E1,-1.463179827E0,-1.082446098E0,4.533226967E0,4.884949487E0
4.134277474E1,-1.566646814E0,-1.082507133E0,4.683787346E0,5.056092151E0
4.134775958E1,-1.730277538E0,-1.029364586E0,4.822055817E0,5.225483146E0
4.135274437E1,-1.827372074E0,-9.829177856E-1,5.012516022E0,5.425009948E0
4.135772916E1,-1.886669636E0,-9.718770981E-1,5.221265316E0,5.636104941E0
4.136271166E1,-1.996860981E0,-9.437065125E-1,5.486160278E0,5.914050250E0
4.136769640E1,-2.122353792E0,-9.225149155E-1,5.804402351E0,6.248720353E0
4.137268109E1,-2.320664167E0,-7.936010361E-1,6.075278759E0,6.551663665E0
4.137766578E1,-2.560619354E0,-5.666999817E-1,6.372583389E0,6.891134841E0
4.138265833E1,-2.755905628E0,-3.781499863E-1,6.622066021E0,7.182602010E0
4.138764349E1,-2.874988556E0,-2.612075806E-1,6.672370911E0,7.270097810E0
4.139262854E1,-3.008722782E0,-2.229375839E-1,6.714371204E0,7.361038963E0
4.139761364E1,-3.044574738E0,-2.417058945E-1,6.826008797E0,7.478118290E0
4.140271364E1,-3.010022163E0,-2.150058746E-1,6.849998951E0,7.485248598E0
4.140781364E1,-3.000196457E0,-1.474742889E-1,6.761088848E0,7.398327504E0
4.141284718E1,-2.976372242E0,-1.202478409E-1,6.558804989E0,7.203552884E0
4.141784505E1,-2.967532635E0,-1.852035522E-3,6.211917877E0,6.884342894E0
4.142275005E1,-2.980652332E0,1.096487045E-1,5.887189388E0,6.599644692E0
4.142765505E1,-3.044692039E0,2.190017700E-1,5.477623463E0,6.270763127E0
4.143256005E1,-3.006317139E0,2.689857483E-1,5.141251087E0,5.961774804E0
4.143747859E1,-2.918540478E0,3.122129440E-1,4.723027229E0,5.560786064E0
4.144247474E1,-2.887552738E0,4.296121597E-1,4.269181252E0,5.171889015E0
4.144745781E1,-2.915370464E0,6.404199600E-1,3.878327370E0,4.893970357E0
4.145244088E1,-2.970590115E0,7.988576889E-1,3.618423939E0,4.749270579E0
4.145742401E1,-2.955201149E0,8.739185333E-1,3.363133430E0,4.561536354E0
4.146240796E1,-3.012835979E0,1.004388809E0,3.215626478E0,4.519538822E0
4.146739109E1,-3.028619289E0,1.096999168E0,3.190958738E0,4.534110679E0
4.147237421E1,-3.074302197E0,1.106429577E0,3.270609856E0,4.623030308E0
4.147735734E1,-3.075772762E0,1.130811691E0,3.399794340E0,4.722045608E0
4.148234713E1,-3.040229321E0,1.112752438E0,3.568911552E0,4.818541478E0
4.148733062E1,-2.893755436E0,9.780850410E-1,3.828104019E0,4.897433129E0
4.149231411E1,-2.797249079E0,8.486390114E-1,4.127440453E0,5.057722340E0
4.149729750E1,-2.779616594E0,7.122926712E-1,4.497863770E0,5.335204565E0
4.150229224E1,-2.723643064E0,5.713872910E-1,4.821695328E0,5.567177096E0
4.150727624E1,-2.660439730E0,4.354715347E-1,5.177294254E0,5.837118365E0
4.151226026E1,-2.578192949E0,2.853145599E-1,5.552266121E0,6.128306647E0
4.151724432E1,-2.515344381E0,1.567068100E-1,5.884126186E0,6.401129225E0
4.152224145E1,-2.436087370E0,5.195617676E-2,6.172603607E0,6.636132640E0
4.152722614E1,-2.371527910E0,-8.636951447E-2,6.393374443E0,6.819592443E0
4.153221083E1,-2.283465624E0,-1.984910965E-1,6.522401810E0,6.913417342E0
4.153719552E1,-2.207599640E0,-3.273839951E-1,6.614480019E0,6.980832498E0
4.154216239E1,-2.126990318E0,-4.370670319E-1,6.678730965E0,7.022860009E0
4.154714614E1,-2.015421867E0,-5.395479202E-1,6.684302807E0,7.002352553E0
4.155212989E1,-1.880064964E0,-6.228561401E-1,6.630873203E0,6.920337671E0
4.155711369E1,-1.737733364E0,-6.846446991E-1,6.527700424E0,6.789648624E0
4.156211562E1,-1.593403339E0,-7.250328064E-1,6.424682617E0,6.658915340E0
4.156710031E1,-1.470928192E0,-7.464008331E-1,6.187600613E0,6.403682167E0
4.157208494E1,-1.387212515E0,-7.847347260E-1,5.909885883E0,6.121022652E0
4.157706963E1,-1.232324839E0,-8.878898621E-1,5.653819084E0,5.854284171E0
4.158205557E1,-1.013645411E0,-9.506225586E-1,5.307381153E0,5.486297018E0
4.158704036E1,-8.391892910E-1,-1.004245758E0,4.966579437E0,5.136113269E0
4.159202510E1,-7.185266018E-1,-1.020105362E0,4.713059902E0,4.875431167E0
4.159700979E1,-6.205115318E-1,-1.046078682E0,4.453804016E0,4.616891312E0
4.160210979E1,-5.502300262E-1,-1.113423347E0,4.253484726E0,4.431094328E0
4.160720979E1,-4.978723526E-1,-1.188505173E0,4.040122986E0,4.240638533E0
4.161230979E1,-4.944109917E-1,-1.285626411E0,3.859064579E0,4.097518386E0
4.161734073E1,-4.389486313E-1,-1.421282768E0,3.614652872E0,3.908763998E0
4.162224572E1,-4.913287163E-1,-1.473240852E0,3.450657845E0,3.784029873E0
4.162715072E1,-4.532499313E-1,-1.532639503E0,3.393465519E0,3.751003543E0
4.163205572E1,-4.154715538E-1,-1.589786530E0,3.316393137E0,3.701148641E0
4.163696072E1,-3.518252373E-1,-1.596938133E0,3.276915789E0,3.662262891E0
4.164186755E1,-3.079676628E-1,-1.616439819E0,3.179410219E0,3.579995965E0
4.164685708E1,-2.435288429E-1,-1.619766235E0,3.107415915E0,3.512688802E0
4.165184666E1,-8.639431000E-2,-1.683236122E0,3.092136383E0,3.521655183E0
4.165683619E1,1.392226219E-1,-1.852322578E0,3.023447275E0,3.548480703E0
4.166181869E1,4.233050346E-1,-2.048212051E0,2.870019197E0,3.551249070E0
4.166680796E1,5.831928253E-1,-2.178141594E0,2.700669289E0,3.518242357E0
4.167179713E1,6.498718262E-1,-2.306951523E0,2.541215658E0,3.493155556E0
4.167678630E1,6.639928818E-1,-2.458668709E0,2.362836838E0,3.474037462E0
4.168174843E1,5.779037476E-1,-2.530416489E0,2.211214542E0,3.409758071E0
4.168673625E1,4.079952240E-1,-2.625441551E0,2.043537855E0,3.351932339E0
4.169172411E1,1.880369186E-1,-2.719732285E0,1.821943879E0,3.278990863E0
4.169671192E1,-1.438674927E-1,-2.784517288E0,1.551387906E0,3.190774016E0
4.170169916E1,-5.010628700E-1,-2.910459518E0,1.354429960E0,3.249048957E0
4.170668698E1,-8.951621056E-1,-2.999280930E0,1.145205617E0,3.332941223E0
4.171167474E1,-1.357004881E0,-3.031781197E0,9.002768993E-1,3.441461603E0
4.171666255E1,-1.782918692E0,-3.019495964E0,7.398494482E-1,3.583787402E0
4.172163421E1,-2.112364531E0,-3.093464851E0,6.187422276E-1,3.796636754E0
4.172662119E1,-2.431748867E0,-3.103066444E0,5.247650146E-1,3.977160071E0
4.173160817E1,-2.826541901E0,-3.071817398E0,3.631134629E-1,4.190137543E0
4.173659515E1,-3.188475609E0,-3.039954185E0,2.375846505E-1,4.411818743E0
4.174157791E1,-3.462051630E0,-3.042913437E0,2.059162855E-1,4.613840612E0
4.174656468E1,-3.692870855E0,-2.985033989E0,1.382411718E-1,4.750456156E0
4.175155145E1,-3.880779028E0,-2.722746849E0,1.778382063E-1,4.743988058E0
4.175653822E1,-4.099713802E0,-2.502391815E0,2.456647158E-1,4.809362662E0
4.176150838E1,-4.287250996E0,-2.261578560E0,3.628407121E-1,4.860752212E0
4.176649432E1,-4.436431885E0,-2.031588554E0,4.993742108E-1,4.904962235E0
4.177148026E1,-4.547010422E0,-1.845712662E0,7.834218144E-1,4.969477713E0
4.177646614E1,-4.583480835E0,-1.692191124E0,9.772803187E-1,4.982658345E0
4.178144942E1,-4.682801723E0,-1.449461937E0,1.113927364E0,5.026967879E0
4.178643520E1,-4.806704521E0,-1.265920639E0,1.203137875E0,5.114147452E0
4.179142104E1,-4.952665806E0,-1.182067871E0,1.216202378E0,5.235010149E0
4.179640682E1,-5.070516109E0,-1.123707771E0,1.222479582E0,5.335476464E0
4.180150682E1,-5.146424770E0,-1.112704277E0,1.226447105E0,5.406289969E0
4.180660682E1,-5.223229885E0,-1.131997108E0,1.183625579E0,5.473985513E0
4.181167531E1,-5.319929123E0,-1.229202271E0,1.118794680E0,5.573534393E0
4.181667333E1,-5.376731873E0,-1.399394989E0,1.068378091E0,5.657648249E0
4.182167135E1,-5.489613056E0,-1.492038727E0,9.844892621E-1,5.773322282E0
4.182657635E1,-5.581578732E0,-1.576231956E0,8.531808853E-1,5.862290162E0
4.183148135E1,-5.681472778E0,-1.707092285E0,7.531565428E-1,5.980011854E0
4.183638635E1,-5.762766838E0,-1.838945866E0,7.730232477E-1,6.098259462E0
4.184129135E1,-5.801723957E0,-2.050708771E0,5.452931523E-1,6.177600825E0
4.184626974E1,-5.877553940E0,-2.165483952E0,3.119602799E-1,6.271545286E0
4.185125213E1,-5.951663494E0,-2.209449768E0,3.738260269E-2,6.348650572E0
4.185623448E1,-5.909255028E0,-2.280699253E0,-2.830910087E-1,6.340427792E0
4.186121682E1,-5.905650139E0,-2.395810127E0,-5.208390951E-1,6.394363384E0
4.186618890E1,-5.964575768E0,-2.485287189E0,-7.907748818E-1,6.509849569E0
4.187117078E1,-6.076258659E0,-2.422352314E0,-9.997521043E-1,6.617266377E0
4.187615265E1,-6.118173599E0,-2.369505405E0,-1.198621631E0,6.669580037E0
4.188113453E1,-6.027950287E0,-2.405500412E0,-1.509721279E0,6.663473211E0
4.188615807E1,-5.963433266E0,-2.403446198E0,-1.722760677E0,6.656349922E0
4.189114198E1,-5.864952087E0,-2.432768822E0,-1.877708435E0,6.621315284E0
4.189612599E1,-5.720554352E0,-2.514878273E0,-2.021824837E0,6.567886303E0
4.190110994E1,-5.561377525E0,-2.580370903E0,-2.114260674E0,6.485162463E0
4.190609026E1,-5.375435352E0,-2.588596344E0,-2.150094032E0,6.341848359E0
4.191107406E1,-5.205749989E0,-2.577862740E0,-2.174576759E0,6.202740792E0
4.191605781E1,-5.052569389E0,-2.562739372E0,-2.153915882E0,6.060977161E0
4.192104161E1,-4.884811401E0,-2.516963005E0,-2.087897539E0,5.878418268E0
4.192602729E1,-4.688169479E0,-2.438305855E0,-1.950696468E0,5.632893148E0
4.193101114E1,-4.517757416E0,-2.393893242E0,-1.687549829E0,5.384113794E0
4.193599505E1,-4.311393738E0,-2.359875679E0,-1.437531948E0,5.120901023E0
4.194097890E1,-4.102724075E0,-2.322047234E0,-1.157652140E0,4.854318353E0
4.194597171E1,-3.858349323E0,-2.309237480E0,-9.366073012E-1,4.593111198E0
4.195095604E1,-3.614515305E0,-2.297819138E0,-7.125227451E-1,4.341933019E0
4.195594036E1,-3.345045328E0,-2.259290695E0,-5.218187571E-1,4.070137284E0
4.196092468E1,-3.033401728E0,-2.165167809E0,-3.742319942E-1,3.745601055E0
4.196590708E1,-2.754070520E0,-2.104251862E0,-2.963232994E-1,3.478589919E0
4.197089130E1,-2.454592228E0,-2.055172920E0,-2.525650263E-1,3.211315592E0
4.197587557E1,-2.207057953E0,-2.001441002E0,-2.218419313E-1,2.987655391E0
4.198085974E1,-2.030745029E0,-1.902557373E0,-2.089760900E-1,2.790577169E0
4.198584953E1,-1.889840603E0,-1.780204773E0,-2.475851774E-1,2.608050030E0
4.199083401E1,-1.760390759E0,-1.665502548E0,-2.969097495E-1,2.441522017E0
4.199581854E1,-1.696960449E0,-1.469746590E0,-3.712677360E-1,2.275449304E0
4.200080302E1,-1.558488846E0,-1.298345566E0,-3.942734003E-1,2.066407560E0
4.200580619E1,-1.390191078E0,-1.074565887E0,-4.708628654E-1,1.819075292E0
4.201079166E1,-1.216819048E0,-8.777952194E-1,-5.098468065E-1,1.584650374E0
4.201577708E1,-1.026268721E0,-7.437944412E-1,-5.471467972E-1,1.380517032E0
4.202076255E1,-8.378784657E-1,-6.438350677E-1,-6.037473679E-1,1.216994167E0
4.202573052E1,-6.447718143E-1,-5.827903748E-1,-6.938251853E-1,1.112101030E0
4.203071510E1,-4.250991344E-1,-5.173912048E-1,-7.884678245E-1,1.034448860E0
4.203569963E1,-2.056982517E-1,-4.693765640E-1,-8.946171403E-1,1.031002404E0
4.204068421E1,3.250694275E-2,-3.956794739E-1,-9.618235230E-1,1.040539974E0
4.204566781E1,2.891798019E-1,-3.657922745E-1,-1.033053160E0,1.133414212E0
4.205065234E1,5.474545956E-1,-3.318490982E-1,-1.110519648E0,1.281828478E0
4.205563687E1,7.686388493E-1,-2.988138199E-1,-1.151281118E0,1.416172162E0
4.206062140E1,9.574887753E-1,-2.642822266E-1,-1.174388647E0,1.538121759E0
4.206559453E1,1.123331070E0,-2.331218719E-1,-1.198951006E0,1.659428219E0
4.207057849E1,1.259194136E0,-2.243471146E-1,-1.220109105E0,1.767644684E0
4.207556244E1,1.336226940E0,-2.044858932E-1,-1.223345399E0,1.823154102E0
4.208054640E1,1.397608042E0,-1.352214813E-1,-1.177417755E0,1.832458910E0
4.208554239E1,1.452997446E0,-5.480766296E-2,-1.130096197E0,1.841554472E0
4.209052698E1,1.488048553E0,4.154682159E-2,-1.095692039E0,1.848392729E0
4.209551151E1,1.500791073E0,1.085596085E-1,-9.976365566E-1,1.805391296E0
4.210049604E1,1.515326977E0,1.630678177E-1,-8.743714094E-1,1.757080625E0
4.210548698E1,1.517601728E0,2.171516418E-1,-7.809669971E-1,1.720517158E0
4.211047192E1,1.543749094E0,2.995891571E-1,-6.266027093E-1,1.692792333E0
4.211545677E1,1.591440678E0,3.888492584E-1,-4.879083931E-1,1.709368824E0
4.212044161E1,1.634388924E0,4.872932434E-1,-3.269594908E-1,1.736543799E0
4.212542432E1,1.708738089E0,5.854101181E-1,-1.966746449E-1,1.816912705E0
4.213040906E1,1.824039936E0,6.927480698E-1,7.997095585E-3,1.951175423E0
4.213539385E1,2.001711607E0,7.590608597E-1,1.769875884E-1,2.148103199E0
4.214037864E1,2.208077192E0,8.465156555E-1,3.388745785E-1,2.388939016E0
4.214536385E1,2.474055767E0,8.713130951E-1,4.429308176E-1,2.660136492E0
4.215034864E1,2.765740633E0,9.051427841E-1,5.725785494E-1,2.965881134E0
4.215533343E1,3.056457281E0,9.981136322E-1,7.611566186E-1,3.304167268E0
4.216031823E1,3.257302523E0,1.111785889E0,8.029248118E-1,3.534229172E0
4.216530614E1,3.468604803E0,1.157612801E0,8.485019207E-1,3.753830335E0
4.217029109E1,3.692412376E0,1.255143166E0,9.595626593E-1,4.016223851E0
4.217527604E1,3.828188181E0,1.382789612E0,1.009062052E0,4.193487580E0
4.218026093E1,3.950104475E0,1.569225311E0,1.075973034E0,4.384462500E0
4.218524838E1,4.007719040E0,1.740225315E0,1.036076784E0,4.490395434E0
4.219023348E1,4.037019730E0,1.895850182E0,1.023307800E0,4.575908113E0
4.219521854E1,4.016393661E0,2.033725739E0,1.004173875E0,4.612572340E0
4.220020359E1,4.003342628E0,2.163472652E0,9.904810190E-1,4.657082646E0
4.220518109E1,3.959711552E0,2.285171032E0,9.011427760E-1,4.659761852E0
4.221016578E1,3.902408361E0,2.372615337E0,8.325144053E-1,4.642324288E0
4.221515046E1,3.826852083E0,2.476137161E0,7.631770372E-1,4.621524781E0
4.222013515E1,3.778746128E0,2.564719677E0,6.526888013E-1,4.613318978E0
4.222512354E1,3.784431458E0,2.631244183E0,5.753727555E-1,4.645042649E0
4.223010838E1,3.793889999E0,2.683007717E0,5.411281586E-1,4.678135464E0
4.223509328E1,3.842682600E0,2.715197563E0,5.333400965E-1,4.735288696E0
4.224007812E1,3.926213503E0,2.739873409E0,5.379067063E-1,4.817821333E0
4.224506567E1,4.022558212E0,2.776112080E0,5.334156752E-1,4.916533853E0
4.225005067E1,4.153141022E0,2.742595673E0,4.960320592E-1,5.001645647E0
4.225503573E1,4.241106033E0,2.713480949E0,5.046731830E-1,5.060104176E0
4.226002073E1,4.360272884E0,2.695875168E0,5.378421545E-1,5.154512269E0
4.226500734E1,4.493702888E0,2.684976101E0,5.193238258E-1,5.260433399E0
4.226999239E1,4.624368668E0,2.671180248E0,5.498612523E-1,5.368643859E0
4.227497750E1,4.723325729E0,2.637724400E0,5.484192371E-1,5.437661226E0
4.227996260E1,4.830923557E0,2.572610855E0,5.580757856E-1,5.501599550E0
4.228493557E1,4.879986763E0,2.473451138E0,6.195796728E-1,5.506006748E0
4.228992005E1,4.956833839E0,2.337950230E0,6.184315085E-1,5.515312368E0
4.229490448E1,5.035033226E0,2.235476971E0,6.648398042E-1,5.548957455E0
4.229988901E1,5.026200294E0,2.099057674E0,6.848859191E-1,5.489790637E0
4.230488401E1,4.973513126E0,1.933519840E0,6.956472397E-1,5.381287659E0
4.230986901E1,4.958591461E0,1.731756210E0,7.998933196E-1,5.312855934E0
4.231485401E1,4.945663452E0,1.500980377E0,9.638919830E-1,5.257529537E0
4.231983906E1,4.951638222E0,1.274723053E0,1.130389452E0,5.236546596E0
4.232482250E1,4.954897404E0,1.057709694E0,1.292293906E0,5.228745702E0
4.232980744E1,4.988780975E0,8.546380997E-1,1.483098507E0,5.274269910E0
4.233479234E1,4.986442566E0,6.654710770E-1,1.716977358E0,5.315587688E0
4.233977724E1,4.945521355E0,4.805612564E-1,1.914568901E0,5.324912644E0
4.234476781E1,4.868590355E0,2.329244614E-1,2.180875540E0,5.339816848E0
4.234975307E1,4.736575127E0,7.084083557E-2,2.501018047E0,5.356795089E0
4.235473828E1,4.575958252E0,-1.014699936E-1,2.827006817E0,5.379745126E0
4.235972348E1,4.387220860E0,-2.576303482E-1,3.115220785E0,5.386898997E0
4.236471458E1,4.179804325E0,-3.857851028E-1,3.477569580E0,5.450970971E0
4.236970010E1,3.903732061E0,-4.979028702E-1,3.841700077E0,5.499608237E0
4.237468562E1,3.681383848E0,-6.441507339E-1,4.188048363E0,5.613133376E0
4.237967109E1,3.455539465E0,-8.148708344E-1,4.506678104E0,5.737152169E0
4.238464520E1,3.288714886E0,-9.669017792E-1,4.723281860E0,5.836089117E0
4.238963010E1,3.190155983E0,-1.129035950E0,4.852667332E0,5.916096484E0
4.239461505E1,3.100235939E0,-1.372935295E0,4.985652447E0,6.029356891E0
4.239960000E1,2.980768204E0,-1.641084671E0,5.102731228E0,6.133188727E0
4.240459427E1,2.851206064E0,-1.868794441E0,5.263170719E0,6.270784218E0
4.240957958E1,2.707168341E0,-2.051193237E0,5.454330921E0,6.425408930E0
4.241456500E1,2.570235968E0,-2.135685921E0,5.780905247E0,6.677284834E0
4.241955041E1,2.395302057E0,-2.100732803E0,6.103469849E0,6.884975995E0
4.242452776E1,2.156178474E0,-1.960757256E0,6.406888485E0,7.038600336E0
4.242951276E1,1.905447483E0,-1.773270607E0,6.702547073E0,7.190226424E0
4.243449776E1,1.671841145E0,-1.562193871E0,6.874959946E0,7.245728173E0
4.243948276E1,1.443632126E0,-1.375274658E0,6.964628696E0,7.244412121E0
4.244446750E1,1.230383873E0,-1.229222298E0,6.914458275E0,7.129836265E0
4.244945250E1,1.072720051E0,-1.183773041E0,6.722334862E0,6.909546506E0
4.245443744E1,9.919884205E-1,-1.241266251E0,6.424913883E0,6.618481800E0
4.245942239E1,9.305939674E-1,-1.389698029E0,6.128422260E0,6.352544777E0
4.246440474E1,8.547523022E-1,-1.552587509E0,5.783598900E0,6.049061556E0
4.246938963E1,7.285015583E-1,-1.706093788E0,5.386906624E0,5.697388306E0
4.247437442E1,5.973863602E-1,-1.788074493E0,5.032772541E0,5.374279515E0
4.247935927E1,4.756336212E-1,-1.834558487E0,4.741080284E0,5.105847084E0
4.248434885E1,2.914752960E-1,-1.816914558E0,4.493125916E0,4.855339005E0
4.248933390E1,1.050798893E-1,-1.763797760E0,4.251022816E0,4.603609378E0
4.249431901E1,-2.607345581E-2,-1.706302643E0,4.094289780E0,4.435691303E0
4.249930406E1,-1.017746925E-1,-1.673004150E0,3.958303213E0,4.298542230E0
4.250427750E1,-1.531784534E-1,-1.627988815E0,3.804934740E0,4.141417583E0
4.250926198E1,-1.782858372E-1,-1.569020271E0,3.717663050E0,4.039137161E0
4.251424651E1,-1.722443104E-1,-1.531935692E0,3.588719368E0,3.905816402E0
4.251923098E1,-1.781752110E-1,-1.526283264E0,3.492163181E0,3.815296934E0
4.252422770E1,-1.462440491E-1,-1.487631798E0,3.423095226E0,3.735239834E0
4.252921276E1,-1.577017307E-1,-1.408815384E0,3.364349842E0,3.650819152E0
4.253419786E1,-1.672990322E-1,-1.311523438E0,3.337013960E0,3.589393384E0
4.253918296E1,-1.775124073E-1,-1.234088898E0,3.374270439E0,3.597247150E0
4.254416713E1,-2.457621098E-1,-1.245868683E0,3.380146980E0,3.610814506E0
4.254915218E1,-3.121612072E-1,-1.255886078E0,3.306865215E0,3.551063504E0
4.255413724E1,-4.408710003E-1,-1.304625511E0,3.268752813E0,3.546993081E0
4.255912229E1,-5.622699261E-1,-1.332179070E0,3.241649151E0,3.549526414E0
4.256410786E1,-6.739361286E-1,-1.245307922E0,3.232634544E0,3.529151148E0
4.256909291E1,-7.971193790E-1,-1.244878769E0,3.241844893E0,3.562959551E0
4.257407802E1,-8.647830486E-1,-1.249445915E0,3.250283003E0,3.587938742E0
4.257906307E1,-8.651578426E-1,-1.249482155E0,3.143623114E0,3.491714483E0
4.258405109E1,-8.033859730E-1,-1.273807526E0,3.015902758E0,3.371006389E0
4.258903630E1,-7.275917530E-1,-1.372715950E0,2.834011555E0,3.231928268E0
4.259402156E1,-6.905896664E-1,-1.452943802E0,2.627034187E0,3.080465614E0
4.259900677E1,-6.732592583E-1,-1.528903961E0,2.502626419E0,3.008980616E0
4.260399208E1,-7.068204880E-1,-1.571976662E0,2.382257938E0,2.940384110E0
4.260897729E1,-8.079023361E-1,-1.510443687E0,2.347483635E0,2.905998234E0
4.261396255E1,-9.548094273E-1,-1.382661819E0,2.393128395E0,2.924120084E0
4.261894776E1,-1.111386538E0,-1.267526627E0,2.487592220E0,3.004982336E0
4.262393213E1,-1.284625292E0,-1.093217850E0,2.615999222E0,3.112690048E0
4.262891729E1,-1.452568769E0,-9.098072052E-1,2.775435925E0,3.262016210E0
4.263390244E1,-1.593501329E0,-7.530775070E-1,2.924784660E0,3.414782208E0
4.263888765E1,-1.626068830E0,-6.420907974E-1,3.046816826E0,3.512758632E0
4.264387541E1,-1.605336905E0,-5.361328125E-1,3.167187214E0,3.591047176E0
4.264886073E1,-1.588889360E0,-4.855184555E-1,3.194475889E0,3.600690736E0
4.265384609E1,-1.526816607E0,-4.330043793E-1,3.169194460E0,3.544355409E0
4.265883140E1,-1.448140383E0,-3.763971329E-1,3.103236437E0,3.445121442E0
4.266380374E1,-1.388932943E0,-3.373537064E-1,2.996810913E0,3.320213531E0
4.266878843E1,-1.354294777E0,-2.778682709E-1,2.837719440E0,3.156576744E0
4.267377307E1,-1.387115955E0,-2.672519684E-1,2.628756523E0,2.984271292E0
4.267875781E1,-1.410858154E0,-2.768192291E-1,2.441910744E0,2.833739172E0
4.268375250E1,-1.382564068E0,-3.926877975E-1,2.184321404E0,2.614755649E0
4.268873765E1,-1.388185024E0,-5.763111115E-1,1.906995535E0,2.428131819E0
4.269372286E1,-1.418386936E0,-7.416791916E-1,1.668046474E0,2.311771737E0
4.269870802E1,-1.449306488E0,-8.362417221E-1,1.348401546E0,2.148947706E0
4.270368953E1,-1.519333363E0,-8.816375732E-1,1.073461652E0,2.058635129E0
4.270867453E1,-1.597323895E0,-8.994274139E-1,8.458927274E-1,2.018897670E0
4.271365953E1,-1.702260017E0,-9.732179642E-1,6.253423095E-1,2.058129096E0
4.271864453E1,-1.850730419E0,-1.023901463E0,4.864398241E-1,2.170299747E0
4.272361755E1,-1.994590521E0,-1.084774494E0,3.957191706E-1,2.304717057E0
4.272860192E1,-2.121941328E0,-1.141530514E0,3.553817272E-1,2.435574488E0
4.273358635E1,-2.306799173E0,-1.225154877E0,3.056494594E-1,2.629781073E0
4.273857072E1,-2.501013041E0,-1.278065205E0,3.298790455E-1,2.827956344E0
4.274356333E1,-2.747462988E0,-1.391080856E0,4.324355721E-1,3.109768374E0
4.274854817E1,-2.971498251E0,-1.470494270E0,6.060136557E-1,3.370372057E0
4.275353296E1,-3.165876865E0,-1.533027649E0,7.545279264E-1,3.597535614E0
4.275851776E1,-3.383180141E0,-1.621705055E0,9.040384889E-1,3.859160627E0
4.276351005E1,-3.594563007E0,-1.705323219E0,1.049432158E0,4.114646808E0
4.276849515E1,-3.768432617E0,-1.752335548E0,1.185907602E0,4.321821503E0
4.277348041E1,-3.935946465E0,-1.827385426E0,1.310647249E0,4.533079337E0
4.277846557E1,-4.027497292E0,-1.925391197E0,1.390064359E0,4.675483357E0
4.278344427E1,-4.105189800E0,-1.995914936E0,1.450518608E0,4.789599562E0
4.278842911E1,-4.133185863E0,-2.074815273E0,1.422699213E0,4.838611046E0
4.279341395E1,-4.135380268E0,-2.130890846E0,1.380690575E0,4.852666507E0
4.279839880E1,-4.118990421E0,-2.195181847E0,1.305631638E0,4.846604936E0
4.280339843E1,-4.005256653E0,-2.274916649E0,1.202349305E0,4.760564091E0
4.280838401E1,-3.861260891E0,-2.410619259E0,1.088099360E0,4.680211651E0
4.281336968E1,-3.680161953E0,-2.557007790E0,9.366956949E-1,4.578130586E0
4.281835520E1,-3.476472616E0,-2.704513550E0,7.630200386E-1,4.470173931E0
4.282332781E1,-3.209803820E0,-2.874821663E0,5.912241936E-1,4.349366184E0
4.282831276E1,-2.945223570E0,-3.030016422E0,4.453793764E-1,4.248965072E0
4.283329770E1,-2.728400707E0,-3.220549583E0,3.039882183E-1,4.231845800E0
4.283828265E1,-2.557137012E0,-3.429896355E0,2.435109615E-1,4.285141339E0
4.284329010E1,-2.429279804E0,-3.646358967E0,2.137723565E-1,4.386688125E0
4.284827619E1,-2.330314636E0,-3.850718498E0,2.408798337E-1,4.507374219E0
4.285326224E1,-2.286684990E0,-4.045628548E0,3.363328576E-1,4.659308788E0
4.285824833E1,-2.345839500E0,-4.264299870E0,4.663597345E-1,4.889244087E0
4.286321244E1,-2.385331631E0,-4.451370716E0,6.545136571E-1,5.092435210E0
4.286819739E1,-2.429216862E0,-4.654869556E0,9.171050191E-1,5.330101947E0
4.287318239E1,-2.503733158E0,-4.781517029E0,1.117223501E0,5.511784936E0
4.287816734E1,-2.606252193E0,-4.812101364E0,1.338269353E0,5.633811755E0
4.288314921E1,-2.734264851E0,-4.835169792E0,1.586939335E0,5.776975649E0
4.288813401E1,-2.811197281E0,-4.824403286E0,1.736284494E0,5.847425165E0
4.289311880E1,-2.870502949E0,-4.887385368E0,1.778810501E0,5.940579914E0
4.289810359E1,-2.864446640E0,-4.978700638E0,1.761966228E0,6.008081190E0
4.290308578E1,-2.822049141E0,-5.091430664E0,1.592252254E0,6.035055493E0
4.290807046E1,-2.951588631E0,-5.154059887E0,1.475179672E0,6.119833644E0
4.291305515E1,-3.077856064E0,-5.170893192E0,1.332070351E0,6.163257724E0
4.291803979E1,-3.186361313E0,-5.208823204E0,1.023713350E0,6.191342876E0
4.292303218E1,-3.255591393E0,-5.253470898E0,7.796362638E-1,6.229419274E0
4.292801729E1,-3.330855370E0,-5.347654343E0,4.419599175E-1,6.315641933E0
4.293300234E1,-3.352350235E0,-5.419523239E0,7.790219784E-2,6.373033264E0
4.293798739E1,-3.341485500E0,-5.590843678E0,-2.838618159E-1,6.519481260E0
4.294297781E1,-3.281514645E0,-5.825600624E0,-7.130284309E-1,6.724163185E0
4.294796312E1,-3.215579987E0,-6.030486584E0,-1.039632559E0,6.912854616E0
4.295294843E1,-3.172569752E0,-6.236872673E0,-1.314222574E0,7.119758461E0
4.295793375E1,-3.298334599E0,-6.291797638E0,-1.580229044E0,7.277558139E0
4.296291619E1,-3.606926441E0,-6.224042416E0,-1.796835423E0,7.414663841E0
4.296790135E1,-3.992632151E0,-5.983218193E0,-1.978297830E0,7.460138989E0
4.297288651E1,-4.457369804E0,-5.719760895E0,-2.043392420E0,7.533874358E0
4.297787171E1,-4.921654224E0,-5.466650963E0,-2.066556454E0,7.640524107E0
4.298285468E1,-5.301294327E0,-5.249574184E0,-1.983122587E0,7.719749080E0
4.298783979E1,-5.562562943E0,-5.039390564E0,-1.723851562E0,7.701248467E0
4.299282484E1,-5.868349075E0,-4.809652328E0,-1.576297522E0,7.749515486E0
4.299780994E1,-6.218698502E0,-4.550664902E0,-1.428748608E0,7.837224297E0
4.300278713E1,-6.513014793E0,-4.278879166E0,-1.203730583E0,7.885247994E0
4.300777182E1,-6.772569180E0,-3.988976955E0,-1.036919832E0,7.928104009E0
4.301275645E1,-6.947121143E0,-3.647293091E0,-8.057477474E-1,7.887614880E0
4.301774119E1,-7.020252228E0,-3.254024982E0,-5.456259847E-1,7.756953503E0
4.302272562E1,-7.008994579E0,-2.835609913E0,-2.846821547E-1,7.566223134E0
4.302771031E1,-6.908928394E0,-2.418620586E0,-8.240175247E-2,7.320505935E0
4.303269494E1,-6.749253750E0,-2.022672176E0,5.168354511E-2,7.046013064E0
4.303767958E1,-6.535186768E0,-1.705721855E0,1.647710800E-1,6.756130745E0
4.304267286E1,-6.269563675E0,-1.453904629E0,1.535432339E-1,6.437766916E0
4.304765791E1,-5.945774078E0,-1.303671360E0,2.743840218E-2,6.087079864E0
4.305264302E1,-5.683715820E0,-1.176323414E0,-1.728434563E-1,5.806740666E0
4.305762812E1,-5.423755646E0,-1.153380394E0,-4.519159794E-1,5.563419784E0
4.306261156E1,-5.111167908E0,-1.232622147E0,-7.187584043E-1,5.306600454E0
4.306759661E1,-4.820631981E0,-1.218392372E0,-1.052311897E0,5.082355064E0
4.307258161E1,-4.719784260E0,-1.194794178E0,-1.347258806E0,5.051633684E0
4.307756666E1,-4.733845711E0,-1.144535065E0,-1.581726909E0,5.120655792E0
4.308255869E1,-4.697374821E0,-1.150928020E0,-1.803272247E0,5.161565297E0
4.308754406E1,-4.641154766E0,-1.091660500E0,-1.954917073E0,5.153032211E0
4.309252942E1,-4.596150875E0,-1.016970158E0,-2.046614647E0,5.132977954E0
4.309751479E1,-4.495268345E0,-1.020044804E0,-2.133500099E0,5.079345585E0
4.310249776E1,-4.410169601E0,-9.619894028E-1,-2.158217430E0,5.003291117E0
4.310748302E1,-4.300236225E0,-9.098482132E-1,-2.149141788E0,4.892715584E0
4.311246828E1,-4.129551411E0,-9.114179611E-1,-2.156589508E0,4.747078666E0
4.311745354E1,-3.933905125E0,-9.019551277E-1,-2.156569004E0,4.576016002E0
4.312244187E1,-3.706259012E0,-9.605598450E-1,-2.132387638E0,4.382477395E0
4.312742724E1,-3.468314409E0,-1.027568817E0,-2.088854313E0,4.177129978E0
4.313241265E1,-3.210620642E0,-1.057728767E0,-1.975919724E0,3.915499177E0
4.313739807E1,-2.959647894E0,-1.099119663E0,-1.865486145E0,3.667099432E0
4.314237036E1,-2.689306736E0,-1.128102779E0,-1.728969455E0,3.390327709E0
4.314735510E1,-2.454469204E0,-1.154206753E0,-1.631220460E0,3.165042257E0
4.315233989E1,-2.240919113E0,-1.196863174E0,-1.527258277E0,2.964239831E0
4.315732463E1,-2.017463207E0,-1.217844486E0,-1.384177208E0,2.732992779E0
4.316230687E1,-1.791452408E0,-1.234168053E0,-1.274227977E0,2.521136539E0
4.316729151E1,-1.615531445E0,-1.229223728E0,-1.104628444E0,2.311089964E0
4.317227614E1,-1.432287693E0,-1.241402149E0,-9.835078716E-1,2.135372348E0
4.317726078E1,-1.239353657E0,-1.230075836E0,-9.278326035E-1,1.977361219E0
4.318226244E1,-1.079679966E0,-1.209559917E0,-8.134514093E-1,1.813958990E0
4.318724791E1,-9.201278687E-1,-1.177832127E0,-7.148969173E-1,1.656804580E0
4.319223338E1,-7.535581589E-1,-1.142067909E0,-6.392300129E-1,1.510226479E0
4.319721885E1,-6.229801178E-1,-1.109411716E0,-5.220853686E-1,1.375307862E0
4.320231885E1,-4.701199532E-1,-1.074326515E0,-3.656761646E-1,1.228376689E0
4.320741885E1,-3.034338951E-1,-1.018821716E0,-1.996355653E-1,1.081630333E0
4.321251885E1,-2.330317497E-1,-9.572987556E-1,-2.154880762E-2,9.854892465E-1
4.321754572E1,-2.379837036E-1,-9.237928391E-1,1.516372561E-1,9.659313175E-1
4.322245072E1,-2.278494835E-1,-8.444838524E-1,2.889452577E-1,9.211719307E-1
4.322735572E1,-1.847529411E-1,-7.949481010E-1,4.432500005E-1,9.287339207E-1
4.323226072E1,-1.518459320E-1,-7.488603592E-1,6.217683554E-1,9.851116243E-1
4.323716573E1,-1.579465866E-1,-6.417088509E-1,7.314073443E-1,9.857454422E-1
4.324208114E1,-1.576037407E-1,-5.070147514E-1,8.346475363E-1,9.892115078E-1
4.324707135E1,-2.173557281E-1,-4.042205811E-1,9.341458678E-1,1.040800794E0
4.325206156E1,-3.350772858E-1,-2.689666748E-1,9.796330929E-1,1.069719990E0
4.325705182E1,-4.007158279E-1,-1.897640228E-1,1.016566157E0,1.109049283E0
4.326201198E1,-4.476618767E-1,-8.988666534E-2,1.071324587E0,1.164567361E0
4.326700072E1,-5.326466560E-1,-3.818655014E-2,1.093725204E0,1.217130024E0
4.327198942E1,-5.768966675E-1,2.985382080E-2,1.151035786E0,1.287860394E0
4.327697817E1,-5.635309219E-1,1.239180565E-1,1.192986012E0,1.325193725E0
4.328195020E1,-5.238857269E-1,1.721320152E-1,1.258044243E0,1.373594191E0
4.328693807E1,-4.817066193E-1,2.129497528E-1,1.341338277E0,1.441033392E0
4.329192599E1,-4.562120438E-1,2.726359367E-1,1.409509420E0,1.506378634E0
4.329691385E1,-4.331464767E-1,3.295769691E-1,1.457869291E0,1.556155429E0
4.330189171E1,-4.221153259E-1,4.076709747E-1,1.467424631E0,1.580415142E0
4.330687906E1,-4.371485710E-1,4.425024986E-1,1.550240397E0,1.670374995E0
4.331186651E1,-4.328112602E-1,5.153903961E-1,1.574570179E0,1.712373819E0
4.331685385E1,-4.187970161E-1,5.999250412E-1,1.586066246E0,1.746684612E0
4.332183593E1,-4.046912193E-1,6.650047302E-1,1.606326818E0,1.785018802E0
4.332682302E1,-3.710560799E-1,7.610754967E-1,1.544535160E0,1.761393592E0
4.333181015E1,-2.987365723E-1,8.259510994E-1,1.465327024E0,1.708397508E0
4.333679729E1,-2.356667519E-1,8.954758644E-1,1.397274733E0,1.676243574E0
4.334177479E1,-9.822845459E-2,9.265294075E-1,1.309124827E0,1.606833341E0
4.334676145E1,4.912090302E-2,9.671006203E-1,1.148303270E0,1.502097491E0
4.335174807E1,1.918396950E-1,9.835896492E-1,1.005879879E0,1.419875134E0
4.335673468E1,3.513221741E-1,9.831228256E-1,9.321261644E-1,1.399577417E0
4.336171744E1,4.795737267E-1,1.042153358E0,7.955365777E-1,1.396049078E0
4.336670385E1,5.790886879E-1,1.045868397E0,6.511991024E-1,1.361339297E0
4.337169031E1,7.193098068E-1,1.099623203E0,5.520904064E-1,1.425265450E0
4.337667671E1,8.309674263E-1,1.124490261E0,4.046362638E-1,1.455580886E0
4.338165411E1,9.953646660E-1,1.153966427E0,3.189693093E-1,1.556962027E0
4.338664010E1,1.150107384E0,1.231036663E0,2.188910246E-1,1.698855950E0
4.339162609E1,1.314274311E0,1.267138481E0,1.212435961E-1,1.829660325E0
4.339661203E1,1.437414646E0,1.293302059E0,9.439706802E-3,1.933618419E0
4.340158635E1,1.567397594E0,1.331058025E0,-7.588940859E-2,2.057719584E0
4.340657177E1,1.653900623E0,1.399486542E0,-1.896514297E-1,2.174837354E0
4.341155724E1,1.737555027E0,1.472230434E0,-2.384126782E-1,2.289847272E0
4.341654270E1,1.837695122E0,1.518336773E0,-2.555512190E-1,2.397452052E0
4.342152817E1,1.927817345E0,1.621460438E0,-2.528962493E-1,2.531712894E0
4.342653463E1,1.986464977E0,1.695457935E0,-1.756933331E-1,2.617534883E0
4.343152114E1,2.015584469E0,1.790354252E0,-7.167798281E-2,2.696866113E0
4.343650765E1,2.060767651E0,1.908570290E0,5.655062199E-2,2.809377481E0
4.344149416E1,2.083649158E0,2.026128292E0,1.634918451E-1,2.910930995E0
4.344645130E1,2.146285057E0,2.133367538E0,2.943223715E-1,3.040464152E0
4.345143630E1,2.251163006E0,2.156253815E0,4.345977306E-1,3.147386309E0
4.345642135E1,2.287904263E0,2.152095318E0,5.410158634E-1,3.187274437E0
4.346140635E1,2.352146626E0,2.118494034E0,5.370683670E-1,3.210771426E0
4.346640229E1,2.422508717E0,2.062756538E0,5.424174070E-1,3.227650796E0
4.347138786E1,2.496296406E0,1.996739388E0,4.781965017E-1,3.232202936E0
4.347637343E1,2.573518276E0,1.898959637E0,3.756121397E-1,3.220268389E0
4.348135901E1,2.647117615E0,1.810194492E0,2.444065809E-1,3.216173245E0
4.348633880E1,2.652451992E0,1.747182369E0,1.470693350E-1,3.179587582E0
4.349132411E1,2.644856930E0,1.724400520E0,-1.905715466E-2,3.157402177E0
4.349630942E1,2.669971466E0,1.686928272E0,-1.269544363E-1,3.160789783E0
4.350129468E1,2.704123020E0,1.642083645E0,-2.079165578E-1,3.170480926E0
4.350627843E1,2.804805756E0,1.546944618E0,-2.807496190E-1,3.215399404E0
4.351126359E1,2.892904758E0,1.435026169E0,-3.715597987E-1,3.250577600E0
4.351624885E1,3.064090729E0,1.313547134E0,-3.869675994E-1,3.356158815E0
4.352123406E1,3.287011623E0,1.148979187E0,-3.700544238E-1,3.501648021E0
4.352624010E1,3.420328140E0,9.819798470E-1,-4.066966176E-1,3.581665973E0
4.353122635E1,3.571368694E0,8.745598793E-1,-4.010954499E-1,3.698703407E0
4.353621260E1,3.761668682E0,6.807889938E-1,-3.319209218E-1,3.837159943E0
4.354119890E1,3.936166286E0,4.343328476E-1,-3.636688590E-1,3.976720395E0
4.354618151E1,4.166242123E0,2.498989105E-1,-3.214146495E-1,4.186087704E0
4.355116760E1,4.339117050E0,6.990146637E-2,-2.218270898E-1,4.345345815E0
4.355615364E1,4.502334595E0,-5.085754395E-2,-1.369364262E-1,4.504703639E0
4.356113979E1,4.588720798E0,-1.795177460E-1,-6.993889809E-3,4.592236286E0
4.356610088E1,4.648416042E0,-2.731533051E-1,2.584626675E-1,4.663602404E0
4.357108567E1,4.664610863E0,-3.533515930E-1,5.112156868E-1,4.705825467E0
4.357607052E1,4.567806721E0,-4.178905487E-1,7.533109188E-1,4.648329602E0
4.358105536E1,4.468257904E0,-4.524650574E-1,9.985842705E-1,4.600785136E0
4.358604484E1,4.395020485E0,-5.814132690E-1,1.356140494E0,4.636093560E0
4.359102994E1,4.257054806E0,-7.163133621E-1,1.698303938E0,4.638949959E0
4.359601494E1,4.059339046E0,-8.666896820E-1,2.041738749E0,4.625806050E0
4.360100005E1,3.854819298E0,-1.070725441E0,2.397915840E0,4.664341879E0
4.360599302E1,3.593547344E0,-1.201572418E0,2.668226719E0,4.634306055E0
4.361097843E1,3.309409142E0,-1.314254761E0,3.021829844E0,4.670215203E0
4.361596390E1,3.091382504E0,-1.511469841E0,3.326482773E0,4.786091777E0
4.362094937E1,2.896739483E0,-1.759501457E0,3.538806438E0,4.900009798E0
4.362593609E1,2.763817310E0,-2.027186394E0,3.644273281E0,5.002889020E0
4.363092161E1,2.666459560E0,-2.324005127E0,3.652295113E0,5.084315687E0
4.363590713E1,2.542482376E0,-2.592494011E0,3.513066769E0,5.052413280E0
4.364089265E1,2.375353813E0,-2.741748810E0,3.300986290E0,4.904691913E0
4.364587057E1,2.131801128E0,-2.788536072E0,3.031002045E0,4.637616076E0
4.365085567E1,1.869628429E0,-2.732760429E0,2.761254311E0,4.311382075E0
4.365584083E1,1.637127876E0,-2.552721024E0,2.504468203E0,3.933056481E0
4.366082593E1,1.437005997E0,-2.339185715E0,2.268408298E0,3.561243077E0
4.366581624E1,1.262268543E0,-2.080054283E0,2.029696465E0,3.168535219E0
4.367080156E1,1.203889370E0,-1.813521385E0,1.853215814E0,2.858779159E0
4.367578703E1,1.165896416E0,-1.527688026E0,1.657835722E0,2.538023727E0
4.368077239E1,1.227079868E0,-1.193912506E0,1.513003826E0,2.284804730E0
4.368573354E1,1.298618317E0,-9.223470688E-1,1.428280950E0,2.139420510E0
4.369071765E1,1.394501686E0,-6.007432938E-1,1.386565447E0,2.056232282E0
4.369570182E1,1.452018261E0,-2.987957001E-1,1.356537342E0,2.009435110E0
4.370068598E1,1.499409199E0,-1.676654816E-2,1.393046737E0,2.046726233E0
4.370569453E1,1.529225826E0,2.307958603E-1,1.402327061E0,2.087658866E0
4.371067989E1,1.508016586E0,4.295816422E-1,1.408360243E0,2.107636825E0
4.371566526E1,1.481088161E0,5.555477142E-1,1.381991267E0,2.100513096E0
4.372065067E1,1.474402428E0,6.516122818E-1,1.301687241E0,2.071919583E0
4.372562682E1,1.466353893E0,6.627779007E-1,1.239364982E0,2.031131173E0
4.373061177E1,1.408804893E0,6.176443100E-1,1.168676019E0,1.931843513E0
4.373559666E1,1.313600540E0,5.735683441E-1,1.049110651E0,1.776277057E0
4.374058156E1,1.166526794E0,5.306701660E-1,8.956509829E-1,1.563517275E0
4.374557448E1,1.005939007E0,4.674434662E-1,7.252320051E-1,1.325284174E0
4.375055984E1,7.675714493E-1,4.654436111E-1,5.503623486E-1,1.052949381E0
4.375554515E1,5.448584557E-1,4.576959610E-1,3.640129566E-1,7.992882847E-1
4.376053046E1,3.525776863E-1,4.397077560E-1,2.429530621E-1,6.137427197E-1
4.376549656E1,1.263709068E-1,3.973884583E-1,7.765996456E-2,4.241677297E-1
4.377048093E1,-4.991722107E-2,3.189468384E-1,-1.601740122E-1,3.603810884E-1
4.377546526E1,-1.592125893E-1,1.689167023E-1,-4.125016928E-1,4.733277379E-1
4.378044963E1,-1.872029305E-1,1.209926605E-2,-6.716643572E-1,6.973695850E-1
4.378544526E1,-1.794714928E-1,-1.371126175E-1,-8.537491560E-1,8.831180600E-1
4.379043020E1,-1.838941574E-1,-3.168134689E-1,-1.092041731E0,1.151843295E0
4.379541510E1,-1.957135201E-1,-4.886074066E-1,-1.307108760E0,1.409104073E0
4.380040000E1,-2.197198868E-1,-5.758886337E-1,-1.441206455E0,1.567482247E0
4.380539229E1,-2.869105339E-1,-6.504020691E-1,-1.534911275E0,1.691535731E0
4.381037760E1,-3.226575851E-1,-7.023191452E-1,-1.516555905E0,1.702146267E0
4.381536291E1,-3.842897415E-1,-7.340574265E-1,-1.429616928E0,1.652369048E0
4.382034817E1,-4.477543831E-1,-6.810522079E-1,-1.255257845E0,1.496659064E0
4.382532802E1,-4.866065979E-1,-5.935688019E-1,-1.036762476E0,1.289955943E0
4.383031307E1,-5.055794716E-1,-5.601825714E-1,-7.698762417E-1,1.078018805E0
4.383529802E1,-4.807710648E-1,-4.781608582E-1,-4.554003477E-1,8.168035870E-1
4.384028312E1,-4.385313988E-1,-4.362125397E-1,-1.539623737E-1,6.374131941E-1
4.384526437E1,-3.981904984E-1,-3.651742935E-1,1.195614338E-1,5.533560102E-1
4.385024921E1,-3.526587486E-1,-2.629213333E-1,4.050545692E-1,5.979674110E-1
4.385523406E1,-3.260049820E-1,-1.656074524E-1,6.515704393E-1,7.471607016E-1
4.386021890E1,-3.374733925E-1,-9.971141815E-2,8.850064278E-1,9.524006692E-1
4.386519953E1,-3.751120567E-1,4.003524780E-3,1.011535645E0,1.078855618E0
4.387018416E1,-3.958859444E-1,8.559036255E-2,1.121675849E0,1.192563668E0
4.387516874E1,-4.332957268E-1,2.071614265E-1,1.207819104E0,1.299803074E0
4.388015343E1,-4.586634636E-1,3.064055443E-1,1.217035651E0,1.336200699E0
4.388514395E1,-5.103292465E-1,3.546142578E-1,1.199611783E0,1.351020223E0
4.389012885E1,-5.858068466E-1,4.236307144E-1,1.117324352E0,1.330806655E0
4.389511380E1,-6.564488411E-1,4.798951149E-1,9.893575907E-1,1.280645480E0
4.390009869E1,-6.815690994E-1,5.115528107E-1,8.375728130E-1,1.194885322E0
4.390507395E1,-7.925543785E-1,5.331873894E-1,6.312994957E-1,1.144976108E0
4.391005838E1,-8.626146317E-1,5.233340263E-1,4.044853449E-1,1.087010074E0
4.391504286E1,-9.491634369E-1,5.108733177E-1,1.506125927E-1,1.088387307E0
4.392002729E1,-9.709653854E-1,4.862952232E-1,-4.604601860E-2,1.086911707E0
4.392502692E1,-9.688305855E-1,4.329452515E-1,-2.949631214E-1,1.101397992E0
4.393001213E1,-1.014482021E0,3.725833893E-1,-4.948303699E-1,1.188633353E0
4.393499734E1,-1.005201340E0,3.219647408E-1,-6.546934843E-1,1.242060621E0
4.393998250E1,-1.015295029E0,2.189030647E-1,-7.742374539E-1,1.295448255E0
4.394496328E1,-1.040067673E0,1.758503914E-1,-8.459525704E-1,1.352146396E0
4.394994828E1,-1.026903629E0,9.954738617E-2,-8.790747523E-1,1.355438367E0
4.395493323E1,-1.002202034E0,5.933475494E-2,-8.951845765E-1,1.345096634E0
4.395991817E1,-1.021245003E0,7.154941559E-3,-8.224411607E-1,1.311259704E0
4.396490635E1,-1.033696175E0,-5.941438675E-2,-7.115477920E-1,1.256327231E0
4.396989145E1,-1.042055130E0,-1.190156937E-1,-5.510076284E-1,1.184758640E0
4.397487661E1,-1.113153934E0,-2.577733994E-1,-3.437983990E-1,1.193212532E0
4.397986171E1,-1.206314087E0,-4.064035416E-1,-1.789677143E-1,1.285452044E0
4.398484874E1,-1.335838795E0,-5.219359398E-1,-6.638765335E-3,1.434198900E0
4.398983390E1,-1.506078720E0,-5.898971558E-1,1.486636400E-1,1.624300663E0
4.399481916E1,-1.700325489E0,-6.464109421E-1,2.839244604E-1,1.841077666E0
4.399980437E1,-1.941984653E0,-7.151312828E-1,3.795248270E-1,2.103985798E0
4.400479151E1,-2.185343504E0,-7.696118355E-1,4.878205061E-1,2.367698768E0
4.400977687E1,-2.434845686E0,-7.833218575E-1,5.512129068E-1,2.616467526E0
4.401476218E1,-2.654436827E0,-7.801194191E-1,6.077185869E-1,2.832656537E0
4.401974750E1,-2.930160761E0,-7.503790855E-1,6.573388577E-1,3.095319891E0
4.402473000E1,-3.175513744E0,-7.416410446E-1,7.288287878E-1,3.341423407E0
4.402971520E1,-3.376122475E0,-7.154998779E-1,7.386952639E-1,3.529279492E0
4.403470031E1,-3.541282177E0,-6.979389191E-1,7.039940357E-1,3.677418360E0
4.403968557E1,-3.642275810E0,-6.816377640E-1,6.968051195E-1,3.770456271E0
4.404466729E1,-3.648188591E0,-7.120337486E-1,6.934212446E-1,3.781151290E0
4.404965224E1,-3.614315987E0,-7.652454376E-1,6.151559353E-1,3.745303386E0
4.405463729E1,-3.509747028E0,-8.268799782E-1,5.200210810E-1,3.643141038E0
4.405962229E1,-3.380285740E0,-9.425225258E-1,3.748892546E-1,3.529195708E0
4.406461104E1,-3.235727310E0,-1.078760624E0,2.588740587E-1,3.420624430E0
4.406959619E1,-3.133770227E0,-1.183134556E0,1.029298306E-1,3.351256147E0
4.407458140E1,-3.038821936E0,-1.296514988E0,-6.371366978E-2,3.304459003E0
4.407956656E1,-2.967564344E0,-1.409272194E0,-1.453485489E-1,3.288405762E0
4.408454901E1,-2.924814463E0,-1.538159370E0,-2.470935583E-1,3.313839030E0
4.408953411E1,-2.910660028E0,-1.633043766E0,-3.713053465E-1,3.358071084E0
4.409451911E1,-2.920234442E0,-1.751260281E0,-4.722502232E-1,3.437688473E0
4.409950416E1,-2.924702406E0,-1.873566628E0,-5.547983050E-1,3.517376470E0
4.410448635E1,-2.923967123E0,-1.944847107E0,-6.092869639E-1,3.564161137E0
4.410947124E1,-2.939520597E0,-2.036839485E0,-6.571022868E-1,3.636107788E0
4.411445614E1,-2.954508066E0,-2.139892578E0,-6.935657263E-1,3.713393539E0
4.411944104E1,-2.906749964E0,-2.280305386E0,-7.402641773E-1,3.767887877E0
4.412442338E1,-2.844058752E0,-2.429296017E0,-7.638854980E-1,3.817547691E0
4.412940817E1,-2.816713095E0,-2.586939335E0,-7.264077663E-1,3.892787693E0
4.413439296E1,-2.800829649E0,-2.660140991E0,-6.977968216E-1,3.925291992E0
4.413937776E1,-2.872898817E0,-2.711226463E0,-6.209695339E-1,3.998737265E0
4.414436343E1,-2.980184317E0,-2.740245819E0,-4.675063491E-1,4.075415058E0
4.414934828E1,-3.113011122E0,-2.735256195E0,-3.214418292E-1,4.156415468E0
4.415433307E1,-3.261559248E0,-2.703312397E0,-1.590867043E-1,4.239218704E0
4.415931791E1,-3.356441021E0,-2.687465668E0,1.715528965E-2,4.299821199E0
4.416430848E1,-3.445580482E0,-2.687711716E0,1.738491058E-1,4.373333127E0
4.416929359E1,-3.521682262E0,-2.778068066E0,2.869281769E-1,4.494689746E0
4.417427869E1,-3.529675007E0,-2.896170139E0,3.421076536E-1,4.578585456E0
4.417926380E1,-3.541368008E0,-3.039555073E0,3.539470434E-1,4.680327009E0
4.418424671E1,-3.465806484E0,-3.246376991E0,3.392378092E-1,4.760867615E0
4.418923171E1,-3.384409428E0,-3.420955658E0,3.097357750E-1,4.822146932E0
4.419421671E1,-3.299497128E0,-3.637390137E0,2.845845222E-1,4.919174387E0
4.419920177E1,-3.189635515E0,-3.857426643E0,2.495474815E-1,5.011565521E0
4.420418500E1,-3.143387079E0,-3.999815464E0,2.404828072E-1,5.092861480E0
4.420916994E1,-3.124799967E0,-4.138768196E0,1.354997158E-1,5.187690930E0
4.421415484E1,-3.169391394E0,-4.204726696E0,1.089179516E-1,5.266557843E0
4.421913974E1,-3.250760555E0,-4.169067860E0,1.224412918E-1,5.288058517E0
4.422412791E1,-3.304266453E0,-4.074960709E0,1.472042799E-1,5.248347423E0
4.422911296E1,-3.399100780E0,-3.936684132E0,1.807143688E-1,5.204231524E0
4.423409802E1,-3.501510143E0,-3.821112633E0,1.772058010E-1,5.185834256E0
4.423908312E1,-3.570745945E0,-3.701810360E0,1.944413185E-1,5.146982997E0
4.424407380E1,-3.609293461E0,-3.595592976E0,1.725561619E-1,5.097554685E0
4.424905916E1,-3.621723175E0,-3.545251369E0,1.143306494E-1,5.069394197E0
4.425404453E1,-3.509904385E0,-3.493255138E0,4.849934578E-2,4.952233076E0
4.425902989E1,-3.417691708E0,-3.430235386E0,-2.232342958E-2,4.842275265E0
4.426401026E1,-3.330814838E0,-3.346759319E0,-5.031520128E-2,4.722039501E0
4.426899541E1,-3.253984451E0,-3.240422726E0,-7.602965832E-2,4.592878701E0
4.427398052E1,-3.199224949E0,-3.077842712E0,-7.527148724E-2,4.440024981E0
4.427896562E1,-3.133132935E0,-2.895051003E0,-5.504530668E-2,4.266248033E0
4.428394713E1,-3.051081657E0,-2.701789856E0,-3.929978609E-2,4.075575073E0
4.428893203E1,-2.986562729E0,-2.476583004E0,5.442202091E-3,3.879826018E0
4.429391698E1,-2.898978710E0,-2.269788265E0,2.170151472E-2,3.681913536E0
4.429890192E1,-2.774125576E0,-2.064781189E0,5.242943764E-2,3.458589729E0
4.430388328E1,-2.650428534E0,-1.821056843E0,5.674648285E-2,3.216246197E0
4.430886807E1,-2.539939165E0,-1.624842644E0,4.427999258E-2,3.015520734E0
4.431385281E1,-2.449979067E0,-1.392562866E0,9.136110544E-2,2.819570112E0
4.431883755E1,-2.358989954E0,-1.141017914E0,8.785402775E-2,2.621921779E0
4.432383948E1,-2.293301821E0,-9.300384521E-1,1.295995712E-1,2.478104278E0
4.432882510E1,-2.200642824E0,-7.168292999E-1,1.972879767E-1,2.322842145E0
4.433381078E1,-2.107191801E0,-5.132608414E-1,2.286026478E-1,2.180814790E0
4.433879635E1,-2.022659063E0,-3.337726593E-1,2.691476941E-1,2.067605948E0
4.434378552E1,-1.978075743E0,-1.448707581E-1,2.731565237E-1,2.002095319E0
4.434877130E1,-1.899329901E0,3.664779663E-2,2.886076570E-1,1.921481593E0
4.435375708E1,-1.791428804E0,1.484918594E-1,3.418400884E-1,1.829787321E0
4.435874291E1,-1.656892538E0,2.648019791E-1,3.586081266E-1,1.715812565E0
4.436371302E1,-1.498389006E0,3.782348633E-1,3.198120594E-1,1.578135285E0
4.436869802E1,-1.330236673E0,4.123473167E-1,3.669040799E-1,1.440200861E0
4.437368302E1,-1.191079140E0,4.554672241E-1,3.705744743E-1,1.327947797E0
4.437866807E1,-1.047524452E0,4.644932747E-1,3.071273565E-1,1.186334141E0
4.438363802E1,-8.997879028E-1,4.537115097E-1,2.915754914E-1,1.049041787E0
4.438862229E1,-7.955379486E-1,4.591560364E-1,3.026326299E-1,9.671046490E-1
4.439360656E1,-6.345076561E-1,4.735393524E-1,3.070614934E-1,8.491915241E-1
4.439859078E1,-4.360613823E-1,4.657144547E-1,3.171700239E-1,7.124860044E-1
4.440358151E1,-2.435283661E-1,4.523324966E-1,3.425960541E-1,6.174810190E-1
4.440856609E1,-3.566360474E-2,3.926143646E-1,3.690686822E-1,5.400274291E-1
4.441355067E1,9.894466400E-2,3.439722061E-1,3.582496643E-1,5.064086760E-1
4.441853526E1,2.320284843E-1,3.039789200E-1,3.485337496E-1,5.174129646E-1
4.442353598E1,3.804621696E-1,2.249040604E-1,4.188596606E-1,6.089143735E-1
4.442852135E1,5.319447517E-1,1.376962662E-1,4.421039224E-1,7.052526914E-1
4.443350671E1,7.225885391E-1,6.642627716E-2,4.707461596E-1,8.649558335E-1
4.443849218E1,8.779196739E-1,-2.735233307E-2,5.092619061E-1,1.015302316E0
4.444347052E1,9.691510201E-1,-1.054096222E-1,5.574895740E-1,1.123013585E0
4.444845562E1,1.022875309E0,-1.700220108E-1,6.105621457E-1,1.203315219E0
4.445344062E1,1.072598457E0,-2.547063828E-1,6.513084173E-1,1.280447362E0
4.445842562E1,1.113953590E0,-2.850990295E-1,6.793591976E-1,1.335553435E0
4.446343156E1,1.132761955E0,-2.803106308E-1,6.921492815E-1,1.356758757E0
4.446841770E1,1.138488293E0,-3.002433777E-1,7.443507910E-1,1.392967975E0
4.447340375E1,1.148180962E0,-2.801532745E-1,7.710508108E-1,1.411143058E0
4.447838989E1,1.092687607E0,-2.104282379E-1,7.936053276E-1,1.366768329E0
4.448335156E1,1.093890190E0,-1.414127350E-1,7.880728841E-1,1.355600303E0
4.448833640E1,1.049307823E0,-6.094169617E-2,8.260572553E-1,1.336836335E0
4.449332130E1,9.829564095E-1,4.054355621E-2,9.191761613E-1,1.346377324E0
4.449830614E1,9.476566315E-1,1.224489212E-1,1.007414460E0,1.388499451E0
4.450329130E1,8.668894768E-1,2.039508820E-1,1.078841090E0,1.398925096E0
4.450827614E1,8.221697807E-1,3.472967148E-1,1.174141645E0,1.474851437E0
4.451326109E1,7.966651917E-1,4.997930527E-1,1.293548107E0,1.599292102E0
4.451824598E1,7.664594650E-1,6.590223312E-1,1.350711823E0,1.687066380E0
4.452323192E1,7.887248993E-1,7.818441391E-1,1.408177137E0,1.793412968E0
4.452821687E1,7.773542404E-1,9.017944336E-1,1.389437199E0,1.829767347E0
4.453320182E1,7.776861191E-1,1.002087116E0,1.366558909E0,1.864526090E0
4.453818677E1,7.634572983E-1,1.097119808E0,1.351620436E0,1.900898925E0
4.454316624E1,8.157858849E-1,1.225064754E0,1.260987520E0,1.938138227E0
4.454815093E1,8.222603798E-1,1.364391327E0,1.137913227E0,1.957682900E0
4.455313562E1,8.211417198E-1,1.476834297E0,1.025902271E0,1.976812772E0
4.455812031E1,8.099532127E-1,1.629354954E0,8.940825462E-1,2.027364144E0
4.456310921E1,8.798060417E-1,1.750292301E0,7.355245948E-1,2.092505255E0
4.456809406E1,9.611158371E-1,1.851599216E0,5.480887294E-1,2.156980428E0
4.457307895E1,1.020563126E0,1.947736263E0,3.438640237E-1,2.225638810E0
4.457806385E1,1.177898645E0,2.017235756E0,1.919603348E-1,2.343828937E0
4.458305500E1,1.437697411E0,2.029010296E0,-3.437232971E-2,2.486973679E0
4.458804020E1,1.648813486E0,2.037992001E0,-2.391578555E-1,2.632336184E0
4.459302531E1,1.799249649E0,2.070422649E0,-4.585040808E-1,2.781038518E0
4.459801052E1,1.967978239E0,2.140585899E0,-6.352735162E-1,2.976343190E0
4.460302468E1,2.164453983E0,2.191020012E0,-9.033044577E-1,3.209577648E0
4.460801135E1,2.292539120E0,2.219226360E0,-1.140029430E0,3.388269227E0
4.461299802E1,2.352195263E0,2.325640202E0,-1.340515256E0,3.569090368E0
4.461798463E1,2.424680471E0,2.412129879E0,-1.588089943E0,3.770871996E0
4.462293052E1,2.437981844E0,2.471571922E0,-1.807623148E0,3.914067537E0
4.462791510E1,2.380334854E0,2.571054459E0,-1.943924308E0,4.006888663E0
4.463289968E1,2.323554039E0,2.610202312E0,-2.113568068E0,4.084021237E0
4.463788427E1,2.263275385E0,2.591714859E0,-2.189545393E0,4.078420087E0
4.464287609E1,2.240301371E0,2.470370293E0,-2.212175846E0,4.001924735E0
4.464786104E1,2.249990702E0,2.311041832E0,-2.192877293E0,3.900267084E0
4.465284599E1,2.242309570E0,2.183225155E0,-2.143694162E0,3.793395438E0
4.465783093E1,2.274857759E0,2.082158089E0,-2.045721054E0,3.700720844E0
4.466281171E1,2.357301474E0,2.026943684E0,-1.846876144E0,3.616119803E0
4.466779651E1,2.499300241E0,1.952969551E0,-1.648143291E0,3.574488505E0
4.467278119E1,2.662329674E0,1.888791561E0,-1.454870582E0,3.573818863E0
4.467776598E1,2.843748569E0,1.834214211E0,-1.246166348E0,3.606130650E0
4.468275598E1,2.961864948E0,1.796184540E0,-1.027254105E0,3.613056029E0
4.468774093E1,3.014205933E0,1.776966095E0,-8.366869092E-1,3.597650746E0
4.469272598E1,3.041405916E0,1.805158615E0,-6.722576618E-1,3.600094157E0
4.469771098E1,3.031341314E0,1.885336876E0,-4.650503397E-1,3.599971822E0
4.470269479E1,2.945782423E0,1.988696098E0,-2.632244229E-1,3.563963152E0
4.470767968E1,2.859065771E0,2.045902729E0,-1.074701548E-1,3.517317855E0
4.471266468E1,2.773679733E0,2.049851418E0,3.791213036E-2,3.449148797E0
4.471764963E1,2.706477642E0,1.976749897E0,1.442914009E-1,3.354605996E0
4.472263448E1,2.686389446E0,1.838753223E0,2.164554596E-1,3.262599369E0
4.472761942E1,2.682344675E0,1.633592129E0,2.234432697E-1,3.148574772E0
4.473260437E1,2.720569134E0,1.418706417E0,2.083245516E-1,3.075324931E0
4.473758932E1,2.734189272E0,1.196592331E0,2.024935484E-1,2.991425717E0
4.474258380E1,2.723133564E0,1.031776905E0,1.844499111E-1,2.917883095E0
4.474756921E1,2.699501514E0,8.907842636E-1,1.448258162E-1,2.846362512E0
4.475255463E1,2.613102674E0,7.282075882E-1,1.534146070E-1,2.717007162E0
4.475754005E1,2.564595461E0,6.350011826E-1,1.575332880E-1,2.646732536E0
4.476251192E1,2.511005640E0,5.561695099E-1,1.694471836E-1,2.577437913E0
4.476749671E1,2.437915564E0,4.820985794E-1,2.250686884E-1,2.495297026E0
4.477248140E1,2.383865356E0,3.603239059E-1,2.935149670E-1,2.428744200E0
4.477746614E1,2.377734423E0,2.125072479E-1,3.340631723E-1,2.410472675E0
4.478245291E1,2.345278025E0,2.191352844E-2,4.352048635E-1,2.385416628E0
4.478743776E1,2.331976891E0,-9.661006927E-2,5.443331003E-1,2.396611827E0
4.479242260E1,2.369140148E0,-2.363138199E-1,6.661390066E-1,2.472328950E0
4.479740744E1,2.372776985E0,-2.944593430E-1,8.196948767E-1,2.527583157E0
4.480250744E1,2.385783195E0,-3.334417343E-1,9.831695557E-1,2.601877634E0
4.480760744E1,2.353380203E0,-3.221378326E-1,1.227971673E0,2.673964397E0
4.481270744E1,2.306737423E0,-3.156490326E-1,1.450756073E0,2.743239879E0
4.481773198E1,2.250842571E0,-3.139400482E-1,1.605651259E0,2.782618659E0
4.482263698E1,2.250378132E0,-3.169832230E-1,1.850319028E0,2.930590487E0
4.482754198E1,2.307162762E0,-3.943614960E-1,2.088867903E0,3.137178687E0
4.483244698E1,2.397022247E0,-6.010961533E-1,2.251741409E0,3.343257635E0
4.483735198E1,2.440622330E0,-7.985172272E-1,2.353326082E0,3.483161031E0
4.484227833E1,2.445004940E0,-1.027347565E0,2.384376526E0,3.566334756E0
4.484726843E1,2.426981926E0,-1.182330132E0,2.428647041E0,3.631318254E0
4.485225859E1,2.386694908E0,-1.268302917E0,2.423883438E0,3.630442920E0
4.485724869E1,2.341372490E0,-1.356896400E0,2.417784691E0,3.628894569E0
4.486221515E1,2.362900257E0,-1.424180984E0,2.417134762E0,3.667987126E0
4.486720411E1,2.393845558E0,-1.544325829E0,2.349954605E0,3.692929118E0
4.487219302E1,2.448427200E0,-1.674272537E0,2.237946272E0,3.715694794E0
4.487718192E1,2.526423931E0,-1.845191956E0,2.038123131E0,3.733831427E0
4.488215812E1,2.632692814E0,-2.028312683E0,1.793545723E0,3.776497061E0
4.488714640E1,2.669068336E0,-2.159089088E0,1.458996534E0,3.730182618E0
4.489213468E1,2.626142025E0,-2.242310524E0,1.101799369E0,3.624712440E0
4.489712296E1,2.532830715E0,-2.184673309E0,8.252358437E-1,3.445147761E0
4.490209515E1,2.387164593E0,-2.053085327E0,5.649986267E-1,3.198896310E0
4.490708260E1,2.241988659E0,-1.885794640E0,4.312181473E-1,2.961196322E0
4.491207005E1,2.143130779E0,-1.704128265E0,3.451451063E-1,2.759744160E0
4.491705755E1,2.135925293E0,-1.615715981E0,3.617755175E-1,2.702516700E0
4.492204161E1,2.222515583E0,-1.548727036E0,3.664857149E-1,2.733576911E0
4.492702890E1,2.344893456E0,-1.477109909E0,3.925760984E-1,2.799016791E0
4.493201619E1,2.452404022E0,-1.415426254E0,4.136554003E-1,2.861612790E0
4.493700354E1,2.563619137E0,-1.359190941E0,3.794448376E-1,2.926349514E0
4.494198406E1,2.632673264E0,-1.277536392E0,3.617547750E-1,2.948547823E0
4.494697098E1,2.635140419E0,-1.173171043E0,3.559093475E-1,2.906366596E0
4.495195796E1,2.589963436E0,-1.058198929E0,4.027906656E-1,2.826647465E0
4.495694489E1,2.525451183E0,-9.782896042E-1,4.690403938E-1,2.748627498E0
4.496192083E1,2.400784016E0,-8.808956146E-1,5.500150919E-1,2.615770933E0
4.496690729E1,2.239691734E0,-8.474903107E-1,6.553715467E-1,2.482734532E0
4.497189369E1,2.051494598E0,-8.183937073E-1,7.373476028E-1,2.328535985E0
4.497688010E1,1.848091602E0,-7.339277267E-1,7.648291588E-1,2.130506072E0
4.498185989E1,1.665394783E0,-7.352819443E-1,7.092038393E-1,1.953752647E0
4.498684593E1,1.450699806E0,-8.057403564E-1,5.321539640E-1,1.742680490E0
4.499183208E1,1.168502331E0,-8.877124786E-1,2.458081245E-1,1.487902139E0
4.499681812E1,8.934793472E-1,-1.016850471E0,-7.315969467E-2,1.355596756E0
4.500191812E1,5.794596672E-1,-1.121953011E0,-3.846659660E-1,1.320045442E0
4.500701812E1,2.330360413E-1,-1.170969963E0,-7.075975537E-1,1.387865537E0
4.501207974E1,-1.470708847E-1,-1.201624870E0,-1.003579855E0,1.572483609E0
4.501707948E1,-5.718936920E-1,-1.215781212E0,-1.210292101E0,1.808312285E0
4.502198448E1,-9.949488640E-1,-1.212788582E0,-1.394510150E0,2.098913515E0
4.502688948E1,-1.416556597E0,-1.149744034E0,-1.544057250E0,2.390116467E0
4.503179448E1,-1.785924673E0,-1.064572334E0,-1.632580876E0,2.643513100E0
4.503669948E1,-2.097635746E0,-9.998311996E-1,-1.664807081E0,2.858552215E0
4.504167015E1,-2.402237415E0,-9.699134827E-1,-1.654946089E0,3.074137817E0
4.504665260E1,-2.593790054E0,-9.478511810E-1,-1.607364655E0,3.195276176E0
4.505163500E1,-2.679210186E0,-8.878469467E-1,-1.471728563E0,3.183146931E0
4.505661739E1,-2.696788311E0,-8.423824310E-1,-1.276653528E0,3.100341850E0
4.506161750E1,-2.620718002E0,-7.638244629E-1,-1.053267360E0,2.925912300E0
4.506660078E1,-2.429718018E0,-6.714439392E-1,-7.541041970E-1,2.631166994E0
4.507158406E1,-2.205828428E0,-5.417375565E-1,-5.037372112E-1,2.326566099E0
4.507656739E1,-1.966442347E0,-4.756174088E-1,-2.018815279E-1,2.033190491E0
4.508155692E1,-1.724131823E0,-4.208688736E-1,2.665054798E-2,1.774956732E0
4.508654052E1,-1.472193241E0,-3.467903137E-1,2.604527473E-1,1.534748219E0
4.509152411E1,-1.273381710E0,-3.231754303E-1,3.989336491E-1,1.372986305E0
4.509650776E1,-1.120659828E0,-2.975969315E-1,4.776086807E-1,1.254014528E0
4.510150203E1,-1.007034779E0,-2.798624039E-1,5.320924520E-1,1.172844571E0
4.510648614E1,-9.469785690E-1,-2.486276627E-1,5.741006136E-1,1.134978255E0
4.511147026E1,-9.813008308E-1,-1.873717308E-1,5.987392664E-1,1.164709490E0
4.511645437E1,-1.109877110E0,-1.392159462E-1,5.508837700E-1,1.246868560E0
4.512143677E1,-1.305882931E0,-5.845928192E-2,5.070005655E-1,1.402068932E0
4.512642072E1,-1.533131599E0,7.211685181E-3,4.026226997E-1,1.585133921E0
4.513140484E1,-1.845992565E0,7.500743866E-2,3.025076389E-1,1.872117928E0
4.513638885E1,-2.150660753E0,1.620111465E-1,1.684641838E-1,2.163323709E0
4.514137968E1,-2.451476812E0,2.327451706E-1,7.498645782E-2,2.463641988E0
4.514636406E1,-2.671147108E0,3.548455238E-1,1.511800289E-2,2.694655966E0
4.515134843E1,-2.778192997E0,4.139399529E-1,7.760906219E-2,2.809933412E0
4.515633281E1,-2.794183731E0,4.484710693E-1,1.714415550E-1,2.835133371E0
4.516132124E1,-2.731244802E0,4.680700302E-1,3.924663067E-1,2.798717121E0
4.516630583E1,-2.591892004E0,4.273152351E-1,6.782683134E-1,2.713033427E0
4.517129041E1,-2.455489874E0,3.858017921E-1,9.952632189E-1,2.677465671E0
4.517627505E1,-2.231657743E0,3.598499298E-1,1.297685385E0,2.606487217E0
4.518126218E1,-1.994957924E0,3.252696991E-1,1.501783013E0,2.518136159E0
4.518624687E1,-1.795994282E0,3.032364845E-1,1.662285566E0,2.465915881E0
4.519123161E1,-1.618353367E0,2.480444908E-1,1.748332262E0,2.395257687E0
4.519621635E1,-1.424056530E0,2.503504753E-1,1.874735236E0,2.367539771E0
4.520131635E1,-1.184954643E0,2.426390648E-1,1.928669333E0,2.276566849E0
4.520641635E1,-9.418964386E-1,2.295727730E-1,1.852748036E0,2.091063807E0
4.521151635E1,-7.335648537E-1,2.563223839E-1,1.735992432E0,1.901969580E0
4.521661145E1,-6.658425331E-1,2.936806679E-1,1.409327388E0,1.586126823E0
4.522161442E1,-6.711931229E-1,2.582092285E-1,1.119071007E0,1.330222587E0
4.522651942E1,-5.383071899E-1,1.719927788E-1,9.408527613E-1,1.097524517E0
4.523142442E1,-3.658041954E-1,5.874443054E-2,6.382217407E-1,7.379638256E-1
4.523632942E1,-2.665605545E-1,3.530931473E-2,4.863975048E-1,5.557731638E-1
4.524123442E1,-3.195581436E-1,3.933572769E-2,3.326193094E-1,4.629258165E-1
4.524613942E1,-4.432125092E-1,3.269815445E-2,2.037923336E-1,4.889149341E-1
4.525106093E1,-6.205039024E-1,1.794719696E-2,1.166633368E-1,6.316308486E-1
4.525605072E1,-8.129482269E-1,-2.873516083E-2,8.059823513E-2,8.174390526E-1
4.526104046E1,-1.005455017E0,-8.760643005E-2,1.097517014E-1,1.015214319E0
4.526601098E1,-1.144895077E0,-1.749858856E-1,1.751588583E-1,1.171360501E0
4.527099974E1,-1.228989124E0,-2.884683609E-1,2.385928631E-1,1.284739202E0
4.527598854E1,-1.319681168E0,-4.302263260E-1,3.044413328E-1,1.421033990E0
4.528097734E1,-1.397672653E0,-5.283508301E-1,3.559123278E-1,1.536006846E0
4.528595380E1,-1.472438335E0,-5.852122307E-1,4.478764534E-1,1.646554379E0
4.529094198E1,-1.510332584E0,-6.150727272E-1,5.394766331E-1,1.717688567E0
4.529593015E1,-1.578349113E0,-6.299152374E-1,6.904301643E-1,1.834304485E0
4.530091838E1,-1.666895390E0,-5.485024452E-1,8.621180058E-1,1.955157955E0
4.530588838E1,-1.763985157E0,-4.307112694E-1,1.080859900E0,2.113152610E0
4.531087567E1,-1.838474751E0,-3.626799583E-1,1.317537069E0,2.290726978E0
4.531586291E1,-1.839969635E0,-2.963595390E-1,1.528874516E0,2.410554816E0
4.532085015E1,-1.850025654E0,-2.294464111E-1,1.731888533E0,2.544538949E0
4.532583218E1,-1.778053284E0,-1.382603645E-1,1.876475453E0,2.588773751E0
4.533081916E1,-1.665028095E0,-3.257560730E-2,1.907806754E0,2.532411171E0
4.533580614E1,-1.535141945E0,6.094455719E-3,1.916951895E0,2.455891386E0
4.534079317E1,-1.410299301E0,1.579093933E-2,1.863448858E0,2.337014146E0
4.534578145E1,-1.281135082E0,2.509069443E-2,1.697384715E0,2.126746697E0
4.535076854E1,-1.100093842E0,2.651691437E-3,1.504938006E0,1.864149107E0
4.535575557E1,-9.295015335E-1,-8.032369614E-2,1.285856605E0,1.588663654E0
4.536074265E1,-7.597565651E-1,-2.262005806E-1,9.728895426E-1,1.254954502E0
4.536571708E1,-6.003766060E-1,-3.559761047E-1,6.617044210E-1,9.617815745E-1
4.537070348E1,-5.042719841E-1,-5.488915443E-1,3.092542887E-1,8.069760693E-1
4.537568989E1,-4.617300034E-1,-6.326065063E-1,7.126867771E-2,7.864253380E-1
4.538067635E1,-4.729218483E-1,-7.674932480E-1,-3.309943676E-1,9.603427678E-1
4.538565510E1,-6.356325150E-1,-9.461603165E-1,-6.462954283E-1,1.310322792E0
4.539064114E1,-7.672858238E-1,-1.124889851E0,-8.532212377E-1,1.606888668E0
4.539562718E1,-8.388671875E-1,-1.329564571E0,-1.099771380E0,1.918576868E0
4.540061322E1,-9.506678581E-1,-1.440337658E0,-1.368951082E0,2.202809345E0
4.540559338E1,-1.123816490E0,-1.545413494E0,-1.464417934E0,2.407443926E0
4.541057911E1,-1.300380707E0,-1.663352966E0,-1.474340916E0,2.575153240E0
4.541556489E1,-1.364832878E0,-1.764621258E0,-1.379360080E0,2.622840292E0
4.542055062E1,-1.288247108E0,-1.882311821E0,-1.136519074E0,2.548402247E0
4.542553755E1,-1.073047161E0,-2.016303539E0,-7.893945575E-1,2.416620355E0
4.543052338E1,-8.033404350E-1,-2.142944813E0,-3.432092071E-1,2.314165267E0
4.543550916E1,-4.196910858E-1,-2.253035069E0,1.296958923E-1,2.295458266E0
4.544049500E1,9.421682358E-2,-2.306345463E0,5.425043106E-1,2.371163666E0
4.544546510E1,6.896448135E-1,-2.361188412E0,9.616967440E-1,2.641151512E0
4.545045020E1,1.334375381E0,-2.356336117E0,1.189310312E0,2.957589656E0
4.545543520E1,1.987159252E0,-2.371521950E0,1.571162343E0,3.470082039E0
4.546042020E1,2.561367989E0,-2.460070133E0,1.893130779E0,4.024486946E0
4.546540531E1,3.078154564E0,-2.519647598E0,2.032776356E0,4.467195905E0
4.547039036E1,3.532500267E0,-2.584246635E0,2.032499790E0,4.825758407E0
4.547537536E1,3.946051121E0,-2.653945446E0,2.083188057E0,5.191764474E0
4.548036041E1,4.393021107E0,-2.688208103E0,2.255851269E0,5.622629474E0
4.548534901E1,4.791620255E0,-2.701961994E0,2.378087759E0,5.992956255E0
4.549033416E1,5.067387104E0,-2.679050922E0,2.382688046E0,6.207489688E0
4.549531942E1,5.122616768E0,-2.619670391E0,2.457519054E0,6.256458696E0
4.550030458E1,4.948359966E0,-2.502346516E0,2.558380127E0,6.106825142E0
4.550528734E1,4.691363811E0,-2.472644329E0,2.639428854E0,5.923634785E0
4.551027239E1,4.450463772E0,-2.484473705E0,2.636224031E0,5.738372114E0
4.551525744E1,4.173644066E0,-2.465658188E0,2.582106113E0,5.492362613E0
4.552024255E1,3.845024586E0,-2.461066246E0,2.527166367E0,5.218010251E0
4.552523239E1,3.601653576E0,-2.465387344E0,2.449923992E0,5.005214362E0
4.553021770E1,3.520473957E0,-2.571341038E0,2.320103407E0,4.938462456E0
4.553520302E1,3.431808472E0,-2.756996632E0,2.164810658E0,4.905583043E0
4.554018838E1,3.378884315E0,-2.897725582E0,2.032686710E0,4.893412718E0
4.554516677E1,3.352204323E0,-2.933660984E0,1.833625913E0,4.817242425E0
4.555015177E1,3.330500603E0,-2.931753635E0,1.613154888E0,4.721195012E0
4.555513671E1,3.352325916E0,-2.875116825E0,1.447969675E0,4.647687811E0
4.556012171E1,3.518068790E0,-2.742436409E0,1.424269676E0,4.682553746E0
4.556511698E1,3.794020176E0,-2.582018375E0,1.541646481E0,4.841289276E0
4.557010250E1,4.084022999E0,-2.478117943E0,1.807605982E0,5.107617035E0
4.557508796E1,4.287073135E0,-2.302710056E0,2.068482161E0,5.287729959E0
4.558007343E1,4.391354084E0,-2.104408264E0,2.383237123E0,5.421470651E0
4.558504906E1,4.533441067E0,-2.060564518E0,2.471817017E0,5.559486793E0
4.559003411E1,4.603552341E0,-2.028306007E0,2.794813156E0,5.754797998E0
4.559501906E1,4.668947697E0,-2.029619694E0,2.797001362E0,5.808755918E0
4.560000411E1,4.689716816E0,-2.057924271E0,3.072715521E0,5.972443117E0
4.560499130E1,4.627885342E0,-2.075352669E0,3.330253601E0,6.067536607E0
4.560997645E1,4.509811878E0,-2.147230625E0,3.503207922E0,6.100939950E0
4.561496156E1,4.321185112E0,-2.302792549E0,3.295925140E0,5.902424657E0
4.561994666E1,3.794564247E0,-2.486940384E0,3.264577389E0,5.589369895E0
4.562504666E1,3.412263870E0,-2.732635498E0,3.090105057E0,5.353465303E0
4.563011072E1,3.068921089E0,-2.928742409E0,2.623147964E0,4.987656162E0
4.563510515E1,2.611334801E0,-3.162467480E0,2.196599960E0,4.652453265E0
4.564009958E1,2.150165558E0,-3.429733753E0,1.656332493E0,4.373753865E0
4.564500458E1,1.653864384E0,-3.631427765E0,1.042952538E0,4.124352677E0
4.564990958E1,1.171545506E0,-3.830848217E0,8.272719383E-1,4.090512901E0
4.565483671E1,7.484545708E-1,-3.920135021E0,6.054830551E-1,4.036613997E0
4.565982000E1,3.200120926E-1,-3.921312809E0,3.942518234E-1,3.954053159E0
4.566481255E1,-6.471681595E-2,-3.940030575E0,2.589597702E-1,3.949061833E0
4.566979624E1,-2.702960968E-1,-4.022775173E0,7.924699783E-2,4.032624476E0
4.567477994E1,-4.309902191E-1,-4.126384258E0,-5.658102036E-2,4.149216917E0
4.567976369E1,-4.925098419E-1,-4.229316711E0,-8.127784729E-2,4.258672549E0
4.568474843E1,-3.408980370E-1,-4.326943398E0,-3.775691986E-2,4.340515663E0
4.568973224E1,-1.683192253E-1,-4.348111153E0,-3.857612610E-2,4.351538817E0
4.569471593E1,3.141307831E-2,-4.391442299E0,-6.659173965E-2,4.392059506E0
4.569969974E1,3.008251190E-1,-4.395042419E0,-1.505079269E-1,4.407895899E0
4.570468755E1,5.823769569E-1,-4.407322884E0,-2.405371666E-1,4.452136122E0
4.570967156E1,7.969570160E-1,-4.557586670E0,-3.320479393E-1,4.638641242E0
4.571465552E1,9.615082741E-1,-4.673840523E0,-3.202738762E-1,4.782453215E0
4.571963948E1,1.128357410E0,-4.744672775E0,-3.895144463E-1,4.892528150E0
4.572463349E1,1.151890755E0,-4.820821762E0,-5.520949364E-1,4.987181929E0
4.572961796E1,1.123008728E0,-4.856450081E0,-7.287960052E-1,5.037598595E0
4.573460244E1,1.027732849E0,-4.853883743E0,-9.844212532E-1,5.058211878E0
4.573958687E1,8.353552818E-1,-4.898737431E0,-1.390724659E0,5.160383894E0
4.574458572E1,6.163859367E-1,-4.885494232E0,-1.819114685E0,5.249491761E0
4.574957093E1,3.781275749E-1,-4.824352264E0,-2.266818523E0,5.343764726E0
4.575455614E1,1.093177795E-1,-4.726798058E0,-2.655333042E0,5.422671281E0
4.575954130E1,-2.016725540E-1,-4.600990295E0,-2.924947739E0,5.455740352E0
4.576451229E1,-4.375395775E-1,-4.481847286E0,-3.152344704E0,5.496878488E0
4.576949682E1,-6.265907288E-1,-4.319525242E0,-3.323740959E0,5.486179747E0
4.577448130E1,-8.100943565E-1,-4.118186951E0,-3.431714535E0,5.421474087E0
4.577946583E1,-9.286108017E-1,-3.901462793E0,-3.516915321E0,5.334081301E0
4.578446177E1,-1.037286997E0,-3.731849670E0,-3.624961853E0,5.304999030E0
4.578944687E1,-1.079397440E0,-3.532039881E0,-3.659909725E0,5.199552264E0
4.579443192E1,-9.976255894E-1,-3.364848137E0,-3.791862488E0,5.166786325E0
4.579941703E1,-8.731849194E-1,-3.233035326E0,-3.841653824E0,5.096398083E0
4.580439588E1,-7.190883160E-1,-3.115181684E0,-3.789884090E0,4.958292685E0
4.580938067E1,-5.917346478E-1,-2.966730118E0,-3.770110607E0,4.833774041E0
4.581436546E1,-4.782655239E-1,-2.843100071E0,-3.831984043E0,4.795420485E0
4.581935020E1,-3.988182545E-1,-2.663410187E0,-3.889077663E0,4.730511061E0
4.582433468E1,-3.425130844E-1,-2.511518955E0,-3.907668591E0,4.657780210E0
4.582931942E1,-2.840673923E-1,-2.325260162E0,-3.983272076E0,4.621037279E0
4.583430421E1,-2.596123219E-1,-2.183722496E0,-4.170979500E0,4.715200153E0
4.583928895E1,-2.806859016E-1,-2.060377598E0,-4.318028450E0,4.792630814E0
4.584427296E1,-2.655634880E-1,-1.954993367E0,-4.489418030E0,4.903814564E0
4.584925770E1,-2.829751968E-1,-1.838591099E0,-4.723856926E0,5.076939673E0
4.585424239E1,-3.412652016E-1,-1.696427345E0,-4.931045532E0,5.225852822E0
4.585922713E1,-3.746860027E-1,-1.599513292E0,-5.114041805E0,5.371429601E0
4.586421802E1,-3.892140388E-1,-1.574169993E0,-5.271037102E0,5.514828272E0
4.586920307E1,-4.825315475E-1,-1.557550192E0,-5.397585392E0,5.638504000E0
4.587418807E1,-5.969016552E-1,-1.499099493E0,-5.479611397E0,5.712244037E0
4.587917307E1,-7.227208614E-1,-1.396002650E0,-5.560390472E0,5.778329434E0
4.588415484E1,-8.362460136E-1,-1.259892702E0,-5.498959064E0,5.703085815E0
4.588913974E1,-8.878369331E-1,-1.162551284E0,-5.343280792E0,5.539894361E0
4.589412458E1,-8.688929081E-1,-1.053643465E0,-5.172275066E0,5.349539120E0
4.589910948E1,-8.543136120E-1,-9.789381027E-1,-4.959566593E0,5.126935961E0
4.590409765E1,-8.184247017E-1,-9.483957291E-1,-4.788805485E0,4.949942568E0
4.590908265E1,-7.852344513E-1,-9.264019132E-1,-4.581106186E0,4.739340411E0
4.591406770E1,-6.876876354E-1,-8.919991255E-1,-4.401129246E0,4.542963280E0
4.591905276E1,-5.420343876E-1,-9.269499779E-1,-4.194010258E0,4.329290887E0
4.592404020E1,-4.130952358E-1,-9.382810593E-1,-3.964536667E0,4.094944444E0
4.592902536E1,-3.060579300E-1,-9.263105392E-1,-3.743751526E0,3.868772177E0
4.593401052E1,-2.399857044E-1,-9.440565109E-1,-3.567525864E0,3.698117984E0
4.593899567E1,-2.269008160E-1,-9.417369366E-1,-3.414226532E0,3.548985101E0
4.594398093E1,-2.383468151E-1,-8.719325066E-1,-3.278957367E0,3.401269897E0
4.594896609E1,-2.361861467E-1,-8.541151285E-1,-3.211987972E0,3.331990889E0
4.595395125E1,-2.396661043E-1,-8.426722288E-1,-3.134400368E0,3.254535603E0
4.595893640E1,-2.222253084E-1,-8.281191587E-1,-3.144337654E0,3.259144782E0
4.596390062E1,-1.811208725E-1,-8.316322565E-1,-3.112789631E0,3.227053806E0
4.596888474E1,-1.871404648E-1,-8.057252169E-1,-3.092547894E0,3.201260244E0
4.597386885E1,-2.209457159E-1,-7.859338522E-1,-3.045506477E0,3.153033259E0
4.597885291E1,-2.293319702E-1,-6.977636814E-1,-2.979107380E0,3.068313558E0
4.598386109E1,-2.255676985E-1,-7.207300663E-1,-2.900746822E0,2.997443034E0
4.598884640E1,-2.138065100E-1,-7.227292061E-1,-2.808304310E0,2.907683584E0
4.599383171E1,-1.549094915E-1,-7.330095768E-1,-2.689841270E0,2.792229584E0
4.599881703E1,-1.485197544E-1,-7.876472473E-1,-2.566967487E0,2.689194747E0
4.600379333E1,-1.774973869E-1,-8.170664310E-1,-2.473247528E0,2.610757785E0
4.600877817E1,-2.228698730E-1,-8.262002468E-1,-2.305727005E0,2.459401319E0
4.601376302E1,-2.303926945E-1,-8.079950809E-1,-2.124112129E0,2.284248056E0
4.601874786E1,-1.818473339E-1,-7.552449703E-1,-1.961787224E0,2.109993490E0
4.602373041E1,-1.396979094E-1,-7.015502453E-1,-1.773237228E0,1.912082247E0
4.602871515E1,-1.304315329E-1,-6.976509094E-1,-1.639592171E0,1.786614581E0
4.603369984E1,-1.225453615E-1,-7.437288761E-1,-1.414873123E0,1.603126932E0
4.603868458E1,-1.196961999E-1,-7.826349735E-1,-1.242411613E0,1.473238372E0
4.604368312E1,-1.514389515E-1,-8.217630386E-1,-1.150678635E0,1.422072279E0
4.604866854E1,-1.948320270E-1,-8.179116249E-1,-1.043903351E0,1.340400370E0
4.605365395E1,-2.333739400E-1,-7.808377743E-1,-9.220676422E-1,1.230601382E0
4.605863937E1,-3.181835115E-1,-7.847056389E-1,-8.640632629E-1,1.209797094E0
4.606373937E1,-4.436624050E-1,-8.041577339E-1,-8.528079987E-1,1.253310605E0
4.606881088E1,-5.873915553E-1,-8.619320393E-1,-8.909759521E-1,1.371784905E0
4.607380583E1,-6.973462105E-1,-9.214620590E-1,-9.907245636E-1,1.522142971E0
4.607880078E1,-7.679209113E-1,-9.782888889E-1,-1.118493080E0,1.672656105E0
4.608370578E1,-7.659144402E-1,-9.523994923E-1,-1.217324257E0,1.724983498E0
4.608861078E1,-7.451981902E-1,-9.185047150E-1,-1.339800835E0,1.787187044E0
4.609352890E1,-7.146152258E-1,-9.121050835E-1,-1.521991253E0,1.912869044E0
4.609851208E1,-6.655969620E-1,-9.498248100E-1,-1.646790504E0,2.014225770E0
4.610349880E1,-5.447731018E-1,-1.018923521E0,-1.731370449E0,2.081496218E0
4.610848218E1,-3.685476184E-1,-1.066597700E0,-1.701765537E0,2.041926528E0
4.611346557E1,-2.038403451E-1,-1.085661173E0,-1.560553074E0,1.911945858E0
4.611844895E1,6.448000669E-3,-1.121715069E0,-1.389129162E0,1.785487637E0
4.612344213E1,1.237074733E-1,-1.098757029E0,-1.316451073E0,1.719189918E0
4.612842598E1,1.666642725E-1,-1.041214466E0,-1.184381485E0,1.585769229E0
4.613340989E1,1.372920871E-1,-9.014678001E-1,-1.043135643E0,1.385505425E0
4.613839374E1,1.665098220E-1,-8.042509556E-1,-9.308528900E-1,1.241383190E0
4.614337583E1,2.251196951E-1,-7.137870789E-1,-9.359178543E-1,1.198379364E0
4.614835958E1,2.292162925E-1,-5.774321556E-1,-9.553852081E-1,1.139617874E0
4.615334338E1,2.767332792E-1,-5.458831787E-1,-9.796934128E-1,1.155148880E0
4.615832718E1,2.096439898E-1,-4.803221226E-1,-1.037544250E0,1.162393228E0
4.616332437E1,5.399544537E-2,-4.381911755E-1,-1.104991436E0,1.189929867E0
4.616830880E1,4.566207528E-2,-3.856637478E-1,-1.229999542E0,1.289852870E0
4.617329328E1,9.746633470E-3,-2.867085934E-1,-1.383904934E0,1.413325752E0
4.617827776E1,-6.369876862E-2,-1.625206470E-1,-1.552515507E0,1.562297953E0
4.618326104E1,-9.375036508E-2,-1.273756027E-1,-1.719336033E0,1.726594935E0
4.618824541E1,-8.019630611E-2,-9.217596054E-2,-1.901364803E0,1.905286322E0
4.619322984E1,-9.491923451E-2,-3.736591339E-2,-1.950537205E0,1.953202821E0
4.619821427E1,-4.477165639E-3,-7.483100891E-2,-1.962913990E0,1.964344944E0
4.620322885E1,1.240376532E-1,-1.516008377E-1,-1.878869057E0,1.889051901E0
4.620821479E1,6.974249482E-1,-3.896172047E-1,-1.562193394E0,1.754608596E0
4.621320067E1,2.732877016E0,-1.016701221E0,-6.253957748E-1,2.982183434E0
4.621818661E1,5.271066666E0,-1.862579107E0,8.552923203E-1,5.655516747E0
4.622312687E1,6.079133511E0,-2.126509428E0,2.148787498E0,6.789344173E0
4.622811046E1,4.634655476E0,-1.231569767E0,2.483439445E0,5.400395073E0
4.623309411E1,2.698846817E0,-1.196522713E-1,2.192131042E0,3.479012693E0
4.623807770E1,1.336389542E0,4.691748619E-1,1.633717537E0,2.162196811E0
4.624307520E1,3.610067070E-1,5.671730042E-1,8.608751297E-1,1.092298974E0
4.624805953E1,-4.500066936E-1,2.927885056E-1,1.293239594E-1,5.522280505E-1
4.625304380E1,-9.440420866E-1,-1.925950050E-1,-3.246936798E-1,1.016727241E0
4.625802812E1,-1.117795467E0,-7.757067680E-1,-4.540767670E-1,1.434354701E0
4.626303052E1,-9.726754427E-1,-1.250983715E0,-2.161741257E-1,1.599308921E0
4.626801573E1,-7.547339201E-1,-1.561977386E0,1.091194153E-1,1.738189775E0
4.627300093E1,-6.603046656E-1,-1.633620024E0,5.820703506E-1,1.855673066E0
4.627798614E1,-6.467682123E-1,-1.548856258E0,1.468589783E0,2.230251282E0
4.628296156E1,-3.484800160E-1,-1.295580864E0,2.111679077E0,2.501830654E0
4.628794630E1,-1.834650934E-1,-7.480554581E-1,2.251553535E0,2.379651179E0
4.629293104E1,-3.009350002E-1,-2.772572041E-1,2.027673721E0,2.068548803E0
4.629791578E1,-2.719338536E-1,-7.672405243E-2,1.770542145E0,1.792945645E0
4.630290119E1,-1.850415170E-1,-1.083359718E-1,1.559376717E0,1.574049805E0
4.630788599E1,-2.625951171E-1,-2.163553238E-1,1.363080025E0,1.404903191E0
4.631287072E1,-5.231374502E-1,-2.495479584E-1,1.045165062E0,1.195122162E0
4.631785552E1,-8.225333691E-1,-2.405934334E-1,6.436824799E-1,1.071808508E0
4.632284724E1,-1.047941208E0,-3.128066063E-1,3.160953522E-1,1.138395810E0
4.632783239E1,-1.229797363E0,-4.889748096E-1,3.554248810E-2,1.323918875E0
4.633281750E1,-1.305406809E0,-6.488554478E-1,-1.815338135E-1,1.469031945E0
4.633780260E1,-1.278648138E0,-8.230283260E-1,-4.622192383E-1,1.589327943E0
4.634278250E1,-1.316109538E0,-8.744571209E-1,-7.900896072E-1,1.766652529E0
4.634776734E1,-1.316863775E0,-8.549835682E-1,-1.031668186E0,1.878687401E0
4.635275218E1,-1.148409605E0,-9.052097797E-1,-1.204186916E0,1.894284956E0
4.635773703E1,-8.718327880E-1,-9.768946171E-1,-1.336736202E0,1.871170537E0
4.636272187E1,-6.203051209E-1,-1.024105787E0,-1.563656330E0,1.969414183E0
4.636770671E1,-4.241965711E-1,-1.007921934E0,-1.703605652E0,2.024381776E0
4.637269161E1,-1.605693102E-1,-9.061405659E-1,-1.795545578E0,2.017636526E0
4.637767640E1,1.695156097E-3,-9.218137264E-1,-1.854247570E0,2.070743217E0
4.638265958E1,1.089573503E-1,-1.018707991E0,-1.710281372E0,1.993664978E0
4.638764432E1,1.589434743E-1,-1.065324545E0,-1.550439358E0,1.887866949E0
4.639262911E1,7.270812988E-2,-1.088341951E0,-1.300495625E0,1.697369596E0
4.639761385E1,4.590451717E-2,-1.073737860E0,-9.603705406E-1,1.441295178E0
4.640271385E1,-8.732819557E-2,-1.106011629E0,-4.699010849E-1,1.204863049E0
4.640781385E1,-1.820517778E-1,-1.159740686E0,-1.753997803E-2,1.174073661E0
4.641281005E1,-2.396978736E-1,-1.269456387E0,3.377532959E-1,1.335309656E0
4.641780588E1,-2.443326116E-1,-1.340059757E0,5.654544830E-1,1.474855027E0
4.642271088E1,-3.039359450E-1,-1.358181000E0,7.069244385E-1,1.561017248E0
4.642761588E1,-3.497948050E-1,-1.326632977E0,7.912530899E-1,1.583790678E0
4.643252088E1,-3.320468068E-1,-1.360755444E0,8.738241196E-1,1.650902496E0
4.643749698E1,-3.156341910E-1,-1.358015060E0,8.544530869E-1,1.635212501E0
4.644247036E1,-3.149133325E-1,-1.276072502E0,7.455863953E-1,1.511102416E0
4.644745307E1,-2.916656733E-1,-1.213374615E0,5.379476547E-1,1.358946099E0
4.645243583E1,-2.815769911E-1,-1.136204004E0,2.913007736E-1,1.206275790E0
4.645741854E1,-3.079714775E-1,-1.047009230E0,6.542396545E-2,1.093322941E0
4.646242796E1,-3.369895220E-1,-9.360206127E-1,-1.972570419E-1,1.014202576E0
4.646741203E1,-3.847467303E-1,-8.890292645E-1,-4.132623672E-1,1.053180357E0
4.647239609E1,-4.223371148E-1,-8.220593929E-1,-5.947380066E-1,1.099028471E0
4.647738015E1,-4.424907565E-1,-8.207900524E-1,-7.324156761E-1,1.185717969E0
4.648237098E1,-4.950441718E-1,-8.300745487E-1,-8.431820869E-1,1.282594449E0
4.648735536E1,-4.531336427E-1,-8.065702915E-1,-9.750690460E-1,1.344115091E0
4.649233974E1,-3.866498470E-1,-7.928740978E-1,-1.188038826E0,1.479724194E0
4.649732416E1,-3.094880581E-1,-7.386412621E-1,-1.338656902E0,1.559928227E0
4.650229921E1,-1.733112335E-1,-6.723551750E-1,-1.377020359E0,1.542168387E0
4.650728317E1,-5.934751034E-2,-6.560316086E-1,-1.379911423E0,1.529070022E0
4.651226708E1,6.329274178E-2,-6.249141693E-1,-1.335466862E0,1.475803316E0
4.651725104E1,1.510460377E-1,-5.882935524E-1,-1.277315140E0,1.414368472E0
4.652224640E1,2.705702782E-1,-5.748715401E-1,-1.229337215E0,1.383819191E0
4.652723093E1,3.475458622E-1,-5.679922104E-1,-1.246434689E0,1.413153463E0
4.653221536E1,2.506090403E-1,-5.127139091E-1,-1.137213707E0,1.272373946E0
4.653719989E1,9.975755215E-2,-4.451789856E-1,-9.280519485E-1,1.034125871E0
4.654219073E1,-5.792045593E-2,-4.205479622E-1,-6.906008720E-1,8.106447632E-1
4.654717557E1,-1.585590839E-1,-3.959422112E-1,-4.533529282E-1,6.224468613E-1
4.655216036E1,-1.837673187E-1,-4.218206406E-1,-2.112798691E-1,5.063025413E-1
4.655714520E1,-1.577912569E-1,-4.696140289E-1,-1.005353928E-1,5.055123956E-1
4.656212317E1,-2.095319033E-1,-5.107393265E-1,-2.765941620E-2,5.527416407E-1
4.656710770E1,-2.547528744E-1,-5.310392380E-1,9.820938110E-3,5.890654888E-1
4.657209218E1,-3.700531721E-1,-5.208816528E-1,5.017471313E-2,6.409169590E-1
4.657707661E1,-3.929066658E-1,-5.397958755E-1,5.978584290E-2,6.703205071E-1
4.658206656E1,-3.499639034E-1,-5.470623970E-1,1.176252365E-1,6.599906789E-1
4.658705130E1,-2.534159422E-1,-5.378475189E-1,1.184148788E-1,6.062356612E-1
4.659203609E1,-1.628682613E-1,-5.504064560E-1,1.171741486E-1,5.858354022E-1
4.659702083E1,-2.767848969E-2,-5.724310875E-1,6.343650818E-2,5.766000688E-1
4.660212083E1,9.237992764E-2,-6.373548508E-1,9.846687317E-3,6.440902220E-1
4.660722083E1,2.241266966E-1,-6.896238327E-1,1.018867493E-1,7.322531778E-1
4.661232083E1,3.149477243E-1,-7.676219940E-1,3.776950836E-1,9.116409222E-1
4.661737250E1,3.960412741E-1,-8.142375946E-1,6.387443542E-1,1.108073058E0
4.662227750E1,4.146509171E-1,-8.607501984E-1,7.799587250E-1,1.233353923E0
4.662718250E1,3.698986769E-1,-8.883395195E-1,8.209800720E-1,1.264903321E0
4.663208750E1,3.405447006E-1,-9.210443497E-1,7.429141998E-1,1.231346781E0
4.663699250E1,3.622273207E-1,-9.373435974E-1,5.340118408E-1,1.137976405E0
4.664189750E1,3.418329954E-1,-8.844461441E-1,-3.048992157E-2,9.486961652E-1
4.664687932E1,4.071595669E-1,-7.924499512E-1,-2.466998577E0,2.622944494E0
4.665186932E1,9.118212461E-1,-5.955772400E-1,-3.572074890E0,3.734414178E0
4.665685927E1,1.163567662E0,-6.422767639E-1,-1.951786995E0,2.361330477E0
4.666181849E1,1.244306087E0,-8.888511658E-1,-6.280145645E-1,1.653105056E0
4.666680692E1,1.211834550E0,-9.228343964E-1,1.594181061E-1,1.531528789E0
4.667179536E1,9.483081102E-1,-8.939790726E-1,8.090295792E-1,1.533954274E0
4.667678374E1,7.647624016E-1,-9.966726303E-1,1.323781013E0,1.824996996E0
4.668176171E1,6.431834698E-1,-1.166614771E0,1.615855217E0,2.094197479E0
4.668674963E1,6.324703693E-1,-1.210293055E0,1.587897301E0,2.094336621E0
4.669173755E1,6.154022217E-1,-1.123129129E0,1.280968666E0,1.811358512E0
4.669672541E1,6.144977808E-1,-1.038573027E0,8.574485779E-1,1.480357902E0
4.670170661E1,6.405727863E-1,-1.156837225E0,4.507465363E-1,1.397060593E0
4.670669416E1,7.496283054E-1,-1.398257494E0,7.707214355E-2,1.588397536E0
4.671168171E1,7.965369225E-1,-1.637719154E0,2.517890930E-2,1.821326186E0
4.671666927E1,7.672399282E-1,-1.760126591E0,1.390123367E-1,1.925104452E0
4.672164557E1,6.710803509E-1,-1.784873962E0,2.869882584E-1,1.928337667E0
